q0.001,q0.005,q0.01,q0.015,q0.02,q0.025,q0.03,q0.035,q0.04,q0.045,q0.05,q0.055,q0.06,q0.065,q0.07,q0.075,q0.08,q0.085,q0.09,q0.095,q0.1,q0.105,q0.11,q0.115,q0.12,q0.125,q0.13,q0.135,q0.14,q0.145,q0.15,q0.155,q0.16,q0.165,q0.17,q0.175,q0.18,q0.185,q0.19,q0.195,q0.2,q0.205,q0.21,q0.215,q0.22,q0.225,q0.23,q0.235,q0.24,q0.245,q0.25,q0.255,q0.26,q0.265,q0.27,q0.275,q0.28,q0.285,q0.29,q0.295,q0.3,q0.305,q0.31,q0.315,q0.32,q0.325,q0.33,q0.335,q0.34,q0.345,q0.35,q0.355,q0.36,q0.365,q0.37,q0.375,q0.38,q0.385,q0.39,q0.395,q0.4,q0.405,q0.41,q0.415,q0.42,q0.425,q0.43,q0.435,q0.44,q0.445,q0.45,q0.455,q0.46,q0.465,q0.47,q0.475,q0.48,q0.485,q0.49,q0.495,q0.5,q0.505,q0.51,q0.515,q0.52,q0.525,q0.53,q0.535,q0.54,q0.545,q0.55,q0.555,q0.56,q0.565,q0.57,q0.575,q0.58,q0.585,q0.59,q0.595,q0.6,q0.605,q0.61,q0.615,q0.62,q0.625,q0.63,q0.635,q0.64,q0.645,q0.65,q0.655,q0.66,q0.665,q0.67,q0.675,q0.68,q0.685,q0.69,q0.695,q0.7,q0.705,q0.71,q0.715,q0.72,q0.725,q0.73,q0.735,q0.74,q0.745,q0.75,q0.755,q0.76,q0.765,q0.77,q0.775,q0.78,q0.785,q0.79,q0.795,q0.8,q0.805,q0.81,q0.815,q0.82,q0.825,q0.83,q0.835,q0.84,q0.845,q0.85,q0.855,q0.86,q0.865,q0.87,q0.875,q0.88,q0.885,q0.89,q0.895,q0.9,q0.905,q0.91,q0.915,q0.92,q0.925,q0.93,q0.935,q0.94,q0.945,q0.95,q0.955,q0.96,q0.965,q0.97,q0.975,q0.98,q0.985,q0.99,q0.995,q0.999
0.7,0.9,1.0854855139391493,1.2,1.2,1.2,1.2,1.2,1.2,1.2,1.3,1.3,1.3,1.3520555588893195,1.5,1.6,1.6,1.6,1.6,1.6,1.6,1.6327174284142678,1.7,1.7,1.7,1.7,1.7,1.7,1.8494582816066525,1.9,1.9,1.9,1.9,1.9,1.9,1.9,2.0,2.0,2.0,2.0,2.0,2.0,2.0,2.0,2.0,2.0400675399524983,2.1,2.1,2.1,2.1,2.1,2.1,2.1,2.1,2.1,2.1,2.1,2.1,2.1,2.1,2.1,2.2,2.235730053136092,2.3,2.3,2.3,2.3,2.3,2.3,2.345406826037424,2.4,2.4,2.4,2.4,2.4,2.4,2.4,2.4,2.4,2.4,2.4,2.4,2.4,2.425606498421527,2.5,2.5,2.5,2.5,2.5,2.5,2.5,2.5,2.5,2.5,2.5023925098791606,2.6,2.6,2.676311592408004,2.7,2.7,2.7,2.7,2.7991113784562685,2.8,2.8,2.8,2.8,2.8,2.8,2.8,2.8,2.8,2.8,2.8,2.8,2.8,2.8,2.8,2.9,2.9,2.9,2.9,2.9,2.9,2.9,2.9,2.9,2.9,2.969319877160609,3.0,3.0,3.0,3.0,3.0,3.0,3.0,3.0,3.0,3.1,3.1,3.1,3.1,3.1,3.1,3.1,3.1,3.1,3.1,3.196894888185165,3.232765281195782,3.3,3.3,3.3,3.3,3.3,3.3,3.3,3.3,3.3,3.3,3.3,3.3,3.4,3.5,3.5,3.5,3.5,3.5,3.5,3.5,3.6,3.6,3.7,3.7,3.7,3.7207433944853903,3.8,3.8,3.9,3.9,3.9,3.9,3.969487052929304,4.0,4.0,4.1,4.167445006307696,4.4,4.4,4.4,4.5,4.6,4.6,4.699636869475825,4.7,4.7,4.841060866411857,5.071362657173824,5.2,5.533618648868258,6.301090669905261
0.5994546650473747,0.6,0.7,0.8,0.8,0.8,0.8,0.8,0.9,0.9,0.9,0.9,0.9,0.9,0.9,0.9,0.9,0.9,0.9,0.9,0.9,1.0,1.0,1.1,1.1,1.1,1.1,1.2,1.2,1.2,1.2,1.2,1.2,1.2,1.2,1.2,1.2,1.2,1.2,1.2,1.2,1.2,1.2,1.2,1.2,1.2,1.2,1.2,1.2,1.2,1.2,1.2,1.2,1.2,1.2,1.3,1.3,1.3,1.3,1.3,1.3,1.3,1.3,1.3,1.3,1.3,1.3,1.3,1.3,1.3,1.3,1.3,1.3,1.3,1.3,1.3,1.3,1.3,1.3,1.3,1.3,1.3,1.3,1.3,1.4,1.4,1.4,1.4,1.5,1.5,1.6,1.6,1.6,1.6,1.6,1.6,1.6,1.6,1.6,1.6,1.6,1.6,1.6,1.7,1.7,1.7,1.7,1.7,1.7,1.7,1.7,1.7,1.7,1.7,1.7,1.7,1.7,1.7,1.7,1.7,1.7,1.7,1.7,1.7,1.7,1.7,1.8,1.8,1.8,1.8,1.8,1.9,1.9,1.9,1.9,1.9,1.9,1.9,1.9,1.9,1.9,1.9,1.9,1.9,1.9,1.9,1.9,1.9,1.9,2.0,2.0,2.0,2.0,2.0,2.0,2.0,2.0,2.0,2.0,2.0,2.0,2.0,2.0551727712629773,2.1,2.1,2.1,2.1,2.1,2.1,2.1912183114401103,2.3,2.3,2.3,2.4,2.4,2.4,2.4,2.4,2.4,2.5,2.5,2.6,2.769487052929304,2.8,2.8,2.8,2.9,2.9,3.0,3.0,3.1,3.1,3.1,3.1996368694758246,3.3,3.3404152154256734,3.7,3.7713626571738246,3.9,4.155745765912172,4.6179960534368085
0.5,0.6,0.6,0.7,0.8,0.8,0.8,0.8,0.8,0.8,0.8,0.8,0.8,0.8,0.8,0.9,0.9,0.9,0.9,0.9,0.9,0.9,0.9,0.9,0.9,0.9,0.9,0.9,0.9,0.9,0.9,0.9,0.9,0.9,0.9,0.9,0.9,0.9,0.9,0.9,0.9,0.9,0.9,1.0,1.0,1.0400675399524986,1.1,1.1,1.1,1.1,1.1308259810188759,1.2,1.2,1.2,1.2,1.2,1.2,1.2,1.2,1.2,1.2,1.2,1.2,1.2,1.2,1.2,1.2,1.2,1.2,1.2,1.2,1.2,1.2,1.2,1.2,1.2,1.2,1.3,1.3,1.3,1.3,1.3,1.3,1.3,1.3,1.3,1.3,1.3,1.3,1.3,1.3,1.3,1.3,1.3,1.3,1.3,1.3,1.3,1.3,1.3,1.3,1.3,1.3,1.3,1.3,1.3,1.3,1.3,1.3,1.3,1.3,1.3,1.3,1.3,1.3,1.3,1.3,1.3,1.3,1.3,1.3,1.3,1.3,1.3,1.3,1.3,1.3,1.3,1.3,1.3,1.3,1.3,1.3,1.3,1.3424803955893423,1.4,1.4,1.4,1.4,1.5,1.5,1.5,1.5,1.6,1.6,1.6,1.6,1.6,1.6,1.6,1.6,1.6,1.6,1.7,1.7,1.7,1.7,1.7,1.7,1.7,1.7,1.7,1.7,1.7,1.7,1.7,1.7,1.7,1.7,1.7,1.7,1.7,1.7,1.7,1.7,1.7,1.7,1.7,1.8,1.8,1.8,1.8,1.8,1.8,1.8,1.9,1.9,1.9,1.9,1.9,1.9,2.0,2.0,2.0,2.0,2.0,2.1,2.242725314347649,2.3,2.4,2.8
1.6994546650473745,3.0,3.1,3.2,3.3,3.5,3.6,3.6,3.7,3.7,3.8,3.8,3.9,3.9,3.9,4.0,4.0,4.0,4.0,4.0,4.2,4.232717428414268,4.3,4.3,4.4198524657127765,4.5,4.5,4.5,4.5,4.5,4.5,4.508781688559887,4.6,4.6,4.6,4.6,4.6,4.6,4.6,4.6,4.7,4.7,4.8,4.9,4.900035875719856,5.0,5.0,5.0,5.1,5.1,5.130825981018876,5.2,5.3,5.3,5.3,5.3,5.3,5.4,5.4,5.4,5.4,5.4,5.4,5.5,5.5,5.5,5.5,5.5,5.5,5.6,5.674106826669302,5.7,5.7,5.75857505126975,5.8,5.8,5.9,5.9,5.9,5.9,5.9,6.0,6.0,6.0,6.0,6.0,6.002376319138856,6.1,6.1,6.1,6.1,6.1,6.1,6.1,6.1,6.1,6.2,6.2,6.2,6.2,6.2,6.2,6.2,6.2,6.2,6.2,6.3,6.3,6.3,6.3,6.4,6.4,6.44706730690055,6.5,6.5,6.6,6.6,6.6,6.6,6.6,6.6,6.6,6.6,6.6,6.6,6.6863657473303135,6.7,6.7,6.7,6.7,6.7,6.7,6.7,6.7,6.7,6.7,6.7,6.7,6.764269946863908,6.895621510063717,6.9,6.9,6.9,6.9,6.9,6.9,7.0,7.0,7.0,7.032765281195782,7.3,7.306138765668953,7.487355543348679,7.6,7.6,7.6,7.6,7.6,7.6,7.6,7.6,7.6,7.6,7.6,7.646576241885998,7.7,7.7,7.790424139558621,7.8,7.8,7.8,7.8,7.85054171839335,7.9,7.9,8.0,8.080147534287232,8.1,8.2,8.2,8.2,8.2,8.2,8.3,8.3,8.3,8.5,8.5,8.5,8.5,8.6,8.6,8.7977167337234,8.899636869475826,9.034149677362194,9.701038038564183,10.141060866411857,10.2,10.7,12.5,12.809270694194721
1.7994546650473746,2.9663813511317425,3.3,3.3,3.4,3.6,3.7,3.7,3.7,3.8,3.8,3.9,3.9,3.9,3.9,4.0,4.0,4.0,4.0,4.0,4.16710973118205,4.3,4.3,4.3,4.3,4.4,4.5,4.5,4.5,4.5,4.5,4.5,4.5,4.6,4.6,4.6,4.6,4.6,4.6,4.6,4.6,4.6,4.6,4.6,4.7,4.7,4.7,4.7,4.7,4.793861234331038,4.8,4.8,4.9,4.9,5.0,5.0,5.0,5.0,5.0,5.1,5.1,5.3,5.3,5.3,5.397323051621021,5.4,5.4,5.5,5.5,5.5,5.5,5.502527623325866,5.6,5.6,5.6,5.7,5.7,5.767787776252189,5.8,5.8,5.8,5.8,5.899730735815604,5.9,5.9,5.9,6.0,6.0,6.0,6.0,6.0,6.0,6.0,6.1,6.1,6.1,6.1,6.1,6.1,6.1,6.15,6.2,6.2,6.2,6.2,6.2,6.2,6.2,6.2,6.2,6.2,6.2219492382639885,6.3,6.3,6.3,6.3,6.3,6.3,6.3,6.326303351929255,6.4,6.478884147332195,6.5,6.5,6.5,6.586365747330313,6.6,6.6,6.6,6.6,6.6,6.6,6.6,6.6,6.6,6.672410260810318,6.7,6.7,6.7,6.7,6.7,6.7,6.7,6.7,6.7,6.7,6.7,6.7,6.7,6.7,6.7,6.9,6.9,6.9,6.9,6.9,6.9,6.9,6.982077373987306,7.0,7.234159602214629,7.3,7.3551727712629775,7.400892279501182,7.6,7.6,7.6,7.6,7.6,7.6,7.7,7.7,7.75054171839335,7.8,7.8,7.8,7.8,7.9,8.1,8.1,8.2,8.2,8.2,8.2,8.213985489925436,8.3,8.3,8.3,8.5,8.5,8.5,8.8,8.8977167337234,9.5,9.920489806417317,10.2,10.5,12.385450628695299,12.5,12.5,12.809270694194721
1.2994546650473746,1.6221271170439142,1.9709710278782986,2.428637342826178,2.5,2.5,2.7,2.7,2.8022832662765964,2.9,2.9,3.0,3.0,3.0,3.032554993692302,3.1,3.1,3.2,3.2,3.2,3.26710973118205,3.3,3.3,3.3,3.3,3.3,3.3,3.394001543934421,3.4,3.4,3.5,3.5,3.5,3.6,3.6,3.6,3.6,3.6,3.6,3.6,3.6,3.6,3.7,3.7,3.7,3.7,3.7,3.7,3.7,3.7,3.7,3.8,3.8,3.8,3.8,3.8076547858228307,3.9,3.9,3.9,3.9,3.9,3.9,3.9,3.9,3.9,4.0,4.0,4.0,4.0,4.0,4.0,4.0,4.0,4.0,4.0,4.0,4.0,4.0,4.1,4.2,4.2,4.2,4.2,4.225606498421527,4.3,4.3,4.3023763191388555,4.4,4.4,4.4,4.4,4.4,4.4,4.4,4.4,4.4,4.4,4.4,4.4,4.425448577810747,4.5,4.5,4.5,4.5,4.5,4.6,4.6,4.6,4.6,4.6,4.6,4.6,4.6,4.6,4.6,4.7,4.7,4.7,4.7,4.826303351929255,4.9,4.9,5.0,5.0,5.0,5.0,5.0,5.041424948730241,5.1,5.297472376674125,5.3,5.3,5.3,5.3,5.3,5.3,5.3,5.3,5.3,5.3,5.3,5.3,5.4,5.4,5.4,5.492345214177163,5.553402408322858,5.7,5.7,5.8,5.8,5.8,5.8,5.881809911496833,5.9,5.9,6.0,6.0,6.082077373987306,6.1,6.1,6.1,6.1,6.2,6.2,6.2,6.2,6.2,6.2,6.3,6.343198843880208,6.5,6.5,6.5,6.5,6.5,6.5801475342872315,6.6,6.6,6.7,6.7,6.7,6.7,6.7,6.813985489925437,6.9,7.234890012615392,7.3,7.4,7.4,7.4,7.4,7.4,7.5992737389516485,7.6,7.8,7.8,7.8,8.114514486060846,8.455745765912173,8.6
0.7989093300947493,1.2,1.3,1.3,1.4,1.4,1.6,1.6,1.6,1.7,1.7,1.7,1.7,1.7,1.7,1.7104813919600963,1.8,1.8,1.9,1.9,1.9,1.9,1.9,1.9,2.0,2.0,2.0,2.0,2.0,2.0,2.0,2.0,2.0,2.0,2.0,2.0,2.0,2.0,2.0,2.0,2.0,2.0,2.0,2.0,2.0,2.0,2.0,2.0,2.0,2.0,2.0,2.0,2.0,2.0,2.0,2.0,2.0,2.0,2.0,2.0,2.0,2.0,2.0,2.0,2.0,2.0,2.0,2.0,2.0,2.0,2.1,2.1,2.1,2.1,2.1,2.1,2.2,2.2,2.2,2.2,2.2,2.2,2.2,2.2,2.2,2.2,2.3,2.3,2.4,2.4,2.4,2.4,2.4,2.4,2.5,2.5,2.5,2.5,2.5,2.6,2.6,2.6,2.6,2.6,2.6,2.6,2.6,2.6,2.6,2.6,2.6,2.7,2.7,2.7,2.7,2.7,2.7,2.7,2.7,2.7,2.7,2.8,2.8,2.8,2.8,2.8,2.8,2.8,2.8,2.8,2.8,2.8,2.8,2.8,2.8,2.8,2.8,2.8,2.8,2.8,2.8,2.9,2.9,2.9,2.9,2.9,2.9,2.9,2.9,2.9,2.9691740189811298,3.0,3.0,3.0,3.1,3.1,3.1,3.1,3.1,3.1,3.1,3.1,3.1,3.1,3.1,3.1,3.2,3.2,3.3,3.3,3.4,3.4,3.5,3.5,3.5,3.5207433944853905,3.6,3.6,3.7,3.7,3.7,3.7,3.7,3.8,3.8,3.8,3.8,3.8,3.9,3.9,4.0,4.0,4.0,4.0,4.2,4.2,4.441060866411857,4.6,4.958057944243388,5.677872882956086,12.6
0.6,0.8221271170439142,0.9,1.2,1.2,1.2,1.3,1.3,1.3,1.4,1.5,1.6,1.6,1.6,1.6,1.6,1.6,1.6,1.6305129470707023,1.7,1.7,1.7,1.7,1.7,1.7,1.7,1.7,1.7,1.7,1.7,1.8,1.8,1.859693109019841,1.9,1.9,1.9,1.9,1.9,1.9,1.9,1.9329201988926883,2.0,2.0,2.0,2.0,2.0,2.0,2.0,2.0,2.0,2.0,2.0,2.0,2.0,2.0,2.0,2.0,2.0,2.0,2.0,2.0,2.0,2.0,2.0,2.0,2.0,2.0,2.0,2.0,2.0,2.0,2.0,2.0,2.0,2.0,2.0,2.0,2.0,2.0,2.0,2.0,2.0,2.0,2.1,2.1,2.1,2.1,2.1,2.1,2.1,2.2,2.2,2.2,2.2,2.2,2.2,2.2,2.2,2.3,2.3,2.3,2.3,2.3,2.3236884075919986,2.4,2.4,2.4,2.4,2.4,2.5,2.5,2.5,2.5,2.5,2.5976236808611417,2.6,2.6,2.6,2.6,2.6,2.6,2.6,2.6,2.6,2.6,2.6,2.7,2.7,2.7,2.7,2.7,2.7,2.7,2.7,2.7,2.7,2.7,2.7,2.7,2.7,2.8,2.8,2.8,2.8,2.8,2.8,2.8,2.8,2.8,2.8,2.8,2.8,2.8,2.8,2.8,2.8,2.8,2.840671534142251,2.9,2.9,2.9,2.9,2.9,2.9,2.9,2.9,3.0,3.0,3.040306890980156,3.1,3.1,3.1,3.1,3.1,3.1,3.1,3.2,3.3,3.3,3.3,3.4328902688179483,3.5,3.5,3.5,3.6,3.7,3.7,3.8,3.8,3.9,3.9,4.0,4.0,4.0,4.2,4.2,4.2,4.4,4.6145144860608465,4.9778728829560865,5.8032720097157835
0.5,0.5,0.5,0.5,0.5,0.5,0.5,0.5,0.5,0.5,0.5,0.5,0.5,0.5,0.5,0.5,0.5,0.5,0.5,0.5,0.6,0.6,0.6,0.6,0.6,0.6,0.6,0.6,0.6,0.6,0.6,0.6,0.6,0.6,0.6,0.6,0.6,0.6,0.6,0.6,0.6,0.6,0.6,0.6,0.6,0.6,0.6,0.6,0.6,0.6,0.6,0.6,0.6,0.6,0.6,0.6,0.6,0.6,0.6,0.6,0.6,0.6,0.6,0.6,0.7973230516210208,0.8,0.8,0.8,0.8,0.8,0.8,0.8,0.8,0.8,0.8,0.8,0.8,0.8,0.8,0.8,0.8,0.8,0.8,0.8256064984215272,0.9,0.9,0.9,0.9,0.9,0.9,0.9,0.9,0.9,0.9,0.9,0.9,0.9,0.9,0.9,0.9,0.9,1.0,1.0,1.1,1.1,1.1,1.1,1.1,1.1,1.1719890737088918,1.2,1.2,1.2,1.2,1.2,1.2,1.2,1.2,1.2,1.2,1.2,1.2,1.2,1.2,1.2591808414844934,1.3,1.3,1.3,1.3,1.3,1.3,1.3,1.3,1.3,1.3,1.3,1.3,1.3,1.3,1.3,1.3,1.3,1.3,1.3,1.3,1.3,1.3,1.3,1.3968948881851644,1.4,1.4,1.4,1.4,1.4818099114968333,1.5205547246477125,1.6,1.6,1.6,1.6,1.6,1.6,1.7,1.7,1.7,1.7,1.7,1.7,1.7,1.7,1.7,1.8,1.8,1.8505417183933504,1.9,1.9,1.9,1.9,2.0,2.0,2.0,2.0,2.0,2.0,2.0,2.1,2.1,2.1,2.3,2.3312240387354506,2.4,2.4,2.4003907185653643,2.5,2.6996368694758246,2.8,2.9,3.0,3.1,3.1290289721216937,3.8557457659121726,4.10054533495263
1.5994546650473747,1.8,2.0,2.0,2.1,2.179792392287166,2.3,2.3003631305241727,2.4,2.4,2.5,2.5,2.5,2.5,2.5,2.6,2.6,2.6,2.6305129470707023,2.8,2.8,2.8,2.8,2.9,2.9,2.9,2.9,3.0,3.0,3.0,3.1,3.1,3.1,3.1,3.1,3.1,3.1,3.2,3.2,3.2,3.3,3.3,3.3,3.3,3.300035875719855,3.4,3.4,3.4,3.5,3.6,3.6,3.6,3.6,3.6,3.7,3.7,3.7,3.7,3.7,3.7,3.7,3.7,3.7,3.7,3.7,3.7,3.7,3.7,3.7,3.7454068260374243,3.8,3.8,3.8,3.8,3.8,3.8,3.8,3.8,3.8,3.8,3.8,3.8,3.8,3.825606498421527,3.9,3.9,3.9,3.9,3.9,3.9780507617360144,4.0,4.0,4.0,4.0,4.0,4.0,4.0,4.0,4.0,4.0,4.0,4.0,4.1,4.2,4.2,4.2,4.2,4.2,4.3,4.3,4.3,4.3,4.3,4.3,4.3,4.323079872757484,4.4,4.4,4.4,4.4,4.4,4.4,4.4,4.4,4.5,4.5,4.5,4.5,4.5,4.5,4.5,4.5,4.5,4.6,4.6,4.6,4.6,4.6,4.6,4.6,4.6,4.6,4.6,4.6,4.6,4.6,4.6,4.6,4.6,4.6,4.6,4.6,4.6,4.6,4.7,4.7,4.799964124280137,4.8,4.8,4.8,4.8,4.8,4.8,4.8,4.846576241885998,4.993593987845253,5.0,5.0,5.0,5.0,5.043198843880208,5.1,5.1,5.1,5.1,5.1,5.2,5.2,5.3,5.3,5.3,5.300516491222038,5.6,5.6,5.7,5.8,5.8,5.9,6.131224038735451,6.2,6.3,6.6,6.7,6.7,6.7,6.9,6.9,7.314087971521474,7.7580579442433875,8.5,12.501636004857891
1.5,1.6221271170439142,1.7,1.8,1.8,1.9797923922871656,2.0,2.0,2.0,2.1,2.2,2.2,2.2,2.3,2.3,2.3,2.4,2.4,2.4,2.5,2.5,2.5,2.5,2.5,2.5,2.5,2.5,2.5,2.5494582816066527,2.6,2.6,2.6,2.6,2.7,2.758468122724821,2.8,2.8,2.8,2.8,2.8,2.8,2.8,2.9,2.9,2.9,2.9,2.9,3.0,3.0,3.0,3.1,3.1,3.1,3.1,3.1,3.2,3.2,3.2,3.3,3.3,3.3,3.3,3.3,3.3,3.397323051621021,3.4,3.4,3.4871246204709534,3.5164165237127207,3.6,3.6,3.6,3.6,3.6,3.6,3.6,3.6,3.7,3.7,3.7,3.7,3.7,3.7,3.7,3.7,3.7,3.7,3.7,3.7,3.7,3.7,3.7,3.7,3.8,3.8,3.8,3.8,3.8,3.8,3.8,3.8,3.8,3.8,3.8,3.8,3.8,3.8,3.822338458626433,3.9,3.9,3.9,4.0,4.0,4.0,4.0,4.0,4.0,4.0,4.0,4.0,4.0,4.0,4.0,4.1,4.1,4.1,4.1,4.1,4.2,4.2,4.2,4.254593173962581,4.3,4.3,4.3,4.3,4.3,4.3,4.3,4.4,4.4,4.4,4.4,4.4,4.4,4.4,4.4,4.5,4.5,4.5,4.5,4.5,4.5,4.6,4.6,4.6,4.6,4.6,4.6,4.6,4.6,4.6,4.6,4.6,4.6,4.6935939878452535,4.7,4.8,4.8,4.8,4.8,4.9,5.0,5.1,5.1,5.1,5.1,5.1,5.103343888618275,5.2,5.2,5.3,5.3,5.3,5.5,5.6,5.7,5.8,5.8,5.8,5.9,5.900781437130729,6.197716733723399,6.2,6.3136598709448775,6.7,6.7,6.84272531434765,7.4,7.633618648868259,10.512542703910503
0.5,0.5,0.5,0.5,0.6,0.6,0.7,0.7,0.7,0.7,0.7,0.7,0.7687759612645444,0.8,0.8,0.8,0.8,0.8,0.8,0.8,0.8,0.8,0.8,0.8,0.8,0.8,0.8,0.9,0.9,0.9,0.9,0.9,0.9,0.9,0.9,0.9,0.9,0.9,0.9,0.9,0.9,0.9,0.9,0.9,0.9,0.9,0.9794452753522875,1.0,1.0,1.0,1.0,1.0,1.0,1.0,1.0,1.0,1.0,1.0,1.0,1.0,1.0,1.0,1.0,1.0,1.0,1.0275897391896878,1.1,1.1,1.1,1.1,1.1,1.1,1.1,1.1,1.1,1.1,1.1,1.1,1.1,1.1,1.1,1.1,1.1,1.1,1.1,1.1769201272425165,1.2,1.2,1.2,1.2,1.2,1.2,1.2,1.2,1.2,1.2,1.2,1.2,1.2,1.2,1.2,1.2,1.2,1.2,1.2482910578227462,1.3,1.3,1.3,1.3,1.3,1.3,1.3,1.3,1.3,1.3,1.3,1.3,1.4,1.4,1.4,1.5,1.5,1.5,1.5,1.6,1.6,1.6,1.7,1.7,1.7,1.7,1.7,1.7,1.8,1.8,1.8,1.8026769483789848,1.9,1.9,1.9,1.9,1.9,1.9,1.9,2.0,2.0,2.0,2.0,2.0,2.1,2.1,2.1,2.1,2.1,2.2,2.2,2.2,2.2,2.2,2.2,2.2670798011073146,2.3,2.3,2.3,2.4,2.4,2.4,2.4,2.4,2.4,2.4,2.4,2.4,2.5,2.5,2.5,2.5,2.5,2.5,2.5,2.5,2.500258245611019,2.6,2.6,2.8,2.8,2.8,2.8,2.8,2.8,2.9,3.1,3.1,3.1,3.2,3.2202076077128368,3.3,3.4713626571738248,3.6,3.8336186488682586,4.201090669905262
1.6983639951421239,1.7,1.9709710278782986,2.2,2.2,2.2,2.2,2.4,2.5,2.5,2.6,2.6,2.6,2.6,2.6,2.6,2.6,2.659311917748766,2.7,2.7,2.7,2.8,2.8,2.9,2.9,3.0,3.1,3.1,3.1,3.2,3.2,3.2,3.2,3.2,3.2,3.2,3.253423758114002,3.3,3.3,3.4,3.4,3.5,3.517922626012691,3.6,3.6,3.6,3.7,3.7,3.8,3.8,3.830825981018876,3.9,4.0,4.0,4.0,4.007654785822831,4.2,4.2,4.2,4.2,4.2,4.204378489936286,4.3,4.3,4.3,4.327589739189688,4.4,4.4,4.4,4.4,4.5,4.5,4.5,4.5,4.5,4.5,4.5,4.567787776252189,4.694550064417385,4.7,4.7,4.7,4.8,4.8,4.8,4.8,4.8,4.8,4.8,4.9,4.9,4.9,4.9,4.9,4.9,4.927072108449437,5.0,5.0,5.0,5.0,5.1,5.1,5.2,5.3,5.3,5.3729278915505745,5.4,5.5,5.5,5.6,5.6,5.6,5.6,5.672289150783877,5.7,5.7,5.7,5.7,5.7,5.7,5.752505150770389,5.8,5.8,5.8,5.8,5.9,5.9,5.9,5.9693198771606095,6.0,6.0,6.0,6.0,6.0,6.0,6.0,6.1,6.1,6.1,6.1,6.1,6.1,6.1,6.2,6.2,6.2,6.2,6.261545727139935,6.3,6.432765281195782,6.5,6.5,6.5,6.5,6.5,6.5,6.5,6.5,6.5,6.5,6.6,6.6,6.6,6.6,6.6,6.6,6.7,6.8,6.8,6.8,6.8,6.9,6.9,6.9,6.9,6.9,7.0801475342872315,7.1,7.1,7.1,7.1,7.100516491222038,7.5,7.5,7.6,7.6,7.7,7.847944441110684,8.03122403873545,8.1,8.207133298446678,8.500390718565365,8.6,8.799636869475826,8.9,8.9,9.32318259923557,9.571362657173824,9.9,9.9,10.1
1.4994546650473746,1.7,1.7,1.7,2.0,2.0,2.0,2.2,2.2,2.2,2.2,2.2,2.2,2.4,2.4,2.5,2.5,2.5,2.6,2.6,2.6,2.6,2.6,2.6,2.6,2.6,2.6,2.6,2.7,2.7,2.7568011561197947,2.8,2.8,2.8,2.8,2.8,2.8,2.8,2.9,2.9,2.9,3.0,3.0,3.0,3.1,3.1,3.1,3.1,3.1,3.1,3.1,3.1672347188042185,3.2,3.2,3.2,3.2,3.2415378870321603,3.3,3.3,3.3,3.3,3.3,3.3,3.466707318575743,3.5,3.5275897391896875,3.6,3.6,3.6,3.6,3.7,3.7,3.7,3.8,3.8,3.8,3.8,3.9,4.0,4.0,4.0,4.0,4.0,4.0,4.0,4.176920127242516,4.2,4.2,4.2,4.3,4.3,4.3,4.4,4.4,4.4,4.427072108449437,4.5,4.5,4.5,4.5,4.5,4.5,4.5,4.5,4.548291057822746,4.7,4.7,4.7,4.7,4.7,4.8,4.8,4.8,4.8,4.8,4.8,4.848666772365334,4.9,4.9,4.9,4.9,4.9,4.9,4.9,4.959180841484494,5.0,5.0,5.0,5.0,5.0,5.125893173330689,5.2,5.2,5.3,5.3,5.372410260810319,5.5,5.5,5.5,5.595621510063716,5.6,5.6,5.6,5.6,5.6,5.6923452141771635,5.7,5.7,5.7,5.7,5.7,5.8,5.9,5.9,5.920554724647713,6.0,6.0,6.0,6.0,6.0,6.067079801107314,6.1,6.1,6.1,6.1,6.1,6.141531877275178,6.2,6.2,6.2,6.2,6.2,6.35054171839335,6.5,6.5,6.5,6.5,6.540990970180974,6.6,6.6,6.6,6.7,6.7,6.8,6.8,6.889518608039907,6.9,6.9,6.962448077470902,7.1,7.1,7.1007814371307285,7.3,7.599636869475824,7.613659870944877,7.9,7.941060866411857,8.1,8.14354345818254,8.9,10.312542703910504
0.5,0.5,0.5854855139391493,0.6,0.7178782671762765,0.8,0.8,0.8,0.8,0.8,0.8,0.8,0.8,0.8,0.8,0.9,0.9,1.0186238354975317,1.1305129470707023,1.2,1.2,1.2,1.2,1.2,1.2,1.2,1.237286272143571,1.3,1.3,1.3,1.3,1.4,1.4,1.4,1.4,1.4,1.4,1.4,1.4,1.4,1.4,1.4,1.4,1.4,1.4,1.4,1.4,1.5,1.5,1.5,1.5,1.5,1.5,1.5,1.5,1.5,1.5,1.5,1.5,1.5,1.5,1.5,1.5,1.5,1.5,1.5,1.5,1.5,1.5,1.5,1.5,1.5,1.5,1.5,1.5,1.5,1.5,1.5,1.5,1.5,1.5,1.5,1.5997307358156037,1.6,1.6,1.6,1.6,1.6,1.6,1.7,1.7,1.7,1.7,1.7,1.7,1.8,1.8,1.8,1.8,1.8,1.8,1.8,1.8,1.8,1.8,1.8,1.8,1.8,1.8,1.8,1.8,1.8,1.8,1.8,1.8,1.9,1.9,1.9,1.9,2.0,2.0,2.0,2.0,2.0,2.0,2.0,2.0,2.0,2.0,2.1,2.1,2.1,2.1,2.1,2.1,2.1,2.2,2.3,2.3,2.3,2.3273604303772344,2.4,2.4,2.4,2.4,2.4,2.4,2.4,2.4,2.4327652811957816,2.5,2.5,2.5,2.5,2.5,2.6,2.6,2.7,2.7,2.8,2.8,2.8,2.8,2.8004461397505906,2.9,2.9,2.9,3.0,3.0,3.0,3.0,3.0,3.1,3.2,3.2,3.2,3.280147534287232,3.3,3.3,3.5,3.6,3.7,3.8,3.8,3.8139854899254373,3.989518608039907,4.067445006307696,4.1,4.2,4.2,4.4,4.400390718565365,4.6,4.7,5.1,5.2,5.441060866411857,5.742725314347649,5.8290289721216935,6.2,6.603817344668414
1.7,1.7,1.7,1.7,1.7,1.7,1.7,1.7,1.7,1.7,1.7,1.7,1.7,2.0,2.0,2.1104813919600964,2.472029020149127,2.7,2.7,2.7,2.7,2.7,2.7,2.7,2.7,2.7,2.7,2.7,2.7,2.7,2.7,2.7,2.8,2.8,2.8,2.8,2.8534237581140016,2.9,2.94482722873702,3.0,3.0,3.0,3.017922626012691,3.1,3.1,3.1,3.1,3.1,3.1,3.1,3.1,3.1,3.1,3.2,3.2,3.2,3.2,3.3,3.3,3.3,3.4,3.8,3.8,3.8,3.8,3.8,3.8,3.8,3.8,3.8,3.8,3.8,3.8306801228393907,3.9,3.9,3.9136342526696892,4.2,4.2,4.294550064417384,4.321115852667802,4.5,4.5,4.599730735815603,4.6,4.6,4.6,4.7,4.7,4.7,4.7,4.7030739068521825,4.8,4.8,4.8,4.8,4.8,4.8,4.8,4.8,4.8,4.8,4.8,4.8991113784562685,5.0,5.0,5.0,5.0,5.0,5.2,5.2,5.296926093147823,5.3,5.34706730690055,5.472289150783877,5.5,5.5,5.5,5.5,5.5,5.5,5.6,5.678884147332195,5.7,5.7,5.759180841484493,5.886365747330314,5.913777036454178,6.0,6.0,6.097472376674125,6.1,6.1,6.1,6.1,6.1,6.1,6.1,6.1332926814242565,6.2,6.2,6.2,6.2,6.2,6.2,6.2,6.2,6.3,6.361545727139935,6.4,6.5,6.5,6.6,6.7,6.7,6.720554724647712,6.8,6.8,6.9,6.9,6.924205258435956,7.0,7.0,7.1,7.1,7.346576241885998,7.587187975690505,7.6,7.6,7.6,7.69121831144011,7.7,7.796291420219933,7.8,7.8,7.925427455712861,8.0,8.1,8.240990970180974,8.403343888618275,8.5,8.732890268817949,8.8,8.869487052929305,9.2441284935074,10.2,10.289518608039907,10.434890012615393,10.7,10.7,11.9,11.9,11.90078143713073,12.1,12.1,12.1,12.5,12.5,12.74272531434765,12.8,15.278728829560862,16.21036136409998
1.7,1.7,1.7,1.7,1.7,1.7,1.7,1.7,2.0045665325531927,2.598437125738531,2.6,2.7,2.7,2.7,2.7,2.7,2.7,2.7593119177487657,2.8,2.8,2.8,2.8,2.8,2.9,2.919852465712776,3.0,3.0,3.0,3.1,3.1,3.1,3.1,3.159693109019841,3.2,3.2,3.3,3.3,3.3,3.4,3.5,3.7,3.7757947415640416,3.8,3.8,3.8,3.8,3.8,3.8,3.8,3.8,3.8,3.8,3.803105111814835,3.9,3.9,3.9,3.9,3.9,4.0,4.0,4.1452791392455195,4.204378489936286,4.3,4.3,4.497323051621021,4.5,4.5,4.6,4.6,4.6,4.6,4.7,4.7,4.7,4.7,4.7,4.7,4.7,4.794550064417384,4.8,4.8,4.8,4.8,4.8,4.8,4.8,4.8,4.8,4.8,4.8,4.8,4.828010926291105,4.9,4.9,5.0,5.0,5.0,5.0,5.0,5.0,5.0,5.07455142218925,5.2,5.3,5.3,5.3,5.495214980241679,5.5,5.5,5.5,5.5,5.5,5.5,5.5722891507838765,5.6,5.6,5.7,5.77439350157847,5.9,6.0,6.0,6.0,6.0,6.1,6.1,6.1,6.1,6.1,6.169319877160609,6.2,6.2,6.2,6.2,6.2,6.2,6.272410260810318,6.4,6.4,6.464269946863908,6.5,6.5,6.5,6.5,6.6,6.65846211296784,6.7,6.7,6.7,6.7,6.732765281195782,6.8,6.806138765668953,6.9,6.9,6.9,7.0,7.0,7.1,7.1,7.4,7.5,7.6,7.655172771262977,7.7,7.7,7.7,7.7,7.7,7.8,7.8,7.8,7.8,7.85054171839335,8.0,8.0,8.1,8.1,8.1,8.1,8.2,8.365780537635898,8.5,8.5,8.8,8.8,8.9,8.967445006307695,9.6,9.9,10.252575709972575,10.507133298446679,10.600390718565365,10.7,10.7,10.7,11.9,12.264243465647427,12.571362657173824,15.5,15.5,18.20054533495263
0.5,0.5,0.5,0.5,0.5,0.5,0.5,0.5,0.5,0.5,0.5,0.5,0.5,0.5,0.5,0.5,0.5,0.5,0.5,0.5997417543889867,0.6,0.6,0.6,0.6,0.6,0.6,0.6,0.6,0.6,0.6,0.6,0.6,0.6,0.6,0.6,0.6,0.6,0.6,0.6,0.6,0.6,0.6,0.6,0.6,0.6,0.6,0.6,0.6,0.6,0.6,0.6,0.6,0.6,0.7384542728600622,0.8,0.8,0.8,0.8,0.8,0.8,0.8,0.8,0.8,0.8,0.8,0.8,0.8,0.8,0.8,0.8,0.8,0.8,0.8,0.8,0.8,0.8,0.8,0.8,0.8,0.8,0.8,0.8,0.8,0.8,0.8,0.8,0.8,0.8,0.8,0.8780507617360144,0.9,0.9,0.9,0.9,0.9,0.9,0.9,0.9,0.9,0.9,0.9,1.0,1.0,1.1236884075919988,1.2,1.2,1.2,1.2,1.2,1.2,1.2,1.2,1.2,1.2,1.2,1.3,1.3,1.3,1.3,1.3,1.3,1.3,1.3,1.4,1.4591808414844933,1.5,1.5,1.5,1.5,1.5,1.5,1.5545931739625816,1.6,1.6,1.6,1.6,1.6,1.633292681424257,1.7,1.7,1.7,1.7,1.7,1.7,1.7,1.7,1.7,1.7,1.7,1.7,1.7,1.7,1.7,1.7,1.7,1.7,1.7,1.8,1.8,1.8,1.8,1.8,1.8551727712629769,1.9,1.9,1.9,2.0,2.0,2.0,2.0,2.0,2.0,2.0,2.1,2.1,2.2,2.2,2.3,2.4,2.5,2.5,2.6,2.6,2.6,2.6,2.7,2.767445006307696,2.8,2.8,2.8,2.8,2.8,2.9977167337233994,3.1,3.1,3.1202076077128367,3.3,3.571362657173825,3.8,4.155745765912172,4.202181339810522
2.1972733252368735,3.1,3.2,3.8,4.258939133588139,4.4,4.5,4.500363130524173,4.7,4.8,4.8,5.0,5.0,5.104111117778639,5.2,5.3,5.3,5.359311917748766,5.5,5.5,5.6,5.6,5.8,5.859009029819025,5.9,6.0,6.0,6.0,6.0,6.1,6.1,6.1,6.1,6.1095758604413755,6.2,6.2,6.353423758114002,6.499553860249409,6.5,6.5,6.5,6.5,6.5,6.5,6.5,6.5,6.5,6.5,6.5,6.5,6.5,6.5,6.6,6.6,6.6,6.6,6.6,6.6,6.7,6.740499922358685,6.8,6.9,6.9,6.966707318575743,7.0,7.1,7.1,7.1,7.1,7.1,7.1,7.1,7.1,7.1,7.1,7.1,7.181638317031002,7.3,7.3,7.321115852667802,7.447494849229611,7.5,7.5,7.5,7.5,7.5,7.502376319138856,7.6,7.6,7.6,7.7,7.7,7.7,7.7,7.7,7.7,7.7,7.7,7.7,7.8,7.9,8.0,8.0,8.0,8.1,8.1,8.3,8.3,8.3,8.471989073708892,8.5,8.5,8.54706730690055,8.6,8.6,8.6,8.6,8.6,8.6,8.6,8.6,8.6,8.6,8.6,8.7,8.7,8.7,8.8,8.9,8.9,8.9,8.9,8.9,8.9,8.9,8.9,8.9,8.9,8.9,8.9,9.0,9.1,9.1,9.2,9.31692422593568,9.5,9.5,9.5,9.6,9.6,9.66917401898113,9.7,9.7,9.7,9.7,9.9,9.9,9.9,9.9,9.9,9.9,9.9,10.010345542525954,10.1,10.1,10.1,10.1,10.1,10.1,10.1,10.2,10.3,10.3,10.3,10.3,10.3,10.5,10.5,10.5,10.667282571585735,10.7,10.7,10.7,10.7,10.7,10.7,11.4,11.4,11.4,11.7,11.7,11.700781437130729,11.9,12.599636869475825,13.3,13.7,14.028486931294855,15.5,15.601601402425928,18.177872882956088,18.3
1.1978186601894985,1.3,1.4,1.5,1.5,1.5,1.5931700645275617,1.6,1.6,1.6,1.6,1.7,1.7,1.8,1.8,1.8,1.9,1.9,1.9,1.9997417543889866,2.0,2.0,2.0,2.0,2.0,2.0,2.0,2.0,2.0,2.0,2.0,2.1,2.1,2.1,2.1,2.1,2.2,2.299553860249409,2.3,2.3,2.4,2.475794741564042,2.5,2.6,2.6,2.6,2.679445275352288,2.7,2.7,2.793861234331038,2.8,2.8,2.8,2.8,2.8732987958385676,2.9,2.9,2.9,2.9,2.9,2.9,2.9,2.9,2.966707318575743,3.1,3.1,3.1,3.1,3.1,3.1,3.1,3.2,3.2,3.2,3.2,3.2,3.2,3.2,3.2,3.3,3.3,3.3,3.3,3.3,3.3,3.3,3.4,3.5,3.5,3.5,3.5,3.5,3.5,3.5,3.5,3.5,3.5,3.576311592408004,3.6,3.6,3.6,3.7,3.7,3.7,3.7,3.7,3.8,3.8,3.8,3.8,3.8,3.8,3.8,3.8,3.9,3.9,3.9,3.9,3.9,3.9,3.9,3.9,4.0,4.0,4.0,4.0,4.0,4.0,4.0,4.1,4.1,4.154593173962581,4.2,4.2,4.2,4.2,4.2,4.2,4.2,4.2,4.227360430377234,4.3,4.392054149709748,4.4,4.4,4.4,4.5,4.5,4.596894888185164,4.6,4.6691740189811295,4.7,4.7436777716743395,4.8,4.9,4.959932460047509,5.0,5.0,5.0,5.0,5.067079801107314,5.1,5.155172771262977,5.2,5.2,5.2,5.2,5.2,5.2,5.2,5.2,5.2,5.3,5.505998456065578,5.8,5.8,5.8,5.9,5.903343888618275,6.0,6.0,6.1,6.1,6.1,6.1,6.1,6.2,6.3,6.3,6.5,6.5,6.6,6.6,6.7,6.9,7.1,7.1,7.4427253143476495,7.814514486060847,12.055745765912173,18.1
1.3972733252368732,1.7,1.9,2.0,2.0,2.1,2.2,2.2,2.2,2.2,2.2,2.2,2.3,2.4,2.5,2.6,2.6,2.6,2.6,2.7,2.8,2.8,2.8,2.8,2.8,2.8,2.8372862721435705,2.994001543934421,3.0,3.0,3.0,3.1,3.1,3.1,3.1,3.1,3.1,3.1,3.1,3.1,3.1,3.1,3.1,3.1,3.1,3.1,3.1,3.1,3.1,3.1,3.1,3.1,3.2,3.2,3.2732987958385675,3.3,3.3,3.3,3.3,3.3,3.3726395696227596,3.4,3.4,3.4,3.4,3.4,3.4,3.4,3.5,3.5,3.6,3.6,3.6,3.6,3.6,3.7,3.7,3.7,3.7,3.8,3.8,3.8,3.8,3.8,3.8,3.8,3.8,3.8,3.8,3.8,3.8,3.8,3.9,3.9,3.9,3.9,3.9,4.0,4.0,4.0,4.0,4.1,4.2,4.2,4.2,4.2,4.2,4.4,4.4,4.4,4.496926093147823,4.5,4.5,4.5,4.5,4.6,4.6,4.6,4.6,4.6,4.65250515077039,4.7,4.7,4.7,4.7,4.7,4.8,4.8,4.8,4.8,4.8,4.8,4.8,4.9,4.942480395589342,5.0,5.0,5.0,5.0,5.0,5.0,5.1,5.2,5.3,5.3,5.492345214177163,5.5,5.5,5.596894888185164,5.7,5.76917401898113,5.9,5.94367777167434,6.0,6.1,6.1,6.1,6.1,6.1820773739873065,6.2,6.2,6.2,6.2,6.3,6.3,6.393593987845254,6.441531877275179,6.5,6.5,6.5,6.6,6.6,6.6,6.7,6.7,6.720743394485391,6.8,6.9,6.916719443091376,7.567282571585736,7.632890268817948,7.7,7.769487052929304,7.8,7.8,7.8,8.1,8.1,8.162448077470902,8.5,8.578466282913457,9.903125748522916,10.7,10.7,10.7,11.4,11.4,11.4,12.1,12.411491531824344,15.503817344668414
1.3972733252368732,1.7,1.9,2.0,2.0,2.179792392287166,2.2,2.2,2.2,2.2,2.2,2.282474763342478,2.3,2.3,2.4,2.5104813919600963,2.6,2.6,2.6,2.6,2.6,2.7,2.7,2.8,2.8,2.8,2.8,2.8,2.8,2.8,2.8,2.8087816885598866,2.9,3.0,3.0,3.0,3.0,3.1,3.1,3.1,3.1,3.1,3.1,3.1,3.1,3.1,3.1,3.1,3.1,3.1,3.1,3.1,3.1,3.1,3.1,3.1,3.1,3.1,3.1,3.1,3.1,3.1,3.1,3.1,3.1,3.2,3.2,3.2871246204709537,3.3,3.3,3.3,3.3,3.3,3.3,3.4,3.4,3.4,3.4,3.4945500644173846,3.521115852667802,3.6,3.6,3.6,3.6,3.6,3.6,3.6023763191388554,3.7,3.7,3.7,3.7,3.8,3.8,3.8,3.8,3.8,3.8,3.8,3.8,3.8,3.8,3.8745514221892505,3.9,3.9,3.948291057822746,4.0,4.0,4.022338458626433,4.2,4.2,4.2,4.2,4.2,4.2,4.2,4.2,4.297333544730669,4.4,4.4,4.426303351929255,4.5,4.5,4.505449935582613,4.6,4.6,4.6863657473303135,4.7,4.7,4.8,4.8,4.8,4.8,4.8,4.8,4.8,4.9,4.9,5.0,5.0,5.0,5.0,5.0,5.0,5.0,5.0,5.1923452141771635,5.226701204161429,5.361545727139935,5.4,5.5,5.5,5.506138765668953,5.643677771674339,5.863619822993667,6.020554724647712,6.1,6.1,6.1,6.2,6.2,6.2,6.3,6.3,6.4,6.5,6.5,6.6,6.6,6.6,6.6,6.7,6.7,6.8,6.8,6.8627137278564305,6.9414867889707805,7.380147534287232,7.6,7.7,7.7,7.7,7.8,7.8,7.8,7.8,7.8,7.967445006307696,8.1,8.1,8.5,9.621399895340033,10.7,10.7,10.7,10.7,10.841453253989856,11.4,11.4,12.1,13.189364414780432,16.21145203400524
0.5,0.5,0.5,0.5,0.5,0.5797923922871657,0.6,0.6,0.6,0.6,0.6,0.6,0.6,0.6,0.6,0.6,0.7860145100745634,0.8,0.8,0.8,0.8,0.8,0.8,0.8,0.8,0.8,0.8,0.8,0.9,0.9,0.9568011561197949,1.0,1.1,1.1095758604413761,1.2,1.2,1.2,1.2,1.2,1.2,1.2,1.2,1.2,1.3,1.3,1.3,1.3,1.3,1.3,1.3938612343310381,1.4,1.467234718804218,1.5,1.5,1.6,1.6,1.6,1.6749633088836162,1.7,1.7,1.7,1.7,1.7,1.7,1.7973230516210208,1.8,1.8,1.8,1.8,1.8,1.8,1.8,1.9,1.9,1.9,1.9,1.9,1.9,1.9,1.9,1.9,1.9,1.9,1.9,1.9,2.0,2.0,2.0,2.0,2.0,2.0,2.0,2.0,2.0,2.0,2.0,2.0,2.076311592408004,2.1,2.2,2.2,2.2,2.2,2.2,2.2,2.2,2.2,2.2,2.2,2.2,2.2,2.3,2.3,2.3,2.3976236808611415,2.4,2.4,2.4,2.4,2.4,2.4,2.5,2.5,2.532212223747814,2.6,2.6,2.6,2.6,2.6,2.6,2.7,2.7,2.8,2.8,2.8,2.8,2.8,2.8,2.8,2.8,2.8,2.9,2.9,2.9,2.9,2.9,3.0,3.061545727139935,3.1,3.1,3.1,3.1,3.1,3.1,3.1,3.159932460047509,3.2999641242801374,3.3,3.3,3.3,3.4670798011073147,3.5107266901243976,3.6,3.600446139750591,3.7,3.7,3.7,3.890424139558621,3.9,3.9,4.0,4.0,4.05054171839335,4.2,4.2,4.2,4.2,4.4,4.403343888618275,4.6,4.7,4.7,4.7,4.881376164502467,5.1,5.2,5.2,5.4,5.6936721162063515,6.1,6.521399895340034,7.4,7.6,10.096368694758246,11.434149677362194,11.940415215425674,12.1,12.6,12.6,12.8,18.10109066990526
3.2,3.4,3.6854855139391494,4.0,4.0,4.3,4.3,4.4,4.4,4.4,4.5,4.5,4.5,4.5,4.6,4.7,4.7,4.7,4.7,4.899741754388987,4.9,4.9,4.9,4.9,4.9198524657127765,5.0,5.1,5.1,5.2,5.3,5.3,5.3,5.3,5.3,5.3,5.3,5.3,5.3,5.4,5.4,5.4,5.4,5.4,5.4,5.4,5.4,5.4,5.4,5.5,5.5,5.5,5.5,5.5,5.5,5.5,5.5,5.5415378870321605,5.6,5.6,5.6,5.6,5.6,5.7,5.7,5.7,5.7,5.7,5.7,5.7,5.7,5.7,5.7,5.8,5.8,5.9,5.9,5.9,5.9,5.9,5.9,5.9,5.973696648070737,6.0,6.0,6.05133322763466,6.1,6.1,6.1,6.1,6.1,6.2,6.2,6.2,6.2,6.2,6.227072108449437,6.3,6.3,6.3,6.3,6.3,6.3,6.3,6.4,6.448291057822746,6.5,6.5,6.5,6.5,6.5,6.6,6.6,6.6,6.6,6.6,6.6,6.7,6.77439350157847,6.8,6.8,6.85250515077039,6.9,6.9,6.9,6.9,6.9,6.9,6.9,6.9,6.9,6.92589317333069,7.0,7.0,7.1,7.1,7.1,7.1,7.166585362848513,7.3,7.3,7.3,7.3,7.3,7.325036691116378,7.4,7.4,7.5,7.561545727139935,7.6,7.6,7.6,7.6,7.7,7.7,7.7,7.7,7.799964124280137,7.8,7.882077373987307,7.9,7.9,7.9,7.9,8.0,8.0,8.0,8.0,8.0,8.0,8.0,8.1,8.1,8.2,8.4,8.4,8.5,8.5,8.5,8.6,8.6,8.6,8.600258245611018,8.7,8.7,8.9,8.9,8.9,8.9,9.1,9.1,9.5,9.5,9.5,9.599636869475825,10.1,10.1,10.2,10.2,10.214514486060846,11.633618648868259,13.7
2.7934559805684955,2.822127117043914,2.985485513939149,3.228637342826178,3.3,3.4,3.4,3.6,3.6022832662765967,3.7,3.8,3.8,3.8,3.8520555588893193,4.0,4.0,4.0,4.118623835497532,4.2,4.3,4.3,4.432717428414268,4.5,4.5,4.6,4.6,4.7,4.7,4.7,4.7,4.7,4.7,4.7,4.709575860441376,4.8,4.9,4.9,4.9,4.9,4.9,4.9,4.975794741564042,5.017922626012691,5.1,5.1,5.1,5.1,5.2,5.2,5.293861234331038,5.3,5.3,5.3,5.3,5.3,5.3,5.3,5.3,5.4,5.4,5.4,5.4,5.4,5.4,5.4,5.4,5.4,5.4,5.4,5.4,5.474106826669302,5.5,5.5,5.5,5.586222963545816,5.6,5.6,5.6,5.6,5.6,5.7,5.7,5.7,5.7,5.7,5.7,5.7,5.7,5.7,5.7,5.7,5.728010926291105,5.8,5.9,5.9,5.9,5.9,5.9,5.9,6.0,6.0,6.0,6.0,6.0,6.0,6.0,6.097607490120839,6.1,6.1,6.1,6.1,6.1,6.2,6.2,6.2,6.2,6.2,6.2,6.2,6.3,6.3,6.3,6.3,6.3,6.3,6.3,6.3,6.3,6.3,6.3,6.3,6.3,6.3,6.312875379529044,6.4,6.5,6.502676948378985,6.6,6.6,6.6,6.6,6.6,6.6,6.6,6.7,6.7,6.8,6.8,6.8,6.9,6.9,6.9,6.9,6.9,6.9,6.9,6.9,6.9,6.9,6.9,6.9,6.9,6.9,6.9,6.9,7.0,7.1,7.1,7.3,7.3,7.4,7.4,7.4,7.6,7.6,7.62074339448539,7.8,7.8,7.8,7.8,7.8,7.9,7.9,7.9,8.0,8.0,8.067445006307695,8.1,8.262448077470902,8.517525236657525,8.6,8.600390718565365,8.7,8.899636869475826,9.5,9.940415215425674,10.1,10.1,10.1,10.177872882956086,11.708725359242088
2.7,2.7442542340878284,3.1,3.3,3.3589391335881382,3.5595847845743314,3.6,3.900363130524173,4.0,4.099609281434632,4.292866701553323,4.3,4.3,4.3,4.3,4.3,4.3,4.3,4.4,4.4,4.4,4.5,4.5,4.559009029819024,4.6,4.6,4.6,4.7,4.7,4.7,4.756801156119795,4.8,4.8,4.8,4.8,4.806406012154739,4.9,4.9,4.9,4.9,4.9,4.9,5.0,5.0,5.000035875719855,5.1,5.1,5.1,5.2,5.2,5.3,5.3,5.3,5.3,5.3,5.3,5.3,5.3,5.3,5.3,5.3,5.3,5.3,5.3,5.3,5.3,5.4,5.4,5.4,5.4,5.4,5.5,5.5,5.5,5.5,5.5,5.5,5.5,5.5,5.5,5.5,5.5,5.5,5.6,5.6,5.6,5.7,5.7,5.7,5.7,5.7,5.7,5.7,5.7,5.702392509879161,5.8,5.8,5.8,5.9,5.9,5.9,5.9,5.9,5.9,5.9,5.972927891550575,6.0,6.1,6.1,6.1,6.1,6.1,6.1,6.1,6.1,6.2,6.2,6.2,6.2,6.2,6.2,6.3,6.3,6.3,6.3,6.3,6.4,6.5,6.6,6.6,6.6,6.6,6.6,6.6,6.6,6.672410260810318,6.7,6.7,6.764269946863908,6.8,6.8,6.9,6.9,6.9,6.9,6.9,6.9,6.9,6.9,6.932765281195782,7.0,7.0,7.043677771674339,7.1,7.1,7.279797380142526,7.4,7.540671534142251,7.6,7.6,7.6,7.6,7.6,7.6004461397505905,7.7,7.7,8.0,8.0,8.040306890980156,8.1,8.1,8.2,8.2,8.2,8.2,8.42074339448539,8.5,8.5,8.6,8.6,8.6,8.6,8.6,8.6,8.6,8.6,8.7,8.7,8.9,8.9,8.9,9.200781437130729,9.497716733723399,9.5,9.634149677362194,10.1,10.1,10.1,10.874173832730161,12.5,18.10109066990526
1.5989093300947494,2.322127117043914,2.485485513939149,2.6,2.758939133588138,2.9,3.0,3.1,3.3,3.3,3.3,3.4,3.4,3.4,3.4,3.4104813919600963,3.6,3.6,3.6305129470707023,3.8,3.8,3.8,3.9,3.9590090298190246,4.0,4.0792566055146064,4.2,4.2,4.3,4.3,4.3,4.4,4.4,4.4,4.458468122724821,4.5,4.5,4.5,4.5,4.5,4.532920198892688,4.7,4.7,4.7,4.7,4.8,4.8,4.8,4.8,4.893861234331038,4.9,4.9,4.9,4.9,4.9,4.9,4.9,5.0,5.0,5.0,5.0,5.1,5.1,5.2,5.2,5.2,5.2,5.3,5.3,5.3,5.3,5.3,5.3,5.3,5.3,5.3,5.3,5.3,5.3,5.3,5.3,5.3,5.3,5.3,5.4,5.4,5.4,5.4,5.4,5.4,5.4,5.428010926291106,5.5,5.5,5.5,5.5,5.5,5.6,5.6,5.6,5.6,5.6,5.6,5.6,5.6,5.6,5.6,5.7,5.7,5.7,5.7,5.7,5.7,5.7,5.7,5.8,5.848666772365334,5.9,5.9,5.9,5.9,5.9,5.905449935582613,6.0,6.0,6.0,6.0,6.0,6.0,6.0,6.0,6.0,6.0,6.0,6.0,6.0,6.1,6.1,6.1,6.1,6.1,6.1,6.1,6.1,6.1,6.1,6.2,6.2,6.2,6.2,6.2,6.2,6.2436777716743395,6.3,6.3,6.3,6.3,6.3,6.382077373987307,6.424205258435956,6.5,6.5,6.5,6.5,6.5,6.6,6.6,6.6,6.640306890980156,6.7,6.7,6.7,6.7,6.7,6.8,6.8,6.8,6.8,6.9,6.9,6.9,6.9,6.9,6.9,6.9,6.9,7.067445006307696,7.4,7.4,7.6,7.6,7.6007814371307285,7.8,7.899636869475825,7.9,8.0,8.541060866411858,8.671362657173823,9.5,10.1,10.108725359242088
1.6983639951421239,1.7,1.9854855139391492,2.0,2.1589391335881385,2.2797923922871655,2.6,2.6,2.7,2.7,2.7,2.7,2.8,2.8,2.8,2.9,2.9,3.0,3.0,3.0,3.0,3.1,3.1,3.1,3.1,3.1,3.1,3.1,3.1,3.1,3.156801156119795,3.2,3.2,3.2,3.258468122724821,3.3,3.3,3.3,3.4,3.489273309875608,3.6,3.7,3.8,3.8,3.8,3.8,3.9,3.9,4.0,4.093861234331038,4.2,4.2,4.3,4.3,4.3,4.4,4.441537887032161,4.5,4.5,4.5,4.5,4.5,4.535730053136092,4.6,4.697323051621021,4.7,4.7,4.7,4.7,4.7,4.8,4.8,4.8,4.8,4.8,4.8,4.8,4.8,4.9,4.9,4.9,5.0,5.0,5.0,5.0,5.0,5.102376319138855,5.2,5.25293269309945,5.3,5.3,5.4,5.452870569242148,5.5,5.5,5.5,5.5,5.5,5.5,5.5,5.55,5.6,5.6,5.6,5.6,5.6,5.6,5.622338458626433,5.7,5.7,5.7,5.7,5.7,5.9,5.9,5.9,6.0,6.0,6.0,6.0,6.0,6.0,6.0,6.0322122237478135,6.1,6.1,6.1,6.1,6.2,6.2,6.2,6.2,6.2,6.2,6.2,6.2,6.202676948378985,6.333292681424257,6.4,6.4,6.5,6.5,6.5,6.5,6.5,6.5,6.5,6.5,6.5,6.532765281195782,6.6,6.606138765668953,6.7,6.7818099114968335,6.820554724647712,6.9,6.9,6.9,6.9,6.9,6.967079801107315,7.010726690124398,7.1,7.1,7.3,7.393593987845254,7.4,7.4,7.5,7.6,7.6,7.696291420219933,7.7,7.7,7.7,7.7,7.7,7.7,7.703343888618275,7.8672825715857355,8.0,8.0,8.1,8.1,8.1,8.1,8.267445006307696,8.3,8.5,8.5,8.6,8.6,8.6,8.7,8.9,9.6,9.7,9.84272531434765,10.114514486060846,10.3,10.7
0.8994546650473747,1.3221271170439142,1.4,1.6,1.7,1.7,1.7,1.7,1.7,1.7,1.8,1.8,1.8687759612645443,1.9,1.9325549936923017,2.0,2.0,2.0,2.0,2.0,2.0,2.0,2.0,2.0,2.0,2.1,2.2,2.2,2.2,2.2,2.2568011561197947,2.4,2.4,2.5,2.5,2.6,2.6,2.6,2.6,2.6,2.6329201988926885,2.7,2.7,2.7,2.7,2.7,2.7,2.7,2.7,2.7,2.7,2.7,2.8,2.8,2.8,2.8,2.8,2.8,2.8,2.8,2.8,2.8,2.8,2.8,2.8,2.8,2.8,2.8,2.8,2.8,2.8,2.8,2.8,2.8,2.9,2.9,2.9,2.9,2.9,2.9,2.9,2.9,2.9,2.9,2.9,2.9,2.9,3.0,3.0,3.0,3.0,3.0,3.0,3.0,3.0,3.1,3.1,3.1,3.1,3.1,3.1,3.1,3.1,3.1,3.1,3.1,3.1,3.1,3.147129430757855,3.2,3.2,3.2,3.2,3.2,3.2,3.2,3.2,3.2743935015784698,3.3,3.3,3.3,3.3,3.3,3.3,3.3,3.3,3.313777036454178,3.441424948730241,3.5,3.6,3.6,3.6,3.683583476287288,3.7,3.7,3.7,3.702676948378985,3.8,3.8,3.8,3.8,3.8,3.8,3.825036691116378,3.9,3.9,3.926701204161429,4.0,4.0,4.065530562391563,4.2,4.2,4.2,4.2,4.3,4.4,4.5,4.5,4.5,4.524205258435956,4.6,4.7,4.7,4.7,4.8,4.8,4.8,4.9,4.9,4.9,4.9,5.0,5.0,5.0,5.062713727856431,5.2,5.2,5.3,5.3,5.3,5.332890268817948,5.5,5.5,5.540688082251234,5.713985489925437,5.8,5.967445006307696,6.1,6.131224038735451,6.2,6.3,6.4,6.6,6.7,6.706829935472439,6.9,7.1,7.3,7.6,7.877872882956086,9.615814713626287
0.5,0.5,0.5,0.6,0.6,0.6797923922871657,0.8,0.8,0.8,0.8,0.8,0.8,0.8687759612645444,0.9,1.1,1.1104813919600964,1.2,1.2,1.2,1.2,1.2,1.2,1.2,1.3,1.3,1.3,1.3,1.3,1.3,1.3,1.3,1.3,1.359693109019841,1.4,1.4,1.4,1.4,1.4,1.4,1.4,1.4,1.4,1.4,1.459328465857746,1.5,1.5,1.5,1.5,1.5,1.5,1.5,1.5,1.5,1.5,1.5,1.5,1.5,1.5,1.5,1.5,1.5,1.5,1.5,1.5,1.5,1.5,1.5,1.5,1.5,1.5,1.5,1.5,1.5,1.5,1.5,1.5,1.5,1.6,1.6,1.6,1.6,1.6,1.6,1.6,1.6,1.7,1.7,1.7,1.7,1.7,1.7,1.7280109262911054,1.8,1.8,1.8,1.8,1.8,1.8,1.8,1.8,1.8,1.8,1.8,1.8,1.8,1.8,1.8,1.8,1.8471294307578545,1.9,1.9,2.0,2.0,2.0,2.0,2.0,2.0,2.0,2.0,2.0,2.0,2.0,2.0,2.0,2.0,2.1,2.1,2.1,2.1,2.1,2.1,2.1,2.1,2.1,2.1,2.1,2.1,2.1,2.1,2.1,2.1273604303772347,2.2595000776413032,2.3,2.3,2.4,2.4,2.4,2.4,2.4,2.4,2.4,2.4,2.5,2.5,2.5,2.559932460047509,2.6,2.6,2.6,2.7,2.7,2.8,2.8,2.8,2.8,2.8,2.8,2.9,2.9,2.9,2.9431988438802077,3.0,3.0,3.0,3.0,3.0,3.0,3.0,3.1,3.1,3.1328902688179485,3.2,3.2,3.2,3.3,3.3,3.5,3.6,3.7,3.8,3.8,3.9,3.9,4.099636869475824,4.2,4.240415215425673,4.7,4.9427253143476495,5.714514486060847,6.0,7.302726674763153
1.1989093300947493,1.3,1.6,1.6,1.6589391335881383,1.7,1.9,1.9,2.0,2.0,2.0,2.0,2.0,2.1,2.1,2.1,2.1,2.1,2.2,2.2997417543889864,2.3,2.3,2.3,2.3,2.4,2.4,2.4,2.494001543934421,2.5,2.5,2.5,2.5,2.5,2.5,2.5,2.5,2.5,2.5,2.5,2.5,2.5,2.5,2.5,2.5,2.6,2.6,2.6,2.6,2.6,2.6,2.6,2.6,2.6,2.6,2.6,2.6,2.6,2.6,2.6,2.6404999223586856,2.7,2.7,2.7,2.7,2.7,2.7,2.7,2.7,2.7,2.7,2.7,2.7,2.7,2.7,2.8,2.8,2.8,2.8,2.8,2.8,2.8,2.8,2.8,2.8,2.8,2.8,2.8,2.8,2.8,2.8,2.8,2.8,2.8,2.8,2.8,2.8,2.8,2.8,2.8,2.8254485778107465,2.9,2.9,2.9,2.9,2.9,2.9,2.9,2.9,2.9,2.9,2.9,2.9,2.9,3.0,3.0,3.0,3.0,3.0,3.1,3.1,3.1,3.1,3.1,3.1,3.1,3.1,3.1,3.1,3.1,3.1,3.1,3.1,3.1,3.1,3.1,3.1,3.2,3.2,3.2,3.2,3.2,3.2,3.2,3.3,3.3,3.3,3.3,3.3,3.3,3.3,3.3,3.3,3.3,3.3,3.3,3.3,3.3999641242801375,3.4,3.5,3.5,3.5,3.5,3.5551727712629773,3.6,3.6,3.6,3.641531877275179,3.7,3.7,3.79121831144011,3.8,3.8,3.8,3.8,3.8,3.9,3.9,3.9,3.9,3.9,3.9,3.9,4.0,4.0,4.0,4.0,4.067445006307696,4.2,4.2,4.2,4.4,4.5,4.597716733723399,4.6,4.6068299354724385,4.720207607712837,4.8,5.071362657173824,5.3,5.6,7.6
0.5,0.7,0.8,0.8,0.8,0.9,0.9,1.1,1.1,1.1,1.2,1.2,1.2,1.2,1.2,1.2,1.2,1.2,1.2,1.2,1.2,1.2,1.3,1.3,1.3,1.3,1.3,1.3,1.3,1.3,1.3,1.3,1.3,1.3,1.3,1.3,1.3,1.3,1.3,1.3,1.3,1.3,1.3,1.3,1.3,1.3,1.3,1.3,1.3,1.3,1.3308259810188758,1.4,1.4,1.4,1.4732987958385677,1.5,1.5415378870321603,1.6,1.6,1.6,1.6,1.6,1.6,1.6,1.6,1.6,1.6,1.6,1.6,1.6,1.6,1.6,1.7,1.7,1.7,1.7,1.7,1.7,1.7,1.7,1.7,1.7,1.7,1.7,1.7,1.7,1.7,1.7,1.8,1.8,1.8,1.9,1.9,1.9,1.9,1.9,1.9,1.9,1.9,1.9,1.9,1.9,1.9,1.9,1.9,1.9,1.9,1.9,1.9,1.9,1.9,2.0,2.0,2.0,2.0,2.0,2.0,2.0,2.0,2.0,2.0,2.0,2.0,2.0,2.0,2.0,2.0,2.0,2.0,2.0,2.0,2.0,2.0,2.0,2.1,2.1,2.1,2.1,2.1,2.1,2.1,2.1,2.1,2.1,2.1,2.1,2.2,2.2,2.2968948881851645,2.3,2.3,2.3,2.3,2.3,2.4,2.4,2.4,2.4,2.4,2.4,2.4,2.4,2.4,2.4,2.4,2.4,2.4,2.4,2.4,2.4,2.4,2.4,2.4505417183933504,2.5,2.5,2.5207433944853905,2.6,2.7,2.8,2.8,2.8,2.8,2.8,2.8,2.9,2.9,3.0,3.0,3.0,3.0,3.1,3.1,3.1,3.1996368694758246,3.3,3.3,3.3410608664118566,3.671362657173825,3.7,4.0,5.601090669905261
0.5994546650473747,0.6221271170439141,0.8,0.8,0.8,0.8797923922871658,0.9,0.9,0.9,0.9,0.9,0.9,0.9,0.9,0.9,0.9,0.9,0.9,0.9,0.9,0.9,0.9,0.9,0.9,0.9,0.9,0.9,0.9,0.9,0.9,0.9,0.9,1.0,1.1,1.1,1.1,1.1,1.1,1.1448272287370203,1.2,1.2,1.2,1.2,1.2,1.2,1.2,1.2,1.2,1.2,1.2,1.2,1.2,1.2,1.2,1.2,1.3,1.3,1.3,1.3,1.3,1.3,1.3,1.3,1.3,1.3,1.3,1.3,1.3,1.3,1.3,1.3,1.3,1.3,1.3,1.3,1.3,1.3,1.3,1.3,1.3,1.3,1.3,1.3,1.3,1.3,1.3,1.3,1.3,1.3,1.3,1.3,1.3,1.3,1.3,1.3,1.3,1.3,1.3,1.3,1.3,1.3,1.3,1.3,1.3,1.3,1.3,1.3,1.3,1.3,1.3,1.3,1.4,1.4,1.4,1.4,1.4,1.4,1.4,1.4002692641843906,1.5,1.5,1.5,1.5,1.5,1.6,1.6,1.6,1.6,1.6,1.6974723766741249,1.7,1.7,1.7,1.7,1.7,1.7,1.7,1.7,1.7,1.7,1.7,1.7,1.7,1.7,1.7,1.7,1.7,1.7,1.7,1.7,1.7,1.7,1.7,1.7,1.7,1.7,1.7,1.7,1.7,1.7,1.7,1.7,1.7,1.8,1.8,1.8,1.8,1.890424139558621,1.9,1.9,1.9,1.9,1.9,1.9,1.9,1.9,1.9,1.9409909701809738,2.0,2.0,2.0,2.0,2.0,2.0,2.0,2.0,2.0674450063076963,2.1,2.1,2.1,2.2,2.3,2.3,2.3996368694758243,2.4,2.4,2.4,2.4,2.4145144860608467,2.7336186488682586,3.1
1.998363995142124,3.0,3.4709710278782984,3.628637342826178,3.8589391335881382,3.9,4.0,4.0,4.0,4.299609281434632,4.3,4.5,4.5,4.6,4.6,4.8,4.886014510074563,4.9,5.161025894141404,5.3,5.3,5.4,5.49665611138173,5.5,5.5,5.5,5.6,5.6,5.6,5.6,5.656801156119795,5.7,5.7,5.809575860441376,5.958468122724821,6.0,6.0,6.0,6.0,6.1,6.1,6.1,6.1,6.1,6.1,6.1,6.1,6.2,6.2,6.2,6.2,6.2,6.2,6.2,6.2,6.2,6.3,6.4,6.4,6.440499922358685,6.5,6.5,6.5,6.5,6.597323051621021,6.6,6.6,6.6,6.7,6.7,6.774106826669302,6.8,6.830680122839391,6.9,6.9,6.9,6.9,6.9,7.0,7.0,7.0,7.073696648070737,7.299461471631207,7.3,7.3,7.4,7.404752638277711,7.6,7.6,7.6,7.6,7.6,7.6,7.6,7.6,7.6,7.6,7.6,7.6,7.6,7.6,7.6,7.6,7.6,7.6,7.6,7.6,7.7,7.7,7.7,7.7,7.7,7.7,7.772289150783877,7.8,7.8,7.8,7.8,7.8,7.8,7.8,7.8,7.8,7.8,7.8,7.8,7.9,7.9,7.9,7.9,8.0,8.0,8.0,8.0,8.0,8.0,8.0,8.033292681424257,8.1,8.1,8.1,8.1,8.1,8.1,8.1,8.1,8.1,8.1,8.1,8.2,8.2,8.2,8.2,8.2,8.220554724647712,8.3,8.3,8.5,8.5,8.6,8.6,8.6,8.7,8.8,8.9,8.9,8.9,8.9,8.9,8.991218311440111,9.1,9.5,9.5,9.5,9.5,9.5,9.5,9.5,9.5,9.5,9.5,9.6,9.6,9.6,9.6,9.879037216079814,9.9,9.9,10.1,10.2,10.2,10.2,10.2,10.2,10.2,10.3,10.5,10.5,10.614514486060846,11.245110180692603,12.516360048578917
1.6,1.8442542340878283,2.0,2.4,2.5,2.7797923922871655,2.8,2.9,2.9,2.9996092814346325,3.092866701553323,3.1,3.1,3.2,3.2325549936923017,3.3,3.3,3.3,3.3,3.4,3.4,3.5,3.6,3.6590090298190248,3.7,3.7,3.8,3.894001543934421,3.9,3.9,3.9,3.9,3.9,3.9095758604413757,4.0,4.0,4.1,4.1,4.2,4.2,4.2,4.2,4.2,4.2,4.3,4.340067539952498,4.4,4.4,4.4,4.4,4.4,4.4,4.4,4.4,4.4,4.5,4.5,4.5,4.5,4.5,4.6,4.6,4.6,4.6,4.6,4.6,4.6,4.7,4.7,4.8,4.8,4.9,4.9,4.95857505126975,5.0,5.0,5.0,5.0,5.0,5.0,5.0,5.1,5.1,5.151212996843054,5.3,5.3,5.3,5.3,5.3,5.3,5.3,5.3,5.3,5.3,5.30239250987916,5.4,5.451708942177257,5.5,5.5,5.5,5.6,5.6,5.6,5.6,5.648291057822746,5.7,5.7,5.9,5.947129430757855,6.0,6.0,6.0,6.0,6.0,6.0,6.1,6.1,6.1,6.1,6.1,6.1,6.1,6.1,6.1,6.2,6.2,6.2,6.2,6.2,6.2,6.2,6.2,6.2,6.2,6.2,6.2,6.2,6.233292681424257,6.3,6.3,6.3,6.3,6.3,6.3,6.3,6.3,6.4,6.5,6.5,6.5,6.5,6.5,6.5,6.581809911496833,6.6,6.6,6.6,6.6,6.6,6.624205258435955,6.7,6.7,6.7,6.7,6.7,6.7,6.7,6.7,6.7,6.7,6.7,6.7,6.7,6.7,6.8627137278564305,6.9,6.9,6.940990970180974,7.3,7.3,7.3,7.3,7.4,7.481376164502467,7.6,7.6,7.6,7.647944441110684,7.7312240387354505,7.8,7.8,7.8,7.8,7.8,7.8,7.9,8.0,8.1,8.24354345818254,10.055745765912173,11.405998684478936
1.6,2.0,2.0854855139391493,2.157274685652356,2.4,2.5,2.5,2.700363130524173,2.8,2.8,2.9,2.9,2.9,3.0,3.0,3.0104813919600963,3.1,3.1,3.1,3.1,3.1,3.2,3.3,3.3,3.3,3.3,3.3,3.3,3.3,3.3,3.3,3.4,3.4,3.4,3.5,3.5,3.5,3.5995538602494093,3.6,3.6,3.6,3.675794741564042,3.7,3.7,3.8,3.8,3.8,3.8,3.8,3.8,3.9,3.9,3.9,3.9,3.9,3.9,3.9,3.9,3.9,3.9,4.0,4.0,4.0,4.0,4.0,4.0,4.0,4.0,4.016416523712721,4.1,4.1,4.1,4.2,4.2,4.2,4.2,4.2,4.2,4.2,4.2,4.2,4.2,4.2,4.225606498421527,4.3,4.3,4.3,4.3,4.3,4.4,4.4,4.4,4.4,4.4,4.5,4.5,4.5,4.6,4.6,4.6,4.6,4.6,4.6,4.6,4.6,4.6,4.6,4.6,4.6,4.6,4.7,4.7,4.8,4.9,4.9,4.9,4.948666772365335,5.0,5.1,5.1,5.15250515077039,5.2,5.3,5.3,5.3,5.3,5.3,5.3,5.3,5.3,5.3,5.3,5.3,5.3,5.3,5.3,5.3,5.3,5.3,5.3,5.3,5.4,5.4,5.4,5.4,5.4,5.4267012041614295,5.561545727139935,5.6,5.6,5.6,5.7,5.7,5.7,5.8,5.8,5.899964124280138,5.940671534142251,6.0,6.0,6.0,6.0,6.0,6.0,6.0,6.093593987845253,6.1,6.1,6.1,6.1,6.1,6.1,6.1,6.1,6.1,6.2,6.2,6.2,6.2,6.2,6.2,6.3,6.3,6.3,6.3,6.389518608039907,6.5,6.5,6.53122403873545,6.6,6.6,6.6,6.697716733723399,6.7,6.7,6.7,6.941060866411857,7.542725314347649,7.6,7.8,7.801090669905261
1.2978186601894985,1.4,1.4,1.6,1.6,1.8,1.8,2.0,2.1,2.1,2.3,2.3,2.4,2.4,2.5,2.5,2.5,2.5,2.5,2.5,2.5,2.532717428414268,2.6,2.6,2.7,2.7792566055146066,2.8,2.8,2.8,2.8,2.8,2.8,2.8,2.8,2.8,2.8,2.8,2.8,2.8,2.8,2.9,3.0,3.0,3.0,3.0,3.0,3.0,3.0,3.1,3.1,3.1,3.1,3.1,3.1384542728600624,3.2,3.2,3.2,3.2,3.2,3.2,3.27263956962276,3.3,3.3,3.3,3.3,3.3,3.3,3.4,3.4,3.4,3.4,3.4,3.4,3.5,3.5,3.5,3.5,3.5,3.5,3.5,3.5,3.5,3.5997307358156037,3.6,3.6,3.6,3.6,3.6,3.6,3.6,3.6,3.7,3.7,3.777661541373567,3.8,3.8,3.8,3.8,3.8,3.8,3.8,3.8,3.8,3.8,3.8,3.8,3.8,3.8,3.8,3.8,3.8,3.8,3.8,3.8,3.8,3.8,3.8,3.8,3.8,3.8,3.8,3.8,3.8,3.8,3.9,3.9,4.0,4.0,4.0,4.0,4.0,4.0,4.1,4.1,4.1,4.1,4.1,4.1,4.1,4.1,4.1,4.1,4.1,4.1,4.1,4.1,4.1,4.1,4.1,4.1,4.2,4.2,4.2,4.2,4.2,4.2,4.2,4.2,4.3,4.3,4.4,4.4,4.4,4.4,4.4,4.5,4.541531877275179,4.6,4.6,4.69121831144011,4.7,4.7,4.75054171839335,4.805998456065578,4.9,5.0,5.0801475342872315,5.1,5.1,5.1,5.1,5.1,5.1,5.1,5.1,5.1,5.167445006307696,5.247944441110684,5.3,5.3,5.3,5.4,5.5,5.5,5.706829935472439,5.820207607712836,6.0,6.271362657173825,6.4,6.7,6.814724043721026
0.7994546650473747,0.9442542340878284,1.2,1.3,1.3,1.3,1.3,1.3,1.3022832662765964,1.4,1.4,1.4,1.4,1.4,1.4,1.4,1.4,1.4,1.5,1.5,1.6,1.6,1.6,1.6,1.6,1.6,1.637286272143571,1.7,1.7,1.7,1.756801156119795,1.8,1.8,1.8,1.8,1.8,1.8,1.8,2.0,2.0,2.0,2.0,2.0,2.1,2.1,2.1,2.1,2.1,2.1,2.1,2.2308259810188757,2.3,2.3,2.3,2.3,2.3,2.3,2.3,2.3,2.3,2.3,2.304378489936286,2.4,2.4,2.4,2.4,2.4,2.4,2.4,2.4,2.4,2.4,2.4,2.5,2.5,2.5,2.5,2.5,2.5,2.5,2.5,2.5,2.5,2.5,2.5,2.5,2.5,2.5,2.5,2.5,2.5,2.5,2.5,2.5,2.5,2.5,2.5,2.5,2.5,2.5,2.5,2.5,2.5,2.5,2.5,2.5,2.5,2.5,2.5,2.5,2.5,2.5,2.5,2.5,2.5,2.5,2.5,2.57439350157847,2.6,2.6,2.6,2.6,2.6,2.632212223747814,2.7,2.7,2.8,2.8,2.8,2.8,2.8,2.8,2.9,2.9,3.0,3.0,3.0,3.0,3.0,3.0,3.1,3.1,3.1,3.1,3.1,3.1,3.1267012041614293,3.2,3.2,3.2,3.2,3.2,3.2,3.281809911496833,3.3,3.3,3.3,3.4,3.5,3.5,3.5,3.5,3.5,3.5,3.5,3.5,3.6,3.6,3.6,3.6,3.6,3.7,3.7,3.8,3.8,3.8,3.8,3.8,3.8,3.8,3.8328902688179483,3.9,3.9,4.0,4.1,4.1,4.1,4.1,4.2,4.2,4.207133298446678,4.4,4.5,4.6,4.706829935472439,4.920207607712837,5.041060866411857,5.1,5.129028972121693,5.755745765912172,5.901636004857892
1.0978186601894986,1.2,1.4,1.528637342826178,1.6,1.6,1.6,1.7,1.7,1.7,1.7,1.7,1.8687759612645443,1.9520555588893196,2.0,2.0,2.0,2.0,2.0,2.0,2.0,2.0,2.0,2.0,2.0,2.0,2.0,2.0,2.0494582816066527,2.1,2.1,2.1,2.1,2.1,2.1,2.1,2.1,2.1,2.1,2.2,2.2329201988926886,2.3,2.3,2.4,2.4,2.4,2.4,2.4,2.4,2.4,2.5,2.5,2.5,2.5,2.5,2.507654785822831,2.6,2.6,2.6,2.6,2.6,2.6,2.7,2.7,2.7,2.7,2.7,2.8,2.8,2.8,2.8,2.8,2.9,2.9,2.9,2.9,2.9,2.9,3.0,3.0,3.0,3.0736966480707366,3.1,3.1,3.1,3.1,3.1,3.1,3.1,3.1,3.1,3.1,3.1,3.1,3.1,3.1,3.151708942177257,3.2,3.2,3.2254485778107465,3.3,3.3,3.3,3.3,3.3,3.3,3.3,3.3,3.3471294307578545,3.4,3.4,3.4,3.4,3.4,3.5,3.5,3.5,3.5,3.5002692641843907,3.6,3.6,3.6,3.6,3.6,3.6,3.6,3.7,3.7,3.7,3.8,3.8,3.8,3.8,3.8,3.8,3.8,3.8,3.8,3.8,3.8,3.8,3.8,3.8,3.8,3.8,3.8,3.8,3.8,3.8,3.8,3.8,3.8,3.8,3.8,3.8,3.8,3.9,3.9,3.9,3.9,3.9,3.9,3.9,3.9,3.9,4.0,4.0,4.090424139558621,4.2,4.2,4.2,4.496291420219933,4.5,4.5,4.6,4.6,4.6,4.6,4.6,4.6,4.6,4.6,4.6,4.6,4.6,4.7,4.867445006307697,4.9,5.0,5.1,5.207133298446678,5.3,5.3,5.3,5.3,5.5,5.682121732823713,5.8,5.9,6.2,6.60054533495263
1.3,1.7,1.8709710278782985,2.0,2.0,2.0,2.0,2.0,2.0,2.0996092814346325,2.1,2.1,2.1,2.1,2.1,2.2104813919600965,2.3,2.359311917748766,2.4,2.4,2.4,2.4,2.4,2.4,2.419852465712776,2.5,2.5,2.5,2.5,2.5,2.5,2.6,2.6,2.6,2.6,2.6,2.653423758114002,2.7,2.7,2.7,2.8,2.8,2.8,2.8,2.8,2.8,2.8,2.8,2.8563222283256664,2.9,2.9,2.9,2.9,2.9,2.9,2.9076547858228308,3.0,3.0,3.0,3.1,3.1,3.1,3.1,3.1,3.1,3.1,3.1,3.1,3.1,3.1,3.1,3.1,3.1,3.1,3.1,3.1,3.1,3.1,3.1,3.1,3.2,3.2,3.2,3.225606498421527,3.3,3.3,3.3,3.3,3.3,3.3,3.3,3.3,3.3,3.3,3.3,3.3,3.3,3.3,3.3,3.3254485778107465,3.4,3.4,3.4,3.4,3.4,3.4,3.4,3.5,3.5,3.6,3.6,3.6,3.6,3.6,3.6,3.7,3.7,3.7,3.7,3.7,3.7,3.8,3.8,3.8,3.8,3.8,3.8,3.8,3.8,3.8,3.8,3.8,3.8,3.8,3.8,3.8,3.8,3.8,3.8,3.8,3.8,3.8,3.8,3.8,3.8,3.8,3.9,3.9,3.9,3.9,3.9,3.9,3.9,3.9,3.9,4.0,4.0,4.040671534142251,4.1,4.1,4.2,4.2,4.4,4.4,4.4,4.4,4.4,4.4,4.4,4.4,4.5,4.5,4.5,4.6,4.6,4.6,4.6,4.6,4.6,4.6,4.6,4.7,4.8,4.8406880822512335,4.9,4.9,4.9,5.0,5.0,5.1,5.1,5.3,5.3,5.3,5.3,5.3,5.3,5.4,5.8,5.9,6.101090669905261
0.5,0.5,0.5,0.5,0.5,0.5,0.6,0.6,0.6,0.6,0.6,0.6,0.6,0.6,0.7,0.7,0.7,0.7,0.7,0.7,0.7,0.7,0.7,0.7,0.7,0.7,0.7,0.7,0.7,0.7,0.7,0.7087816885598869,0.8,0.8,0.8,0.8,0.8,0.8,0.8,0.8,0.8,0.8,0.8,0.8,0.8,0.8,0.8,0.8,0.8,0.8,0.8,0.8,0.8,0.8,0.8,0.8,0.8,0.8,0.8,0.8,0.8,0.8,0.8,0.8,0.8,0.8,0.8,0.8,0.8,0.8,0.8,0.8,0.8,0.8,0.8,0.8136342526696894,0.9,0.9,0.9,0.9,0.9,0.9,0.9,0.9,0.9,0.9,0.9,0.9,0.9,0.9,0.9,0.9,0.9,0.9,0.9,0.9,0.9,0.9,1.0,1.0,1.0,1.0,1.0,1.0,1.0,1.0,1.0,1.0,1.0471294307578547,1.1,1.1,1.1,1.1,1.1,1.1,1.1,1.1,1.1,1.1,1.1,1.1,1.1,1.1,1.1,1.1,1.1,1.1,1.1,1.1,1.1,1.1,1.1,1.1,1.1,1.1,1.1,1.1,1.1,1.1,1.1,1.1,1.1,1.1,1.2,1.2,1.2,1.2,1.2,1.2,1.2,1.2,1.2,1.2,1.2,1.2,1.2,1.2,1.2,1.2,1.2,1.2,1.2,1.2,1.2,1.2,1.3,1.3,1.3,1.3,1.3,1.3,1.3,1.3,1.4,1.4,1.5,1.5,1.5,1.5,1.5,1.6,1.6,1.6,1.6,1.6,1.6895186080399072,1.7,1.8,1.8,1.9,2.0,2.0003907185653644,2.1,2.1,2.4,2.4202076077128365,2.5,2.6,2.8290289721216935,3.0,3.7087253592420897
2.6,3.322127117043914,3.5,3.5,3.6589391335881385,3.8,3.8,3.9,3.9022832662765965,4.0,4.0,4.1,4.2,4.2,4.3,4.3,4.4,4.459311917748766,4.5,4.5,4.6,4.7,4.7,4.8,4.8,4.879256605514607,4.9,5.0,5.0,5.0,5.0,5.0,5.0,5.0,5.0,5.0,5.0,5.1,5.1,5.1,5.1,5.1,5.1,5.159328465857746,5.2,5.2,5.2,5.2,5.2,5.293861234331038,5.3,5.3,5.3,5.3,5.3,5.3,5.3,5.374963308883617,5.4,5.5,5.5,5.5,5.5,5.6,5.6,5.6,5.6,5.6,5.6,5.6,5.6,5.6,5.6,5.65857505126975,5.7,5.7,5.7,5.7,5.7,5.7,5.8,5.8,5.8,5.8,5.8,5.876920127242516,5.9,5.9,5.9,5.9,5.9,5.9,5.9,5.9,5.9,5.9,5.9,5.9,5.9,5.9,5.9,5.9,5.9,5.9236884075919995,6.0,6.0,6.0,6.022338458626433,6.1,6.1,6.1,6.121949238263988,6.2,6.2,6.2,6.2,6.2,6.2,6.2,6.2,6.2,6.3,6.3,6.3,6.359180841484494,6.4,6.4,6.4,6.4,6.4,6.4,6.454593173962581,6.5,6.5,6.5,6.5,6.5,6.5,6.5,6.5,6.527360430377234,6.6,6.6,6.6,6.6,6.6,6.6,6.6,6.696894888185165,6.7,6.8,6.8,6.843677771674339,6.9,7.0,7.1,7.1,7.1,7.1,7.3,7.3,7.3,7.3,7.3,7.3,7.487187975690506,7.5,7.5,7.5,7.5,7.5,7.7,7.7,7.9,8.0,8.1,8.1,8.4,8.4,8.5,8.532890268817948,8.6,8.6,8.7,8.813985489925438,8.9,8.967445006307695,9.1,9.13122403873545,9.23505047331505,9.507133298446679,9.90078143713073,10.1,10.1,10.313659870944878,10.7,11.4,11.614087971521473,11.7,11.9,11.90981602914735
3.2978186601894985,3.4,3.5854855139391493,3.8,3.9,4.079792392287166,4.2,4.300363130524173,4.4,4.4996092814346325,4.5,4.582474763342478,4.6,4.7,4.7,4.7,4.7,4.7,4.8,4.8,4.9,4.932717428414268,5.0,5.0,5.0,5.0,5.0,5.0,5.0,5.0,5.1,5.1,5.1,5.1,5.1,5.106406012154739,5.2,5.2,5.2,5.3,5.3,5.3,5.3,5.3,5.3,5.3,5.3,5.3,5.3,5.3,5.3,5.3,5.3,5.3,5.373298795838568,5.5,5.5,5.5,5.5,5.6,5.6,5.6,5.6,5.6,5.6,5.6,5.6,5.687124620470954,5.7,5.7,5.774106826669302,5.8,5.8,5.8,5.8,5.8,5.8,5.8,5.8,5.8,5.8,5.8,5.8,5.825606498421527,5.9,5.9,5.9,5.9,5.9,5.9,5.9,5.9,5.9,5.9,5.9,5.9,5.9,5.9,5.9,5.925448577810747,6.0,6.0,6.0,6.0,6.048291057822746,6.1,6.1,6.1,6.1,6.1,6.1,6.1,6.1,6.2,6.2,6.2,6.2,6.2,6.2,6.2,6.2,6.2,6.2,6.232212223747814,6.3,6.3,6.3,6.3,6.3,6.3,6.3,6.3,6.4,6.4,6.4,6.4,6.4,6.4,6.4,6.4956215100637165,6.5,6.5,6.5,6.5,6.5,6.5,6.5,6.5,6.5,6.5,6.5,6.5,6.5,6.5,6.5,6.5,6.6,6.6,6.6,6.6,6.6,6.6,6.6,6.6,6.6,6.6935939878452535,6.7,6.7,6.8,6.8,6.8,6.9,6.9,6.9,7.1,7.1,7.1,7.1,7.1,7.1,7.3,7.3,7.3,7.3,7.313985489925437,7.489518608039907,7.5,7.5,7.6,7.7,7.7,7.9,8.0,8.1,8.4,8.6,8.641060866411857,8.7,8.9,9.2,10.705453349526305
0.7989093300947493,1.5,1.6,1.7286373428261779,1.8,1.9,1.9931700645275616,2.0,2.1,2.1,2.1,2.1,2.2,2.2,2.3,2.3,2.3,2.359311917748766,2.4,2.4,2.4,2.4,2.4,2.5,2.5,2.5,2.6,2.6,2.6494582816066528,2.70370857978007,2.8,2.8,2.8,2.8095758604413756,2.9,2.9,2.9,2.9,2.9,2.9,2.9,2.9,2.9,2.9,2.9,2.9,3.0,3.0,3.0,3.0,3.0,3.1,3.1,3.1,3.1,3.1,3.1,3.1,3.1,3.1,3.17263956962276,3.2,3.2,3.2,3.2,3.3,3.3,3.3,3.3,3.3,3.3,3.4,3.4,3.4,3.5,3.5,3.5,3.5,3.5,3.5,3.5,3.5,3.5,3.5,3.5,3.5,3.5,3.5,3.5,3.5,3.5,3.5,3.5,3.5,3.5,3.6,3.6,3.6,3.6,3.6,3.6,3.6,3.6,3.6,3.6,3.6,3.6,3.6,3.6,3.6,3.6,3.7,3.7,3.7,3.7,3.7,3.7,3.7,3.7,3.7,3.7525051507703893,3.8,3.8,3.8,3.8,3.8,3.8,3.8,3.8,3.8,3.825893173330689,3.9,3.9,3.9,3.9,3.9,3.9,3.9,3.9,3.9,3.9,3.9,3.9,3.9,3.9,3.9,4.0,4.0,4.0,4.0,4.0,4.0,4.0,4.0,4.020554724647712,4.1,4.1,4.1,4.2,4.2,4.3,4.3,4.3,4.4,4.4,4.4,4.4,4.5,4.6,4.6,4.7,4.7,4.7,4.7,4.7,4.7,4.8,4.8,4.8,4.8,4.932890268817949,5.0,5.0,5.0,5.013985489925437,5.1,5.1,5.1,5.2,5.2,5.2,5.3,5.3,5.3,5.3,5.6,5.741060866411857,6.14272531434765,6.514514486060847,7.611491531824345,7.803817344668414
1.4994546650473746,1.7663813511317425,2.0,2.0,2.0,2.239377176861497,2.4931700645275616,2.7,2.8,2.8,2.8,2.9,3.0,3.0,3.1,3.1,3.1,3.1,3.1,3.1,3.1671097311820504,3.2,3.2,3.2,3.2198524657127763,3.3,3.3,3.3,3.3,3.4,3.4,3.4,3.459693109019841,3.5,3.6,3.6,3.6,3.6,3.7,3.7,3.8,3.8,3.8,3.8,3.8,3.8,3.8,3.8,3.8,3.8,3.9,3.9,3.9,3.938454272860062,4.0,4.0,4.0,4.0,4.0,4.0,4.0,4.0,4.0,4.0,4.0,4.1,4.1575196044106635,4.2,4.2,4.3,4.3,4.3,4.3,4.3,4.3,4.3,4.3,4.3,4.3,4.4,4.4,4.4,4.4,4.5,4.5,4.5,4.5,4.5,4.5,4.5,4.5,4.5,4.5,4.5,4.6,4.6,4.6,4.6,4.7,4.7,4.7,4.7,4.7,4.7,4.748291057822746,4.8,4.8,4.8,4.8,4.8,4.8,4.9,4.9,4.9,4.9,4.9,4.9,5.0,5.0,5.0,5.0,5.0,5.1,5.1,5.2,5.3,5.3,5.3,5.3,5.3,5.3,5.3,5.3,5.3,5.3,5.3,5.4,5.4,5.4,5.4,5.4,5.4,5.4,5.4,5.4,5.4,5.4267012041614295,5.5,5.5,5.5,5.5,5.5,5.5,5.5,5.520554724647712,5.6,5.6,5.6,5.7,5.7,5.7,5.7,5.7,5.7,5.8,5.8,5.8,5.8,5.9,5.9,6.0,6.0,6.1,6.1,6.1,6.1,6.1,6.2,6.2,6.2,6.2,6.3,6.3,6.4,6.413985489925437,6.5,6.6,6.7,6.7,6.7,6.707133298446678,6.800390718565365,6.9,6.9,6.9,6.9,7.3,7.4,7.6,8.445110180692604,8.8
1.3989093300947493,1.5221271170439141,1.6854855139391491,1.7286373428261779,2.0,2.0,2.1,2.1,2.3022832662765964,2.5,2.5,2.6,2.6687759612645445,2.7,2.8,2.8,2.8,2.8,2.8,2.9,2.9,3.0,3.0,3.0,3.1,3.1,3.1,3.1,3.1,3.1,3.156801156119795,3.2,3.2,3.2,3.3,3.3,3.3,3.3,3.3,3.389273309875608,3.4,3.4,3.4,3.4,3.400035875719855,3.5,3.5,3.5,3.5,3.5,3.5,3.6,3.6,3.6,3.6,3.6,3.6,3.6,3.6,3.6,3.6,3.6,3.6,3.6,3.6,3.6,3.6,3.6,3.6,3.6,3.6,3.6,3.6,3.6,3.6,3.6136342526696894,3.7,3.7,3.7,3.7,3.8,3.8,3.8,3.8,3.8,3.8,3.8,3.8,3.8,3.8,3.8,3.8,3.8,3.8,3.8,3.8,3.8,3.8,3.8,3.8,3.8,3.9,3.9,3.9236884075919987,4.0,4.0,4.0,4.0,4.0,4.0,4.0,4.0,4.0,4.0722891507838765,4.1,4.1,4.2,4.2,4.2,4.2,4.3,4.3,4.4,4.4,4.4,4.4,4.4,4.4414249487302415,4.5,4.5,4.5,4.5,4.5,4.5,4.542480395589342,4.6,4.6,4.6,4.6,4.695621510063717,4.7,4.7,4.7,4.8,4.8,4.8,4.9,4.9,5.0,5.1,5.1,5.106138765668953,5.2,5.3,5.3,5.3,5.3,5.3,5.3,5.3,5.3,5.3,5.4,5.4,5.4,5.4,5.4,5.5,5.5,5.59121831144011,5.6,5.6,5.6,5.6,5.7,5.8,5.8,5.9,5.9,5.967282571585736,6.0,6.000258245611019,6.1,6.1,6.2,6.2,6.2,6.2,6.2,6.3,6.3,6.3,6.3,6.499636869475824,6.506829935472439,6.7,6.7,6.7,6.729028972121694,7.4,7.6054533495263055
0.5994546650473747,0.7,0.8,0.8,0.8,0.9,0.9931700645275615,1.1,1.1,1.1,1.1,1.1824747633424777,1.2,1.2,1.2,1.2,1.2,1.2593119177487657,1.3,1.3,1.3,1.3327174284142678,1.4,1.4,1.4,1.4,1.5,1.5,1.5,1.50370857978007,1.6,1.6,1.6,1.6,1.6,1.7,1.7,1.7995538602494094,1.8,1.8,1.8,1.8,1.8,1.8,1.8,1.8,1.8794452753522874,1.9,1.9,1.9,1.9308259810188757,2.0,2.0,2.0,2.0,2.0,2.0,2.1,2.1,2.1,2.1,2.1,2.1,2.1,2.1,2.1,2.1,2.1,2.1,2.2,2.2,2.3,2.3,2.35857505126975,2.4,2.4,2.4,2.4,2.4,2.5,2.5,2.5,2.5,2.5,2.5,2.5,2.5,2.5,2.5,2.5,2.5,2.5,2.6,2.6,2.6,2.6,2.6,2.6,2.7,2.7,2.7,2.8,2.8,2.8,2.8,2.8,2.8,2.8,2.8,2.8,2.9,2.9,2.9,2.9,3.0,3.0,3.0,3.0,3.0,3.0,3.0,3.0,3.0,3.0,3.0,3.0,3.0,3.0,3.0,3.097472376674125,3.1,3.1,3.2,3.2,3.2,3.2,3.2,3.2,3.3,3.3,3.3,3.3,3.3,3.3,3.3,3.3,3.3,3.3,3.4,3.4,3.5,3.5,3.5,3.5,3.5,3.559932460047509,3.6,3.6,3.6,3.6,3.6,3.6,3.6551727712629773,3.7,3.7,3.7,3.8,3.8,3.8,3.89121831144011,3.9,3.9,3.9,4.0,4.0,4.0,4.0801475342872315,4.1,4.1,4.1,4.132890268817948,4.2,4.2,4.3,4.4,4.4,4.5,4.6,4.6,4.7,4.8071332984466775,5.0,5.097716733723399,5.1,5.3,5.3,5.3,5.685450628695298,5.914514486060847,6.2,7.403817344668415
1.6994546650473745,2.7885084681756567,3.1854855139391494,3.3,3.5589391335881384,3.7,3.8,3.8007262610483457,4.002283266276597,4.299218562869265,4.3,4.3,4.3,4.3,4.3,4.310481391960097,4.4,4.4,4.5,4.5,4.5,4.6,4.6,4.6,4.7,4.7,4.7,4.8,4.8,4.8,4.8,4.8,4.8,4.8,4.858468122724822,4.9,4.9,4.9,5.0,5.0,5.1,5.1,5.117922626012691,5.2,5.3,5.3,5.3,5.3,5.3,5.3,5.3,5.3,5.3,5.3,5.3,5.3,5.3,5.3,5.3,5.3,5.3,5.4,5.4,5.4,5.4,5.4,5.4,5.4,5.4,5.4,5.4,5.4,5.4,5.4,5.486222963545816,5.5,5.5,5.5,5.5,5.5,5.5,5.5,5.5,5.5,5.5,5.5,5.5,5.52771084921612,5.6,5.6,5.6,5.6,5.6,5.6,5.6,5.7,5.7,5.7,5.7,5.7,5.7,5.7,5.7,5.7,5.8,5.8,5.89760749012084,5.9,5.9,5.9,5.9,5.9,5.9,5.9,5.9,6.0,6.0,6.0,6.1,6.1,6.1,6.1,6.1,6.1,6.1,6.2,6.2,6.2,6.2,6.2,6.2,6.2,6.2,6.2,6.3,6.3,6.402676948378986,6.5,6.5,6.595621510063716,6.6,6.6,6.6,6.6,6.65846211296784,6.7,6.7,6.7,6.7,6.7,6.7,6.7,6.8,6.8,6.8,6.8,6.8,6.9,6.9,6.9,6.9,6.9,7.0,7.000446139750591,7.193152483771996,7.3,7.4,7.4,7.4,7.59121831144011,7.6,7.6,7.6,7.6,7.6,7.6,7.6,7.6,7.6,7.6,7.632890268817948,7.7,7.8,7.8,8.0,8.089518608039906,8.1,8.2,8.2,8.2,8.5,8.5,8.6,8.6,8.7,8.920207607712838,9.32318259923557,10.04272531434765,10.114514486060846,12.5,13.3
1.6994546650473745,2.0,2.0854855139391493,2.4572746856523557,2.6589391335881385,2.8,2.8,2.9,2.9022832662765965,3.0,3.1,3.1,3.1,3.1,3.132554993692302,3.3,3.3,3.3,3.3,3.3,3.4,3.5,3.5,3.5590090298190247,3.6,3.6,3.7,3.7,3.7,3.8,3.8,3.8,3.8,3.8,3.8,3.8,3.8534237581140016,3.9,3.9,4.0,4.0,4.0,4.0,4.0,4.0,4.0,4.0,4.018190088503164,4.156322228325666,4.2,4.3,4.3,4.3,4.3,4.3,4.3,4.34153788703216,4.4,4.5,4.5,4.5,4.6,4.6,4.6,4.6,4.6,4.7,4.7,4.716416523712721,4.8,4.8,4.8,4.8,4.8,4.8,4.813634252669689,4.9,4.9,4.9,4.9,5.0,5.0,5.0,5.025606498421527,5.1,5.1,5.102376319138855,5.2,5.2,5.2,5.3,5.3,5.3,5.3,5.3,5.3,5.3,5.3,5.3,5.3,5.3,5.3,5.3,5.3,5.3,5.4,5.4,5.4,5.4,5.4,5.4,5.421949238263989,5.5,5.5,5.5,5.5,5.5,5.5,5.5,5.5,5.6,5.6,5.6,5.632212223747814,5.7,5.7,5.7,5.7,5.7,5.7,5.7,5.8,5.8,5.8,5.8,5.8,5.9,5.9,5.9,5.9,5.9,6.0,6.0,6.1,6.1,6.1,6.1,6.1,6.1,6.132765281195781,6.2,6.2,6.2,6.2,6.2,6.2,6.2,6.2,6.2,6.224205258435956,6.3,6.3,6.3551727712629775,6.4,6.5,6.593593987845253,6.6,6.6,6.6,6.7,6.7,6.7,6.7,6.7,6.7,6.7,6.7,6.7,6.8,6.8,6.8,6.9,6.9,6.9,6.9,7.0,7.1,7.4,7.4,7.6,7.6,7.6,7.6,7.6,7.906829935472439,8.0,8.1,8.271362657173825,8.6,12.057457659121724,13.3
1.1967279902842478,1.422127117043914,1.5,1.6,1.7,1.7,1.8,1.8,1.9022832662765963,2.0,2.0,2.0,2.0687759612645444,2.1,2.1,2.1,2.2,2.3,2.3,2.3,2.36710973118205,2.5,2.5,2.5,2.6,2.6,2.6,2.6,2.7,2.8,2.8,2.8,2.8,2.8,2.8,2.8,2.8,2.8,2.84482722873702,2.9,2.9,2.9,2.9,2.9,2.900035875719855,3.0,3.0,3.0,3.0,3.0,3.1,3.1,3.1,3.1,3.1,3.1,3.1,3.1,3.1,3.2,3.2,3.3,3.3,3.3,3.3,3.3,3.3,3.3,3.3,3.3,3.3,3.3025276233258665,3.4,3.4,3.4,3.4,3.4,3.4,3.4945500644173846,3.6,3.6,3.6,3.6,3.6,3.6,3.6,3.6,3.7,3.7,3.7,3.7,3.7280109262911054,3.8,3.8,3.8,3.8,3.8,3.8,3.8,3.8,3.8,3.8,3.8,3.8,3.848291057822746,3.9,3.9,3.9,3.9471294307578546,4.0,4.0,4.0,4.0,4.172289150783877,4.2,4.223079872757483,4.3,4.3,4.3,4.3,4.4,4.4,4.4,4.4,4.4,4.4,4.5,4.6,4.6,4.6,4.625893173330689,4.7,4.7,4.8,4.842480395589343,4.9,4.9,4.9,4.964269946863908,5.0,5.0,5.0,5.0,5.1,5.1,5.1,5.1,5.2,5.2968948881851645,5.3,5.3,5.3,5.3,5.3,5.3,5.3,5.3,5.3,5.3,5.3,5.4,5.4,5.4,5.4,5.4,5.493593987845253,5.5,5.590424139558621,5.6,5.6,5.643198843880207,5.7,5.8,5.805998456065578,5.9,5.9,5.9,6.0,6.1,6.1,6.1,6.1,6.1,6.1,6.1,6.1,6.1,6.2,6.2312240387354505,6.3,6.3,6.400390718565365,6.597716733723399,6.6,6.6,6.8,7.341060866411857,7.4,7.4,7.8,8.608180024289458
2.795637320378997,3.1442542340878283,3.485485513939149,3.728637342826178,3.8,3.9,4.0,4.0,4.3,4.3,4.3,4.3,4.4,4.4,4.5,4.5,4.5,4.5,4.5,4.599741754388987,4.66710973118205,4.732717428414268,4.8,4.8,4.8,4.8,4.8,4.8,4.8,4.9,4.9,4.9,4.9,4.9,4.9,4.9,4.9,4.9,4.9,4.989273309875609,5.0,5.1,5.117922626012691,5.259328465857746,5.3,5.3,5.3,5.3,5.3,5.3,5.3,5.3,5.3,5.3,5.3,5.3,5.3,5.3,5.3,5.3,5.3,5.3,5.3,5.4,5.4,5.4,5.4,5.4,5.4,5.4,5.4,5.4,5.4,5.4,5.486222963545816,5.5,5.5,5.5,5.5,5.5,5.5,5.6,5.6,5.6,5.6,5.6,5.6,5.62771084921612,5.7,5.7,5.7,5.7,5.7,5.7,5.7,5.7,5.7,5.8,5.8,5.8,5.8,5.874551422189251,5.9,5.9,5.9,5.9,5.9,6.0,6.0,6.0,6.0,6.0,6.04706730690055,6.1,6.1,6.1,6.1,6.1,6.2,6.2,6.2,6.2,6.2,6.2,6.2,6.2,6.2,6.2,6.2,6.3,6.3,6.3,6.3,6.3,6.3,6.3,6.302676948378985,6.433292681424257,6.5,6.595621510063716,6.6,6.6,6.6,6.6,6.7,6.7,6.7,6.8,6.8,6.9,6.9,6.9,6.9,6.981809911496834,7.141109449295424,7.3,7.3,7.3,7.4,7.4,7.6,7.6,7.6,7.6,7.6,7.6,7.6,7.6,7.6,7.6,7.6,7.7,7.8,7.9,7.9,7.920743394485391,8.0,8.0,8.0,8.0,8.0,8.0,8.0,8.0,8.013985489925437,8.1,8.167445006307695,8.2,8.5,8.6,8.6,8.6,8.6,8.6,8.9,8.9,9.146365198471143,9.5,9.5,10.055745765912173,10.2
1.9978186601894985,3.1221271170439144,3.3,3.428637342826178,3.6,3.6,3.6,3.8,3.9,3.9996092814346325,4.0,4.0,4.0,4.252055558889319,4.3,4.3,4.3,4.3,4.3,4.3,4.4,4.4,4.5,4.5,4.5,4.5,4.5,4.6,4.6,4.7,4.7,4.8,4.8,4.8,4.8,4.8,4.8,4.8,4.8,4.8,4.9,4.9,4.9,4.9,4.9,4.9,4.9,4.9,4.9,4.9,4.9,4.9,4.9,5.0,5.0,5.007654785822831,5.1,5.1,5.207945850290253,5.3,5.3,5.3,5.3,5.3,5.3,5.3,5.3,5.3,5.3,5.3,5.3,5.3,5.3,5.3,5.3,5.3,5.3,5.3,5.3,5.3,5.3,5.3,5.3,5.325606498421527,5.4,5.4,5.4,5.4,5.4,5.4,5.4,5.4,5.4,5.4,5.4,5.4,5.4,5.4,5.4,5.4,5.45,5.5,5.5,5.5,5.5,5.5,5.597607490120839,5.6,5.6,5.6,5.6,5.6,5.6,5.6,5.6,5.7,5.7,5.7,5.7,5.7,5.7,5.7,5.7,5.7,5.7,5.7,5.8,5.8,5.8,5.8,5.9,5.9,5.9,5.9,5.9,5.9,6.0,6.0,6.0,6.0,6.0,6.0,6.0,6.0,6.0,6.0,6.026701204161429,6.1,6.1,6.1,6.1,6.1,6.143677771674339,6.2,6.2,6.2,6.2,6.2,6.2,6.3,6.3,6.3,6.3,6.3,6.3,6.3,6.5,6.5,6.5,6.5,6.543198843880208,6.6,6.6,6.6,6.7,6.7,6.7,6.740990970180974,6.9,6.9,6.9,6.9,6.9,6.981376164502467,7.3,7.389518608039907,7.567445006307696,7.6,7.6,7.6,7.6,7.700390718565365,7.9,7.999636869475824,8.0,8.020207607712837,8.141060866411857,8.2,8.6,9.52298306364869,10.20163600485789
1.2,1.3221271170439142,1.5854855139391493,1.6,1.7589391335881381,1.8,1.8,1.8,1.8,1.8,1.8,1.9824747633424777,2.0,2.0,2.1,2.1,2.1,2.1,2.1,2.199741754388987,2.3,2.3,2.3,2.3,2.3,2.3,2.4,2.4,2.4,2.4,2.5,2.5,2.5,2.5,2.5,2.50640601215474,2.6,2.6,2.6,2.6,2.6,2.675794741564042,2.7,2.7,2.7,2.7400675399524985,2.8,2.8,2.8,2.8,2.9,2.9672347188042183,3.0,3.0,3.0,3.0,3.0,3.0,3.1,3.1,3.1,3.1,3.135730053136092,3.2,3.2,3.2275897391896877,3.3,3.3,3.3,3.3,3.3,3.3,3.3,3.3,3.3,3.3,3.3,3.3,3.3,3.3,3.3,3.3,3.3,3.325606498421527,3.4,3.4,3.5,3.5,3.5,3.5,3.5,3.5,3.5,3.5,3.5,3.5,3.5,3.5,3.5,3.5,3.55,3.6,3.6,3.6,3.6,3.6,3.6,3.6,3.6,3.6,3.6,3.6,3.6,3.6,3.6,3.6,3.6,3.6,3.6,3.6,3.7,3.7,3.7054499355826125,3.8,3.8,3.8,3.8,3.8,3.8,3.8,3.8,3.8,3.8,3.8,3.8,3.8,3.8,3.8,3.8,3.8,3.8,3.8,3.8,3.9,3.9,3.9,3.9,3.961545727139935,4.0,4.0,4.06917401898113,4.1,4.1,4.1,4.3,4.3,4.399964124280138,4.440671534142251,4.5,4.624205258435955,4.7,4.8,4.8551727712629775,5.0,5.0,5.093593987845253,5.3,5.3,5.3,5.3,5.3,5.3,5.35054171839335,5.4,5.4,5.5,5.5,5.540990970180974,5.6,5.7,5.8,5.9,6.0,6.0,6.0,6.0,6.0,6.0,6.0,6.017525236657525,6.1,6.1,6.197716733723399,6.2,6.3,6.420207607712837,6.5,6.64272531434765,6.814514486060847,7.377872882956086,7.606544019431567
1.6994546650473745,2.0442542340878282,2.2,2.528637342826178,2.6589391335881385,2.8,2.8931700645275615,3.000726261048346,3.3022832662765964,3.4,3.592866701553323,3.782474763342478,3.8687759612645443,3.9520555588893194,4.0,4.0,4.086014510074563,4.159311917748766,4.2,4.3,4.3,4.332717428414268,4.4,4.4,4.5,4.5792566055146064,4.6,4.7,4.7,4.8,4.8,4.9,4.9,5.0,5.0,5.0,5.0,5.0,5.0,5.0,5.032920198892688,5.1,5.2,5.2,5.2000358757198555,5.3,5.3,5.3,5.3,5.3,5.361651962037752,5.5,5.5,5.5,5.5,5.6,5.6,5.6,5.7,5.7,5.7726395696227595,5.8,5.9,5.9,5.9,6.0,6.0,6.0,6.016416523712721,6.1,6.1,6.1,6.1,6.15857505126975,6.2,6.2,6.2,6.2,6.2,6.221115852667802,6.34749484922961,6.4,6.4,6.4,6.45133322763466,6.5,6.5,6.52771084921612,6.6,6.6,6.6,6.6,6.6,6.7,6.7,6.727072108449437,6.8,6.8,6.8,6.8254485778107465,6.9,6.9,6.999111378456268,7.1,7.3,7.3,7.3,7.4,7.4,7.4,7.4,7.4,7.4,7.4,7.497623680861142,7.5,7.5,7.6,7.6,7.7,7.7,7.7,7.7,7.7,7.7,7.7,7.8,7.841424948730241,7.9,7.9,8.02589317333069,8.1,8.1,8.1,8.1,8.172410260810317,8.3,8.4,8.4,8.4,8.4,8.4,8.4,8.4,8.4,8.4,8.42670120416143,8.5,8.5,8.7,8.7,8.7,8.7,8.781809911496834,8.9,8.9,8.9,8.9,9.1,9.1,9.1,9.1,9.320691085051909,9.5,9.5,9.5,9.6,9.6,9.6,9.9,9.9,10.1,10.1,10.2,10.6,10.7,10.7,10.7,10.7,10.7,10.7,11.4,11.4,11.4,11.4,11.4,11.4,11.4,11.9,11.9,11.9,12.500390718565365,12.6,12.6,12.8,12.8,13.464243465647428,14.5,14.5,17.52469495685824,18.20054533495263
1.9989093300947494,2.2,2.4,2.6,2.8,2.8,2.8,2.9,2.9,2.9,3.0,3.0,3.1,3.2520555588893196,3.3,3.3,3.3,3.3,3.3,3.3,3.4,3.5,3.5,3.5,3.5,3.5,3.5,3.5,3.6,3.6,3.6,3.6,3.6,3.6,3.6,3.6,3.6,3.6,3.6,3.6,3.6,3.6,3.6,3.6,3.6,3.6,3.6,3.6,3.6,3.6,3.6,3.6,3.6,3.6,3.673298795838568,3.7,3.7,3.7,3.7,3.7,3.7,3.7,3.735730053136092,3.8,3.8,3.8,3.8,3.8,3.8,3.8,3.8,3.8,3.8,3.85857505126975,3.9,3.9,3.9,3.9,3.9,3.9,3.9,3.9,3.9,3.9,3.9,3.9,3.9,3.9,3.9,3.9,3.9,3.9,3.9,3.9,3.9,4.0,4.0,4.0,4.0,4.0,4.0,4.0,4.0,4.0,4.0,4.0,4.0,4.0,4.0,4.0,4.0,4.0,4.0,4.0,4.0,4.0,4.048666772365334,4.1,4.100269264184391,4.2,4.2,4.3,4.3,4.3,4.3,4.3,4.313777036454177,4.4,4.4,4.5,4.5,4.5,4.583583476287288,4.6,4.6,4.6,4.6,4.6,4.6,4.6,4.6,4.6,4.6,4.7,4.7,4.7,4.7,4.7,4.7,4.7,4.7,4.7,4.7,4.8,4.8,4.8,4.8,4.8,4.8,4.8,4.8,5.0,5.0,5.0,5.0,5.0,5.1,5.1,5.1,5.19121831144011,5.2,5.2,5.2,5.2,5.2,5.2,5.2,5.2,5.2,5.2,5.2,5.2,5.2,5.2,5.3,5.3,5.3,5.3,5.3,5.33505047331505,5.6,5.6,5.6,5.6,5.6068299354724385,5.8,6.041060866411857,6.34272531434765,6.429028972121694,6.9,7.703817344668415
0.9,0.9,0.9,1.128637342826178,1.2,1.2,1.2,1.3,1.3,1.3,1.3,1.3,1.3,1.4520555588893196,1.5,1.5,1.5,1.5,1.5,1.5,1.6,1.6,1.6,1.6,1.6,1.6,1.7,1.7,1.7,1.7,1.7,1.7,1.7,1.7,1.7,1.7,1.7,1.7,1.7,1.7,1.7,1.7,1.7,1.7,1.7,1.7,1.7,1.7,1.7,1.7,1.7,1.7,1.7,1.7,1.7,1.7,1.7,1.7,1.7,1.7,1.7,1.7,1.7,1.7667073185757431,1.8,1.8,1.8,1.8,1.8,1.8,1.8,1.8,1.8306801228393907,1.9,1.9,1.9,1.9,1.9,1.9,1.9,1.9,1.9,1.9,1.9,1.9,1.9,1.9,1.9,1.9,1.9,1.9,1.9,1.9,1.9,1.9,1.9,1.9,1.9,1.9,1.9254485778107464,2.0,2.0,2.0,2.0,2.0,2.0,2.0,2.0,2.0,2.0,2.0,2.0,2.0,2.0,2.0976236808611417,2.1,2.1,2.1,2.1,2.1,2.1,2.1,2.1,2.1,2.1,2.1,2.1,2.1,2.1,2.1,2.2258931733306895,2.3,2.3,2.3,2.3,2.3,2.3,2.3,2.3,2.3,2.3,2.3,2.3,2.3,2.3,2.3,2.3,2.4,2.4,2.4,2.4,2.4,2.4,2.4,2.4,2.4,2.4,2.4,2.4,2.4,2.4,2.4,2.4,2.4,2.4,2.4,2.4415318772751786,2.5,2.5,2.5,2.5,2.696291420219933,2.8,2.8,2.8,2.8,2.8801475342872322,2.9,3.0,3.0,3.0,3.1,3.1,3.1,3.1,3.1,3.1,3.1,3.2,3.3,3.3,3.3007814371307287,3.5,3.5,3.506829935472439,3.7,3.9,3.9,3.9435434581825404,4.677872882956086,4.801090669905261
2.6901839708527437,3.844254234087828,4.085485513939149,4.3,4.4,4.4,4.4,4.5,4.5,4.5,4.5,4.6,4.6,4.752055558889319,4.832554993692302,4.9,4.9,4.9,5.0,5.0,5.1,5.2,5.2,5.2,5.3,5.3,5.3,5.3,5.3,5.3,5.3,5.3,5.3,5.3,5.3,5.306406012154739,5.4,5.499553860249409,5.5,5.5,5.5,5.5,5.5,5.5,5.6,5.6,5.6,5.6,5.656322228325666,5.793861234331038,5.8,5.9,5.9,5.9,5.9,5.9,5.9,5.9,5.907945850290253,6.0,6.0,6.0,6.0,6.1,6.1,6.1,6.1,6.2,6.2,6.2,6.2,6.202527623325866,6.3,6.3,6.3,6.3,6.3,6.3,6.394550064417385,6.4,6.4,6.5,6.5,6.5,6.5,6.5,6.6,6.6,6.6,6.6,6.603073906852182,6.7,6.7,6.7,6.7,6.7,6.7,6.7,6.700888621543728,6.8,6.8,6.8,6.8991113784562685,6.9,6.9,6.9,6.9,6.9,6.9,6.9,6.996926093147823,7.0,7.0,7.0,7.097623680861141,7.3,7.3,7.3,7.3,7.3,7.4,7.4,7.4,7.4,7.4,7.4,7.4,7.4,7.4,7.4,7.5,7.5,7.583583476287288,7.6,7.6,7.6,7.6,7.6,7.6,7.6,7.6,7.6,7.6,7.6,7.65846211296784,7.7,7.7,7.7,7.7,7.7,7.7,7.7,7.7,7.8,7.920554724647713,8.0,8.0,8.0,8.0,8.0,8.0,8.1,8.155172771262976,8.3,8.346576241885998,8.4,8.4,8.4,8.5,8.5,8.5,8.5,8.5,8.505998456065578,8.6,8.6,8.6,8.6,8.6,8.6,8.7,8.7,8.7,8.740688082251234,8.9,9.079037216079813,9.402335018923088,9.5,9.5,9.5,9.5,9.700781437130729,9.9,10.1,10.1,10.1,10.2,10.642725314347649,11.9,13.145110180692603,13.306544019431568
1.4,1.7663813511317425,2.0854855139391493,2.428637342826178,2.5,2.5,2.7931700645275614,2.8,2.8022832662765964,3.0,3.0,3.0,3.0,3.1,3.1,3.1,3.1,3.1,3.2,3.2,3.2,3.2,3.2966561113817305,3.3,3.3,3.3,3.4,3.4,3.4,3.4,3.4,3.4,3.4,3.4,3.4584681227248213,3.5,3.5,3.5,3.5,3.5,3.5,3.5,3.6,3.6,3.6,3.6,3.6,3.6,3.6,3.6,3.6,3.6672347188042185,3.7,3.7,3.7,3.8,3.8,3.8,3.8,3.8,3.8,3.8,3.8,3.8,3.8,3.8,3.8,3.8,3.8,3.8,3.8,3.8,3.8,3.8,3.8,3.8,3.8,3.8,3.8,3.8,3.8,3.8,3.8,3.8,3.8,3.9,3.9,3.9,3.9,3.9780507617360144,4.0,4.0,4.0,4.0,4.0,4.0,4.0,4.076311592408004,4.1,4.1,4.1,4.1,4.1,4.1,4.1,4.1,4.1,4.1,4.1,4.2,4.2,4.2,4.2,4.2,4.297623680861141,4.3,4.4,4.4,4.4,4.4,4.4,4.5,4.5,4.5322122237478135,4.6,4.6,4.6,4.6,4.6,4.697472376674125,4.7,4.7,4.783583476287288,4.8,4.8,4.8,4.9,4.9,4.9,4.9956215100637165,5.0,5.0,5.1,5.1,5.1,5.1,5.1,5.1,5.1,5.1,5.1,5.1,5.1,5.1,5.1,5.2,5.2,5.2,5.2,5.2,5.2,5.3,5.3,5.3,5.3,5.3,5.3,5.3,5.3,5.4,5.5,5.5,5.5,5.505998456065578,5.6,5.8,5.8,5.8,5.803343888618275,5.9,5.9,5.9,5.9,5.940688082251234,6.0,6.1,6.1,6.247944441110684,6.3,6.317525236657525,6.4,6.5,6.697716733723399,6.7,6.706829935472439,6.9,7.182121732823713,7.4,7.6145144860608465,8.011491531824344,9.506544019431567
0.5,0.5,0.7,0.7,0.7,0.7,0.7,0.7,0.7,0.8,0.8,0.8,0.8,0.8,0.8,0.8,0.8,0.8,0.9,0.9,0.9,0.9,0.9,0.9,0.9,0.9,0.9,0.9,0.9,0.9,0.9,0.9,1.0,1.0,1.0,1.00640601215474,1.1,1.1,1.1,1.1,1.1,1.1,1.1,1.1,1.1,1.1,1.1,1.1,1.1,1.1,1.2,1.2,1.2,1.2,1.2,1.2,1.2,1.2,1.3,1.3,1.3,1.3,1.3,1.3,1.3,1.3,1.3,1.3,1.3,1.3,1.3,1.3,1.3,1.3,1.3,1.3,1.3,1.3,1.3,1.3,1.3,1.3,1.3,1.3,1.3,1.3,1.3,1.3,1.3,1.3,1.3,1.3,1.3,1.3,1.3,1.3,1.3,1.3,1.3,1.3,1.3,1.3,1.3,1.4,1.4,1.4,1.4,1.4,1.4,1.4,1.4,1.4,1.4,1.4,1.4,1.4,1.5,1.5,1.5,1.5,1.5,1.5,1.5,1.5,1.5,1.5,1.5,1.5,1.5,1.5,1.5,1.5,1.5,1.5,1.5,1.5,1.5,1.5,1.5,1.5,1.5,1.5,1.5,1.5,1.6,1.6,1.6,1.6,1.6,1.6,1.6,1.6,1.6,1.6,1.6,1.6,1.6,1.6,1.7,1.7,1.7,1.7,1.7,1.7,1.7,1.7,1.7,1.7,1.7,1.7,1.7,1.7,1.8,1.8,1.8,1.8,1.8,1.9,1.9,1.9,2.0,2.0,2.0,2.0,2.1,2.1,2.1,2.1,2.231224038735451,2.3,2.3,2.3,2.4,2.4,2.4068299354724387,2.5,2.5,2.8,2.8,2.8,3.002181339810522
1.3989093300947493,1.6221271170439142,2.0,2.157274685652356,2.5,2.6,2.7,2.7,2.7022832662765968,2.8,2.8,2.9,2.9,3.0,3.0,3.1,3.1,3.1,3.1,3.1,3.1,3.1,3.1,3.1,3.1,3.1,3.1,3.194001543934421,3.2,3.2,3.2,3.2,3.2,3.2,3.2,3.2,3.2,3.2,3.2448272287370203,3.3,3.3,3.3,3.3,3.3,3.4,3.4,3.4,3.4,3.5,3.5,3.6,3.6,3.6,3.6,3.6,3.6,3.6,3.6,3.6,3.6,3.6,3.6,3.6,3.7,3.7,3.7,3.8,3.8,3.8,3.8,3.8,3.8,3.8,3.8,3.8,3.8,3.8,3.8,3.8,3.8,3.8,3.8,3.8,3.9,3.9,3.9,3.9,3.9,3.95293269309945,4.0,4.0,4.0,4.0,4.0,4.0,4.0,4.0,4.0,4.0,4.0,4.0,4.0,4.0,4.023688407591999,4.1,4.1,4.1,4.1,4.2,4.2,4.2,4.3,4.3,4.372289150783877,4.4,4.4,4.4,4.5,4.5,4.5,4.5,4.5,4.5,4.5,4.5,4.5,4.6,4.641424948730241,4.7,4.7,4.8,4.8,4.8835834762872885,4.9,4.9,4.9,4.9,4.9,5.0,5.095621510063716,5.1,5.1,5.192054149709747,5.225036691116378,5.3,5.3,5.4,5.4,5.4,5.4,5.5,5.5,5.5,5.5,5.5,5.559932460047508,5.6,5.6,5.6,5.6,5.6,5.7,5.7,5.7,5.7,5.7,5.741531877275179,5.8,5.8,5.8,5.843198843880208,5.9,5.9,5.9,6.0,6.0,6.0,6.040990970180974,6.1,6.1,6.1,6.100258245611019,6.2,6.2,6.213985489925437,6.3,6.4,6.595888882221368,6.7,6.7,6.7,6.7,6.8,6.9,6.9,6.9404152154256735,7.4,7.471362657173825,7.6,7.989364414780431,10.1
1.1983639951421239,1.3221271170439142,1.4854855139391492,1.6,1.6,1.7,1.7931700645275617,1.8,1.8022832662765964,2.0,2.0,2.0,2.0687759612645444,2.1,2.1,2.1,2.1860145100745636,2.2,2.3,2.3,2.3,2.3,2.4,2.5,2.6,2.6,2.637286272143571,2.7,2.7,2.7,2.7,2.7,2.7,2.8,2.8,2.8,2.8,2.8,2.8,2.9,2.9,2.9,2.9,2.959328465857746,3.0,3.0,3.0,3.0,3.0,3.0,3.1,3.1,3.1,3.1,3.1,3.1,3.1,3.1,3.1,3.1,3.1,3.1,3.1,3.2,3.2,3.2,3.2,3.2,3.2,3.2,3.274106826669302,3.3,3.3,3.3,3.4,3.4,3.4,3.4,3.4945500644173846,3.5,3.5,3.6,3.6,3.6,3.6,3.6,3.6,3.6,3.6,3.6,3.6,3.6,3.6,3.6,3.6,3.6,3.6,3.6,3.6,3.6,3.6,3.6,3.6,3.7,3.7,3.7,3.7,3.8,3.8,3.8,3.8,3.8,3.8,3.8,3.8,3.8,3.8,3.8,3.8,3.8,3.8,3.8,3.8,3.8,3.8,3.8,3.8,3.8,3.9,3.9,3.9,3.9,3.9,3.9,4.0,4.0,4.0,4.0,4.0,4.0,4.0,4.0,4.092054149709747,4.1,4.1,4.1,4.2,4.2,4.2,4.2,4.2,4.306138765668953,4.4,4.4,4.5,4.5,4.5,4.5,4.5,4.5,4.6,4.610726690124397,4.755172771262977,4.8,4.9,4.993593987845253,5.041531877275179,5.190424139558622,5.3,5.3,5.3,5.3,5.3,5.4,5.462713727856431,5.6,5.6,5.6,5.7,5.7,5.7,5.700258245611019,5.8,5.8406880822512335,5.9,5.9,5.967445006307696,6.0,6.2,6.2,6.2,6.200390718565365,6.3,6.699273738951649,6.9,6.9,7.064243465647428,7.6,7.6,7.9,7.903817344668415
0.7994546650473747,0.8221271170439142,1.0709710278782987,1.128637342826178,1.2589391335881381,1.3,1.3931700645275615,1.5,1.6,1.6,1.6,1.6,1.6,1.7,1.8,1.8,1.8,1.8,1.8,1.8,1.9,1.9,1.9966561113817307,2.0,2.0,2.0,2.0,2.0,2.0,2.0,2.0,2.1,2.1,2.1,2.1,2.1,2.1,2.1,2.1,2.1,2.1,2.1,2.1,2.1,2.1,2.1,2.1,2.3,2.3,2.3,2.3,2.3,2.3,2.3,2.3,2.3,2.3415378870321604,2.4,2.4,2.4,2.4,2.5,2.5,2.5,2.5,2.5,2.5,2.5,2.5164165237127207,2.6,2.6,2.6,2.6,2.6,2.6,2.6,2.6,2.6,2.6,2.6,2.6,2.6,2.6,2.6,2.6,2.7,2.7,2.7,2.7,2.7,2.7,2.7,2.7,2.7,2.7,2.7,2.7,2.8,2.8,2.8,2.8,2.8,2.8,2.8,2.8,2.8,2.9,2.922338458626433,3.0,3.0,3.0,3.0,3.0,3.0,3.0,3.0,3.0,3.0,3.0,3.0,3.0,3.0,3.0,3.0,3.0,3.0,3.013777036454178,3.1,3.1,3.1,3.1,3.1,3.1,3.1,3.1,3.1,3.1,3.1,3.1,3.1,3.1,3.1,3.2,3.2,3.2,3.2,3.2,3.261545727139935,3.3,3.3,3.3,3.3,3.3,3.3,3.3,3.4,3.4,3.440671534142251,3.5,3.5,3.5,3.5107266901243976,3.6,3.6,3.6,3.6,3.6,3.6,3.6,3.6,3.6,3.6,3.7,3.705998456065578,3.8,3.8,3.8,3.8,3.803343888618275,3.9,3.9,4.0,4.0,4.0,4.0,4.089518608039906,4.1,4.1,4.131224038735451,4.2,4.2,4.300390718565365,4.497716733723399,4.5,4.7,4.920207607712837,5.123182599235571,5.371362657173825,5.714514486060847,5.9778728829560865,7.613633373815764
1.2978186601894985,1.4442542340878284,1.6854855139391491,2.0,2.0,2.0,2.1,2.1,2.1,2.1996092814346326,2.2,2.3,2.3,2.3,2.3,2.4,2.4,2.459311917748766,2.5,2.5997417543889867,2.6,2.6,2.6,2.6,2.6,2.6,2.6,2.6,2.6,2.6,2.6,2.6,2.6,2.6,2.6584681227248215,2.7,2.7,2.7,2.7,2.789273309875608,2.8,2.8,2.8,2.8,2.8,2.8,2.8,2.8,2.8,2.8,2.8,2.8,2.8,2.8,2.8,2.8,2.8,2.8,2.8,2.8,2.8,2.8,2.8,2.8,2.8,2.8,2.8,2.8,2.8,2.8,2.8,2.8,2.8,2.8,2.8,2.8,2.8,2.8,2.8,2.8,2.8,2.8,2.8,2.8,2.8,2.8,2.8,2.8,2.8,2.8,2.9,2.9,2.9,2.9,2.9,2.9,2.9,2.9,2.9,2.9,2.9,2.9,2.9,3.0,3.0,3.0,3.0,3.0,3.0,3.0,3.0,3.0,3.0,3.0,3.0,3.0,3.0,3.0,3.0,3.0,3.0,3.0,3.0,3.0,3.0,3.0,3.0,3.0,3.0,3.0,3.0,3.0,3.0,3.0,3.1,3.1,3.1,3.1,3.1,3.1,3.1,3.1,3.1,3.1,3.1,3.1,3.1,3.1,3.1,3.1,3.1,3.2,3.2,3.2,3.2,3.2,3.2,3.2,3.2,3.2,3.3,3.3,3.4,3.4,3.4,3.5,3.5,3.5,3.5,3.5,3.6,3.6,3.7,3.705998456065578,3.8,3.8,3.8,3.9,3.9,4.0,4.0,4.1,4.1,4.140688082251233,4.2,4.379037216079815,4.4,4.4,4.4,4.4,4.4,4.6,4.6,4.7,4.7,4.820207607712836,5.1,5.1,5.414514486060847,5.7,6.203272009715784
0.7989093300947493,1.3221271170439142,1.4,1.4,1.5178782671762765,1.6,1.6,1.6,1.6,1.6996092814346326,1.7,1.7,1.7,1.7,1.7,1.7,1.7,1.7,1.7,1.7997417543889866,1.8671097311820504,2.0,2.0,2.0,2.0,2.0,2.1,2.1,2.1,2.1,2.2,2.208781688559887,2.3,2.3,2.3,2.4,2.4,2.4,2.4,2.4,2.4,2.4,2.417922626012691,2.5,2.5,2.5,2.6,2.6,2.6,2.6,2.6,2.6,2.6,2.6,2.6,2.6,2.6,2.6,2.6,2.6,2.6,2.6,2.6,2.6,2.6,2.6,2.6,2.6,2.6,2.6,2.674106826669302,2.702527623325867,2.8,2.8,2.8,2.8,2.8,2.8,2.8,2.8,2.8,2.8,2.8,2.8,2.8,2.8,2.8,2.8,2.8,2.8,2.8,2.8,2.8,2.8,2.8,2.8,2.8,2.9,2.9,2.9,2.9,2.9,2.9,2.9,2.9,2.9,2.9,2.9,2.9,2.9,2.9,2.9,2.9,2.9,2.9,3.0,3.0,3.0,3.0,3.0,3.0,3.0,3.0,3.0,3.0,3.0,3.0,3.0,3.0,3.0,3.0,3.0,3.0,3.0,3.0,3.0,3.0,3.0,3.0,3.0,3.0,3.0,3.0,3.0,3.0,3.0,3.0,3.0,3.0,3.0,3.0,3.0,3.0,3.0,3.0,3.0,3.0,3.0,3.0,3.0,3.0,3.0,3.0,3.0,3.0,3.1,3.1,3.1,3.1,3.1,3.1,3.1,3.2,3.2,3.2,3.2,3.2,3.2,3.3,3.4672825715857356,3.5,3.5,3.5,3.5406880822512337,3.6,3.6,3.7,3.8,3.8312240387354506,3.917525236657525,4.0,4.0,4.1,4.1,4.2,4.240415215425673,4.4,4.4,5.014514486060847,5.177872882956086,6.10981602914735
0.7989093300947493,1.222127117043914,1.4,1.4,1.5178782671762765,1.6,1.6931700645275616,1.7,1.7,1.7,1.7,1.7,1.7,1.7,1.7,1.8,1.8,1.9186238354975316,2.0,2.0,2.0,2.1,2.1,2.1590090298190248,2.2,2.2,2.3,2.3,2.3,2.4,2.4,2.4,2.4,2.4,2.4,2.4,2.4,2.4,2.4,2.489273309875608,2.5,2.5,2.6,2.6,2.6,2.6,2.6,2.6,2.6,2.6,2.6,2.6,2.6,2.6,2.6,2.6,2.6,2.6,2.6,2.6,2.6,2.6,2.6,2.6667073185757433,2.7,2.8,2.8,2.8,2.8,2.8,2.8,2.8,2.8,2.8,2.8,2.8,2.8,2.8,2.8,2.8,2.8,2.8,2.8,2.8,2.8,2.8,2.8,2.8,2.8,2.8,2.8,2.8,2.8,2.8,2.8,2.8,2.8,2.876311592408004,2.9,2.9,2.9,2.9,2.9,2.9,2.9,2.9,2.9,2.9,2.9,2.9,2.9,2.9,2.9,2.9,2.9,2.9,2.9,2.9,2.9,2.9,2.9,2.9,3.0,3.0,3.0,3.0,3.0,3.0,3.0,3.0,3.0,3.0,3.0,3.0,3.0,3.0,3.0,3.0,3.0,3.0,3.0,3.0,3.0,3.0,3.0,3.0,3.0,3.0,3.0,3.0,3.0,3.0,3.0,3.0,3.0,3.0,3.0,3.0,3.0,3.0,3.0,3.0,3.0,3.0,3.0,3.0,3.1,3.1,3.1,3.1,3.1,3.1,3.1,3.1,3.1,3.1,3.1,3.1,3.2,3.2,3.2,3.2,3.2,3.3,3.5,3.5,3.5,3.5,3.6,3.7,3.7,3.8003907185653643,3.9,4.0,4.1,4.1,4.2,4.34272531434765,4.487086916365081,5.1,5.401636004857892
3.0950919854263717,3.1221271170439144,3.3,3.4,3.5,3.8,4.0,4.3,4.4,4.4,4.4,4.5,4.5,4.7,4.7,4.7,4.8,4.8,4.9,4.9,5.0,5.1,5.2,5.259009029819024,5.3,5.3,5.3,5.3,5.3,5.3,5.3,5.4,5.4,5.4,5.5,5.5,5.5,5.599553860249409,5.6,5.6,5.7,5.7,5.7,5.7,5.7,5.7,5.7,5.718190088503164,5.8,5.8,5.8,5.9,5.9,6.0,6.0,6.0,6.1,6.1,6.1,6.1,6.2,6.2,6.2,6.2,6.2,6.2,6.2,6.2,6.3164165237127206,6.5,6.5,6.5,6.6,6.6,6.6,6.7,6.7,6.7,6.7,6.8,6.8,6.8,6.8,6.8,6.9,6.9,6.9,6.9,6.95293269309945,7.0,7.0,7.1,7.1,7.1,7.1,7.1,7.1,7.1,7.3,7.4,7.4,7.474551422189251,7.599111378456268,7.6,7.6,7.6,7.6,7.6,7.6,7.6,7.6,7.6,7.6,7.7,7.7,7.7,7.7,7.7,7.7,7.7,7.7,7.7,7.7,7.7,7.7,7.8,7.8,7.8,7.8,7.8,7.9,7.9,7.9,8.0,8.042480395589342,8.1,8.1,8.1,8.2,8.2,8.2,8.2,8.3,8.3,8.3,8.392345214177164,8.4,8.5,8.5,8.5,8.5,8.5,8.5,8.5,8.5,8.6,8.6,8.6,8.6,8.6,8.6,8.6,8.6,8.6,8.646576241885997,8.7,8.7,8.7,8.7,8.791218311440112,8.8,8.8,8.9,8.9,8.9,8.9,8.9,8.940990970180975,9.0,9.0,9.0,9.1,9.1,9.2,9.5,9.5,9.7,9.9,10.1,10.1,10.1,10.2,10.2,10.2,10.2,10.3,10.382121732823714,10.5,10.7,12.5,13.315814713626288
1.9967279902842479,2.7,2.7,2.8,3.1,3.1,3.1,3.3,3.3022832662765964,3.4,3.4,3.5,3.5,3.5,3.532554993692302,3.6,3.6860145100745636,3.7,3.7,3.8,3.8,3.8,3.8,3.8,3.8,3.8,3.8372862721435705,3.9,4.0,4.0,4.0,4.1,4.1,4.2,4.258468122724821,4.3,4.3,4.3,4.3,4.3,4.3,4.3,4.3,4.3,4.300035875719855,4.4,4.4,4.5,4.6,4.6,4.7,4.7,4.7031051118148355,4.8,4.8,4.8,4.8,4.874963308883617,4.9,4.9,4.9,4.904378489936287,5.1,5.1,5.1,5.1,5.2,5.287124620470953,5.3,5.3,5.3,5.3,5.3,5.3,5.3,5.3,5.3,5.3,5.3,5.3,5.3,5.3,5.3,5.3,5.3,5.4,5.4,5.4,5.4,5.4,5.4,5.4,5.4,5.4,5.4,5.4,5.5,5.5,5.5,5.5,5.5,5.5,5.5,5.6,5.6,5.6,5.6,5.6,5.6,5.6,5.6,5.7,5.7,5.7,5.7,5.7,5.7,5.7,5.700269264184391,5.8,5.8,5.8,5.8,5.832212223747814,5.9,5.9,5.9,5.9,5.9,5.9,5.9,5.9,5.9,6.0,6.0,6.0,6.0,6.033292681424257,6.1,6.1,6.1,6.2,6.2,6.2,6.2,6.292345214177163,6.3,6.3,6.3,6.3,6.3,6.4,6.4,6.4,6.4,6.5,6.5,6.5,6.5,6.5,6.5,6.5,6.6,6.6,6.6,6.6,6.641531877275178,6.7,6.7,6.7,6.8,6.8,6.8,6.8,6.8,6.8,6.8,6.9,6.9,6.9,6.9,7.1,7.238974105858608,7.3,7.4,7.4,7.4,7.4,7.4,7.5,7.6,7.6,7.6,7.6,7.9,7.9,8.082121732823714,8.471362657173824,8.8,8.8,10.113088038863134
0.898363995142124,0.9,1.2,1.3,1.3,1.3,1.3,1.3,1.3,1.3,1.3,1.3,1.3,1.3,1.3,1.3,1.3,1.3,1.3,1.3,1.3,1.3,1.4,1.4,1.4,1.4,1.4,1.4,1.4,1.4,1.4,1.4,1.4,1.4,1.4,1.40640601215474,1.5,1.5,1.6,1.6,1.6,1.6,1.6,1.6,1.6,1.6,1.6,1.618190088503164,1.7,1.7,1.7,1.7,1.7,1.7,1.7,1.7076547858228308,1.8,1.8,1.8,1.8,1.8,1.8,1.8,1.8,1.8,1.8,1.8,1.9,1.9164165237127206,2.0,2.0,2.0,2.0,2.0,2.0,2.0,2.0,2.0,2.0,2.1,2.1,2.1,2.1997307358156037,2.225606498421527,2.3,2.3,2.3,2.3,2.3,2.3,2.3,2.3,2.3,2.3,2.3,2.327072108449437,2.4,2.4,2.4,2.4,2.4,2.4,2.4,2.4,2.4,2.4,2.4,2.4,2.4,2.4,2.4,2.4,2.4,2.4,2.4,2.4,2.448666772365334,2.5,2.5,2.5,2.5,2.5,2.5054499355826123,2.6,2.6,2.6,2.613777036454178,2.7,2.7,2.7,2.7,2.7,2.7,2.7,2.7,2.7,2.7,2.8,2.8,2.8,2.8,2.8,2.8,2.8,2.8,2.8,2.8,2.8,2.8,2.8,2.8,2.8,2.8,2.8,2.8,2.8,2.8,2.8,2.8,2.8,2.8,2.9,2.9,3.0,3.0,3.0,3.0,3.0,3.0,3.0,3.0,3.0,3.1,3.1,3.1,3.1,3.1801475342872325,3.2,3.2,3.2,3.2,3.2002582456110193,3.3,3.4406880822512336,3.5,3.5,3.5,3.5,3.5,3.5,3.6,3.8,3.8,3.8,3.8,3.8,3.982121732823714,4.1,4.4,5.055745765912172,6.805453349526306
1.9978186601894985,3.3,3.385485513939149,3.5,3.758939133588138,3.8,3.8,4.0,4.0,4.099609281434632,4.1,4.1,4.3,4.3,4.332554993692302,4.4,4.486014510074563,4.5,4.530512947070702,4.6,4.7,4.7,4.7,4.7,4.8,4.879256605514607,4.9,4.9,5.0,5.00370857978007,5.1,5.1,5.159693109019841,5.3,5.3,5.3,5.3,5.3,5.3,5.3,5.3,5.3,5.3,5.3,5.3,5.3,5.3,5.3,5.3,5.4,5.4,5.4,5.4,5.4,5.4,5.4,5.4,5.5,5.507945850290253,5.6,5.6,5.6,5.6,5.6,5.6,5.6,5.6,5.6,5.6,5.7,5.7,5.7,5.7,5.7,5.7,5.7,5.7,5.7,5.7,5.7,5.8,5.9,5.9,5.9,5.95133322763466,6.0,6.0,6.0,6.0,6.0,6.003073906852182,6.1,6.1,6.1,6.10239250987916,6.2,6.2,6.2,6.2,6.2,6.25,6.3,6.3,6.3,6.3,6.3,6.3,6.3,6.3,6.4,6.5,6.5,6.5,6.5,6.597623680861141,6.6,6.6,6.6,6.6,6.6,6.6,6.6,6.6,6.6,6.6,6.6,6.7,6.7,6.7,6.7,6.7,6.7,6.7,6.712875379529044,6.8,6.8,6.8,6.8,6.8,6.8,6.8,6.9,6.9,6.9,6.9,6.9,6.9267012041614295,7.0,7.1,7.1,7.1,7.3,7.4,7.4,7.4,7.4,7.4,7.4,7.4,7.4,7.4,7.5,7.6,7.6,7.6,7.6,7.6,7.6,7.6,7.69121831144011,7.7,7.8,7.85054171839335,7.9,7.9,7.9,7.9,7.9,7.9,8.0,8.0,8.0,8.0,8.140688082251232,8.3,8.479037216079814,8.5,8.5,8.53122403873545,8.6,8.607133298446678,8.7,8.8977167337234,8.9,9.5,9.5,9.7,10.04272531434765,10.1,10.2,11.405998684478936
2.4,2.6221271170439144,2.785485513939149,3.0,3.1,3.2797923922871655,3.3,3.3,3.4,3.4,3.4,3.482474763342478,3.5,3.6,3.7,3.7,3.7860145100745632,3.8,3.8,3.8,3.8,3.8,3.8,3.8,3.8,3.8,3.8372862721435705,3.9,3.9494582816066526,4.0,4.0,4.0,4.1,4.1,4.1,4.1,4.153423758114002,4.2,4.24482722873702,4.3,4.3,4.3,4.5,4.559328465857746,4.6,4.6,4.679445275352288,4.7,4.7,4.7,4.7,4.7,4.8,4.8,4.8,4.807654785822831,4.9,4.9,4.9,4.940499922358685,5.0,5.0,5.035730053136092,5.1,5.1,5.2,5.2,5.2,5.3,5.3,5.3,5.3,5.3,5.3,5.3,5.3,5.3,5.3,5.3,5.3,5.3,5.3,5.3,5.3,5.3,5.3,5.4,5.4,5.4,5.4,5.4,5.4,5.4,5.4,5.4,5.4,5.4,5.4,5.5,5.5,5.5,5.6,5.6,5.6,5.6,5.6,5.6,5.6,5.6,5.7,5.7,5.7,5.7,5.7,5.7,5.7,5.7,5.7,5.8,5.8,5.8,5.9,5.9,5.9,5.9,5.9,5.913777036454178,6.0,6.0,6.0,6.0,6.0,6.0,6.0,6.0,6.0,6.0,6.0,6.0,6.0,6.027360430377234,6.1,6.1,6.1,6.1,6.1,6.1,6.2,6.2,6.2,6.2,6.3,6.3,6.3,6.3,6.3,6.3,6.3,6.382077373987307,6.5,6.5,6.5,6.5,6.6,6.6,6.6,6.6,6.6,6.6,6.6,6.6,6.7,6.7,6.7,6.7,6.7,6.8,6.9,6.9,6.9,6.9,7.000258245611019,7.369487052929304,7.4,7.4,7.4,7.467445006307696,7.6,7.6,7.717525236657525,7.8,7.8,7.9,7.9,7.9,7.9,7.9,8.314087971521474,8.614514486060846,10.011491531824344,10.102181339810523
1.2,1.3,1.385485513939149,1.6,1.8,1.8,1.8,2.0,2.0,2.1,2.1,2.182474763342478,2.268775961264544,2.3,2.3,2.3,2.3,2.3,2.4,2.4,2.4671097311820502,2.5,2.6,2.6,2.6,2.7,2.7,2.7,2.8,2.8,2.8,2.8,2.959693109019841,3.0,3.0,3.00640601215474,3.1,3.1,3.1,3.1,3.1329201988926885,3.2,3.2,3.2,3.2,3.2,3.2794452753522876,3.3,3.3,3.3,3.3,3.3,3.3,3.3,3.3,3.3,3.3,3.3,3.3,3.3,3.3,3.3,3.3,3.3,3.3,3.3,3.3,3.3,3.4,3.4,3.5,3.5,3.5,3.5,3.5,3.5,3.5,3.5,3.5,3.6,3.6,3.6,3.6,3.625606498421527,3.7,3.7,3.7,3.7277108492161206,3.8,3.8,3.8,3.8,3.8,3.8,3.8,3.8,3.8,3.8,3.8,3.8,3.8,3.8,3.8,3.9,3.9,3.9,3.9,3.9,4.0,4.0,4.0,4.021949238263988,4.1,4.1,4.1,4.1,4.1,4.1,4.1,4.2,4.2,4.2,4.2,4.2,4.3,4.3,4.4,4.4,4.4,4.4,4.5,4.5,4.583583476287288,4.612875379529044,4.7,4.7,4.7,4.7,4.7,4.7,4.727360430377234,4.8,4.9,5.0,5.058462112967839,5.1,5.1,5.1,5.1,5.1,5.26917401898113,5.3,5.3,5.381809911496833,5.5,5.6,5.6,5.640671534142251,5.7,5.8,5.8,5.9,5.9,5.9,6.0,6.0,6.0,6.0,6.0,6.0,6.0,6.0,6.0,6.1,6.1,6.12074339448539,6.2,6.2,6.203343888618275,6.3,6.3,6.3,6.4,6.5,6.5,6.5,6.5,6.6,6.7,6.7,6.7,6.900781437130729,7.397716733723399,7.4,7.4,7.4,7.6410608664118564,7.9,7.9,8.755745765912172,9.403817344668415
1.7,4.010635585219571,4.68548551393915,5.357274685652356,5.5,5.6,5.9,6.5,6.602283266276596,6.799609281434632,7.0,7.1,7.1,7.1,7.1,7.1,7.1,7.1,7.1,7.1,7.1,7.1,7.486624445526923,7.5,7.7,8.03776981654382,8.1,8.1,8.1,8.10370857978007,8.4,8.4,8.4,8.5,8.6,8.7,8.806847516228004,8.9,8.94482722873702,9.0,9.0,9.0,9.253767878038072,9.5,9.6,9.6,9.6,9.6,9.6,9.881583702993115,9.9,9.9,9.9,9.9,9.9,9.9,10.1,10.1,10.1,10.1,10.1,10.1,10.1,10.166707318575742,10.2,10.227589739189687,10.3,10.3,10.3,10.3,10.3,10.3,10.3,10.3,10.3,10.3,10.6,10.6,10.6,10.6,10.6,10.6,10.6,10.6,10.6,10.6,10.6,10.6,10.6,10.6,10.6,10.6,10.6,10.6,10.7,10.7,10.7,10.7,10.7,10.7,10.7,10.7,11.39377964919388,11.4,11.4,11.4,11.692822470362517,11.9,11.9,11.9,11.9,11.9,12.1,12.1,12.1,12.1,12.5,12.6,12.6,12.6,12.6,12.6,12.6,12.6,12.6,12.6,12.6,12.8,12.8,12.8,13.3,13.3,13.3,13.3,13.3,13.3,13.3,13.3,13.3,13.3,13.3,13.7,13.7,13.7,13.7,13.7,13.7,14.5,14.5,14.5,14.5,14.5,14.5,14.5,14.5,14.5,15.5,15.5,15.5,15.5,15.5,15.5,15.5,15.5,15.5,15.5,15.5,16.132968976910348,16.2,16.2,16.2,16.2,16.2,16.2,16.2,16.2,16.2,16.2,16.2,16.2,16.2,16.2,16.2,16.2,18.1,18.1,18.1,18.1,18.1,18.1,18.2,18.2,18.2,18.2,18.2,18.3,18.3,18.3,18.3,18.3,18.3
1.6994546650473745,2.822127117043914,3.1854855139391494,3.3,3.4,3.7,3.8931700645275615,3.900363130524173,4.004566532553193,4.299609281434632,4.485733403106646,4.5,4.568775961264544,4.6,4.6,4.7,4.7,4.8,4.8,4.8,4.86710973118205,4.932717428414268,5.0,5.059009029819024,5.1,5.179256605514607,5.2,5.2,5.3,5.3,5.4,5.5,5.5,5.5,5.5,5.5,5.5,5.5,5.6,5.6,5.7,5.7,5.8,5.8,5.800035875719855,5.9,5.979445275352288,6.0,6.056322228325667,6.1,6.1,6.1,6.2,6.2,6.2,6.2,6.2,6.3,6.3,6.3,6.3,6.4,6.4,6.466707318575743,6.5,6.5,6.6,6.6,6.6,6.6,6.6,6.6,6.6,6.6,6.6,6.6,6.6,6.667787776252188,6.7,6.7,6.7,6.7,6.7,6.7,6.7,6.776920127242517,6.8,6.8,6.8,6.8,6.8,6.8,6.8,6.8,6.8,6.8,6.8,6.8,6.8,6.8,6.8,6.8,6.8,6.823688407591999,6.9,6.9,6.9,6.9,6.9,6.9,6.9,6.9,6.9,6.9,6.9,6.9,6.9,6.9,7.0,7.0,7.0,7.0,7.0,7.0,7.0,7.0,7.1,7.1,7.1,7.1,7.3,7.3,7.3835834762872885,7.4,7.4,7.4,7.4,7.4,7.4,7.4956215100637165,7.5,7.5,7.6,7.6,7.6,7.6,7.626701204161429,7.7,7.7,7.8,7.8,7.9,7.9,7.981809911496834,8.0,8.0,8.0,8.040671534142252,8.1,8.1,8.1,8.1,8.1,8.1,8.1,8.1,8.1,8.1,8.1,8.1,8.1,8.1,8.1,8.2,8.4,8.4,8.5,8.5,8.5,8.5,8.6,8.600258245611018,8.7,8.7,8.9,9.089518608039906,9.2,9.5,9.6,9.6,9.9,10.1,10.1,10.1,10.313659870944878,10.6,10.7,11.199538600216773,11.4,11.855745765912172,12.804908014573677
0.5,0.6,0.6,0.6286373428261779,0.8,0.8,0.8,0.8,0.8,0.8,0.8,0.8,0.8,0.8,0.8,0.8,0.8,0.8,0.8,0.8,0.8671097311820504,0.9,0.9,0.9,0.9,0.9,0.9,0.9,0.9,0.9,0.9,0.9,0.9,0.9,0.9,0.9,0.9,0.9,0.9,0.9,0.9,1.0,1.0,1.0,1.0,1.0400675399524986,1.1,1.1,1.1,1.1,1.1,1.1,1.1,1.1,1.1,1.1,1.1,1.1,1.2,1.2,1.2,1.2,1.2,1.2,1.2,1.2,1.2,1.2,1.2,1.2,1.2,1.2,1.2,1.2,1.2,1.2,1.2,1.2,1.2,1.2,1.2,1.2,1.3,1.3,1.3,1.3,1.3,1.3,1.3,1.3,1.3,1.3,1.3,1.3,1.3,1.3,1.3,1.3,1.3,1.3,1.3,1.3,1.3991113784562685,1.4,1.4,1.4,1.4,1.4,1.4,1.5,1.5,1.6,1.6,1.6,1.6,1.6,1.6,1.6,1.6,1.6,1.6,1.6,1.6,1.632212223747814,1.7,1.7,1.7,1.7,1.7,1.797472376674125,1.8,1.8,1.8,1.8,1.8,1.8,1.8,1.8,1.8,1.8,1.9,1.9,1.9,2.0,2.0,2.0,2.0,2.0,2.0,2.0,2.0,2.0,2.0,2.0,2.0,2.0,2.0,2.0,2.0,2.0,2.0,2.0,2.0,2.0,2.0,2.1,2.1,2.1,2.1,2.1,2.1,2.196291420219933,2.2505417183933503,2.3,2.3,2.3,2.3,2.3,2.3,2.3,2.3,2.300258245611019,2.4,2.4,2.4,2.4,2.4,2.4,2.4,2.417525236657525,2.5,2.6,2.6,2.7996368694758242,2.8,3.0,3.0,3.1,3.7,3.8,4.2
1.6994546650473745,1.7,1.7,1.7,1.8768174007644147,2.8,2.9,3.0,3.1,3.1996092814346326,3.3,3.4,3.4,3.5,3.7,3.8,3.8,3.8,3.9,3.9,3.9,3.9,3.9,4.0,4.0,4.0,4.0,4.0,4.049458281606652,4.3,4.3,4.3,4.3,4.3,4.3,4.306406012154739,4.4,4.499553860249409,4.5,4.5,4.5,4.5,4.5,4.5,4.5,4.6,4.6,4.6,4.6,4.6,4.6,4.6,4.6,4.6,4.6,4.6,4.6,4.6,4.6,4.6,4.6,4.6,4.6,4.6,4.7,4.7,4.7,4.7,4.7,4.7,4.7,4.7,4.7,4.7,4.7,4.8,4.8,4.8,4.8,4.8,4.8,4.9,4.999730735815604,5.0,5.0,5.0,5.0,5.0,5.05293269309945,5.2,5.2030739068521825,5.3,5.3,5.3,5.30239250987916,5.4,5.5,5.5,5.5,5.5,5.5,5.5,5.5,5.5,5.5,5.5,5.5,5.5,5.5,5.5,5.5,5.5,5.5,5.5,5.597623680861141,5.6,5.6,5.6,5.7,5.826303351929255,5.9,5.9,6.0,6.0,6.1,6.1,6.1,6.1,6.1,6.1,6.1,6.2,6.2,6.2,6.2,6.2,6.2,6.2,6.2,6.2,6.2,6.259500077641303,6.4,6.4,6.4,6.5,6.526701204161429,6.6,6.696894888185165,6.7,6.8,6.8,6.843677771674339,6.9,6.9,6.9,6.9,7.0,7.0,7.0,7.1,7.3107266901243975,7.4,7.6,7.6,7.6,7.6,7.6,7.6,7.6,7.7,7.7,7.8,7.8,7.8,7.8,7.8,7.8,7.9,7.967282571585736,8.0,8.000258245611018,8.1,8.1,8.113985489925437,8.2,8.2,8.2,8.3,8.317525236657525,8.5,8.5,8.597716733723399,8.6,8.7,8.8,9.5,10.099538600216773,10.529028972121694,10.7,11.903817344668415
1.6994546650473745,1.7,2.3,3.0,3.0,3.1,3.193170064527562,3.2,3.3,3.3,3.3928667015533227,3.4,3.5687759612645444,3.7,3.7,3.7,3.7860145100745632,3.8,3.8,3.8,3.8,3.9,3.9,3.9,3.9,4.0,4.0,4.0,4.0,4.0,4.0,4.0,4.0,4.209575860441376,4.3,4.3,4.3,4.3,4.34482722873702,4.4,4.5,4.5,4.5,4.5,4.5,4.5,4.579445275352287,4.6,4.6,4.6,4.6,4.6,4.6,4.6,4.6,4.6,4.6,4.6,4.6,4.6,4.6,4.6,4.6,4.6,4.6,4.6,4.6,4.6,4.6,4.645406826037424,4.7,4.7,4.7,4.7,4.7,4.7,4.7,4.7,4.7,4.7,4.747494849229611,4.8,4.8,4.8,4.851333227634661,4.9,4.902376319138856,5.0,5.0,5.0,5.0,5.0,5.0,5.1,5.2,5.2,5.2,5.2,5.3,5.3,5.35,5.474551422189251,5.5,5.5,5.5,5.5,5.5,5.5,5.5,5.5,5.5,5.5,5.5,5.5,5.597623680861141,5.6,5.7,5.7,5.7,5.7,5.8,5.9,5.905449935582613,6.0322122237478135,6.1,6.1,6.1,6.1,6.1,6.1,6.1,6.1,6.2,6.2,6.2,6.2,6.202676948378985,6.3,6.3,6.3,6.327360430377235,6.4,6.4,6.4,6.4,6.5,6.5,6.6,6.6,6.6,6.6,6.606138765668953,6.7,6.7,6.7,6.7,6.7,6.7,6.7,6.8,6.8,6.8107266901243975,6.9,6.9,6.9,6.9,6.9,6.9904241395586215,7.040306890980156,7.1,7.3,7.396291420219933,7.4,7.6,7.6,7.6,7.6,7.6,7.6,7.667282571585735,7.7,7.7,7.7,7.8,7.8,7.8,7.967445006307696,8.1,8.1,8.2,8.3,8.300390718565366,8.4,8.499636869475825,8.5,8.6,8.641060866411857,8.771362657173825,10.129028972121693,10.7,12.50054533495263
0.5,0.5,0.5,0.5,0.5,0.5797923922871657,0.6,0.6,0.6,0.6,0.6,0.6,0.7,0.7,0.7,0.7,0.7,0.8,0.8,0.8,0.8,0.8,0.8,0.8,0.8,0.8,0.8,0.8,0.8,0.8,0.8,0.8,0.8,0.8,0.8,0.8,0.8,0.8,0.8,0.8,0.8,0.8757947415640416,0.9,0.9,0.9,0.9,0.9,0.9,0.9,0.9,0.9,0.9,0.9,0.9,0.9,0.9,0.9,0.9,0.9,0.9,0.9,0.9,0.9,0.9,0.9,0.9,1.0,1.0,1.0,1.0,1.0,1.0,1.0,1.0,1.0,1.0,1.0,1.0677877762521888,1.1,1.1,1.1,1.1,1.1,1.1,1.1,1.1,1.1,1.1,1.1,1.1,1.1,1.1,1.1,1.1,1.1,1.1,1.1,1.1,1.1,1.1,1.1,1.1,1.1,1.1,1.1,1.1,1.1,1.2,1.2,1.2,1.2,1.2,1.2,1.2,1.2,1.2,1.2,1.2,1.2,1.2,1.2,1.2,1.2,1.2,1.2,1.2,1.2,1.3,1.3,1.3,1.3,1.3,1.3,1.3,1.3,1.3,1.4,1.4,1.4,1.4,1.4,1.4,1.4,1.4,1.5,1.5923452141771635,1.6,1.6,1.6,1.6,1.6,1.6,1.6,1.6,1.6,1.6,1.6,1.6,1.682077373987306,1.7,1.7,1.7,1.7,1.7,1.8,1.8,1.9,1.9,1.9403068909801562,2.0,2.0,2.0,2.0,2.0,2.0,2.1,2.1,2.1,2.1,2.1,2.1,2.1,2.1,2.1,2.1,2.1,2.1,2.2,2.3,2.4,2.5,2.5,2.5,2.5,2.7,2.7,2.741060866411857,2.8,3.014514486060847,4.033618648868258,4.405453349526306
1.5989093300947494,1.7,1.7,2.0,2.0589391335881384,2.2,2.2,2.5,2.5,2.5996092814346325,2.6,2.6,2.6,2.6,2.7,2.7,2.7,2.7,2.7305129470707024,2.8,2.8,2.8,2.8,2.8590090298190245,2.9,2.9,3.0,3.0,3.0494582816066527,3.1,3.1,3.1,3.1,3.1,3.1,3.1,3.1,3.1,3.1,3.1,3.1,3.1,3.1,3.1,3.1,3.1400675399524984,3.2,3.2,3.2,3.2,3.2,3.267234718804218,3.3,3.3,3.3,3.3,3.3,3.3,3.3,3.3,3.3,3.3,3.3,3.3,3.3,3.3,3.3,3.3871246204709533,3.4164165237127206,3.5,3.5,3.6,3.6,3.6,3.6,3.6,3.640819158515501,3.7,3.7,3.8,3.8,3.8,3.8,3.8,3.8,3.8,3.8,3.8,3.85293269309945,4.0,4.0,4.0,4.0,4.077661541373566,4.2,4.2,4.3,4.3,4.3,4.3254485778107465,4.4,4.474551422189251,4.5,4.5,4.5,4.5,4.5,4.6,4.7,4.7,4.7,4.8,4.8,4.8,4.8,4.8,4.8,4.8,4.8,4.9,4.9,4.9,4.9,4.9,4.9,4.9,5.0,5.0,5.069319877160609,5.297472376674125,5.3,5.4,5.5,5.5,5.5,5.572410260810318,5.6,5.6,5.6,5.6,5.6,5.659500077641303,5.7,5.7,5.7,5.792345214177163,5.8,5.861545727139935,5.9,6.0,6.0,6.0,6.0,6.0,6.0,6.0,6.0,6.0,6.0,6.0,6.0,6.1,6.1,6.1,6.1,6.1,6.1,6.1,6.1,6.19121831144011,6.2,6.2,6.2,6.2,6.2,6.2,6.2,6.2,6.3,6.3672825715857355,6.4,6.5,6.5,6.6,6.6,6.6,6.667445006307696,6.8,6.9,6.9,6.9,7.1,7.295433467446799,7.5,7.613659870944877,7.840415215425673,8.041060866411858,8.371362657173824,8.6,10.322983063648689,11.901090669905262
1.4994546650473746,1.7,2.0,2.0,2.1,2.2,2.2,2.400363130524173,2.5,2.6,2.6,2.6,2.6,2.6,2.6,2.7,2.7,2.7,2.7,2.7,2.76710973118205,2.8,2.8,2.8,2.8,2.8792566055146067,2.9,3.0,3.0,3.0,3.0,3.008781688559887,3.1,3.1,3.1,3.1,3.1,3.1,3.1,3.1,3.1,3.1,3.1,3.1,3.1,3.1,3.1,3.1,3.1,3.1,3.1,3.1,3.1,3.1,3.1,3.1,3.2,3.2,3.2,3.2,3.2,3.2,3.2,3.2,3.3,3.3,3.3,3.3,3.3,3.3,3.3,3.3,3.3,3.3,3.3,3.3,3.3,3.3,3.3,3.3,3.3,3.3,3.3,3.3,3.3,3.3,3.3,3.3,3.3,3.4,3.5,3.5,3.5,3.6,3.6,3.6,3.6,3.6,3.7,3.7,3.7,3.7,3.7,3.8,3.8,3.8,3.8,3.8,3.8,3.8,3.8,3.8,3.8,3.8,3.8,3.8,3.848666772365334,3.9,4.0,4.0,4.0,4.0,4.0,4.1,4.2,4.2,4.2,4.2,4.3,4.4,4.5,4.5,4.5,4.512875379529044,4.7,4.8,4.8,4.8,4.8,4.8,4.9,4.9,4.9,4.9,4.9,5.0,5.126701204161429,5.3,5.3,5.4,5.46917401898113,5.5,5.543677771674339,5.6,5.7,5.8,6.0,6.0,6.0,6.0,6.0,6.0,6.0,6.0,6.0,6.0,6.0,6.1,6.1,6.1,6.1,6.1,6.1,6.1,6.1,6.1,6.2,6.2,6.2,6.2,6.2,6.2,6.2,6.3,6.3,6.3,6.4,6.5,6.5,6.6,6.6,6.6,6.797716733723399,6.9,6.9,6.9,7.1,7.4427253143476495,7.658057944243387,8.477872882956087,11.901090669905262
0.5,0.5221271170439141,0.6,0.8,0.8589391335881382,1.1,1.2,1.3,1.3,1.3996092814346326,1.4,1.5,1.5,1.5,1.5,1.5,1.5860145100745635,1.6,1.6,1.6,1.6,1.6,1.6,1.6,1.6198524657127764,1.7,1.7,1.7,1.7,1.8,1.8,1.8,1.8,1.8,1.8,1.9,1.9,1.9,2.0,2.0,2.0,2.0,2.0,2.0,2.0,2.0,2.0,2.0,2.0,2.0,2.0,2.0,2.0,2.0,2.0,2.0,2.0,2.0,2.0,2.0,2.0,2.0,2.035730053136092,2.1,2.1,2.1,2.1,2.1,2.1,2.1,2.174106826669302,2.2,2.2,2.2585750512697502,2.3,2.3,2.3,2.3,2.3,2.4,2.4,2.4,2.4,2.4,2.4,2.4,2.4,2.4,2.4,2.5,2.5,2.5,2.5,2.6,2.6,2.6,2.6,2.6,2.6,2.6,2.6,2.6,2.6,2.623688407591999,2.7,2.7,2.7,2.7,2.7,2.8,2.8,2.8,2.8,2.8,2.8,2.8,2.8,2.8,2.8,2.8,2.8,2.8,2.9,2.9,2.9,2.9,2.9,2.9,2.9,2.9,2.9,3.0,3.0,3.0,3.0,3.0,3.1,3.1,3.1,3.1,3.1,3.1,3.1,3.2,3.2,3.2,3.2267012041614294,3.3,3.3,3.3,3.3,3.306138765668953,3.4,3.5,3.5,3.5,3.5,3.5,3.5,3.5,3.5,3.5,3.5,3.5,3.6,3.6,3.641531877275179,3.7,3.7,3.7,3.8,3.8,3.8,3.8,3.8,3.9,3.9,3.9,3.9,3.9,3.9,4.0,4.0,4.040688082251234,4.2,4.2,4.2,4.2,4.2,4.3,4.3,4.4,4.497716733723399,4.699636869475825,4.7,4.7,4.841060866411857,5.14272531434765,5.2580579442433875,6.011491531824345,6.702181339810522
1.7,2.6663813511317427,2.9,3.1,3.1589391335881385,3.3,3.6,3.9,4.0,4.0,4.0,4.2,4.268775961264544,4.35205555888932,4.4,4.4,4.5,4.5,4.5,4.5,4.5,4.5,4.5,4.6,4.7,4.7,4.8,4.8,4.849458281606653,4.9,4.9,4.9,4.9,4.9,4.9,4.9,4.9,4.9,4.9,5.078546619751216,5.2,5.2,5.3,5.3,5.3,5.3,5.3,5.4,5.4,5.5,5.5,5.5,5.5,5.5,5.5,5.5,5.5,5.5,5.5,5.5,5.5,5.5,5.5,5.5,5.5,5.5,5.5,5.5,5.5,5.5,5.6,5.6,5.6,5.6,5.6,5.6,5.6,5.6,5.6,5.6,5.6,5.7,5.7,5.7,5.7,5.7,5.7,5.7,5.7,5.8,5.9,6.0,6.0,6.0,6.002392509879161,6.1,6.1,6.1,6.1,6.1,6.1,6.1,6.2,6.2,6.2,6.2,6.3,6.4,6.4,6.5,6.5,6.5,6.5,6.5,6.6,6.6,6.6,6.6,6.6,6.6,6.6,6.6,6.7,6.8,6.9,6.9,6.913777036454178,7.0,7.0,7.0,7.1,7.1,7.1,7.1,7.1,7.1,7.1,7.1,7.1,7.1,7.154720860754469,7.3,7.3,7.3,7.4,7.492345214177163,7.6,7.6,7.696894888185165,7.7,7.7,7.706138765668953,7.843677771674339,7.9,7.9,7.959932460047509,8.0,8.1,8.1,8.14841051687191,8.501239403321943,8.6,8.6,8.6,8.646576241885997,8.887187975690507,8.9,8.9,8.9,8.9,8.9,9.0,9.0,9.1,9.1,9.24148678897078,9.480147534287232,9.6,9.6,9.6,9.765780537635896,9.900258245611019,10.0,10.0,10.0,10.089518608039906,10.1,10.1,10.1,10.1,10.1,10.1,10.197716733723398,10.3,10.3,10.3,10.3,10.571362657173824,10.759659346669315,12.445110180692604,13.311997368957874
1.2989093300947494,1.6,1.6,1.628637342826178,1.7,1.8,1.986340129055123,2.1,2.1022832662765967,2.2,2.2,2.282474763342478,2.3,2.4,2.4,2.4,2.4,2.4,2.4,2.4,2.4,2.4,2.4966561113817307,2.5,2.5,2.5,2.5,2.5,2.6,2.6,2.7,2.7,2.7,2.709575860441376,2.8,2.8,2.8,2.8,2.8,2.889273309875608,2.9,2.9,2.9,2.9,2.9,2.9,2.9,2.9,3.0,3.0,3.0,3.0,3.0,3.1,3.1,3.1,3.1,3.1,3.1,3.1,3.1,3.1,3.1,3.1,3.1,3.1,3.1,3.1,3.1,3.1,3.1,3.1,3.1,3.1,3.1,3.1,3.1,3.1,3.1,3.1,3.1,3.1,3.1,3.125606498421527,3.2,3.2,3.2,3.2,3.3,3.3,3.3,3.3,3.3,3.3,3.3,3.3,3.3,3.3,3.3,3.3,3.3,3.3,3.3,3.4,3.4,3.4,3.4,3.5,3.5,3.6,3.6,3.6,3.6,3.6,3.6,3.6,3.6,3.6,3.6002692641843907,3.7263033519292548,3.8,3.8,3.8,3.8,3.8,3.8,3.8,3.8,3.8,3.9,3.9,3.9,3.9,3.9,3.9,3.9,3.9,4.0,4.0,4.0,4.0,4.0,4.0,4.0,4.0,4.0,4.0,4.0,4.0,4.0,4.0,4.0,4.043677771674339,4.1,4.1,4.1,4.1,4.1,4.1820773739873065,4.2,4.2,4.2,4.2,4.2,4.3,4.3,4.4,4.4,4.5,4.5,4.5,4.5,4.5,4.5,4.562713727856431,4.6,4.6,4.6,4.603343888618275,4.767282571585736,4.8,4.8,4.869487052929304,4.9,5.0,5.0,5.0,5.1,5.1,5.117525236657525,5.3,5.3,5.3,5.399636869475825,5.5,5.6,5.964243465647428,6.371362657173825,6.801601402425928,7.6,8.41799605343681
0.7967279902842479,0.9,1.2709710278782986,1.328637342826178,1.458939133588138,1.6,1.6,1.6,1.6,1.6,1.6,1.6,1.6,1.6,1.6,1.6,1.6,1.6,1.7,1.7997417543889866,1.8,1.8654348568285357,2.0,2.0,2.0,2.0,2.0372862721435707,2.1,2.2,2.2,2.2,2.208781688559887,2.3,2.3,2.3,2.4,2.4,2.4,2.4,2.4,2.4329201988926883,2.5,2.5,2.5,2.5,2.5,2.5,2.5,2.5,2.5,2.6,2.6,2.6,2.6,2.6,2.6,2.6,2.6,2.6,2.6,2.6,2.7,2.7,2.7,2.7,2.7,2.7,2.7,2.7,2.7,2.7,2.7,2.7,2.7,2.7,2.7,2.7,2.7,2.7,2.7,2.7,2.7,2.7,2.8,2.8,2.8,2.8,2.8,2.8,2.8,2.8,2.8,2.8,2.8,2.8,2.8,2.8,2.876311592408004,2.9,2.9,2.9,2.9,2.9,2.9,2.9,2.9,2.9,3.0,3.0,3.0,3.0,3.0,3.0,3.0,3.0976236808611417,3.1,3.1,3.1,3.1,3.1,3.1,3.1,3.1,3.1,3.1,3.1,3.1,3.1,3.1,3.1,3.1,3.1,3.1,3.1128753795290436,3.242480395589342,3.3,3.3,3.3,3.3,3.3,3.3273604303772344,3.4,3.4,3.4,3.4,3.4923452141771634,3.5,3.5,3.6,3.6,3.6,3.6,3.6,3.6,3.6,3.6,3.6,3.7,3.7,3.7,3.8,3.8,3.8,3.8,3.8,3.8,3.9,3.9,3.9,3.9,3.9,3.9,4.0,4.0,4.1,4.1,4.1,4.1,4.1,4.1,4.2,4.2,4.2,4.2,4.3,4.3,4.4,4.5,4.6,4.617525236657525,4.707133298446678,4.900390718565365,5.0,5.1,5.1,5.120207607712836,5.3,5.471362657173825,5.7,6.133618648868259,6.703272009715784
1.7,4.3,4.48548551393915,4.729098742609423,5.5,5.6,5.6,5.7,5.7,5.7,5.7,6.1,6.2,6.2,6.2,6.2,6.2,6.2,6.5,6.5,6.5,6.6,6.7,6.918018059638049,7.1,7.1,7.449145088574284,7.7,7.9,7.90741715956014,8.1,8.117563377119774,8.3,8.3,8.3,8.3,8.3,8.3,8.9,8.9,8.9,8.9,8.9,8.9,8.9,8.9,8.9,8.918190088503165,9.0,9.0,9.0,9.0,9.0,9.0,9.0,9.0,9.0,9.5,9.5,9.5,9.5,9.5,9.5,9.5,9.5,9.5,9.6,9.6,9.6,9.6,9.6,9.6,9.6,9.6,9.6,9.7,9.7,9.7,9.7,9.7,9.7,9.7,9.7,9.7,9.802666455269321,9.9,9.9,9.9,9.9,9.9,9.9,9.9,9.9,9.9,9.9,10.0,10.0,10.1,10.1,10.1,10.1,10.1,10.3,10.3,10.3,10.3,10.3,10.3,10.3,10.3,10.3,10.3,10.3,10.3,10.3,10.3,10.3,10.3,10.3,10.3,10.3,10.3,10.3,10.3,10.3,10.3,10.3,10.3,10.3,10.3,10.3,10.3,10.3,10.3,10.3,10.3,10.3,10.3,10.3,10.3,10.527360430377234,10.6,10.6,10.6,10.6,10.7,10.7,10.7,10.7,10.929356968370472,11.4,11.430693828344767,12.162066630046036,12.6,12.6,12.6,12.799928248560276,13.3,13.3,13.3,13.3,13.3,13.3,13.3,13.3,13.3,14.915318772751789,15.5,15.5,15.5,15.5,15.5,15.5,15.5,15.5,15.5,15.5,15.5,15.5,15.5,15.5,15.5,16.2,16.2,16.2,16.2,16.2,16.2,16.2,16.2,16.2,16.2,16.2,16.2,18.1,18.1,18.3,18.3,18.3,18.3,18.3
2.5994546650473747,3.3,3.4,3.428637342826178,3.5589391335881384,3.679792392287166,3.9795101935826844,4.0,4.3,4.3,4.3,4.482474763342478,4.5,4.5,4.5,4.5,4.586014510074563,4.7,4.8305129470707024,4.9,5.06710973118205,5.265434856828536,5.49665611138173,5.559009029819024,5.6,5.6,5.6,5.6,5.6,5.6,5.7,5.7,5.7,5.7,5.7,5.7,5.7,5.7,5.7,5.7,5.7,5.7,5.7,5.7,5.7,5.7,5.7,5.7,5.7,5.7,5.7,5.7,5.7,5.7,5.7,5.7,5.7,5.7,5.7,5.7,5.7,6.004378489936286,6.2,6.2,6.2,6.2,6.2,6.2,6.2,6.2,6.2,6.2,6.2,6.2,6.2,6.2,6.2,6.267787776252189,6.4,6.4,6.447494849229611,6.5,6.599730735815603,6.6,6.6,6.6,6.6,6.6,6.6,6.6780507617360145,6.7,6.7,6.7,6.8,6.902392509879161,7.0,7.0,7.0,7.0,7.0,7.0,7.0,7.0,7.1,7.1,7.1,7.1,7.322338458626433,7.541388292273564,7.7,7.7,7.7,7.7,7.8,7.897623680861142,7.9,7.9,7.9,7.9,7.9,7.9,8.0,8.005449935582613,8.1,8.1,8.1,8.3,8.3,8.3,8.397472376674125,8.42589317333069,8.663779521887745,8.883583476287289,8.9,8.9,8.9,8.9,8.9,8.9,8.9,8.9,8.9,8.9,8.9,8.9,8.9,8.9,8.9,8.9,8.9,8.96917401898113,9.0,9.0,9.0,9.0,9.0,9.0,9.0,9.0,9.0,9.0,9.0,9.0,9.00044613975059,9.1,9.5,9.5,9.5,9.6,9.6,9.643198843880208,9.7,9.801083436786701,9.9,9.9,9.9,9.9,9.940990970180975,10.1,10.167282571585735,10.2,10.3,10.3,10.3,10.3,10.3,10.3,10.3,10.3,10.3,10.328533193786711,10.7,10.7,10.7,11.495619096614144,13.3,13.3,15.5,15.5,16.045110180692603,16.21036136409998
2.1989093300947493,2.5221271170439143,2.8,2.9,2.9,2.9,2.9931700645275616,3.1,3.2,3.2,3.3,3.3,3.3,3.3,3.3,3.3,3.3,3.3,3.3,3.3,3.3,3.3,3.3,3.3,3.3,3.3,3.3,3.3,3.3494582816066525,3.4037085797800697,3.5,3.6,3.6,3.609575860441376,3.7,3.7,3.7,3.7,3.7,3.7,3.7,3.7,3.8,3.8,3.8,3.840067539952498,3.9,3.9,3.9,3.9,4.0,4.0,4.0,4.0,4.0,4.007654785822831,4.2,4.2,4.3,4.3,4.3,4.3,4.3,4.3,4.3,4.3,4.3,4.4,4.5,4.5,4.5,4.5,4.5306801228393905,4.6,4.686222963545816,4.7,4.7,4.7,4.7,4.8,4.8,4.8,4.8,4.9,4.9,4.9,4.9,4.9,4.9,4.9,5.0,5.0,5.0,5.1,5.1,5.1,5.1,5.1,5.1,5.2,5.2,5.2,5.3,5.3,5.3,5.3,5.3,5.3,5.3,5.3,5.4,5.4,5.4,5.4,5.4,5.4,5.4,5.5,5.5,5.5,5.5,5.5,5.5,5.5,5.6,5.6,5.7,5.7,5.7,5.7,5.7,5.7,5.783583476287288,5.8,5.842480395589343,5.9,5.9,6.0,6.0,6.095621510063716,6.1,6.1,6.2,6.2,6.2,6.2,6.2,6.2,6.2,6.2,6.2,6.2,6.2,6.2,6.2,6.3,6.3,6.3,6.4,6.4,6.4,6.5,6.5,6.5,6.5,6.5,6.6,6.6,6.6,6.6,6.6,6.6,6.6,6.6,6.6,6.6,6.6,6.7,6.803343888618275,6.9,6.932890268817949,7.0,7.0,7.1,7.4,7.4,7.534890012615392,7.6,7.7,7.7,7.8,7.9,7.997716733723399,8.099636869475825,8.313659870944878,8.5,8.5,8.5,8.6,9.71234747842912,10.0
1.998363995142124,2.0,2.0,2.128637342826178,2.3,2.4,2.4,2.4,2.5,2.5,2.5,2.5,2.5,2.5,2.5,2.5,2.5,2.5,2.5,2.5,2.5,2.5,2.5,2.5,2.5,2.5,2.6,2.6,2.6,2.6,2.6,2.6,2.6,2.6,2.7,2.7,2.7,2.7,2.8,2.8,2.8,2.9,2.9,2.9,2.9,2.9,2.9,2.9,2.9,2.9,2.9,2.9,2.9,2.9,2.9732987958385677,3.0,3.0,3.1,3.1,3.1,3.1,3.1,3.1,3.1,3.1,3.1,3.1,3.1,3.1,3.1,3.1,3.1,3.1,3.1,3.1,3.1,3.1,3.1,3.1,3.1,3.1,3.1,3.1,3.1,3.1513332276346606,3.2,3.2,3.2,3.25293269309945,3.3,3.3,3.3,3.3,3.3,3.3,3.3,3.3,3.3,3.3,3.3,3.3,3.3,3.3,3.3,3.3,3.3,3.3,3.3,3.3,3.3,3.3,3.3,3.3,3.3,3.3,3.4,3.4,3.47439350157847,3.5,3.5,3.552505150770389,3.6,3.6,3.6,3.6,3.6,3.7,3.7,3.7,3.7,3.8,3.8,3.8,3.8,3.9,3.9,3.9,3.9,3.9,3.9,3.9,3.9,3.9,3.9,3.9,3.9,3.9,4.0,4.0,4.0,4.0,4.0,4.0,4.0,4.0,4.0,4.0,4.0,4.0,4.0,4.0,4.0,4.0,4.0,4.0,4.0,4.0,4.0,4.0,4.09121831144011,4.2,4.2,4.2,4.2,4.2,4.220743394485391,4.3,4.4,4.4,4.5,4.5,4.5,4.5,4.6,4.6,4.6,4.6,4.6,4.6,4.717525236657525,4.8,4.8,5.0,5.1,5.1,5.2,5.3,5.64272531434765,6.014514486060847,6.177872882956086,7.3
1.6978186601894985,2.0,2.0,2.028637342826178,2.1,2.2,2.4,2.4,2.4,2.4,2.5,2.5,2.5,2.5,2.5,2.5,2.5,2.5,2.5,2.5,2.5,2.5,2.5,2.5590090298190247,2.6,2.6,2.6,2.6,2.6,2.6,2.6,2.6,2.6,2.7,2.7,2.7,2.7,2.799553860249409,2.8,2.889273309875608,2.9,2.9,2.9,2.9,2.9,2.9,2.9,2.9,2.9,2.9,2.9,2.9,2.9,2.9,2.9,2.9,2.9,3.0,3.0,3.0404999223586855,3.1,3.1,3.1,3.1,3.1,3.1,3.1,3.1,3.1,3.1,3.1,3.1,3.1,3.1,3.1,3.1,3.1,3.1,3.1,3.1,3.1,3.1,3.1,3.1,3.1,3.1,3.1,3.1,3.1,3.1,3.1,3.1,3.1528705692421486,3.2,3.2,3.2,3.3,3.3,3.3,3.3,3.3,3.3,3.3,3.3,3.3,3.3,3.3,3.3,3.3,3.3,3.3,3.3,3.3,3.3,3.3,3.3,3.3,3.3,3.3,3.3,3.3,3.3,3.3,3.4,3.4,3.4863657473303133,3.5,3.5,3.5,3.597472376674125,3.6,3.6,3.6,3.6,3.7,3.7,3.7,3.733292681424257,3.8,3.8,3.8,3.8,3.8,3.8,3.8,3.9,3.9,3.9,3.9,3.9,3.9,3.9,3.9,3.9,3.9,3.9599324600475088,4.0,4.0,4.0,4.0,4.0,4.0,4.0,4.0,4.0,4.0,4.0,4.0,4.0,4.0,4.0,4.0,4.0,4.105998456065578,4.2,4.2,4.2,4.2,4.2,4.2,4.3,4.4,4.5,4.5,4.5,4.589518608039906,4.6,4.6,4.6,4.7,4.8,5.0,5.0,5.1,5.2,5.220207607712837,5.3,5.3,5.8290289721216935,6.3557457659121726,7.306544019431567
1.998363995142124,2.0,2.0854855139391493,2.2,2.3,2.4,2.4,2.4,2.5,2.5,2.5,2.5,2.5,2.5,2.5,2.5,2.5,2.5,2.5,2.5,2.5,2.5,2.596656111381731,2.6,2.6,2.6,2.6,2.6,2.6,2.6,2.6,2.7,2.7,2.7,2.7,2.70640601215474,2.8,2.8,2.84482722873702,2.9,2.9,2.9,2.9,2.9,2.9,2.9,2.9,2.9,2.9,2.9,2.9,2.9,2.9,2.9,3.0,3.1,3.1,3.1,3.1,3.1,3.1,3.1,3.1,3.1,3.1,3.1,3.1,3.1,3.1,3.1,3.1,3.1,3.1,3.1,3.1,3.1,3.1,3.1,3.1945500644173848,3.221115852667802,3.3,3.3,3.3,3.3,3.3,3.3,3.3,3.3,3.3,3.3,3.3,3.3,3.3,3.3,3.3,3.3,3.3,3.3,3.3,3.3,3.3,3.3,3.3,3.3,3.3,3.3,3.3,3.3,3.4,3.4719890737088916,3.5,3.5,3.5,3.5,3.5976236808611417,3.6,3.6,3.6,3.6,3.6,3.6,3.7,3.7,3.7,3.7,3.7,3.8,3.8,3.8,3.8,3.9,3.9,3.9,3.9,3.9,3.9,3.9,3.9,3.9,3.9,3.9,3.9,3.9,4.0,4.0,4.0,4.0,4.0,4.0,4.0,4.0,4.0,4.0,4.0,4.0,4.0,4.0,4.0,4.0,4.0,4.0,4.0,4.1,4.2,4.2,4.2,4.2,4.2,4.2,4.2,4.2,4.2,4.25054171839335,4.3,4.3,4.32074339448539,4.4,4.440990970180974,4.5,4.5,4.5,4.5,4.6,4.6,4.6,4.7,4.8,4.8,4.931224038735451,5.0,5.007133298446678,5.1,5.2,5.299636869475824,5.3,5.320207607712836,5.5,5.9427253143476495,6.1,6.277872882956086,7.3
1.6983639951421239,2.5221271170439143,2.8,2.8286373428261777,2.9589391335881383,3.1,3.1,3.1,3.2,3.2996092814346323,3.4,3.6,3.7,3.7,3.7,3.7,3.7,3.7,3.7,3.8,3.8,3.8,3.8966561113817306,3.9,3.9,3.9,3.9,3.9,3.9,3.9037085797800697,4.0,4.0,4.0,4.1095758604413755,4.2,4.3,4.3,4.5,4.5,4.5,4.6,4.6,4.6,4.6,4.7,4.7,4.8,4.8,4.856322228325666,4.9,4.9,4.9,5.0,5.0,5.0,5.0,5.0,5.0,5.0,5.0,5.1,5.2,5.2,5.2,5.2,5.2,5.3,5.487124620470953,5.5,5.5,5.5,5.5,5.5,5.5,5.5,5.5,5.540819158515501,5.6,5.694550064417385,5.821115852667802,6.14749484922961,6.2,6.3,6.3,6.351333227634661,6.4,6.5,6.5,6.5,6.5,6.5,6.528010926291105,6.6,6.6,6.6,6.6,6.6,6.6,6.6,6.6,6.6,6.6,6.6,6.7,6.7,6.7,6.7,6.7,6.7,6.7,6.796926093147823,6.9,6.9,6.9,6.9,6.9,6.9,6.9,6.9,6.9,6.9,6.9,6.9,6.9,6.9,6.9,6.9,6.9,6.9,7.0,7.0,7.0,7.267166952574575,7.3,7.3,7.372410260810319,7.4,7.4,7.4,7.4,7.4,7.4,7.4,7.4,7.516924225935679,7.7,7.7,7.7,7.7,7.7,7.7,7.7,7.7,7.7,7.7,7.7,7.7,7.8,7.8,7.8,8.0,8.0,8.0,8.0,8.046576241885997,8.1,8.3,8.3,8.440306890980157,8.5,8.5,8.5,8.5,8.5,8.5,8.5,8.5,8.5,8.5,8.5,8.5,8.5,8.5,8.5,8.5,8.5,8.6,8.6,8.6,8.6,8.6,8.6,9.584017136063794,9.7,9.713659870944877,10.340415215425674,10.5,10.5,10.7,10.7,11.405998684478936
1.6983639951421239,1.7,2.8,2.9,3.1,3.1,3.193170064527562,3.3,3.4045665325531926,3.6,3.7,3.7,3.8,3.9,3.9,3.9,3.9,3.9,3.9,4.0,4.0,4.0,4.193312222763462,4.3,4.339704931425552,4.5,4.5,4.6,4.6,4.603708579780069,4.7,4.708781688559887,4.8,4.809575860441376,4.9,5.0,5.0,5.0,5.0,5.0,5.0,5.0,5.0,5.159328465857746,5.2,5.2,5.2,5.3,5.456322228325667,5.5,5.5,5.5,5.5,5.5,5.5,5.5,5.6,5.6,5.715891700580506,5.940499922358685,6.17263956962276,6.3,6.3,6.3,6.3,6.4,6.457519604410663,6.5,6.5,6.5,6.6,6.6,6.6,6.6,6.6,6.7,6.7,6.7,6.7,6.7,6.7,6.7,6.7,6.7,6.7,6.7,6.8,6.82771084921612,6.9,6.9,6.9,6.9,6.9,6.9,6.9,6.9,6.9,6.9,6.9,6.9,6.9,6.9,6.9,6.9,6.9,6.9,6.9,7.0,7.0,7.0,7.0,7.065847714791966,7.3,7.3,7.3,7.4,7.4,7.4,7.4,7.4,7.4,7.4,7.4,7.4,7.4,7.6,7.7,7.7,7.7,7.7,7.7,7.7,7.7,7.7,7.7,7.7,7.7,7.7,7.7,7.8,7.8,7.8,7.8,7.8,7.8,7.8,8.0,8.0,8.0,8.0,8.06917401898113,8.3,8.3,8.3,8.5,8.5,8.5,8.5,8.5,8.5,8.5,8.5,8.5,8.5,8.5,8.5,8.5,8.5,8.5,8.5,8.5,8.5,8.5,8.5,8.5,8.5,8.6,8.6,8.6,8.6,8.6,8.6,8.6,8.6,8.8,8.9,9.667445006307695,9.7,9.7,9.7,9.714266596893355,9.9,10.1,10.5,10.5,10.5,10.5,10.7,10.801601402425927,11.4,12.5
1.3983639951421238,2.0,2.0,2.228637342826178,2.5,2.6595847845743315,2.7,2.8,2.8,2.8,2.9,2.9,3.0,3.0,3.1,3.1,3.1,3.159311917748766,3.2,3.2997417543889864,3.3,3.3,3.4966561113817307,3.6,3.6,3.6,3.7,3.7,3.7,3.7,3.7,3.7,3.7,3.8,3.8,3.8,3.8,3.8,3.9,3.9,3.9,3.9,4.0,4.0,4.0,4.0,4.0,4.1,4.2,4.2,4.2,4.2,4.2,4.3,4.4,4.5,4.5,4.6,4.6,4.6,4.6,4.6,4.735730053136092,4.8,4.897323051621021,4.9275897391896875,5.0,5.0,5.0,5.0,5.0741068266693015,5.2,5.2,5.2,5.2,5.2,5.2,5.2,5.2,5.2,5.2,5.2,5.2,5.225606498421527,5.3,5.3,5.3,5.32771084921612,5.5,5.5,5.5,5.5,5.5,5.5,5.5,5.5,5.5,5.5,5.5,5.6,5.6,5.6,5.6,5.623688407591999,5.8,5.9,5.997607490120839,6.022338458626433,6.1,6.1,6.196926093147823,6.2219492382639885,6.3,6.3,6.3,6.3,6.3,6.3,6.4002692641843915,6.5,6.5,6.5,6.5,6.5,6.5,6.5,6.6,6.6,6.6,6.6,6.6,6.6,6.6,6.6,6.6,6.6,6.602676948378985,6.7,6.7,6.7,6.7,6.7,6.7,6.7,6.7,6.7,6.9,6.9,6.9,6.9,6.9,6.9,6.9,6.9,6.9,6.9,6.9,6.9,6.9,6.9,6.9,6.9,6.9,6.9,6.9,6.993593987845253,7.0,7.1,7.3,7.3,7.343198843880208,7.4,7.4,7.4,7.66271372785643,7.7,7.7,7.7,7.7,7.7,7.7,7.8,8.0,8.0,8.041956469776313,8.3,8.367445006307696,8.5,8.5,8.5,8.5,8.5,8.5,8.5,8.5,8.6,8.6,8.671362657173823,9.816115888486774,10.5,10.703817344668414
1.6934559805684957,1.7,2.0854855139391493,2.228637342826178,2.6,2.6,2.7,2.8,2.8,2.8996092814346324,3.0,3.1,3.1,3.1,3.132554993692302,3.3,3.3,3.6,3.6,3.6,3.7,3.8,3.8,3.9,3.9,3.9,4.0,4.094001543934421,4.2989165632133055,4.50370857978007,4.6,4.708781688559887,4.8,4.809575860441376,4.9,4.9,4.953423758114002,5.0,5.04482722873702,5.189273309875609,5.2,5.2,5.2,5.2,5.30007175143971,5.580135079904997,5.879445275352288,6.018190088503164,6.2,6.3,6.5,6.5,6.5,6.5,6.5,6.5,6.5415378870321605,6.6,6.6,6.6,6.6,6.7,6.7,6.7,6.7,6.9,6.9,6.9,6.9,6.9,6.9,6.9,6.9,6.9,7.0,7.0,7.0,7.0,7.0,7.0,7.0,7.073696648070737,7.1,7.151212996843054,7.3,7.3,7.3,7.3,7.3,7.3,7.4,7.4,7.4,7.4,7.4,7.4,7.4,7.4,7.4,7.4,7.4,7.4,7.4,7.4,7.4,7.4,7.4,7.4,7.4,7.4,7.4,7.4,7.4,7.4,7.497623680861142,7.6,7.6,7.6,7.7,7.7,7.7,7.7,7.7,7.7,7.7,7.7,7.7,7.7,7.7,7.7,7.7,7.7,7.7,7.7,7.7,7.7,7.7,7.7,7.7,7.7,7.7,7.7,7.7,7.7,7.7,7.8,7.826701204161429,8.0,8.0,8.0,8.0,8.006138765668954,8.1,8.1,8.182218898590849,8.5,8.5,8.5,8.5,8.5,8.5,8.5,8.5,8.5,8.5,8.5,8.5,8.5,8.5,8.5,8.5,8.5,8.5,8.5,8.5,8.5,8.5,8.5,8.5,8.5,8.5,8.5,8.5,8.5,8.6,8.6,8.6,8.6,8.6,8.6,8.6,8.6,8.7,8.9,8.954639483779511,9.7,9.7,10.1,10.7,11.789364414780431,12.103817344668414
1.7,1.8442542340878283,2.5,2.8,2.9,3.0797923922871657,3.1,3.1,3.3,3.3,3.6,3.6,3.7,3.8,3.8,3.9,3.9,3.959311917748766,4.0,4.2,4.5,4.5,4.5,4.6,4.6,4.6,4.6,4.6,4.749458281606652,4.807417159560139,5.0,5.1,5.1,5.2,5.2,5.2,5.2,5.299553860249409,5.5,5.5,5.5,5.5,5.6,5.759328465857746,6.0,6.0,6.1,6.3,6.4,6.5,6.5,6.5,6.5,6.6,6.6,6.6,6.6,6.6,6.7,6.7,6.7,6.7,6.7,6.7,6.7,6.7,6.7,6.874249240941907,6.9,6.9,6.9,6.9,6.9,6.9,6.9,6.9,6.9,6.9,6.9,6.9,6.9,7.0,7.0,7.0,7.0,7.0,7.0,7.0,7.0,7.0,7.1,7.3,7.3,7.3,7.3,7.3,7.351708942177257,7.4,7.4,7.4,7.4,7.4,7.4,7.4,7.4,7.4,7.4,7.4,7.4,7.4,7.4,7.4,7.4,7.4,7.4,7.4,7.4,7.4,7.4,7.4,7.4,7.4,7.4,7.4,7.4,7.4,7.4,7.4,7.4,7.4,7.4,7.4,7.483583476287288,7.6,7.7,7.7,7.7,7.7,7.7,7.7,7.7,7.7,7.7,7.7,7.7,7.7,7.7,7.7,7.7,7.7,7.7,7.7,7.7,7.7,7.7,7.7,7.7,7.7,7.7,7.7,7.7,7.7,7.8,7.800446139750591,7.946576241885999,8.0,8.0,8.0,8.1,8.1,8.3,8.3,8.5,8.5,8.5,8.5,8.5,8.5,8.5,8.5,8.5,8.5,8.5,8.5,8.5,8.5,8.5,8.6,8.6,8.6,8.6,8.6,8.6,8.6,8.6,8.6,9.228486931294857,10.1,10.7,11.789364414780431,12.8
0.49836399514212393,1.422127117043914,1.6854855139391491,1.7,1.7,1.8,1.9,1.9,2.0,2.0,2.0,2.0,2.0,2.0,2.0,2.1,2.1,2.159311917748766,2.2,2.3,2.36710973118205,2.5,2.5,2.5,2.5,2.579256605514607,2.637286272143571,2.794001543934421,2.8,2.9,2.9,3.0,3.0,3.009575860441376,3.1,3.1,3.1,3.1995538602494094,3.2,3.2,3.3,3.3,3.3,3.3,3.3,3.3,3.3,3.3,3.3,3.3,3.3,3.3,3.3,3.3,3.3,3.3,3.3830757740643205,3.5,3.5,3.5,3.6,3.6,3.6,3.6,3.6,3.6,3.6,3.6,3.6,3.6,3.6,3.6,3.6,3.6,3.6,3.6,3.6,3.6,3.6,3.6,3.6,3.6,3.6,3.7,3.7,3.7,3.7,3.7,3.7,3.778050761736014,3.8,3.8,3.8,3.8,3.8,3.9,3.9,3.9,3.9,3.9,3.9,3.9,3.9,3.9236884075919987,4.0,4.0,4.0,4.022338458626433,4.2,4.2,4.2,4.2,4.2,4.2,4.2,4.2,4.2,4.2,4.3,4.3,4.3,4.3,4.5,4.6,4.6,4.6,4.6,4.6,4.6,4.6,4.6,4.6,4.6,4.6,4.6,4.6,4.7,4.8,4.864269946863908,5.0,5.1,5.2,5.2,5.2,5.2,5.2,5.2,5.261545727139935,5.5,5.732765281195782,5.8,5.8,5.8,5.881809911496833,6.0,6.0,6.0,6.1,6.1,6.1,6.1,6.210726690124398,6.3,6.3,6.3,6.3,6.441531877275179,6.5,6.6,6.6,6.6,6.696291420219933,6.7,6.7,6.7,6.7,6.780147534287232,6.9,6.9,6.9,6.9,6.9,6.9,7.040688082251234,7.3,7.3,7.3,7.4,7.4,7.4,7.414266596893356,7.6,7.6,7.7,7.7,7.720207607712837,7.941060866411857,8.5,8.6,8.6,12.103817344668414
0.798363995142124,1.0,1.1854855139391491,1.2,1.2,1.2797923922871657,1.4,1.4,1.4,1.5,1.5,1.5824747633424778,1.6,1.6,1.6325549936923018,1.8,1.8,1.9,2.0,2.0,2.0,2.0,2.0,2.0590090298190247,2.1,2.1,2.137286272143571,2.3,2.3,2.4,2.4,2.4,2.4,2.4,2.4,2.4,2.4,2.499553860249409,2.5,2.5,2.5,2.5,2.5,2.5,2.5,2.5,2.5,2.5,2.5,2.5,2.5,2.5,2.5,2.5,2.6,2.6,2.6,2.6,2.6,2.6,2.6,2.7,2.7,2.766707318575743,2.8,2.8,2.8,2.8,2.8,2.8,2.8,2.8,2.8,2.8,2.8,2.8,2.9,2.9,2.9,2.9,2.9,2.9,2.9,2.925606498421527,3.0,3.0,3.0,3.1,3.1,3.1,3.1,3.1,3.1,3.1,3.1,3.1,3.1,3.1,3.2,3.2,3.2,3.2,3.2,3.2,3.3,3.3,3.3,3.3,3.3,3.3719890737088916,3.496926093147823,3.5,3.5,3.5,3.5,3.5,3.6,3.6,3.6,3.7,3.7,3.7,3.7,3.7,3.7,3.7,3.7,3.7,3.7,3.7974723766741247,3.8,3.8,3.8,3.9,3.9,3.9,4.0,4.0,4.0,4.0,4.0,4.0,4.0,4.0,4.0,4.0,4.0,4.0,4.1,4.1,4.2,4.2,4.2,4.2,4.2,4.2,4.2,4.2,4.2,4.2,4.2,4.3,4.3,4.300446139750591,4.4,4.4,4.4,4.4,4.4,4.4,4.443198843880208,4.5,4.6,4.6,4.6,4.6,4.6,4.6,4.6,4.7,4.7,4.800258245611019,4.9694870529293045,5.0,5.0,5.0,5.1,5.1,5.1,5.2,5.2,5.2,5.297716733723399,5.598910608427474,5.906829935472439,6.0,6.1,6.1,6.214514486060847,6.8557457659121726,7.713088038863134
0.5994546650473747,0.8,0.8,0.9,0.9,1.0,1.0,1.1,1.1,1.1,1.1,1.2,1.2,1.2,1.2,1.2,1.2,1.2,1.2,1.2,1.3,1.3,1.3,1.3,1.4,1.4,1.4,1.4,1.4,1.4,1.4,1.4,1.4,1.5,1.5,1.5,1.5,1.5,1.5,1.5892733098756082,1.6,1.6,1.6,1.6,1.6,1.6,1.6,1.618190088503164,1.7,1.7,1.7308259810188757,1.8,1.8,1.8,1.8,1.8,1.8,1.8,1.8,1.8,1.8726395696227598,1.9,1.9,1.966707318575743,2.0,2.0,2.0,2.0,2.0,2.0,2.1,2.1,2.1,2.1,2.1,2.1,2.1,2.1,2.1,2.1,2.1,2.1,2.2,2.2,2.2513332276346603,2.3,2.3,2.3,2.3,2.3,2.3,2.4,2.4,2.4,2.4,2.4,2.4,2.4,2.4,2.4,2.4,2.4,2.4,2.4,2.4,2.4,2.4,2.5,2.5,2.5,2.5,2.5,2.5,2.5,2.5,2.5,2.5,2.5,2.6,2.6,2.6,2.6,2.6,2.6,2.6,2.7,2.7,2.7,2.7,2.7,2.8,2.8,2.8,2.8,2.8,2.8,2.8,2.8,2.8,2.8,2.8,2.859500077641303,2.9,2.9,2.9,2.9923452141771634,3.0,3.061545727139935,3.1,3.1,3.1,3.1,3.1,3.1,3.1,3.1,3.1,3.1,3.1,3.1,3.1,3.1,3.1,3.1,3.2,3.2,3.2,3.290424139558621,3.3,3.4824366228802206,3.5,3.5,3.5,3.5,3.5,3.5,3.5801475342872324,3.6,3.7,3.7,3.8,3.8,3.8,3.9406880822512336,4.0,4.0,4.067445006307696,4.147944441110684,4.2,4.2350504733150505,4.4,4.4,4.4,4.6,4.6,4.7,4.9,5.0,5.2,5.455745765912172,6.007089354384197
0.5994546650473747,0.8,0.8,0.8,0.8589391335881382,0.9,0.9,0.9,0.9,0.9,0.9,0.9,1.0,1.0,1.0,1.0104813919600963,1.1,1.1,1.1,1.1,1.1,1.2,1.2,1.2,1.2,1.2,1.2,1.2,1.2,1.2,1.2,1.2,1.2,1.2,1.2,1.2,1.2,1.2,1.3,1.3,1.3,1.3,1.3,1.3,1.3,1.3,1.3,1.3,1.3,1.4,1.4,1.4,1.4,1.4,1.4,1.4,1.4,1.4,1.4,1.4,1.4,1.4,1.4,1.4,1.4,1.5,1.5,1.5,1.5,1.5,1.5,1.5,1.5,1.5,1.5,1.5,1.5,1.5,1.5,1.5,1.6,1.6,1.6,1.6,1.6,1.6,1.6,1.6,1.6,1.6,1.6,1.7,1.7,1.7,1.7,1.7,1.7,1.7,1.8,1.8,1.8,1.8,1.8,1.8,1.8,1.8,1.8,1.8,1.8,1.8719890737088918,1.9,1.9,1.9,2.0,2.0,2.0,2.0,2.0,2.1,2.1,2.1,2.1,2.1,2.1,2.1,2.1,2.1,2.1,2.1,2.1,2.1,2.1,2.1,2.1,2.1,2.1,2.1,2.1,2.1,2.1,2.1,2.1,2.1920541497097474,2.2,2.2,2.292345214177163,2.3,2.3,2.3,2.3,2.3691740189811297,2.4,2.4,2.4,2.4,2.4,2.4,2.4,2.4,2.4,2.4,2.4,2.4,2.4,2.5,2.5,2.5,2.5,2.5,2.6,2.6,2.696291420219933,2.7,2.7,2.7,2.7207433944853903,2.8,2.8,2.8,2.8,2.8,2.800258245611019,2.9,2.9,3.0,3.0,3.0,3.1,3.1,3.1,3.1071332984466777,3.201172155696094,3.5,3.5,3.506829935472439,3.7,3.8,3.9,4.1,4.4,5.10054533495263
1.6,1.6,1.6854855139391491,2.0,2.0,2.6,2.6,3.200363130524173,3.4,3.4996092814346325,3.6,3.6,3.6,3.7,3.932554993692302,4.110481391960096,4.2,4.2,4.2,4.2,4.3,4.4,4.4,4.5,4.5,4.5,4.6,4.694001543934421,4.9,4.90370857978007,5.0,5.108781688559887,5.2,5.2,5.2,5.2,5.2534237581140015,5.4,5.5,5.6,5.6329201988926885,5.7,5.717922626012691,5.8,5.8,5.8,5.8,6.0,6.0,6.093861234331038,6.230825981018876,6.3,6.3,6.338454272860062,6.4,6.4,6.4,6.4,6.4,6.4,6.4,6.4,6.4,6.4,6.4,6.4,6.5,6.5,6.5,6.5,6.5,6.5,6.5,6.5,6.6,6.6,6.6,6.6,6.6,6.6,6.6,6.6,6.6,6.7,6.75133322763466,6.8,6.8,6.82771084921612,6.9,6.9,6.9,6.9,6.9,6.9,6.9,6.9,7.0,7.0,7.1,7.1,7.1,7.1,7.298222756912537,7.3,7.3,7.3,7.3,7.3,7.3,7.3,7.5,7.621949238263988,7.7,7.7,7.7,7.7,7.7,7.7,7.7,7.7,7.7,7.8,7.805449935582613,7.9,7.9,7.986365747330313,8.0,8.1,8.1,8.1,8.1,8.3,8.3,8.5,8.5,8.5,8.5,8.5,8.5,8.6,8.6,8.6,8.6,8.7,8.7,8.7,8.9,8.9,8.9,8.9,8.9,8.9,8.9,8.9,8.9,8.9,8.9,8.9,8.9,8.9,8.9,8.9,8.9,8.9,8.9,8.9,8.9,8.9,8.9,8.9,8.9,8.9,8.9,8.905998456065578,9.0,9.5,9.680147534287231,9.7,9.7,9.7,9.7,9.7,9.7,9.9,10.1,10.1,10.1,10.1,10.1,10.1,10.1,10.1,10.1,10.1,10.1,10.3,10.5,10.5,10.7,12.367237297736517,12.629993422394682
2.196727990284248,2.5,3.0274275696957464,3.2,3.3,3.3797923922871655,3.6,3.6,3.7,3.7,3.9857334031066456,4.2,4.2,4.3,4.332554993692302,4.5,4.586014510074563,4.6,4.630512947070702,4.8,4.967109731182051,5.1,5.1,5.1,5.119852465712776,5.2,5.2,5.2,5.2,5.2,5.2,5.2,5.2,5.309575860441376,5.4,5.5,5.553423758114001,5.7,5.8,5.8,5.8,5.8,5.8,5.8,5.8,5.8,5.8,5.8,5.8,5.8,5.9,6.0,6.0,6.0,6.0,6.1,6.1,6.1,6.107945850290252,6.240499922358685,6.3,6.3,6.3,6.3,6.3,6.3,6.3,6.3,6.3,6.3,6.4,6.4,6.4,6.4,6.4,6.4,6.4,6.4,6.4,6.4,6.4,6.4,6.4,6.4,6.4,6.4,6.4,6.4,6.4,6.4,6.4,6.4,6.4,6.4,6.4,6.4,6.4,6.4,6.4,6.4,6.4,6.4,6.4,6.5,6.5,6.5,6.5,6.5,6.5,6.5,6.596926093147823,6.6,6.6,6.6,6.6,6.6,6.6,6.6,6.6,6.6,6.6,6.7,6.7,6.7,6.7,6.8,6.8,6.8,6.8,6.8,6.8,6.8,6.8,6.8,6.842480395589343,6.9,6.9,6.9,6.9,6.9,6.9,6.9,7.084108299419494,7.1,7.1,7.1,7.1,7.1,7.1,7.1,7.1,7.1,7.1,7.1,7.1,7.219864920095017,7.3,7.3,7.3,7.3,7.367079801107315,7.5,7.6,7.6004461397505905,7.7,7.7,7.7,7.7,7.7,7.7,7.7,7.7,7.7,7.7,7.7,7.7,7.7,7.8,7.8,7.8,7.9,8.0,8.1,8.5,8.5,8.5,8.6,8.695888882221368,8.9,8.9,8.9,9.7,9.7,9.7,10.1,10.1,10.1,10.5,10.5,10.5,10.710361364099981
0.5,0.9,1.2,1.2,1.2,1.2,1.2,1.3,1.3,1.3,1.3928667015533227,1.4,1.4,1.4,1.4,1.5,1.5,1.5,1.5,1.5,1.5,1.5,1.5,1.5,1.5,1.5,1.5,1.5,1.6,1.6,1.6,1.6,1.6,1.6095758604413761,1.7,1.8,1.8,1.8,1.8,1.8,1.8,1.8,1.8,1.859328465857746,2.0,2.0,2.0,2.1,2.1,2.1,2.1,2.1,2.1,2.1,2.1,2.1,2.1,2.1,2.1,2.1,2.17263956962276,2.2,2.3,2.3,2.4,2.4,2.4,2.4,2.5,2.5,2.5,2.5,2.5,2.5,2.5,2.5,2.5,2.5,2.6,2.6,2.6,2.7,2.7997307358156034,2.8,2.8,2.8,2.8,2.8,2.8,2.8,2.8,2.8,2.852870569242148,2.9,2.9,2.9,2.9,2.9,2.9,2.9,2.9,3.0,3.0,3.1,3.1,3.1,3.1,3.1,3.1,3.1,3.1,3.1,3.1,3.1,3.1,3.1,3.1,3.1,3.1,3.1,3.1,3.1,3.1,3.1,3.1,3.1,3.113777036454178,3.2,3.2,3.2974723766741247,3.3,3.3,3.5,3.5,3.5,3.5,3.5,3.533292681424257,3.6,3.6,3.7,3.7,3.7,3.7,3.7,3.7,3.7,3.7,3.7,3.8,3.8,3.806138765668953,3.9,3.9818099114968333,4.0,4.0,4.0,4.0,4.0,4.1,4.1,4.2,4.2,4.2,4.2,4.387187975690506,4.4,4.4,4.4,4.4,4.4,4.4,4.4,4.4,4.4,4.4,4.4,4.4,4.4,4.5,4.6,4.6,4.6,4.6,4.7,4.889518608039907,5.1,5.2,5.2,5.2,5.2,5.3,5.793150201170198,5.999636869475824,6.0,6.0,6.041060866411857,6.1,6.358057944243387,6.7,7.302726674763153
2.2,3.0,3.0854855139391493,3.228637342826178,3.3,3.6,3.6,3.7,3.7,3.7,4.192866701553323,4.2,4.2,4.2,4.2,4.3,4.3,4.4,4.4,4.4,4.6,4.6,4.6,4.7,4.7,4.7,4.7,4.794001543934421,4.849458281606653,5.0,5.0,5.0,5.0,5.0,5.0,5.0,5.053423758114001,5.1,5.1,5.1,5.1,5.1,5.1,5.1,5.1,5.1,5.1,5.1,5.1,5.1,5.1,5.1,5.1,5.2,5.2,5.2,5.2,5.2,5.2,5.3,5.3,5.3,5.3,5.5,5.5,5.5,5.5,5.5,5.5,5.5,5.5,5.6,5.6,5.6,5.6,5.6,5.7,5.7,5.7,5.7,5.8,5.8,5.9,5.9,5.9,5.9,5.9,5.9,5.9,5.9,5.9,5.9,5.9,5.9,6.0,6.0,6.0,6.0,6.0,6.0,6.0,6.07455142218925,6.1,6.2,6.2,6.2,6.2,6.2,6.2,6.2,6.2,6.2,6.2,6.2,6.2,6.2,6.2,6.2,6.2,6.2,6.2,6.2,6.2,6.2,6.2,6.2,6.2,6.2,6.2,6.2,6.2,6.2,6.2,6.3,6.3,6.3,6.4,6.4,6.4,6.4,6.4,6.4,6.4,6.4,6.4,6.4,6.4,6.4,6.4,6.4,6.4,6.4,6.4,6.4,6.4,6.5,6.5,6.5,6.6,6.7,6.8,6.9,6.9,6.9,6.9,6.9,6.9,6.9,6.9,6.9,6.9,6.9,6.9,6.9,6.9,6.9,6.9,6.9,6.9066877772365505,7.234565143171471,7.3,7.3,7.3,7.3,7.3,7.389518608039907,7.5,7.5,7.7,7.7,7.7,7.7,7.7,7.7,7.9,8.460622823138511,8.82318259923557,9.2,9.690289721216937,11.7,11.7
1.5961826553316225,1.7,1.7,1.7286373428261779,1.9,2.0797923922871657,2.2,2.2,2.2,2.2,2.2,2.2,2.2,2.2,2.2,2.2,2.2,2.2,2.2,2.2,2.2,2.2,2.2,2.2,2.3,2.3,2.3372862721435705,2.4,2.4,2.4,2.4,2.4087816885598867,2.6,2.8,2.8,2.8,2.8,2.8,2.8,2.8,2.8,2.9,2.9,2.9,2.9,2.9,2.9,2.9,2.9563222283256665,3.0,3.0,3.0,3.0,3.0,3.0,3.0,3.0,3.0,3.1,3.1,3.1,3.1,3.1,3.1,3.1,3.1,3.1,3.1,3.1,3.1,3.1,3.1,3.1,3.1,3.1,3.1,3.1,3.1,3.1,3.1,3.1,3.1,3.1,3.1,3.1,3.1,3.1,3.1,3.1,3.1,3.1,3.1,3.1,3.1,3.1,3.1,3.1,3.1,3.1,3.1,3.1,3.1,3.3,3.4,3.4,3.4,3.4,3.4,3.5,3.5,3.5,3.5,3.5,3.5,3.5,3.7,3.7,3.7,3.7,3.7,3.7,3.7,3.7,3.7,3.7,3.7,3.7,3.7,3.7,3.7,3.7,3.7,3.7,3.7,3.7,3.7,3.8,3.9,3.9,3.9,3.9,3.9,3.9,3.9,3.9,3.9,3.9,3.961545727139935,4.0,4.0,4.0,4.1,4.1,4.1,4.1,4.1,4.1,4.1,4.1,4.1,4.1,4.110726690124397,4.255172771262977,4.3,4.3,4.4,4.4,4.4,4.4,4.4,4.4,4.4,4.4,4.4,4.525427455712861,4.6,4.7,4.7,4.7,4.7,4.7,4.7,4.7,4.7,4.7,4.8,5.0,5.047944441110684,5.1,5.1,5.1,5.1,5.1,5.2,5.206829935472439,5.520207607712837,5.941060866411857,6.2,6.2,7.3,7.7
1.798363995142124,2.5,2.8,2.8,2.9,3.0,3.1,3.1,3.1,3.3,3.3,3.3,3.4687759612645443,3.5520555588893195,3.6,3.6,3.6,3.6,3.6,3.6,3.6,3.6,3.6,3.7,3.7,3.7792566055146066,3.8,3.8,3.8,3.8,3.9,3.9,3.9,3.9,3.9,4.0,4.0,4.0,4.0,4.1,4.2,4.2,4.2,4.2,4.2,4.2,4.279445275352288,4.3,4.3,4.3,4.4,4.4,4.4,4.4,4.4,4.5,4.5415378870321605,4.6,4.6,4.6,4.6,4.6,4.6,4.6,4.6,4.6,4.6,4.7,4.7,4.8,4.8,4.8,4.8,4.9,4.9,4.9,5.0,5.0,5.0,5.0,5.0,5.1,5.1,5.1,5.1,5.1,5.1,5.1,5.1,5.1,5.1,5.1,5.1,5.1,5.1,5.1,5.1,5.1,5.1,5.1,5.1,5.1,5.2,5.2,5.2,5.2,5.2,5.2,5.2,5.2,5.2,5.2219492382639885,5.3,5.3,5.3,5.3,5.3,5.3,5.3,5.3,5.3,5.3788841473321956,5.505449935582613,5.6,5.6,5.6,5.7,5.7,5.7,5.7,5.7,5.754593173962581,5.8,5.8,5.8,5.8,5.8,5.8,5.8,5.8,5.827360430377235,5.9,5.9,5.9,5.9,5.9,5.9,5.961545727139935,6.0,6.0,6.0,6.0,6.043677771674339,6.1,6.1,6.1,6.1,6.1,6.2,6.2,6.2,6.2,6.2,6.2,6.2,6.2,6.3,6.3,6.3,6.3,6.3,6.3,6.35054171839335,6.4,6.5,6.5,6.5801475342872315,6.6,6.6,6.7,6.7,6.7,6.7,6.7,6.713985489925437,6.889518608039907,6.9,7.047944441110684,7.162448077470901,7.3,7.3071332984466775,7.4,7.4,7.4,7.6,7.6,8.5,8.8,8.8,9.355745765912172,11.4
2.4983639951421237,2.8,2.9,2.928637342826178,3.0589391335881384,3.1,3.3,3.3,3.3,3.3,3.3,3.3,3.3687759612645443,3.5,3.5,3.6,3.6,3.6,3.6,3.6,3.6,3.6,3.6,3.6590090298190248,3.7,3.7,3.7,3.7,3.8,3.8,3.8,3.9,3.959693109019841,4.0,4.0,4.0,4.053423758114001,4.199553860249409,4.2,4.2,4.2,4.2,4.2,4.2,4.3,4.3,4.3,4.3,4.4,4.4,4.4,4.4,4.4,4.4,4.4,4.407654785822832,4.5,4.6,4.6,4.6,4.6,4.6,4.6,4.6,4.6,4.627589739189688,4.7,4.7,4.716416523712721,4.8,4.8,4.8,4.830680122839391,4.9,5.0,5.0,5.0,5.0,5.0,5.0,5.0,5.0,5.0,5.0,5.1,5.1,5.1,5.1,5.1,5.1,5.1,5.1,5.1,5.1,5.1,5.1,5.1,5.1,5.1,5.125448577810746,5.2,5.2,5.2,5.2,5.2,5.2,5.2,5.2,5.2,5.2,5.3,5.3,5.3,5.3,5.3,5.3,5.3,5.3,5.3,5.3,5.3,5.3,5.3,5.332212223747814,5.5,5.5,5.513777036454178,5.6,5.6,5.6,5.7,5.7,5.7,5.7,5.7,5.772410260810318,5.8,5.8,5.8,5.8,5.827360430377235,5.9,5.9,5.9,5.9,6.0,6.0,6.0,6.0,6.0,6.0,6.006138765668953,6.1,6.1,6.1,6.1,6.1,6.1,6.1,6.2,6.2,6.2,6.2,6.2,6.2,6.2,6.241531877275179,6.3,6.3,6.3,6.3,6.3,6.3,6.4,6.4,6.4,6.4,6.4,6.4,6.4,6.5,6.5,6.6,6.6,6.7,6.7,6.7,6.847944441110684,6.9,6.9,6.928533193786712,7.300390718565365,7.4,7.4,7.820489806417316,8.4,8.4,8.771362657173825,8.8,9.4,11.704362679621044
0.7994546650473747,0.9221271170439141,1.1,1.2,1.2,1.2,1.2,1.3,1.3,1.3,1.3,1.3,1.4,1.4,1.5,1.5,1.5,1.5,1.5,1.5,1.5,1.5,1.5,1.5,1.5,1.579256605514607,1.6,1.6,1.6,1.6,1.6,1.7,1.7,1.7,1.7,1.7,1.7,1.7,1.7,1.7,1.7,1.7,1.8,1.8,1.8,1.8,1.8,1.8,1.8,1.8,1.9,1.9,1.9,1.9,1.9,1.9,1.9,1.9,1.9,1.9,1.9726395696227599,2.0,2.0,2.0,2.0,2.1,2.1,2.1,2.1,2.1,2.1,2.1,2.1,2.1,2.1,2.1,2.1,2.1,2.1,2.1,2.1,2.1,2.1,2.2,2.2,2.276920127242516,2.3,2.3,2.35293269309945,2.4,2.4,2.4,2.4,2.4,2.4,2.4,2.5,2.5,2.5,2.5,2.5,2.5,2.5991113784562687,2.6,2.6,2.6,2.6,2.6,2.6,2.6,2.6,2.6,2.74706730690055,2.8,2.8,2.8,2.8,2.8,2.8,2.8,2.8,2.878884147332195,2.9,2.9,2.9,2.9,3.0,3.0,3.0,3.0,3.0,3.1,3.1,3.1,3.1,3.1,3.1,3.1,3.1,3.1,3.1,3.1,3.1,3.1,3.1,3.1,3.1,3.1,3.2,3.2,3.2,3.3,3.3,3.3,3.3,3.3,3.3,3.340671534142251,3.4,3.5,3.5,3.5,3.5,3.5,3.5,3.6,3.6,3.6,3.6,3.6912183114401103,3.7,3.7,3.7,3.7,3.7,3.8,3.8,3.8,3.803343888618275,3.9,3.9,4.0,4.0,4.0,4.0,4.0,4.1,4.2,4.2,4.2,4.3,4.4,4.5954334674467985,4.6,4.706829935472439,5.0,5.082121732823714,5.2,5.3,5.9778728829560865,6.401636004857892
2.4961826553316224,3.3,3.3,3.728637342826178,3.8,3.8,3.9,4.0,4.0,4.0,4.0,4.1,4.1687759612645445,4.2,4.2,4.2,4.286014510074563,4.3,4.3,4.3,4.3,4.3,4.396656111381731,4.4,4.5,4.5,4.537286272143571,4.6,4.649458281606653,4.7,4.7,4.7,4.8,4.8,4.8,4.9,4.9,4.9,5.0,5.0,5.032920198892688,5.1,5.117922626012691,5.259328465857746,5.3,5.3,5.3,5.3,5.3,5.3,5.3,5.3,5.3,5.3,5.3,5.3,5.3,5.3,5.3,5.3,5.3,5.3,5.3,5.3,5.3,5.3,5.3,5.3,5.4,5.4,5.4,5.4,5.4,5.4,5.4,5.41363425266969,5.5,5.5,5.5,5.6,5.6,5.6,5.6,5.6,5.6,5.6,5.6,5.6,5.6,5.6,5.7,5.7,5.7,5.7,5.7,5.8,5.8,5.8,5.8,5.8254485778107465,5.9,5.9,5.9,5.9,6.0,6.0,6.0,6.0,6.0,6.0,6.0,6.1,6.1,6.1,6.1,6.1,6.148666772365334,6.2,6.2,6.2,6.2,6.2,6.2,6.2,6.2,6.2,6.2,6.2,6.2,6.2,6.2,6.2,6.2,6.2,6.2,6.2,6.2,6.2,6.2,6.2,6.2,6.259500077641303,6.3,6.3,6.3,6.3,6.3,6.3,6.3,6.4,6.46917401898113,6.5,6.5,6.5,6.5,6.5,6.5,6.5,6.5,6.5,6.5,6.5,6.5,6.5,6.5,6.5,6.5,6.590424139558621,6.6,6.6,6.6,6.7,6.7,6.7,6.7,6.7,6.7,6.9,6.9,6.9,6.9,6.9,6.9,6.9,6.9,6.9,7.0,7.243833323332052,7.4,7.6,7.6,7.6,7.697716733723399,7.8,8.0,8.101038038564184,8.5,8.6,9.1,9.1,10.107089354384197
0.8,0.9442542340878284,1.2,1.3,1.3,1.4,1.4,1.5,1.5,1.6,1.6,1.6824747633424777,1.7,1.8,1.8,1.8,1.8,1.8,1.8,1.8,1.8,1.8,1.8,1.8,1.9,1.9,2.0,2.0,2.0,2.0,2.0,2.0,2.0,2.0,2.0,2.0,2.1,2.1,2.1,2.1,2.1,2.1,2.1,2.1,2.1,2.1,2.1,2.1,2.1,2.1,2.1,2.1,2.1,2.1,2.173298795838568,2.207654785822831,2.3,2.3,2.3,2.3,2.3,2.3,2.3,2.3,2.3,2.3,2.3,2.3,2.3,2.3,2.3,2.3,2.4,2.4,2.4,2.4,2.4,2.4,2.4,2.4,2.4,2.4,2.4,2.4,2.4,2.4,2.4,2.4,2.4,2.4,2.4,2.4,2.4,2.4,2.4,2.427072108449437,2.5,2.5,2.5,2.5,2.5,2.5,2.5,2.5,2.5,2.5,2.5,2.5,2.5,2.5,2.5,2.6,2.6,2.7,2.7,2.8,2.8,2.8,2.8,2.8,2.8,2.8,2.8,2.8,2.8,2.8,2.8,2.8,2.9,2.9,3.0,3.0,3.0,3.0,3.0,3.0,3.1,3.1,3.164269946863908,3.2,3.2,3.2,3.292054149709747,3.325036691116378,3.5,3.5,3.5,3.5,3.5,3.5,3.5,3.506138765668953,3.6,3.6,3.7,3.7,3.7,3.8,3.8,3.8,3.8,3.9,3.9,3.9,3.9,3.9,4.0,4.0,4.1,4.1,4.1,4.1,4.1,4.1,4.1,4.1,4.1,4.1,4.1,4.1,4.1,4.2,4.2,4.2,4.2,4.3,4.4,4.4,4.4,4.4,4.414266596893356,4.7,4.7,4.8,4.906829935472439,5.1,5.2,5.3,5.6145144860608465,6.377872882956086,7.4021813398105225
1.2,1.6442542340878283,2.0854855139391493,2.2,2.2,2.2,2.3931700645275615,2.4,2.5,2.5,2.5,2.5,2.5,2.6,2.8,2.810481391960096,2.9,3.0,3.0,3.0,3.0671097311820503,3.1,3.2966561113817305,3.3,3.3,3.3,3.3,3.3,3.3,3.3,3.3,3.3,3.3,3.3,3.3,3.5,3.6,3.6,3.6,3.6,3.6,3.6,3.6,3.6,3.6,3.6,3.6,3.7,3.7,3.7,3.7,3.7,3.7,3.7,3.7,3.8,3.9,4.0,4.0,4.0,4.0,4.0,4.0,4.0,4.1,4.2,4.2,4.2,4.3,4.3,4.3,4.3,4.3,4.3,4.3,4.3,4.3,4.3,4.3,4.3,4.34749484922961,4.4,4.4,4.4,4.4,4.4,4.4,4.4,4.4,4.4,4.4,4.4,4.4,4.4,4.4,4.4,4.451708942177257,4.576311592408004,4.6,4.6,4.6,4.6,4.6,4.6,4.6,4.6,4.6,4.6,4.6,4.6,4.6,4.6,4.6,4.6,4.6,4.7,4.7,4.7,4.7,4.7,4.7,4.7,4.7,4.7,4.7,4.7,4.8,4.8,4.8,4.8,4.8,4.9,5.0,5.0,5.0,5.0,5.0,5.0,5.0,5.0,5.0,5.1,5.1,5.1,5.1,5.1,5.1,5.1,5.1,5.1,5.1,5.1,5.1,5.1,5.1,5.1,5.1,5.1,5.1,5.2,5.2,5.2,5.2,5.2,5.2,5.2,5.2,5.2,5.2,5.2,5.3,5.3,5.5,5.5,5.6,5.6,5.6,5.7,5.7,5.7,5.8,5.9,6.0,6.0,6.0,6.189518608039907,6.2,6.2,6.2,6.2,6.2,6.2,6.395433467446799,6.4,6.8,6.9,7.3,7.3,7.3,7.7,7.701090669905262
1.2994546650473746,1.5,1.6,1.7,1.8,1.8,2.0,2.1,2.1,2.1,2.1,2.1,2.2,2.2,2.2,2.2,2.2,2.2,2.3,2.3997417543889865,2.4,2.4,2.4,2.4,2.4,2.4,2.5,2.594001543934421,2.6,2.60370857978007,2.8,2.8,2.8,2.8095758604413756,2.9,2.9,2.9,2.9,3.0,3.0,3.0,3.0,3.0,3.0,3.1,3.1,3.1,3.1,3.1563222283256667,3.3,3.3,3.3,3.3,3.3,3.3,3.3,3.3,3.3,3.3,3.3,3.3,3.3087569798725722,3.5,3.5,3.6,3.6,3.6,3.6,3.6,3.6,3.6,3.6,3.6,3.65857505126975,3.7,3.7,3.7,3.7,3.7,3.7,3.7,3.7,3.7,3.725606498421527,3.8,3.8769201272425162,3.9,4.0,4.0,4.0,4.0,4.0,4.0,4.0,4.1,4.127072108449437,4.2,4.276311592408004,4.3,4.3,4.3,4.3,4.3,4.3,4.3,4.3,4.3,4.4,4.4,4.4,4.4,4.4,4.4,4.4,4.4,4.4,4.4,4.4,4.4,4.4,4.4,4.4,4.4,4.4,4.4,4.4,4.4,4.541424948730241,4.6,4.6,4.6,4.6,4.6,4.6,4.6,4.6,4.6,4.6,4.6,4.6,4.6,4.659500077641303,4.7,4.7,4.7,4.7,4.7,4.7,4.7,4.7,4.7,4.7,4.7,4.7,4.7,4.7,4.7,4.7,4.782077373987306,4.8,4.8,4.8,4.8,4.900446139750591,5.0,5.0,5.0,5.0,5.0,5.0,5.0,5.0,5.0,5.1,5.1,5.1,5.1,5.1,5.2,5.2,5.2,5.2,5.2,5.2,5.2,5.2,5.3,5.5,5.6,5.7,5.9,5.900390718565365,6.0,6.0,6.2,6.2,6.282121732823714,6.4,6.958057944243388,7.611491531824345,7.7
1.4989093300947494,1.5221271170439141,1.6,1.7,1.7,1.9,1.9931700645275616,2.1,2.1,2.1,2.1,2.1,2.2,2.2,2.2,2.2,2.2,2.2,2.2,2.2,2.2,2.2,2.2,2.2,2.2,2.2,2.2,2.2,2.2,2.2,2.2,2.2,2.2,2.2,2.2,2.2,2.3,2.3,2.3,2.3,2.3,2.3,2.4,2.4,2.4,2.4,2.4,2.4,2.4,2.4,2.4,2.4,2.4,2.4,2.4,2.5,2.5,2.5749633088836164,2.707945850290253,2.8,2.8,2.8,2.8,2.8,2.9,2.9,2.9,2.9,2.9,2.9,2.9,2.9,2.9,2.9,2.9,2.9,2.9,2.9,2.9,3.0,3.0,3.0,3.0,3.0,3.0,3.0,3.0,3.0,3.0,3.0,3.0,3.0,3.0,3.0,3.0,3.0,3.0,3.0,3.1,3.1,3.1,3.1,3.1,3.1,3.1,3.1,3.1,3.1,3.1,3.1,3.1,3.1,3.1,3.1,3.1,3.1,3.1,3.1,3.1,3.1,3.1,3.1,3.1,3.1,3.1,3.1,3.1,3.1,3.1,3.1,3.1,3.1,3.1,3.1,3.1,3.1,3.1,3.1,3.1,3.1,3.1,3.1,3.1,3.1,3.1584621129678396,3.3,3.326701204161429,3.4,3.5,3.5,3.5,3.5,3.5,3.6,3.7,3.7,3.7,3.7,3.7,3.7,3.7,3.7,3.7,3.7,3.7,3.7,3.7,3.7,3.7403068909801562,3.9,3.9,3.9,4.0,4.0,4.0,4.1,4.1,4.140990970180973,4.3,4.3,4.3,4.4,4.4,4.4,4.4,4.4,4.6,4.647944441110684,4.7,4.7,4.7,4.700390718565365,4.995433467446799,5.0,5.0,5.1,5.1,5.1,5.2,5.911491531824344,7.720177393247332
1.5989093300947494,2.1221271170439144,2.3709710278782983,2.5,2.5,2.5,2.5931700645275617,2.6,2.8,2.8,2.9,3.082474763342478,3.1,3.3,3.3,3.3,3.3,3.3,3.3,3.3,3.3,3.3,3.3,3.3,3.3,3.3,3.3,3.3,3.3,3.3,3.3,3.3,3.419386218039682,3.5,3.6,3.6,3.6,3.6,3.6,3.6,3.6,3.6,3.6,3.6,3.7,3.8,3.8,3.8181900885031634,3.9,3.993861234331038,4.0,4.0,4.2,4.2,4.2,4.2,4.2,4.2,4.2,4.2,4.2,4.3,4.3,4.3,4.3,4.3,4.3,4.3,4.3,4.3,4.3,4.4,4.4,4.4,4.4,4.4,4.4,4.567787776252189,4.6,4.6,4.6,4.6,4.6,4.6,4.6,4.6,4.6,4.6,4.6,4.6,4.6,4.7,4.7,4.7,4.8,4.8,4.8,4.8,4.800888621543728,5.0,5.0,5.0,5.0,5.0,5.0,5.0,5.0,5.0,5.0,5.0,5.1,5.1,5.1,5.1,5.1,5.1,5.1,5.1,5.2,5.2,5.2,5.2,5.2,5.2,5.3,5.3,5.3,5.341424948730241,5.4693198771606095,5.5,5.6,5.6,5.6,5.6,5.6,5.7,5.7,5.8,5.8,5.8,5.8,5.8,5.8,5.8,5.8,5.9,5.9,5.9,5.996894888185165,6.0,6.0,6.0,6.0,6.0,6.0,6.0,6.0,6.0,6.082077373987306,6.1,6.2,6.2,6.2,6.2,6.2,6.2,6.2,6.2,6.2,6.2,6.3,6.4,6.4,6.4,6.462713727856431,6.5,6.5801475342872315,6.640990970180973,6.7,6.8,6.832890268817948,6.9,6.9,6.9,6.9,6.9,6.9,6.995888882221368,7.3,7.3,7.3,7.3,7.3,7.3,7.3,7.340415215425673,7.6,7.671362657173825,7.9,7.9,9.213633373815764
1.7989093300947494,2.0,2.1854855139391494,2.4,2.4589391335881383,2.5,2.5,2.5,2.5,2.6,2.6,2.7649495266849553,2.8,2.8520555588893193,2.9,2.9104813919600963,3.1,3.1,3.1,3.299483508777973,3.3,3.3,3.3,3.3,3.3,3.3,3.3,3.3,3.3,3.3,3.3,3.3,3.3,3.3,3.3,3.3,3.3,3.3,3.5,3.5,3.6,3.6,3.6,3.6,3.6,3.6,3.6,3.6,3.6,3.6,3.6,3.6,3.6,3.7,3.7732987958385675,3.8,3.8,3.8,3.8,3.9,3.9,4.0,4.0,4.0,4.194646103242042,4.2,4.2,4.2,4.2,4.2,4.2,4.2,4.2,4.25857505126975,4.3,4.3,4.3,4.3,4.3,4.3,4.3,4.3,4.4,4.4,4.4,4.4,4.4,4.52771084921612,4.6,4.6,4.6,4.6,4.6,4.6,4.6,4.6,4.6,4.6,4.6,4.6,4.6,4.6,4.6,4.6,4.6,4.6,4.69760749012084,4.7,4.8,4.8,4.8,4.8,4.8,4.8,4.997623680861142,5.0,5.0,5.0,5.0,5.0,5.0,5.0,5.0,5.0,5.0,5.0,5.1,5.1,5.1,5.1,5.1,5.1,5.1,5.2,5.2,5.2,5.2,5.2,5.2,5.3,5.3,5.3,5.4,5.5,5.558462112967839,5.6,5.6,5.661545727139935,5.7968948881851645,5.8,5.8,5.8,5.8,5.8,5.8,5.9,5.9,5.940671534142251,6.0,6.0,6.0,6.0,6.0,6.0,6.0,6.1,6.1,6.1,6.140306890980156,6.2,6.2,6.2,6.2,6.2,6.2,6.2,6.2,6.3,6.4,6.4,6.5,6.500258245611019,6.669487052929304,6.740688082251234,6.8,6.889518608039907,6.9,6.9,6.9,6.9,6.9,7.1007814371307285,7.3,7.3,7.3,7.340415215425673,7.6,7.6,7.9,7.9,9.213633373815764
1.6994546650473745,2.0221271170439143,2.1,2.2,2.258939133588138,2.4,2.5,2.5,2.5,2.5,2.5,2.6,2.8,2.8,2.9,3.0104813919600963,3.1,3.1,3.2305129470707024,3.3,3.3,3.3,3.3,3.3,3.3,3.3,3.3,3.3,3.3,3.3,3.3,3.5,3.6,3.6,3.6,3.6,3.6,3.6,3.6,3.6,3.6,3.6,3.617922626012691,3.7,3.7000358757198555,3.8,3.8,3.8,3.8563222283256664,3.993861234331038,4.0,4.0,4.0,4.076908545720125,4.2,4.2,4.2,4.2,4.2,4.2,4.2,4.2,4.2,4.2,4.2,4.3,4.3,4.3,4.3,4.3,4.3,4.3,4.3,4.4,4.4,4.4,4.4,4.4,4.4,4.4,4.4,4.4,4.4,4.525606498421527,4.6,4.6,4.6,4.6,4.6,4.6,4.6,4.6,4.6,4.6,4.6,4.6,4.6,4.6,4.6,4.6,4.6,4.6,4.6,4.6,4.6,4.7,4.7,4.7,4.7,4.7,4.8,4.8,4.8,5.0,5.0,5.0,5.0,5.0,5.0,5.0,5.0,5.0,5.005449935582613,5.1,5.1,5.1,5.1,5.1,5.1,5.1,5.1,5.1,5.1,5.1,5.142480395589343,5.2,5.2,5.2,5.2,5.2,5.3,5.459500077641303,5.5,5.6,5.6,5.6,5.6,5.6,5.7,5.7,5.8,5.8,5.8,5.8,5.9,5.9,5.9,5.940671534142251,6.0,6.0,6.0,6.0,6.0,6.0,6.0,6.1,6.1,6.1,6.2,6.2,6.2,6.2,6.2,6.2,6.2,6.2,6.2,6.240990970180974,6.4,6.4,6.4,6.5,6.5,6.640688082251233,6.8,6.8,6.9,6.9,6.9,6.9,6.9,7.1007814371307285,7.3,7.3,7.3,7.3,7.5,7.7,7.9,7.9,9.412542703910503
3.2994546650473744,3.344254234087828,3.985485513939149,4.028637342826178,4.3,4.3,4.3,4.3,4.3,4.399609281434633,4.4,4.5,4.5,4.5,4.6,4.710481391960097,4.8,4.8,4.8,4.899741754388987,4.9,4.9,4.9,5.0,5.1,5.179256605514607,5.2,5.3,5.3,5.3,5.3,5.3,5.3,5.3,5.3,5.3,5.3,5.3,5.3,5.3,5.3,5.3,5.4,5.4,5.400035875719856,5.5,5.5,5.6,5.656322228325666,5.7,5.7,5.7,5.7,5.7,5.7,5.7,5.7,5.7,5.8,5.840499922358686,5.9,5.904378489936287,6.0,6.0,6.1,6.1,6.1,6.1,6.2,6.2,6.2,6.2,6.2,6.2,6.2,6.2,6.2,6.2,6.2,6.2,6.2,6.2,6.2,6.276819495264582,6.5,6.5,6.6,6.6,6.6,6.6,6.6,6.6,6.6,6.6,6.6,6.6,6.6,6.6,6.700888621543728,6.8254485778107465,6.9,6.9,6.9,6.9,6.9,6.9,6.9,6.9,6.9,6.9,6.996926093147823,7.0,7.0,7.0,7.0,7.0,7.0,7.07439350157847,7.3,7.3,7.4,7.4,7.6,7.6,7.6,7.6,7.6,7.6,7.6,7.6,7.6,7.6,7.6,7.6,7.6,7.6,7.6,7.6,7.6,7.6,7.6,7.6,7.692054149709747,7.7,7.7,7.7,7.8,7.8,7.8,8.0,8.0,8.0,8.0,8.0,8.0,8.0,8.0,8.0,8.0,8.0,8.0,8.0,8.0,8.0,8.0,8.0,8.0,8.0,8.0,8.0,8.0,8.1,8.1,8.1,8.1,8.1,8.1,8.181981940361947,8.5,8.5,8.5,8.6,8.6,8.9,8.9,8.9,8.9,8.9,8.9,9.1,9.157066387573423,10.0,10.0,10.0,10.0,10.0,10.0,10.071362657173824,10.1,10.1,10.3
2.5989093300947492,2.9,3.0,3.1,3.2178782671762765,3.3,3.3,3.3,3.3,3.3,3.3,3.3,3.3,3.3520555588893193,3.4,3.6,3.6860145100745636,3.7,3.8,3.8,3.9,3.932717428414268,4.0,4.0,4.0,4.0,4.0,4.0,4.049458281606652,4.2,4.2,4.3,4.3,4.3,4.3,4.3,4.353423758114002,4.4,4.5,4.5,4.6,4.6,4.6,4.6,4.600035875719855,4.7,4.7,4.7,4.756322228325667,4.8,4.8,4.8,4.8,4.8,4.8,4.8,4.9,4.9,5.0,5.040499922358685,5.1,5.1,5.1,5.1,5.1,5.1,5.1,5.1,5.216416523712721,5.3,5.3,5.3,5.3,5.3,5.3,5.3,5.3,5.3,5.3,5.3,5.3,5.3,5.3,5.3,5.3,5.3,5.3,5.3,5.3,5.3,5.3,5.3,5.3,5.3,5.3,5.3,5.3,5.3,5.3,5.3,5.3,5.3,5.3991113784562685,5.4,5.4,5.4,5.4,5.4,5.4,5.6,5.6,5.6,5.6,5.6,5.6,5.6,5.6,5.6,5.7,5.7,5.7,5.7,5.7,5.7,5.7,5.7,5.713777036454178,5.8,5.8,5.8,5.8,5.9,5.9,6.0,6.0,6.0,6.0,6.033292681424257,6.1,6.1,6.127360430377235,6.2,6.2,6.2,6.2,6.2,6.2,6.2,6.2,6.2,6.2,6.2,6.2,6.2,6.2,6.2,6.2,6.3,6.3,6.3,6.3,6.3,6.3,6.3,6.3,6.3,6.3,6.3,6.3,6.3,6.3,6.3,6.3,6.3,6.4,6.5,6.5,6.5,6.6,6.6,6.6,6.6,6.6,6.6,6.6,6.689518608039907,6.7,6.7,6.9,6.9,6.9,7.000390718565365,7.1,7.399636869475825,7.6,7.6,7.8,8.0,8.014514486060847,8.6,10.113633373815764
1.9994546650473746,2.822127117043914,2.9,2.9,3.1,3.1,3.1,3.2,3.2,3.2,3.3,3.3,3.3,3.3,3.3,3.3,3.3,3.3,3.4,3.4,3.4671097311820502,3.6,3.696656111381731,3.7,3.7,3.8,3.8,3.8,3.8,3.8,3.8,3.9,3.9,4.0,4.0,4.0,4.053423758114001,4.2,4.3,4.3,4.3,4.3,4.4,4.4,4.4,4.5,4.5,4.5,4.5,4.5,4.5,4.5,4.503105111814835,4.6,4.6,4.6,4.7,4.7,4.8,4.8,4.8,4.8,4.8,4.8,4.8,4.827589739189688,4.9,4.9,4.9,4.9,4.974106826669302,5.0,5.0,5.0,5.0,5.1,5.1,5.167787776252188,5.294550064417384,5.3,5.3,5.3,5.3,5.3,5.3,5.3,5.3,5.3,5.3,5.3,5.3,5.3,5.3,5.3,5.30239250987916,5.4,5.4,5.4,5.4,5.4,5.4,5.5,5.5,5.5,5.5,5.5,5.5,5.5,5.5,5.571989073708892,5.6,5.7,5.7,5.7,5.7,5.7,5.7,5.7,5.7,5.7,5.7,5.7,5.7,5.7,5.7,5.7,5.7,5.7,5.769319877160609,5.8,5.8,5.8,5.8,5.8,5.8,5.872410260810319,5.9,5.9,5.9,5.9,5.9,5.9,6.0,6.0,6.0,6.0,6.0,6.1,6.1,6.1,6.1,6.1,6.1,6.1,6.1,6.159932460047509,6.2,6.2,6.2,6.2,6.2,6.2,6.2,6.2,6.2,6.2,6.241531877275179,6.3,6.3,6.3,6.4,6.4,6.5,6.5,6.5,6.6,6.680147534287232,6.7,6.7,6.767282571585736,6.8,6.9,6.9,6.9,6.913985489925437,7.0,7.0,7.0,7.0,7.0,7.007133298446678,7.6,7.697716733723399,7.8,8.0,8.320207607712838,8.541060866411858,8.871362657173824,10.0,10.0,10.113088038863134
1.995637320378997,2.2442542340878284,2.885485513939149,2.9,2.9,2.9,3.1,3.1,3.1022832662765967,3.2,3.2,3.2,3.2,3.2,3.2,3.2,3.3,3.3,3.3,3.3,3.3,3.3,3.3,3.3,3.3,3.4,3.4,3.4,3.4,3.4037085797800697,3.5,3.6,3.659693109019841,3.7,3.7,3.7,3.753423758114002,3.8,3.8,3.8,3.8,3.8,3.8,3.8,3.9,3.9,3.9,4.0,4.0,4.1,4.130825981018876,4.2,4.2031051118148355,4.3,4.3,4.3,4.4,4.4,4.4,4.4,4.5,4.5,4.5,4.5,4.5,4.5,4.6,4.6,4.61641652371272,4.7,4.7,4.702527623325866,4.8,4.8,4.8,4.8,4.8,4.8,4.8,4.821115852667802,4.9,4.9,4.9,4.9,4.9,5.0,5.0,5.0,5.0,5.078050761736014,5.1,5.1,5.1,5.1,5.3,5.3,5.3,5.3,5.3,5.3,5.3,5.3,5.3,5.3,5.3,5.3,5.3,5.3,5.3,5.371989073708892,5.4,5.4,5.4,5.4,5.4,5.4,5.5,5.5,5.5,5.5,5.5,5.5,5.5,5.5,5.5,5.5,5.6,5.641424948730241,5.7,5.7,5.7,5.7,5.7,5.7,5.7,5.7,5.7,5.7,5.7,5.7,5.7,5.7,5.7,5.725036691116378,5.8,5.8,5.8,5.8,5.8,5.8327652811957815,5.9,5.9,5.9,5.9,5.9,5.9,5.9,6.0,6.0,6.0,6.0,6.010726690124398,6.1,6.1,6.1,6.1935939878452535,6.2,6.2,6.2,6.2,6.2,6.2,6.3,6.3,6.3,6.4,6.4,6.5,6.5,6.5,6.6,6.6,6.669487052929304,6.7,6.713985489925437,6.8,6.9,6.9,6.931224038735451,7.0,7.0,7.1,7.397716733723399,7.4,7.4,7.6,7.8,8.471362657173824,9.016115888486775,10.0,10.3
0.2,0.2,0.5,0.5,0.5589391335881382,0.6,0.6,0.6,0.6022832662765963,0.7,0.7,0.7,0.7,0.7,0.7,0.7,0.7,0.7,0.7,0.7,0.7,0.7,0.7,0.7,0.7,0.7,0.7,0.7,0.7,0.7,0.7,0.7,0.7,0.7,0.7,0.7,0.7,0.7,0.7,0.7,0.7,0.7757947415640416,0.8,0.8,0.8,0.8,0.8,0.8,0.8,0.8,0.8,0.8,0.8,0.8,0.8,0.8,0.8,0.8,0.8,0.8,0.8,0.8,0.8,0.8,0.8,0.8,0.8,0.9,0.9,0.9,0.9,0.9,0.9,0.9,0.9,0.9,0.9,0.9,0.9,0.9,0.9,0.9,0.9,0.9,0.9,0.9,0.9,0.9,0.9,0.9,0.9,0.9,0.9,0.9,0.9,0.9,0.9,0.9,0.9,0.9,0.9,0.9,0.9,0.9,0.9,0.9,0.9,0.9,1.0,1.0,1.0,1.0,1.0,1.0,1.0,1.1,1.1,1.1,1.1,1.1,1.1525051507703892,1.2,1.2,1.2,1.2,1.2,1.213777036454178,1.3,1.3,1.3,1.3,1.3,1.3,1.3,1.3,1.3,1.3,1.3,1.3,1.3,1.3,1.3,1.3,1.3,1.3,1.3,1.3,1.3,1.3,1.3,1.36917401898113,1.4,1.4,1.4,1.4,1.4,1.4,1.4,1.4,1.5,1.5,1.5,1.5,1.5,1.5,1.5,1.5,1.5,1.5,1.5,1.5,1.5,1.5,1.5,1.5,1.5,1.5,1.5,1.6,1.6,1.6,1.6,1.6,1.6,1.6,1.6,1.6,1.6,1.6,1.7,1.8,1.8,1.8,2.0,2.0,2.1,2.282121732823714,2.4,2.4145144860608467,2.8,3.204362679621045
0.2,0.5,0.5,0.6,0.6,0.6,0.6,0.7,0.7,0.7,0.792866701553323,0.8,0.8,0.8,0.9,0.9,0.9,0.9,1.1305129470707023,1.2,1.2,1.2,1.2,1.2,1.2,1.2,1.2,1.3,1.3,1.3,1.3,1.3,1.3,1.3,1.3,1.3,1.3,1.3,1.3,1.3,1.3,1.4,1.4,1.4,1.4,1.4400675399524985,1.5,1.5,1.5,1.5,1.6,1.6,1.6,1.6,1.6,1.6,1.6,1.6,1.6,1.6,1.6,1.6,1.6,1.6,1.6,1.6,1.6,1.6,1.6,1.6,1.6,1.6,1.6,1.6,1.6,1.6,1.6,1.6,1.7,1.7,1.7,1.7,1.7,1.8,1.8,1.8,1.8,1.9,1.95293269309945,2.0,2.0,2.0,2.0,2.0,2.0,2.0,2.0,2.0,2.1,2.1,2.1,2.2,2.2,2.2,2.2,2.2,2.297607490120839,2.3,2.4,2.4,2.4,2.4,2.4,2.5,2.5,2.5,2.5,2.5,2.5,2.5,2.5,2.5,2.6,2.6,2.6,2.6,2.6,2.6,2.6693198771606093,2.7,2.7,2.7,2.7,2.7,2.7,2.7,2.7,2.7,2.764269946863908,2.8,2.8,2.8,2.8,2.8,2.8,2.8,2.8,2.8,2.8,2.8,2.8,2.8,2.843677771674339,2.9,2.9,2.9,2.9,2.9,2.9,2.9,2.9,2.9,2.955172771262977,3.0,3.0,3.0,3.0,3.0,3.040306890980156,3.1,3.1,3.1,3.1,3.2,3.3,3.3,3.3,3.3,3.3,3.4,3.4328902688179483,3.500258245611019,3.6,3.6,3.6,3.6,3.7,3.747944441110684,3.8,3.817525236657525,3.9,4.0,4.1,4.1,4.2,4.4,4.482121732823714,4.742725314347649,5.1,5.255745765912172,6.202726674763153
0.2,0.5,0.5,0.5,0.5,0.5,0.6,0.6,0.6,0.6,0.7,0.7,0.7,0.7,0.7,0.8,0.8,0.8,0.8,0.8,0.8,0.8,0.8,0.8,0.8,0.8,0.8,0.9,0.9,0.9,0.9,0.9,0.9,0.9,0.9,0.9128120243094798,1.1,1.1,1.2,1.2,1.2,1.2,1.2,1.2,1.2,1.2,1.2,1.2,1.2,1.2,1.2308259810188757,1.3,1.3,1.3,1.3,1.3,1.3,1.3,1.3,1.3,1.3,1.3,1.3,1.3,1.3,1.3,1.3,1.3,1.3,1.3,1.3,1.3,1.3,1.3,1.3,1.3,1.3,1.3,1.3,1.3,1.3,1.3,1.3,1.3,1.3513332276346603,1.4,1.4,1.4,1.5,1.5,1.5,1.5,1.5,1.5,1.5023925098791608,1.6,1.6,1.6,1.6,1.6,1.6,1.6,1.6,1.6,1.6,1.6,1.6,1.6,1.6,1.6,1.6,1.6,1.6,1.6,1.6,1.6,1.6,1.6,1.6,1.6,1.6,1.6,1.6,1.6,1.6591808414844933,1.7,1.7,1.7,1.7,1.7,1.8,1.8,1.8,1.8,1.8,1.8,1.8,1.8,1.9,1.9,2.0,2.0,2.0,2.025036691116378,2.1,2.1,2.1,2.1,2.1,2.2,2.3,2.3,2.3,2.4,2.4,2.4,2.4,2.4,2.5,2.5,2.5,2.5,2.5,2.5,2.6,2.6,2.6,2.6,2.6,2.6,2.7,2.7,2.8,2.8,2.8,2.8,2.8,2.8,2.8,2.8,2.8,2.800258245611019,2.9,2.9406880822512336,3.0,3.0,3.0,3.1,3.1,3.1175252366575252,3.2,3.4003907185653643,3.5,3.6,3.7,3.7202076077128368,3.8,3.9,4.1,4.2,4.702181339810522
0.2,0.2,0.2,0.2,0.5,0.5,0.5931700645275615,0.6,0.6,0.6,0.6928667015533229,0.7,0.7,0.8,0.8,0.8104813919600965,0.9,0.9,0.9,0.9,0.9,0.9654348568285358,1.1,1.2,1.2,1.2,1.2,1.2,1.2,1.2,1.2,1.2,1.259693109019841,1.3,1.3,1.3,1.3,1.3,1.3,1.3,1.3,1.3,1.3,1.3,1.3,1.3,1.3,1.3,1.3,1.3,1.3,1.3,1.3,1.3,1.3,1.3,1.3,1.3,1.3,1.3,1.3,1.3,1.335730053136092,1.4,1.4,1.4,1.4,1.4,1.5,1.5,1.5,1.6,1.6,1.6,1.6,1.6,1.6,1.6,1.6,1.6,1.6,1.6,1.6,1.6,1.6,1.6,1.6,1.6,1.6,1.6,1.6,1.6,1.6,1.6,1.6,1.6,1.6,1.6,1.6008886215437288,1.7,1.7,1.7,1.7,1.7,1.7,1.7729278915505744,1.8,1.8,1.8,1.8,1.9969260931478232,2.0,2.0,2.0,2.0,2.0,2.0,2.0,2.0002692641843907,2.1,2.1,2.1,2.1054499355826124,2.2,2.2,2.2,2.2,2.2,2.2,2.2,2.2258931733306895,2.3,2.3,2.3,2.3424803955893423,2.4,2.4,2.4,2.4,2.4,2.5,2.5,2.5,2.5,2.5,2.5,2.5,2.5,2.5,2.5,2.56917401898113,2.6,2.6,2.6,2.6,2.659932460047509,2.7,2.7,2.7,2.7,2.7670798011073146,2.8,2.8,2.8,2.8,2.8,2.8,2.8,2.8,2.8,2.8,2.8,2.8,2.8,2.8,2.8207433944853904,2.9,2.9,2.9,2.9,2.9,3.0,3.0,3.0,3.0139854899254375,3.1,3.1,3.2,3.3,3.3,3.4,3.4003907185653643,3.6,3.6,3.7,3.8,3.8,3.9,4.243543458182541,4.877872882956086,5.302181339810522
1.295637320378997,1.6,1.7709710278782986,1.9,2.0,2.2797923922871655,2.4,2.4,2.5,2.5,2.5,2.5,2.5,2.5,2.5,2.5104813919600963,2.6,2.6,2.6,2.6,2.6,2.7,2.7,2.7,2.7,2.7,2.737286272143571,2.8,2.8,2.8,2.8,2.8,2.8,2.8,2.8,2.8,2.8534237581140016,2.9,2.9,2.9,2.9,2.9,2.9,2.959328465857746,3.0,3.0,3.0,3.0,3.0,3.0,3.0,3.0,3.0,3.1,3.1,3.1,3.1,3.1,3.1,3.1,3.1,3.1,3.1,3.1,3.1,3.1,3.2150392088213264,3.3,3.3,3.3,3.3,3.3,3.3,3.4,3.4,3.4,3.4,3.4,3.4945500644173846,3.5,3.5,3.5,3.5997307358156037,3.6,3.6,3.6,3.6,3.6,3.6,3.6,3.6,3.6,3.6,3.6,3.6,3.6,3.7,3.7,3.700888621543729,3.8,3.8,3.8,3.8,3.8,3.9,3.9,3.9,3.9,3.9,3.9,3.9,3.9,3.9,3.9,3.9,3.9,3.948666772365334,4.0,4.0,4.0,4.0,4.0,4.0,4.0,4.0,4.0,4.0,4.0,4.0,4.0,4.1,4.1,4.1,4.1,4.1,4.1,4.1,4.1332926814242565,4.2,4.2,4.2,4.2,4.2,4.2,4.3,4.392345214177164,4.4,4.4,4.4,4.432765281195782,4.5,4.6,4.6,4.6,4.7,4.7,4.7,4.7,4.7,4.7,4.7670798011073146,4.9,4.9,5.0,5.0,5.0,5.0,5.0,5.040306890980156,5.1,5.1,5.1,5.1,5.2,5.2,5.3,5.3,5.4,5.4,5.4,5.4,5.4,5.4,5.4,5.6,5.6,5.6,5.6,5.6,5.7,5.7,5.7,5.7,5.9,6.1068299354724385,6.2,6.3,6.571362657173824,6.8,6.9,7.800545334952631
0.5994546650473747,0.7,0.8,0.8,0.8,0.9,0.9,0.9,1.2,1.2,1.2,1.2,1.2,1.2520555588893196,1.3,1.3,1.3,1.3,1.3,1.3,1.3,1.4,1.4,1.5,1.5,1.5,1.5,1.5,1.6,1.6,1.6,1.6,1.6,1.6,1.6,1.6,1.6,1.6,1.6,1.689273309875608,1.7,1.7,1.7,1.759328465857746,1.8,1.8,1.8,1.8,1.8563222283256664,1.9,1.9,2.0,2.0,2.0,2.0,2.0,2.1,2.1,2.1,2.1,2.1,2.3,2.3,2.3,2.3,2.3,2.3,2.3871246204709533,2.4,2.4,2.4,2.4,2.4,2.4,2.4,2.4,2.440819158515501,2.5,2.5,2.5,2.5,2.5,2.5,2.5,2.55133322763466,2.6,2.6,2.6,2.6,2.6,2.6,2.6,2.6,2.6,2.6,2.6,2.6,2.6,2.600888621543729,2.7,2.7,2.7,2.7,2.7,2.7,2.7,2.7,2.7,2.8,2.8,2.8,2.8,2.8,2.8,2.8,2.8,2.8,2.8,2.8,2.8,2.8,2.8,2.8,2.8,2.8,2.9,2.9,2.9,2.9,2.9,2.9,2.9,2.9835834762872877,3.0,3.0,3.0,3.0,3.0,3.0,3.0,3.0,3.0,3.1,3.1,3.1,3.1,3.1,3.1,3.1,3.3,3.3,3.3,3.3,3.4,3.5,3.5,3.5,3.6,3.6,3.6,3.6,3.6,3.6,3.6,3.6,3.7,3.7,3.790424139558621,3.8,3.8,3.8,3.8,3.8,3.9,3.9,3.9,3.9,4.0,4.0,4.0,4.0,4.1,4.1,4.1,4.1,4.1,4.2,4.3,4.4,4.4,4.4,4.6,4.697716733723399,4.7,4.706829935472439,4.920207607712837,5.0,5.1,5.229028972121694,5.633618648868259,6.7
0.5,0.5,0.5,0.5,0.5,0.5,0.5,0.6,0.6,0.6,0.6,0.6,0.6,0.7,0.7,0.7,0.7,0.7,0.7,0.7,0.7,0.8,0.8,0.8,0.8,0.8,0.8,0.8,0.8,0.8,0.8,0.8,0.8,0.8,0.8584681227248212,0.9,0.9,0.9,0.9,0.9,0.9,0.9,0.9,0.9,0.9,0.9,0.9,0.9,0.9,0.9,0.9,0.9,0.9,0.9,0.9,0.9,0.9415378870321603,1.1,1.1,1.1,1.1,1.1,1.1,1.166707318575743,1.2,1.2,1.2,1.2,1.2,1.2,1.2,1.2,1.2,1.2,1.2,1.2,1.2,1.2,1.2,1.2,1.2474948492296107,1.3,1.3,1.3,1.3,1.3,1.3,1.3,1.3,1.3,1.3,1.3,1.3,1.3,1.3,1.3,1.3,1.3,1.3,1.3,1.3,1.3,1.3,1.3,1.3,1.3,1.3,1.322338458626433,1.4,1.4,1.4,1.4,1.4,1.4,1.4,1.4,1.4,1.4,1.4,1.4263033519292547,1.5,1.5,1.5,1.5,1.5,1.5,1.5,1.5,1.5,1.5,1.5,1.5,1.5,1.5,1.5,1.5,1.6,1.6,1.6,1.6,1.6,1.6,1.6,1.625036691116378,1.7,1.7,1.7,1.7,1.7,1.7,1.7,1.7,1.7436777716743392,1.8,1.8,1.8,1.8,1.8,1.8,1.8,1.8670798011073144,1.9107266901243973,2.0,2.0,2.0,2.1,2.1,2.1,2.1,2.1,2.143198843880208,2.3,2.3,2.3059984560655775,2.4,2.4,2.4,2.4,2.4,2.4,2.4,2.4,2.4,2.4,2.5139854899254375,2.6,2.6,2.695888882221368,2.8,2.8,2.8,2.8,2.9,2.9,3.0,3.0202076077128366,3.1,3.385450628695298,3.5290289721216936,4.1,4.200545334952631
0.9,1.2,1.2854855139391492,1.4,1.4,1.6,1.6,1.6,1.6,1.6,1.6,1.6,1.6,1.6,1.6325549936923018,1.7,1.7,1.8593119177487658,2.0,2.0,2.0,2.032717428414268,2.2,2.259009029819025,2.3,2.3,2.3372862721435705,2.4,2.4,2.4,2.4,2.4,2.4,2.4,2.4584681227248213,2.5,2.5,2.5,2.5,2.5,2.5,2.5,2.517922626012691,2.6,2.6,2.6,2.6,2.6,2.6,2.7,2.7,2.7,2.7,2.7,2.7,2.7,2.7,2.7,2.7,2.8,2.8,2.8,2.8,2.8,2.8,2.8,2.8,2.8,2.8,2.8,2.8,2.8,2.8,2.8,2.8,2.9,2.9,2.9,2.9,2.9,2.9,2.9,2.9,2.9,2.9,2.9,2.9,2.9,2.9,2.9,2.9,2.9,2.9,2.9,2.9023925098791605,3.0,3.0,3.0,3.1,3.1,3.1,3.1,3.1,3.1,3.1,3.1,3.1,3.1,3.1,3.1,3.1,3.1,3.1,3.1,3.1,3.1,3.1486667723653343,3.2743935015784698,3.3,3.3,3.3,3.3,3.3,3.3,3.3,3.3,3.3,3.3,3.3,3.3,3.3,3.3,3.3,3.3,3.3,3.3,3.3,3.3,3.3,3.3,3.3,3.3,3.3,3.4,3.4584621129678395,3.5923452141771635,3.6,3.6,3.6,3.6,3.6,3.6,3.6,3.6,3.6205547246477123,3.7599324600475086,3.8,3.8,3.8,3.8,3.8,3.8107266901243975,3.9,3.9,3.9,3.9,3.9,3.9,3.9,3.9,3.9,3.996291420219933,4.0,4.0,4.0,4.0,4.0,4.0,4.1,4.167282571585735,4.2,4.2,4.269487052929304,4.3,4.4,4.5,4.5,4.6,4.662448077470901,4.8,4.907133298446678,5.0,5.1,5.2,5.3,5.3,5.3,5.471362657173825,5.514514486060847,5.7,6.2065440194315675
0.5,0.7,0.7854855139391493,0.8,0.8,0.8,0.9,0.9,1.1,1.2,1.2,1.2,1.2687759612645444,1.3,1.3,1.4,1.4,1.4,1.5,1.5,1.5,1.6,1.6,1.6,1.6,1.6,1.6,1.6,1.6,1.6,1.6,1.6,1.6,1.6,1.6,1.6,1.6,1.6,1.6,1.6,1.6,1.6,1.6,1.6,1.6,1.6,1.6,1.6,1.6,1.6,1.6,1.6,1.6,1.6,1.6,1.6,1.6,1.6,1.6,1.6,1.6,1.6,1.6,1.666707318575743,1.7,1.7,1.7,1.7,1.7164165237127207,1.8,1.8,1.8,1.8,1.9,2.0,2.0,2.0,2.0,2.0,2.0,2.0474948492296106,2.1,2.1,2.2,2.2,2.2,2.3,2.3,2.3,2.4,2.4,2.4,2.4,2.4,2.5,2.5,2.5,2.5,2.5,2.5,2.5,2.5,2.5,2.5236884075919988,2.6,2.6,2.6,2.6,2.6,2.6,2.6,2.6,2.64706730690055,2.7,2.7,2.7,2.7,2.7,2.7,2.7,2.7,2.7,2.7,2.7,2.7,2.7,2.7,2.7,2.8,2.8,2.8,2.8,2.8,2.8,2.8,2.8,2.8,2.8,2.8,2.8,2.8,2.8,2.8,2.8,2.8584621129678394,2.9,2.9,2.9,2.9,2.9,2.9,2.9,2.9,3.0,3.0,3.0,3.0,3.0,3.0,3.0,3.067079801107315,3.1,3.1,3.1,3.1,3.1,3.1,3.1,3.140306890980156,3.3,3.3,3.3,3.3,3.3,3.3,3.3,3.3,3.4,3.4,3.6,3.6,3.6,3.6,3.6,3.7139854899254376,3.8,3.9,3.9,3.9,4.0,4.1,4.2,4.2,4.4,4.6,4.7,5.041060866411857,5.242725314347649,5.4,5.5,5.7
0.2,0.5,0.5,0.5,0.5589391335881382,0.6,0.6,0.6,0.6,0.6,0.7,0.7,0.7,0.7,0.7,0.7,0.7,0.7,0.8,0.8,0.8,0.8,0.8,0.8,0.8,0.8,0.8,0.8,0.8,0.8,0.8,0.8,0.8,0.8,0.8,0.9,0.9,0.9,0.9,0.9,0.9,0.9,0.9,0.9,0.9,0.9,0.9,0.9,0.9,0.9,0.9,0.9,0.906210223629671,1.1,1.1,1.1,1.2,1.2,1.2,1.2,1.2,1.2,1.2,1.2,1.2,1.2,1.2,1.2,1.2,1.2,1.2,1.2,1.2,1.2,1.2862229635458164,1.3,1.3,1.3,1.3,1.3,1.3,1.3,1.3,1.3,1.3,1.3,1.3,1.3,1.3,1.3,1.3,1.3,1.3,1.3,1.3,1.3,1.3,1.3,1.3,1.3,1.3,1.3,1.3,1.4,1.4,1.4,1.4,1.4,1.5,1.5,1.5,1.5,1.5,1.5,1.5,1.5,1.548666772365334,1.6,1.6,1.6,1.6,1.6,1.6,1.6,1.6,1.6,1.6,1.6,1.6,1.6,1.6,1.6,1.6,1.6,1.6,1.6,1.6,1.6,1.7,1.7,1.7,1.7,1.7,1.7,1.7,1.8,1.8,1.8,1.8,1.8,1.8,1.8,1.8,1.9,1.9205547246477124,2.0,2.0,2.040671534142251,2.1,2.1,2.1,2.1,2.2,2.2,2.3,2.3,2.3,2.3,2.4,2.4,2.4,2.4,2.4,2.4,2.4627137278564306,2.5,2.5,2.5,2.6,2.6,2.6,2.6,2.6,2.7,2.8,2.8,2.8,2.8,2.8,2.8,2.8071332984466775,3.0,3.0,3.0,3.1136598709448777,3.4202076077128365,3.582121732823714,3.8713626571738247,3.9,4.1,4.702181339810522
1.5978186601894986,2.0,2.1,2.3286373428261777,2.5,2.679792392287166,2.8,2.8,2.8,2.8,2.9,2.9,2.9,2.9,2.9,2.9,2.9,2.9,2.9,2.9,2.9,2.9,3.0,3.0,3.1,3.1,3.1,3.1,3.1,3.1,3.1,3.1,3.259693109019841,3.3,3.3,3.3,3.3,3.3,3.3,3.4,3.4,3.4,3.417922626012691,3.5,3.5,3.6,3.6,3.6,3.6,3.6,3.6,3.6,3.6031051118148354,3.7,3.7,3.7,3.7,3.7,3.8,3.8,3.8,3.8,3.8,3.866707318575743,3.9,3.9,3.9,3.9,3.9,3.9,3.9,3.9025276233258666,4.0,4.0,4.0,4.013634252669689,4.1,4.167787776252188,4.2,4.2,4.2,4.2,4.2,4.2,4.2,4.2,4.2,4.2,4.2,4.2,4.2,4.3,4.3,4.4,4.4,4.4,4.4,4.4,4.4,4.4,4.4,4.4,4.4,4.4,4.448291057822746,4.5,4.597607490120839,4.6,4.6,4.6,4.6,4.6,4.6,4.6,4.6,4.7,4.7,4.7,4.7,4.7,4.7,4.8,4.8,4.8,4.8,4.8,4.8,4.8,4.8,4.8,4.825893173330689,4.9,4.9,4.9,4.9,4.9,4.9,5.0,5.0,5.0,5.0,5.0,5.0,5.1,5.1,5.1,5.1,5.1,5.196894888185165,5.2,5.2,5.2,5.2,5.3,5.3,5.3,5.3,5.3,5.3,5.3,5.3,5.3,5.3,5.3,5.3,5.3,5.3,5.3,5.3,5.3,5.3,5.3,5.3,5.305998456065578,5.462713727856431,5.5,5.5,5.5,5.503343888618275,5.667282571585735,5.8,5.9,6.0,6.1,6.1,6.1,6.1,6.2,6.2,6.2,6.2,6.2,6.2,6.2,6.3,6.4,6.6,6.671362657173825,6.914514486060847,7.4,10.107089354384197
0.5994546650473747,0.9663813511317425,1.2,1.2,1.2,1.2797923922871657,1.3,1.3,1.5,1.5,1.5,1.5,1.5687759612645444,1.6,1.6,1.6,1.6,1.6,1.6,1.6997417543889866,1.7,1.7,1.7966561113817308,1.8,1.8,1.8,1.8,1.8,1.8,1.8,1.8,1.8,1.8,1.9,1.9,2.0,2.0,2.0,2.0,2.0,2.0,2.0,2.0,2.0,2.1,2.1,2.1,2.1,2.1,2.1,2.2,2.2,2.2,2.3,2.3,2.3,2.3,2.3,2.3,2.3,2.3,2.304378489936286,2.4,2.4,2.4,2.4275897391896875,2.5,2.5,2.5,2.5,2.5,2.5,2.5,2.5,2.5,2.6,2.6,2.6,2.6,2.6,2.7,2.7,2.7,2.7,2.7,2.776920127242516,2.8,2.8,2.8,2.8,2.8,2.8,2.8,2.8,2.8,2.8,2.8,2.8,2.8,2.8,2.8499999999999996,2.9,2.9,2.9,2.9,2.9,2.9,2.9,2.9471294307578546,3.0,3.0,3.0,3.0,3.0,3.0,3.0230798727574837,3.1,3.1,3.1,3.1,3.1525051507703896,3.3,3.3,3.3,3.3,3.3,3.313777036454178,3.441424948730241,3.5,3.5,3.5,3.5,3.6,3.6,3.6,3.6,3.6,3.6,3.6,3.6956215100637166,3.7,3.7,3.7,3.8,3.8,3.8,3.9,3.9,3.9,3.9,3.9,3.9,4.0,4.0,4.0,4.1,4.199964124280138,4.2,4.2,4.2,4.2,4.2,4.2,4.200446139750591,4.4,4.4,4.4,4.580848279117242,4.6,4.6,4.6,4.6,4.6,4.6,4.6,4.6,4.6,4.6,4.6,4.6,4.6,4.600258245611019,4.7,4.8,4.8,4.8,4.9,4.9,4.9,5.0,5.0,5.1,5.1,5.1,5.2,5.3,5.3,5.3,5.5,5.933618648868259,6.2
0.6,0.8,0.9,0.9,0.9589391335881382,1.1,1.1,1.2,1.2,1.2,1.2,1.2,1.2,1.2520555588893196,1.3,1.3,1.3,1.3,1.3,1.3,1.3,1.3,1.3,1.3,1.3,1.3,1.3,1.3,1.3,1.3,1.3,1.3,1.3,1.3,1.3,1.3,1.3,1.3,1.3,1.3,1.3,1.3,1.3,1.359328465857746,1.4,1.4,1.4,1.5,1.5,1.5,1.5,1.5,1.5,1.5,1.5,1.5,1.5,1.5,1.6,1.6,1.6,1.6,1.6,1.6,1.6,1.6275897391896876,1.7,1.7,1.7,1.7,1.7,1.7,1.7,1.7,1.7,1.7,1.7,1.7,1.7,1.7,1.7,1.7,1.7,1.7,1.7,1.7,1.7,1.7,1.7,1.7,1.7,1.7,1.8,1.8,1.8,1.8,1.8,1.8,1.8,1.8,1.8,1.8,1.8,1.8,1.8,1.8,1.8,1.8,1.8,1.8,1.8,1.8,1.8,1.8,1.8,1.8,1.8,1.8,1.8,1.8,1.8,1.8,1.8,1.8,1.8,1.8,1.8,1.8,1.8,1.8,1.8,1.8,1.8,1.8,1.8,1.8,1.8,1.8,1.8,1.8,1.8,1.8,1.8,1.8,1.8,1.8,1.9,1.9,1.9,1.9327652811957818,2.0,2.0,2.0,2.1,2.1,2.1,2.1,2.1,2.1,2.2,2.2,2.2,2.3,2.3,2.3,2.3,2.3,2.3,2.3,2.3,2.3,2.3,2.3,2.3,2.3,2.3,2.3,2.3409909701809735,2.4,2.4,2.4,2.4,2.4,2.6,2.6139854899254376,2.789518608039907,2.8,2.8,2.8,2.817525236657525,2.9,2.9003907185653643,3.0,3.1,3.2,3.4202076077128365,3.5,3.7,3.9,3.977872882956086,5.1
1.8989093300947493,1.9,2.0,2.3,2.3589391335881382,2.4,2.5,2.6,2.7022832662765968,2.8,2.8,2.9,2.9,2.9,2.9,2.9,2.9,2.9,2.9,2.9,2.9,2.9,2.9,2.9590090298190246,3.0,3.0,3.0,3.1,3.1,3.1,3.1,3.1,3.1,3.1,3.1,3.1,3.1,3.1,3.1,3.1,3.1,3.1,3.1,3.159328465857746,3.2,3.2,3.2,3.218190088503164,3.3,3.3,3.3,3.3,3.3,3.3,3.3,3.3,3.3,3.3,3.3,3.3,3.3,3.3,3.4,3.4,3.4,3.4,3.4,3.4,3.4,3.4,3.4,3.4,3.4,3.4,3.4,3.4,3.4,3.4,3.4,3.4,3.4,3.4,3.4,3.4,3.4,3.5769201272425164,3.6,3.6277108492161205,3.7,3.7,3.7,3.7,3.7,3.7,3.7,3.7,3.7,3.7,3.7,3.7254485778107465,3.8,3.8,3.8,3.8,3.8,3.8,3.8,3.8,3.8,3.8,3.8,3.9,3.9,3.9,3.9,3.9,3.9,3.97439350157847,4.0,4.0,4.1,4.1,4.2,4.2,4.3,4.3,4.4,4.4,4.4,4.4,4.5,4.5,4.5,4.5,4.6,4.6,4.6,4.6,4.6,4.6,4.6,4.6,4.6,4.6,4.6,4.6,4.626701204161429,4.7,4.7,4.7,4.7,4.7,4.7,4.7,4.8,4.8,4.8,4.8,4.8,4.8,4.9,4.9,4.9,5.0,5.0,5.0,5.1,5.1,5.2,5.3,5.3,5.3,5.3,5.3,5.3,5.5,5.5,5.5,5.603343888618275,5.834565143171472,5.9,6.0,6.1,6.1,6.1,6.1,6.2,6.3,6.3,6.3,6.4,6.4,6.5,6.6,6.806829935472439,6.9,7.123182599235571,7.6140879715214735,7.8,8.411491531824344,10.705453349526305
1.695637320378997,1.9,1.9,2.0,2.0,2.179792392287166,2.3,2.4,2.4022832662765965,2.5,2.5,2.6,2.6,2.6,2.8,2.8,2.8,2.9,2.9,2.9,2.9,2.9,2.9,2.9,2.9,2.9,2.9,2.9,2.9,2.9,2.9,2.9,2.9,2.9,2.9,3.0,3.0,3.0,3.04482722873702,3.1,3.1,3.1,3.1,3.1,3.1,3.1,3.1,3.1,3.1,3.1,3.1,3.1,3.1,3.1,3.1,3.1,3.1,3.1,3.1,3.1404999223586856,3.2,3.2,3.2,3.2,3.297323051621021,3.3,3.3,3.3,3.3,3.3,3.3,3.3,3.3,3.3,3.386222963545816,3.4,3.4,3.4,3.4,3.4,3.4,3.4,3.4,3.4,3.4,3.4,3.4,3.4,3.4,3.4,3.4,3.4,3.4,3.4,3.5023925098791606,3.6,3.6,3.6,3.6,3.625448577810747,3.7,3.7,3.7,3.7,3.7,3.7,3.7,3.7,3.7,3.7,3.7,3.8,3.8,3.8,3.8,3.8,3.8,3.8,3.8,3.8,3.8,3.8,3.8,3.8,3.8,3.8,3.9,3.9,3.9,3.997472376674125,4.0,4.1,4.1,4.212875379529044,4.3,4.372410260810319,4.4,4.4,4.464269946863908,4.5,4.5,4.5,4.5,4.6,4.6,4.6,4.6,4.6,4.6,4.6,4.6,4.6,4.6,4.6,4.6,4.6,4.6,4.6,4.6,4.6,4.7,4.7,4.7,4.7,4.7465762418859985,4.8,4.8,4.8,4.8,4.89121831144011,4.943198843880208,5.0,5.0,5.0,5.0,5.0207433944853905,5.1,5.140990970180973,5.3,5.3,5.3,5.5,5.5,5.581376164502467,5.8,5.889518608039907,5.9,6.0,6.1,6.117525236657525,6.2,6.200390718565365,6.3,6.3,6.4,6.5,6.6,6.7,6.7,7.077872882956086,11.401636004857892
0.7,0.7,0.7,0.7,0.7,0.7,0.8,0.8,0.8,0.8,0.8,0.8,0.8,0.8,0.8,0.8,0.8,0.8,0.8,0.8,0.8,0.8,0.8,0.8,0.8,0.8,0.8,0.8,0.8,0.8,0.8,0.8,0.8,0.8,0.8,0.8,0.8,0.8,0.8,0.8,0.8,0.8,0.8,0.8,0.8,0.8,0.8,0.8,0.8,0.8,0.8,0.8,0.8,0.8,0.8,0.8,0.8,0.8,0.8,0.8,0.8,0.8,0.8,0.8,0.8,0.8,0.8,0.8,0.8,0.8,0.8,0.8,0.8,0.8,0.8,0.8,0.8,0.8,0.8,0.8,0.9,0.9,0.9,0.9,0.9,0.9,0.9,0.9,0.9,0.9,0.9,0.9,0.9,0.9,0.9,0.9,0.9,0.9,0.9,0.9,0.9,0.9,0.9,0.9,0.9,0.9,0.9,0.9,0.9,0.9,0.9,1.0,1.0,1.0722891507838768,1.1,1.1,1.1,1.1,1.1,1.126303351929255,1.2,1.2,1.2,1.2,1.2,1.2,1.2,1.2,1.2,1.2,1.2,1.2,1.2,1.2,1.3,1.3,1.3,1.3,1.3,1.3,1.3,1.3,1.3,1.3,1.3,1.3,1.4,1.4,1.4,1.4,1.4,1.4,1.4,1.4,1.4,1.4,1.4,1.4406715341422511,1.5,1.5,1.5,1.5,1.5,1.5,1.5,1.5,1.5,1.5,1.5,1.5,1.5,1.5,1.5,1.5,1.5,1.5,1.5,1.5,1.5,1.5,1.5,1.5,1.5,1.6,1.6,1.6,1.6,1.6,1.6,1.6,1.6,1.6,1.6977167337233994,1.7,1.8,1.8202076077128369,2.1,2.1,2.4145144860608467,2.8,3.0005453349526308
1.3934559805684956,2.110635585219571,2.6,2.9,3.2178782671762765,3.3,3.5,3.6,3.6,3.6,3.7,3.782474763342478,3.9,3.9,3.932554993692302,4.0,4.0,4.0,4.0,4.199741754388987,4.2,4.2,4.2,4.2,4.3,4.3,4.3,4.3,4.3,4.3,4.4,4.5,4.6,4.7,4.7,4.7,4.7,4.7,4.7,4.7,4.7,4.7,4.8,4.8,4.8,4.8,4.8,4.9,4.956322228325667,5.0,5.0,5.0,5.0,5.0,5.0,5.0,5.0,5.0,5.1,5.1,5.1,5.1,5.2,5.2,5.2,5.2,5.2,5.2,5.2,5.2,5.2,5.2,5.2,5.2,5.2,5.2,5.2,5.2,5.2,5.2,5.2,5.2,5.2,5.2,5.25133322763466,5.3,5.3,5.3,5.35293269309945,5.4,5.5,5.5,5.5,5.5,5.5,5.5,5.5,5.5,5.5,5.5,5.5,5.6,5.6,5.6,5.6,5.6,5.6,5.6,5.6,5.6,5.6,5.6,5.6,5.6,5.6,5.6,5.6,5.6,5.6,5.6,5.6,5.6,5.6,5.6,5.6,5.6,5.6,5.6,5.6,5.6,5.6,5.6,5.6,5.6,5.6,5.6,5.6,5.6,5.6,5.6,5.6,5.6,5.6,5.6,5.6,5.6,5.6,5.6,5.7,5.7,5.7,5.7,5.7,5.7,5.7,5.7,5.7,5.7,5.7,5.7,5.7,5.7,5.7,5.7,5.7,5.7,5.7,5.7,5.7,5.7,5.7,5.9,5.9,6.0,6.0,6.1,6.2,6.2,6.2,6.2,6.2,6.2,6.269487052929304,6.4,6.4,6.5,6.667445006307696,6.8,6.9,6.9,6.9,6.9,6.9,7.3,7.4,7.7,7.982121732823714,8.1,8.4,8.7,9.20109066990526
1.3934559805684956,2.0221271170439143,2.5854855139391493,2.8572746856523557,3.1,3.3,3.3,3.400363130524173,3.6,3.6,3.6,3.6,3.6,3.6,3.7,3.7,3.7,3.7593119177487657,3.8,3.9,3.9,3.932717428414268,4.0,4.0,4.0,4.0,4.0,4.0,4.2,4.2,4.2,4.2,4.2,4.3,4.3,4.3,4.3,4.3,4.3,4.3,4.3,4.375794741564042,4.4,4.559328465857746,4.6,4.6,4.6,4.7,4.7,4.7,4.7,4.7,4.7,4.7,4.7,4.7,4.7,4.7,4.8,4.8,4.8,4.8,4.8,4.8,4.8,4.827589739189688,4.957519604410663,5.0,5.0,5.0,5.0,5.0,5.0,5.0,5.0,5.0,5.0,5.0,5.0,5.021115852667802,5.1,5.1,5.1,5.1,5.151333227634661,5.2,5.2,5.2,5.2,5.2,5.2,5.2,5.2,5.2,5.2,5.2,5.2,5.2,5.2,5.2,5.2,5.2,5.2,5.3,5.348291057822746,5.4,5.4,5.5,5.5,5.5,5.5,5.5,5.5,5.5,5.5,5.5,5.5,5.6,5.6,5.6,5.6,5.6,5.6,5.6,5.6,5.6,5.6,5.6,5.6,5.6,5.6,5.6,5.6,5.6,5.6,5.6,5.6,5.6,5.6,5.6,5.6,5.6,5.6,5.6,5.6,5.6,5.6,5.6,5.7,5.7,5.7,5.7,5.7,5.7,5.7,5.7,5.7,5.7,5.7,5.7,5.7,5.8107266901243975,5.9,5.9,5.9,5.993593987845253,6.041531877275179,6.1,6.1,6.2,6.2,6.2,6.2,6.2,6.2,6.2,6.2,6.3,6.3,6.3672825715857355,6.4,6.4002582456110195,6.6,6.8,6.9,6.9,6.9,6.9,6.9,6.9,6.9,6.901562874261458,7.3,7.3,7.327319741889755,7.7,7.982121732823714,8.1,8.14354345818254,8.677872882956086,9.4
0.5,0.7,0.7854855139391493,0.8,0.9,0.9,0.9,0.9,0.9,0.9,0.9,1.1,1.1,1.1,1.1,1.1104813919600964,1.2,1.2,1.2,1.2,1.2671097311820503,1.3,1.3,1.3,1.3,1.3,1.4,1.4,1.4,1.5,1.5,1.5,1.5596931090198412,1.7,1.7,1.7,1.7,1.7,1.7,1.7,1.7,1.7,1.7,1.7,1.7,1.7,1.7,1.7,1.7,1.7,1.8,1.8,1.8,1.8384542728600621,1.9732987958385677,2.0,2.0,2.0,2.0,2.0,2.0,2.1,2.1,2.1,2.197323051621021,2.2,2.2,2.2,2.2,2.2,2.2,2.2,2.2,2.2,2.2,2.2,2.2,2.2,2.2,2.221115852667802,2.3,2.3,2.3,2.3,2.3,2.3,2.3,2.3,2.3,2.3,2.3,2.3,2.3,2.3,2.3,2.3,2.3,2.3,2.3,2.3,2.3,2.3,2.3,2.3,2.3,2.4,2.4,2.4,2.4,2.4,2.4,2.4,2.4,2.4,2.4,2.4,2.4,2.4,2.4,2.4,2.4,2.4,2.4,2.4,2.4,2.4,2.4,2.4,2.4,2.4,2.4,2.4,2.4,2.4,2.4,2.4,2.6,2.733292681424257,2.8,2.8,2.8,2.8,2.8,2.8,2.8,2.8,2.8,2.8,2.8,2.8,2.8,2.8,2.8,2.8,2.8,2.8,2.8,2.8,2.8,2.8,2.8,2.8,2.8,2.8,2.846576241885998,2.9,2.9,2.9,2.940306890980156,3.09121831144011,3.1,3.1,3.1,3.1,3.1,3.1,3.1,3.1,3.1,3.1,3.1,3.1,3.1,3.1,3.1,3.4,3.4,3.4,3.4,3.4,3.5071332984466776,3.7003907185653646,3.9,3.9,3.9,3.9,3.9,3.9,4.0,4.7,5.111997368957873
1.4,2.944254234087828,3.1,3.1,3.4,3.5797923922871657,3.7,3.8003631305241727,3.9,4.0,4.0,4.2,4.3,4.4,4.432554993692302,4.5,4.5,4.559311917748766,4.630512947070702,4.8,4.8,4.9,4.99665611138173,5.0,5.019852465712776,5.1,5.1,5.3,5.3,5.3,5.3,5.3,5.3,5.3,5.3,5.4,5.4,5.4,5.4,5.4,5.5,5.5,5.5,5.5,5.5,5.5,5.5,5.5,5.556322228325667,5.6,5.7,5.7,5.7,5.7,5.7,5.7,5.7,5.7,5.8,5.9,5.9,5.9,5.9,5.9,5.9,6.0,6.0,6.0,6.1,6.1,6.1,6.1,6.2,6.2,6.2,6.2,6.2,6.2,6.2,6.2,6.2,6.3,6.3,6.3,6.3,6.3,6.3023763191388555,6.427710849216121,6.5,6.5,6.5,6.5,6.5,6.5,6.5,6.6,6.6,6.6,6.7,6.7,6.7,6.7,6.7,6.823688407591999,7.0,7.0,7.0,7.0,7.0,7.0,7.1,7.3,7.4,7.4,7.4,7.4,7.4,7.4,7.4,7.4,7.5050103015407785,7.6,7.6,7.6,7.6,7.6,7.7,7.7,7.7,7.7,7.7,7.7,7.7,7.8,7.8,7.8,7.8,7.8,7.8,7.8,7.8,7.8,7.992054149709747,8.1,8.1,8.1,8.3,8.3,8.496894888185164,8.5,8.5,8.5,8.5,8.5,8.5,8.5,8.5,8.6,8.8,8.8,8.8,8.9,8.9,9.1,9.1,9.1,9.6,9.6,9.7,9.88243662288022,10.0,10.0,10.0,10.0,10.0,10.0,10.0,10.0,10.0,10.0,10.0,10.0,10.0,10.0,10.1,10.1,10.267445006307696,10.443833323332052,10.7,10.7,10.7,11.4,11.4,11.4,11.9,12.5,12.5,12.571362657173824,12.6,13.3,13.315814713626288
2.8918199757106193,3.1221271170439144,3.385485513939149,3.7,3.7,3.7797923922871655,3.8,3.8,3.9,3.9,4.092866701553323,4.282474763342478,4.3,4.4,4.4,4.5,4.5,4.6,4.6,4.899741754388987,4.9,5.0,5.0,5.0,5.0,5.0,5.1,5.1,5.2,5.3,5.3,5.3,5.3,5.3,5.3,5.3,5.3,5.3,5.3,5.3,5.3,5.3,5.3,5.3,5.3,5.3,5.3,5.3,5.3,5.3,5.330825981018876,5.4,5.4,5.4,5.4,5.4,5.4,5.4,5.4,5.4,5.4,5.5,5.5,5.5,5.5,5.5,5.5,5.5,5.5,5.5,5.5,5.5,5.5306801228393905,5.6,5.6,5.7,5.7,5.7,5.7,5.7,5.7,5.7,5.7,5.7,5.8,5.8,5.8,5.8,5.8,5.8,5.8,5.828010926291105,5.9,5.9,5.9,5.9,5.9,5.9,5.9,5.9,5.9,6.0,6.0,6.0,6.0,6.0,6.0,6.1,6.1,6.1,6.196926093147823,6.2,6.2,6.2,6.2,6.2,6.2,6.2,6.2,6.2,6.2,6.2,6.2,6.2,6.2,6.2,6.2,6.2,6.2,6.3,6.3,6.3,6.3,6.4,6.4,6.4,6.5,6.5,6.5,6.5,6.5,6.559500077641303,6.6,6.6,6.6,6.7,6.7,6.7,6.7,6.7,6.7,6.7,6.7,6.7,6.7,6.7,6.799964124280137,6.8,6.8,6.9,6.9,6.9,6.955172771262977,7.0,7.0,7.0,7.0,7.0,7.0,7.0,7.0,7.0962914202199325,7.3,7.4,7.4,7.4,7.4,7.481981940361948,7.6,7.6,7.6,7.6,7.6,7.6,7.6,7.689518608039907,7.7,7.8,7.8,7.917525236657525,8.314266596893356,8.5,8.5,8.5,8.634149677362194,9.28186846941553,10.0,10.0,10.014514486060847,10.277872882956087,10.515269378673656
0.6989093300947492,0.8,0.8854855139391493,1.2,1.3,1.3,1.3,1.300363130524173,1.4,1.4,1.4,1.4,1.4,1.4,1.5,1.5,1.6,1.6,1.6,1.6,1.6,1.6,1.6,1.6,1.7,1.7,1.8,1.8,1.8,1.8,1.8,1.8,1.8,1.8,1.8,1.8,1.8534237581140018,1.9,2.0,2.0,2.0,2.1,2.1,2.1,2.1,2.1,2.1,2.2,2.2,2.2,2.2,2.3,2.3,2.3,2.3,2.3,2.3,2.3,2.3,2.3,2.3,2.304378489936286,2.4,2.4,2.4,2.4,2.4,2.4,2.4,2.4,2.4,2.4,2.4,2.4,2.4,2.4,2.4,2.4677877762521887,2.5,2.5,2.5,2.5,2.5,2.5,2.5,2.5,2.5,2.5,2.5,2.5,2.5,2.5,2.5,2.5,2.5,2.5,2.5,2.5,2.5,2.5,2.5,2.5,2.5,2.5,2.5,2.5,2.5,2.5,2.5,2.5,2.5,2.5,2.5,2.5,2.5,2.5,2.5,2.6,2.6,2.6,2.6,2.6,2.6,2.632212223747814,2.7,2.7,2.7,2.7,2.7,2.7,2.7,2.7,2.7,2.8,2.8,2.8,2.8,2.8,2.8,2.8,2.8,2.8,2.8,2.8,2.8,2.8,2.8,2.861545727139935,2.9,3.0,3.0,3.0,3.0436777716743393,3.1,3.1,3.1,3.1,3.2,3.2,3.3,3.3670798011073146,3.4,3.455172771262977,3.5,3.5,3.5,3.5,3.5,3.5,3.5,3.6,3.6,3.6,3.8,3.8,3.8,3.8,3.8,3.8,3.8,3.8,3.8,3.9,3.9,3.9,3.9,4.0,4.1,4.1,4.1,4.2,4.2,4.2,4.2,4.4,4.4404152154256735,4.7,5.1,5.714514486060847,6.7,7.6
1.5989093300947494,1.7,2.0,3.2,3.2,3.3,3.5,3.6,3.6,3.6996092814346326,3.8928667015533227,3.9,4.0,4.0,4.0,4.2,4.2,4.3,4.3,4.3,4.3,4.3,4.3,4.4,4.4,4.4,4.4,4.4,4.4,4.5,4.5,4.5,4.5,4.5,4.5,4.5,4.5,4.5,4.5,4.678546619751216,4.7,4.9,4.9,4.9,5.000035875719855,5.140067539952498,5.2,5.2,5.2,5.2,5.2,5.3,5.3,5.3,5.3,5.3,5.3,5.3,5.3,5.3,5.3,5.4,5.4,5.4,5.4,5.4275897391896875,5.5,5.587124620470953,5.6,5.6,5.6,5.6,5.7,5.7,5.8,5.9,6.0,6.0,6.0,6.0,6.0,6.0,6.0,6.0,6.0,6.0,6.0,6.0,6.0,6.0,6.0,6.0,6.0,6.0,6.0,6.0,6.0,6.0,6.0,6.0,6.0,6.0,6.0,6.0,6.0,6.0,6.0,6.0,6.0,6.0,6.0,6.0,6.0,6.0722891507838765,6.1,6.2,6.2,6.27439350157847,6.300269264184391,6.4,6.4,6.4,6.4,6.4,6.4,6.4,6.5,6.5,6.5,6.5,6.525893173330689,6.6,6.6,6.7,6.7,6.7,6.7,6.7,6.7,6.7,6.8,6.8,6.892054149709748,6.9,6.9,6.9,6.9267012041614295,7.0,7.0,7.1,7.1,7.1,7.3,7.3,7.3,7.3,7.3,7.3,7.3,7.5,7.567079801107314,7.6,7.6,7.700446139750591,7.846576241885998,7.9,7.941531877275179,8.280848279117244,8.3,8.3,8.443198843880209,8.5,8.5,8.5,8.56271372785643,8.6,8.6,8.6,8.6,8.6,8.732890268817949,8.8,8.8,8.8,8.9,8.9,8.9,8.9,9.1,9.1,9.5,9.5,9.597716733723399,9.7,9.713659870944877,10.3,10.3,10.3,10.5,11.7,14.5
1.5989093300947494,1.6,1.6,1.6,1.6,1.7,1.986340129055123,2.0,2.3022832662765964,2.4,2.492866701553323,2.5,2.5687759612645444,2.6,2.6651099873846036,3.0,3.0,3.1,3.2,3.2,3.2,3.2,3.2,3.259009029819025,3.3,3.3,3.3,3.3,3.3,3.3,3.3,3.3175633771197734,3.5,3.5,3.5,3.5,3.553423758114002,3.6,3.6,3.6,3.6,3.6,3.6,3.6,3.7,3.7,3.7,3.7,3.7563222283256663,3.8,3.830825981018876,3.9,3.9,3.9,3.9732987958385677,4.0,4.0,4.0,4.007945850290253,4.140499922358686,4.2,4.2,4.2,4.3,4.3,4.3,4.3,4.3,4.3,4.3,4.3,4.3,4.3,4.3,4.3,4.3,4.3,4.3,4.3,4.3,4.34749484922961,4.4,4.4,4.5,4.5,4.5,4.5,4.5,4.5,4.5,4.5,4.5,4.5,4.5,4.5,4.5,4.5,4.5,4.5,4.5,4.5,4.5,4.5,4.5,4.5,4.5,4.5,4.5,4.547129430757854,4.6,4.7,4.7,4.74706730690055,4.9,4.9,5.0,5.0,5.1,5.2,5.2,5.2,5.2,5.2,5.2,5.2,5.2,5.2,5.2,5.2,5.3,5.3,5.3,5.3,5.3,5.3,5.3,5.3,5.3,5.3,5.3,5.4,5.4,5.4,5.4,5.4584621129678395,5.5,5.5,5.6,5.6,5.6,5.6,5.6,5.6,5.7818099114968335,6.0,6.0,6.0,6.0,6.0,6.0,6.0,6.0,6.0,6.0,6.0,6.0,6.0,6.0,6.0,6.19121831144011,6.2,6.2,6.35054171839335,6.4,6.462713727856431,6.5,6.5,6.6,6.603343888618275,6.7,6.7,6.8,6.9,7.1,7.127970979850875,7.3,7.3,7.3,7.6,8.317525236657525,8.5,8.5,8.5,8.6,8.8,8.8,8.841060866411858,9.04272531434765,9.1,9.477872882956087,10.113633373815764
1.3983639951421238,1.6,1.6,1.6,1.6,1.6,1.6,1.6,1.6,1.6,1.6,1.6,1.6,1.6,1.6,1.6,1.6,1.6,1.7,1.7,1.8,1.8,1.8,2.0,2.0,2.0,2.0,2.0,2.0,2.0,2.0,2.3,2.3596931090198408,2.4,2.4,2.4,2.4,2.5,2.5,2.5,2.5,2.575794741564042,2.7,2.7,2.8,2.9,2.9,3.0,3.0,3.0,3.0,3.0,3.0,3.0,3.0,3.0,3.0,3.0,3.0,3.0,3.1,3.1,3.1,3.2,3.2,3.2,3.2,3.2,3.2,3.2,3.2,3.2,3.230680122839391,3.3,3.3,3.3,3.3,3.3,3.3,3.3,3.3,3.3,3.3,3.3,3.3,3.3,3.3,3.3554216984322407,3.5,3.5,3.5030739068521823,3.6,3.6,3.6,3.6,3.7,3.7,3.7,3.7,3.7,3.7,3.8,3.8,3.9,3.9,3.9,3.9,3.9,3.9471294307578546,4.0,4.0,4.0,4.0,4.0,4.0,4.1,4.1,4.2,4.2,4.2,4.2,4.2,4.3,4.3,4.3,4.3,4.3,4.3,4.3,4.3,4.3,4.3,4.3,4.3,4.3,4.3,4.3,4.3,4.3,4.3,4.3,4.3,4.3,4.3,4.3,4.392345214177164,4.4,4.4,4.5,4.5,4.5,4.5,4.5,4.5,4.5,4.5,4.599964124280137,4.6,4.6,4.7,4.7,4.7,4.96551831378893,5.1,5.2,5.2,5.2,5.2,5.2,5.2,5.3,5.3,5.3,5.4,5.4,5.420743394485391,5.5,5.540990970180974,5.6,5.6,5.7,5.8,5.869487052929304,6.0,6.0,6.0,6.0,6.147944441110684,6.2,6.4,6.4,6.400390718565365,6.695433467446799,6.7,6.913659870944878,7.1,7.1,7.3,7.714514486060847,7.877872882956086,9.4
3.690729305805369,4.122127117043914,4.38548551393915,4.4,4.458939133588139,4.6,4.693170064527561,4.8,5.0,5.099609281434632,5.192866701553323,5.3,5.368775961264545,5.452055558889319,5.732554993692302,5.8,5.8,5.8,5.8,5.8,5.8,5.8,5.8,5.8,5.8,5.8,5.8,5.8,5.9,6.0,6.0,6.0,6.0,6.0,6.0,6.0,6.0,6.0,6.1,6.1,6.1,6.175794741564042,6.2,6.2,6.2,6.3,6.3,6.3,6.3,6.3,6.330825981018876,6.4,6.4,6.4,6.4,6.4,6.4,6.4,6.4,6.4,6.4,6.4,6.4,6.4,6.5,6.5,6.5,6.5,6.5,6.5,6.5,6.5,6.5,6.5,6.5,6.5,6.540819158515501,6.6,6.6,6.6,6.7,6.7,6.7,6.8,6.8,6.8,6.8,6.8,6.8,6.8,6.8,6.8,6.8,6.8,6.8,6.9,6.9,6.9,6.9,6.9,6.9,6.9,6.9,6.9,6.9,6.9,6.9,6.9,6.9,6.9,6.9,6.9,6.9941346138011,7.1,7.1,7.1,7.1,7.1,7.1,7.1,7.1,7.1,7.1,7.164424447495628,7.3,7.3,7.3,7.3,7.3,7.3,7.3,7.3,7.3,7.3,7.3,7.3,7.402676948378986,7.5,7.5,7.5,7.5,7.6,7.6,7.6,7.6,7.6,7.7,7.7,7.7,7.7,7.7,7.7,7.7,7.7,7.7,7.7,7.7,7.740671534142251,7.8,7.9,7.9,7.9,8.1,8.300892279501182,8.6,8.6,8.6,8.6,8.7,8.7,8.7,8.7,8.7,8.8,8.86271372785643,8.9,8.9,8.9,8.9,8.9,8.9,8.9,8.9,8.981376164502468,9.613985489925437,9.7,9.7,9.7,9.9,10.1,10.1,10.1,10.1,10.1,10.1,10.1,10.1,10.3,11.44354345818254,11.9,12.603817344668414
1.096727990284248,1.5221271170439141,1.7854855139391492,2.1,2.1,2.1,2.2,2.4,2.4022832662765965,2.5,2.5,2.5,2.6,2.8,2.8,2.9,3.0,3.0,3.1,3.1,3.2342194623641007,3.3,3.3,3.3,3.3,3.3,3.3,3.3,3.5,3.5,3.6,3.6,3.6,3.6,3.6,3.6,3.6,3.6,3.6,3.7,3.7,3.7,3.7,3.7,3.7,3.7,3.7794452753522876,3.8,3.8,3.893861234331038,3.9,4.0,4.0,4.0,4.1,4.107654785822831,4.2,4.2,4.3,4.3,4.3,4.3,4.3,4.3,4.3,4.3,4.3,4.3,4.3,4.3,4.374106826669302,4.4,4.4,4.4,4.4,4.4,4.4,4.4,4.4,4.4,4.4,4.4,4.4,4.4,4.4,4.4,4.4,4.4,4.4,4.4,4.4,4.4,4.4,4.4,4.4,4.4,4.4,4.4,4.4,4.4,4.4,4.4,4.499111378456268,4.6,4.6,4.6,4.6,4.6,4.6,4.6,4.6,4.6,4.6,4.6,4.6,4.6,4.6,4.6,4.6,4.6,4.6,4.6,4.6,4.6,4.6,4.6,4.6,4.6,4.6,4.6,4.6,4.6,4.6,4.6,4.6,4.6,4.6,4.6,4.6,4.6,4.6,4.6,4.7,4.7,4.7,4.7,4.7,4.7,4.7968948881851645,4.8,4.8,4.8,4.843677771674339,4.9,5.0,5.0,5.0,5.0,5.0,5.0,5.0,5.0,5.0,5.0,5.1,5.1,5.1,5.1,5.1,5.1,5.143198843880207,5.2,5.2,5.2,5.2,5.3,5.3,5.3,5.5,5.567282571585736,5.632890268817948,5.8,5.869487052929304,5.9,6.0,6.0,6.0,6.0,6.0,6.017525236657525,6.1,6.2,6.2,6.2,6.2,6.420207607712837,6.9,7.185450628695298,7.3,7.377872882956086,7.701090669905262
0.8978186601894985,0.9,0.9,1.1,1.3,1.3,1.5,1.5,1.5,1.5,1.5,1.5824747633424778,1.6,1.6520555588893195,1.7,1.7,1.7,1.7,1.7,1.7,1.7,1.7,1.7,1.7,1.7,1.7,1.7,1.7940015439344208,1.8,1.9,1.9,1.9,1.9,1.9,1.9,1.9,1.953423758114002,2.0,2.0,2.1,2.1,2.1,2.1,2.1,2.1,2.1,2.1,2.1,2.1,2.1,2.1,2.1,2.1,2.1,2.1,2.1,2.1,2.2,2.2,2.2,2.2,2.2,2.2,2.2,2.2,2.2,2.2,2.2,2.2,2.2,2.2,2.2,2.2,2.2,2.2,2.2,2.2,2.2,2.2,2.2,2.2,2.2,2.2,2.2,2.2,2.2,2.2,2.2,2.2,2.2,2.2,2.2,2.2,2.2,2.2,2.2,2.3,2.3,2.3,2.3,2.3,2.3,2.3,2.3,2.3,2.3,2.3,2.3,2.3471294307578545,2.4,2.4,2.4,2.4,2.4,2.4,2.4,2.4,2.4,2.4,2.4,2.4,2.4,2.4,2.4,2.4,2.4,2.413777036454178,2.541424948730241,2.6693198771606093,2.7,2.8,2.8,2.8,2.8,2.8,2.8,2.8,2.8332926814242567,2.9,2.9,2.9,2.9,2.9,2.9,2.9,2.9,2.9,2.9,2.9,3.0,3.0,3.0,3.0,3.0,3.1,3.1,3.1,3.1,3.1,3.1,3.1,3.1,3.1,3.1,3.1,3.1,3.1,3.1,3.1,3.1,3.1,3.1,3.1,3.1,3.1,3.1,3.1,3.1,3.1,3.1,3.1657805376358965,3.4,3.4,3.4406880822512336,3.5,3.5,3.7,3.7,3.7,3.7,3.7,3.8003907185653643,3.9,3.9996368694758244,4.113659870944877,4.320207607712836,4.4,4.6,4.6,4.777872882956086,6.904362679621045
2.8983639951421236,3.3,3.385485513939149,3.8,4.0,4.079792392287166,4.2,4.3,4.3,4.399609281434633,4.5,4.5,4.5,4.5,4.532554993692302,4.7,4.786014510074563,4.9,4.9,4.9,4.9,4.9,4.99665611138173,5.0,5.119852465712776,5.279256605514607,5.3,5.3,5.3,5.3,5.3,5.4,5.4,5.4,5.4,5.4,5.4,5.4,5.5,5.5,5.5,5.6,5.6,5.7,5.7,5.7400675399524985,6.0,6.0,6.1,6.1,6.1,6.1,6.2,6.2,6.2,6.2,6.2,6.2,6.2,6.2,6.2,6.3,6.3,6.3,6.3,6.5,6.5,6.5,6.5,6.5,6.5,6.6,6.6,6.6,6.6,6.6,6.6,6.6,6.6,6.621115852667802,6.7,6.7,6.799730735815603,6.9,6.9,6.9,6.9,6.9,6.9,6.9,6.9,7.0,7.0,7.0,7.1,7.1,7.1,7.1,7.3,7.3,7.3,7.3,7.3,7.4,7.4,7.4,7.4,7.4,7.4,7.543978147417783,7.6,7.6,7.6,7.6,7.6,7.6,7.6,7.6,7.6,7.6,7.6,7.6,7.6,7.6,7.6,7.6,7.6,7.6,7.7,7.7,7.7,7.7,7.8,7.8,7.8,7.8,7.9,7.9,7.9,7.9956215100637165,8.0,8.0,8.0,8.0,8.0,8.0,8.0,8.0,8.0,8.0,8.0,8.0,8.0,8.0,8.0,8.0,8.0,8.0,8.0,8.0,8.0,8.0,8.1,8.1,8.1,8.1,8.1,8.1,8.340306890980157,8.4,8.5,8.5,8.5,8.505998456065578,8.6,8.6,8.6,8.6,8.6,8.6,8.6,8.6,8.6,8.6,8.6,8.6,8.6,8.6,8.9,8.9,8.914266596893356,9.1,9.1,9.99673182528242,10.0,10.0,10.1,10.1,10.1,10.177872882956086,11.401636004857892
2.6972733252368735,2.9,2.9,3.1,3.1589391335881385,3.3,3.3,3.3,3.3,3.4,3.4,3.6,3.6687759612645445,3.7,3.8,3.8,3.8,3.859311917748766,3.9,3.9,3.9,4.0,4.0,4.059009029819024,4.119852465712776,4.2,4.3,4.394001543934421,4.4,4.4,4.4,4.408781688559888,4.5,4.6,4.6,4.7,4.7,4.7,4.8,4.889273309875609,4.9,4.9,4.9,4.9,5.0,5.0,5.0,5.0,5.0,5.0,5.0,5.1,5.1,5.1,5.1,5.1,5.14153788703216,5.274963308883616,5.3,5.3,5.3,5.3,5.3,5.3,5.3,5.3,5.3,5.387124620470954,5.4,5.445406826037424,5.5,5.5,5.5306801228393905,5.6,5.686222963545816,5.7,5.7,5.7,5.7,5.8,5.8,5.9,5.9,5.9,5.9,5.9,5.9,5.9,5.9,5.978050761736014,6.0,6.028010926291105,6.1,6.1,6.1,6.1,6.1,6.1,6.1,6.1,6.1,6.174551422189251,6.2,6.2,6.2,6.2,6.2,6.2,6.2,6.2,6.2,6.2,6.2,6.2,6.2,6.2,6.2,6.2,6.200269264184391,6.3,6.3,6.3,6.3,6.3,6.3,6.3,6.3,6.341424948730241,6.4,6.4,6.4,6.4,6.4,6.4,6.4,6.4,6.5,6.5,6.5,6.5,6.5,6.5,6.5,6.5,6.5,6.5,6.5,6.5,6.6,6.6,6.6,6.6,6.6,6.6,6.6,6.659932460047509,6.7,6.7,6.7,6.7,6.7,6.7,6.7,6.7,6.8,6.8,6.8415318772751785,6.9,6.9,6.9,6.9,6.996291420219933,7.151625155180051,7.4,7.4,7.4,7.4,7.4,7.4,7.4,7.4,7.4,7.4,7.4,7.6,7.6,7.6,7.6,7.6,7.6,7.6,7.7,7.897716733723399,8.099636869475825,8.1,8.420207607712838,8.5,8.6,8.6,8.6,9.105998684478935
1.5989093300947494,2.6,2.885485513939149,3.0,3.1,3.2797923922871655,3.3,3.3,3.3,3.3,3.3,3.4,3.5687759612645444,3.6,3.6,3.6104813919600964,3.8,3.8,3.8,3.8,3.8,3.8,3.9,3.9,3.9,3.9,4.0,4.0,4.0,4.0,4.0,4.0,4.1,4.1,4.1584681227248215,4.2,4.3,4.3,4.4,4.4,4.4,4.4,4.4,4.4,4.4,4.4,4.5,4.518190088503164,4.6,4.6,4.6,4.6,4.7,4.7,4.7,4.7,4.7,4.7,4.7,4.8,4.8,4.8,4.8,4.8,4.8,4.8,4.8,4.8,4.8,4.8,4.8,4.8,4.8,4.8,4.8,4.8,4.8,4.8,4.9,4.9,4.9,4.973696648070737,5.0,5.1,5.1,5.1,5.1,5.12771084921612,5.2,5.2,5.3,5.3,5.3,5.3,5.3,5.3,5.3,5.3,5.3,5.3,5.3,5.3,5.3,5.3,5.3,5.3,5.3,5.3,5.3,5.3,5.3,5.3,5.3,5.3,5.3,5.3,5.3,5.3,5.3,5.3,5.3,5.3788841473321956,5.4,5.4,5.4,5.4,5.413777036454178,5.541424948730241,5.6,5.6,5.6,5.6,5.6,5.6,5.6,5.6,5.6,5.6332926814242565,5.7,5.7,5.7,5.7,5.7,5.7,5.7,5.8,5.9,5.9,5.9,6.0,6.0,6.0,6.0,6.0,6.0,6.1,6.1,6.140671534142251,6.2,6.2,6.2,6.2,6.2,6.200446139750591,6.3,6.3,6.3,6.3,6.3,6.3,6.3,6.3,6.3,6.5,6.5,6.5,6.5801475342872315,6.6,6.6,6.6,6.6,6.6,6.6,6.6,6.6,6.6,6.7,6.747944441110684,6.9,6.9,6.9,7.000390718565365,7.1,7.1,7.120489806417316,7.4404152154256735,7.8,8.014087971521473,8.514514486060847,8.6,8.807089354384198
3.1,3.3,3.3,4.0,4.0,4.0,4.193170064527561,4.3,4.3,4.3,4.4,4.5,4.568775961264544,4.6520555588893195,4.7,4.710481391960097,4.8,4.859311917748766,5.0,5.0,5.0,5.1,5.1,5.259009029819024,5.3,5.3,5.3,5.3,5.3,5.3,5.3,5.3,5.3,5.3,5.3,5.3,5.3,5.3,5.3,5.3,5.3,5.3,5.3,5.3,5.3,5.3,5.3,5.3,5.3,5.3,5.3,5.3,5.3,5.3,5.3,5.4,5.4,5.4,5.5,5.5,5.5,5.6,5.6,5.666707318575743,5.7,5.7,5.7,5.7,5.7,5.7,5.7,5.7,5.7,5.7,5.8862229635458165,5.9,5.9,6.0,6.1,6.1,6.1,6.1,6.1,6.1,6.1,6.1,6.2,6.2,6.2,6.2,6.2,6.2,6.2,6.2,6.2,6.2,6.2,6.2,6.2,6.2,6.2,6.2,6.2,6.2,6.2,6.3,6.3,6.3,6.3,6.4,6.4,6.5,6.5,6.5,6.5,6.5,6.6,6.6,6.6,6.6,6.6,6.6,6.6,6.6,6.6,6.6,6.6,6.641424948730241,6.7,6.7,6.7,6.7,6.783583476287288,6.9,6.9,6.9,6.9,7.0,7.0,7.0,7.0,7.0,7.0,7.025036691116378,7.3,7.3,7.4,7.6,7.6,7.6,7.6,7.6,7.6,7.6,7.6,7.6,7.6,7.6,7.7,7.7,7.7,7.7,7.755172771262977,7.8,7.8,7.8,7.9,7.9,7.9,8.0,8.0,8.0,8.0,8.0,8.0,8.0,8.0,8.0,8.003343888618275,8.1,8.1,8.1,8.1,8.181376164502467,8.5,8.5,8.5,8.5,8.6,8.9,9.12853319378671,9.900390718565365,10.0,10.0,10.0,10.0,10.0,10.1,10.2,10.5,10.521813398105223
2.8950919854263715,2.9,2.9,2.9,2.9,3.0,3.286340129055123,3.3,3.3,3.3,3.3,3.3,3.3,3.3,3.3976649810769053,3.7,3.7860145100745632,3.9,4.0,4.0,4.0,4.0,4.0,4.0,4.0,4.2,4.2,4.3,4.3,4.3,4.3,4.4,4.4,4.5,4.558468122724821,4.6,4.6,4.6,4.7,4.7,4.7,4.775794741564042,4.8,4.8,4.900035875719856,5.0,5.079445275352287,5.1,5.1,5.1,5.1,5.1,5.2031051118148355,5.3,5.3,5.3,5.3,5.3,5.3,5.3,5.3,5.3,5.3,5.3,5.3,5.3,5.3,5.3,5.3,5.3,5.3,5.3,5.3,5.3,5.3,5.3,5.3,5.367787776252189,5.4,5.4,5.4,5.4,5.4,5.5,5.5,5.5,5.5,5.6,5.6,5.6,5.6,5.7,5.7,5.7,5.7,5.727072108449437,5.8,5.8,5.8,5.9,5.9,5.9,5.999111378456268,6.0,6.0,6.0,6.0,6.0,6.0,6.0,6.0,6.0,6.1,6.1,6.1,6.1,6.1,6.1,6.2,6.2,6.2,6.2,6.2,6.2,6.2,6.2,6.2,6.2,6.2,6.2,6.2,6.2,6.2,6.2,6.2,6.2,6.2,6.2,6.2,6.2,6.3,6.3,6.3,6.3,6.3,6.392345214177164,6.4,6.461545727139935,6.5,6.5,6.5,6.5,6.6,6.6,6.6,6.6,6.6,6.6,6.6,6.6,6.6,6.6,6.6,6.7,6.7,6.7,6.7,6.7,6.7,6.79121831144011,6.9,6.9,6.9,7.0,7.0,7.32074339448539,7.4,7.4,7.6,7.6,7.6,7.6,7.6,7.6,7.6,7.6,7.7,7.8,7.8,7.817525236657525,7.907133298446678,8.0,8.0,8.0,8.1,8.140415215425673,8.5,8.5,10.0,10.0,10.5
0.798363995142124,1.2,1.3,1.3,1.3589391335881382,1.4,1.4,1.4,1.4,1.4,1.4,1.4,1.5,1.6,1.6,1.6,1.6,1.6,1.7,1.7,1.7671097311820503,1.8,1.8,1.8,1.8,1.8,1.8,1.9,2.0,2.0,2.056801156119795,2.1,2.1,2.1,2.1,2.1,2.1,2.1,2.1,2.1,2.1,2.1,2.1,2.1,2.1,2.1,2.179445275352288,2.3,2.3,2.3,2.3,2.3,2.3,2.3,2.3,2.3,2.3,2.3,2.3,2.3,2.3,2.3,2.3,2.3,2.3,2.3,2.3,2.3,2.3,2.3,2.3,2.3,2.3,2.3,2.4,2.4,2.4,2.4,2.4,2.4,2.4,2.4,2.4,2.4,2.4,2.5,2.5,2.5,2.65293269309945,2.7,2.8,2.8,2.8,2.8,2.8,2.8,2.8,2.8,2.8,2.8,2.8,2.8,2.8,2.8,2.8,2.8,2.8,2.8,2.8,3.0,3.0,3.0,3.0,3.0,3.1,3.1,3.1,3.1,3.1,3.126303351929255,3.2,3.2,3.2,3.232212223747814,3.4,3.4,3.413777036454178,3.5,3.5,3.5,3.5,3.5,3.5,3.5,3.5,3.5,3.5,3.5,3.6,3.6,3.6,3.659500077641303,3.7,3.7,3.7,3.8,3.8,3.8,3.8,3.8,3.8,3.9,3.9,3.9818099114968333,4.0,4.0,4.0,4.1,4.1,4.1,4.1,4.1,4.1,4.1,4.1,4.1,4.1,4.1,4.1,4.1,4.143198843880207,4.2,4.2,4.2,4.2,4.32074339448539,4.4,4.4,4.4,4.4,4.4,4.4,4.4,4.4,4.4,4.4,4.4,4.5,4.5624480774709015,4.7,4.7,4.800390718565365,5.097716733723399,5.1,5.2,5.2,5.3,5.756813285869123,6.3,6.677872882956086,7.404908014573675
1.4994546650473746,1.7,1.7,1.7,1.7,1.7,1.7,1.8,1.9,2.0,2.6,2.782474763342478,2.8,2.8,2.8,2.8,2.8,2.8,2.9,2.9,2.9,2.9,2.9,2.9,2.9,2.9,2.9,2.9,2.9,2.9,3.0,3.0,3.0,3.0,3.0,3.0,3.1,3.1,3.1,3.1,3.1,3.1,3.1,3.1,3.1,3.1,3.1,3.1,3.1563222283256667,3.2,3.2,3.2,3.2,3.2,3.2,3.3,3.3,3.3,3.3,3.3,3.4,3.5,3.6,3.6,3.7,3.7,3.7,3.7,3.7,3.7,3.8,3.8,3.8,3.8,3.8,3.8,3.8,3.8677877762521886,3.9,3.9,3.9,3.9,3.9,3.9,3.9,3.9,3.9,3.9,4.0,4.0,4.0,4.028010926291105,4.1,4.1,4.1,4.1,4.2,4.276311592408004,4.5,4.5,4.55,4.6,4.6,4.7,4.7,4.7,4.797607490120839,4.8,4.8,4.9,4.9,4.9,4.9,4.9,4.9,4.9,5.0,5.0,5.0,5.0,5.0,5.0,5.0,5.0,5.0,5.0,5.0,5.0,5.138639754321218,5.2,5.3,5.454593173962581,5.5,5.5,5.5,5.5,5.5,5.5,5.5,5.5,5.7,5.7,5.7,5.825036691116378,5.9,6.1923452141771635,6.3,6.3,6.3,6.3,6.3,6.5,6.5,6.5,6.5,6.5,6.5,6.5,6.5,6.5,6.5,6.5,6.5,6.5,6.6,6.6935939878452535,6.9,6.9,7.0,7.0,7.0,7.0,7.0,7.111996912131155,7.550854911425722,7.7,7.7,7.7,7.8,7.967282571585736,8.0,8.1,8.1,8.1,8.9,9.526630256279349,9.7,9.7,9.762448077470902,9.9,9.907133298446679,10.0,10.295433467446799,10.3,10.65463948377951,11.9,12.1,12.571362657173824,12.872572430304235,14.5,16.21090669905261
1.4994546650473746,1.7,1.7,1.7,1.7,1.7,1.7,1.7,1.8,1.9,2.478600104659969,2.682474763342478,2.8,2.8,2.8,2.8,2.8,2.9,2.9,2.9,2.9,2.9,2.9,2.9,2.919852465712776,3.0,3.0,3.0,3.0,3.1,3.1,3.1,3.1,3.1,3.1,3.1,3.1,3.1,3.1448272287370203,3.2,3.2,3.2,3.2,3.2,3.2,3.3,3.3,3.3,3.3563222283256664,3.493861234331038,3.6,3.6,3.6031051118148354,3.7,3.7,3.7,3.7,3.7,3.7,3.7404999223586857,3.8,3.8,3.8,3.8,3.8,3.9,3.9,3.9,3.9,3.9,3.9,3.9,3.9,3.9,4.0,4.0,4.040819158515501,4.1,4.1,4.1,4.1,4.2,4.299730735815603,4.325606498421527,4.5,4.5,4.6,4.6,4.7,4.7,4.7,4.728010926291105,4.8,4.8,4.8,4.8,4.8,4.8,4.800888621543728,4.9,4.9,4.9,4.9,4.9,4.948291057822746,5.0,5.0,5.0,5.0,5.0,5.0,5.0,5.0,5.0,5.0,5.0,5.0973335447306685,5.34878700315694,5.5,5.5,5.5,5.5,5.5,5.5,5.5,5.586365747330313,5.7,5.7,5.8,5.8,6.1,6.254593173962581,6.3,6.3,6.3,6.3,6.3,6.433292681424257,6.5,6.5,6.5,6.5,6.5,6.5,6.5,6.5,6.5,6.5,6.5,6.5,6.56917401898113,6.61841629700686,6.94367777167434,7.0,7.0,7.0,7.0,7.3,7.382077373987307,7.624205258435955,7.7,7.7,7.7,7.7,7.8,7.9,8.0,8.0,8.1,8.1,8.27279537552083,8.888874260659799,9.253792028753452,9.7,9.7,9.7,9.7,9.7,9.9,9.9,9.932890268817948,10.0,10.069487052929304,10.181376164502467,10.3,10.3,10.6,11.9,11.9,11.93505047331505,12.1,12.5,12.6,12.6,12.8,12.8,12.8,14.5,14.5,16.2,18.10054533495263
1.0950919854263719,1.2,1.4,1.5,1.5,1.5,1.5,1.5,1.5,1.5996092814346328,1.6,1.6,1.7,1.7,1.7,1.7,1.7,1.7,1.7,1.7,1.7,1.7,1.7,1.7,1.7,1.7,1.7,1.7,1.7,1.7,1.7,1.7,1.7,1.7,1.7,1.7,1.7,1.7,1.7,1.7,1.7,1.7,1.7,1.7,1.7,1.7,1.7,1.7,1.7,1.7,1.7,1.7,1.7,1.7,1.7,1.7,1.7,1.8,1.9,1.9,2.0,2.0,2.0,2.0,2.0,2.0,2.0,2.0,2.0,2.0,2.0,2.2,2.4,2.4,2.4,2.4,2.4,2.4,2.4945500644173846,2.5,2.5,2.5,2.5,2.5,2.5,2.6,2.6,2.6,2.6,2.6,2.6,2.6280109262911053,2.7,2.7,2.7,2.7,2.7,2.7,2.7,2.7,2.7,2.7,2.7,2.8,2.8,2.8,2.8,2.8,2.8,2.8,2.9,2.9,2.9,2.9,2.9,3.0,3.0,3.0,3.1,3.1,3.1,3.1,3.1,3.1,3.2,3.2,3.2,3.2,3.2,3.2,3.2,3.2,3.2,3.2,3.2,3.2,3.2,3.2,3.3,3.3,3.3,3.3,3.3,3.3,3.3,3.3,3.4,3.4,3.5,3.5,3.56917401898113,3.6,3.6,3.6,3.6,3.6,3.6,3.7,3.7,3.7,3.7,3.7,3.7,3.700446139750591,3.8,3.8,3.9,3.9,4.0,4.1,4.1,4.1,4.1,4.1,4.2,4.2,4.280147534287232,4.440990970180974,4.510031665854825,4.9,4.9,5.1,5.169487052929304,5.2,5.213985489925437,5.3,5.5,5.647944441110684,5.7312240387354505,5.9,6.0,6.0,6.3,6.5,6.613659870944877,6.820207607712836,6.9,7.1,7.34354345818254,7.955745765912172,9.207089354384197
1.7,1.7,1.7,2.0,2.1178782671762764,2.3595847845743316,2.693170064527562,2.8,2.8,2.8,2.9,3.1,3.1,3.1,3.1,3.1,3.1,3.1,3.1,3.1,3.26710973118205,3.3,3.3,3.3,3.3,3.3,3.3,3.3,3.4,3.5,3.556801156119795,3.7,3.7,3.7,3.758468122724821,3.8,3.8,3.8,3.8,3.8,3.8,3.8757947415640417,3.9,3.9,3.9,3.9,3.9,3.9181900885031635,4.0,4.0,4.0,4.0,4.1,4.1,4.1,4.2,4.2,4.2,4.3,4.3,4.3,4.304378489936286,4.4,4.466707318575743,4.5,4.5,4.5,4.5,4.5,4.5,4.5741068266693015,4.6,4.6,4.6,4.686222963545816,4.8,4.8,4.8,4.8,4.8,4.8,4.8,4.8,4.8,4.8,4.8,4.8,4.8,4.8,4.8,4.8,4.8,4.8,4.8,4.8,4.9,4.9,4.9,4.9,4.9,4.9,5.0,5.0,5.0,5.0,5.0,5.0,5.0,5.0,5.0,5.0,5.1,5.1,5.2,5.2,5.223079872757483,5.3,5.3,5.3,5.3,5.3,5.3,5.4,5.4,5.5,5.5,5.5,5.5,5.5,5.5,5.6,5.6,5.6,5.6,5.7,5.7,5.7,5.7,5.7,5.7,5.7,5.8,5.9,5.9,5.9584621129678395,6.0,6.0,6.0,6.0,6.0,6.0,6.0,6.0,6.0,6.0,6.0,6.1,6.2,6.2,6.2,6.2,6.2,6.255172771262977,6.3,6.3,6.393593987845254,6.5,6.5,6.5,6.5,6.6,6.6,6.6,6.7,6.762713727856431,6.8,6.9,6.9,7.0,7.067282571585736,7.1657805376358965,7.500258245611019,7.6,7.7,7.7,7.7,7.867445006307697,8.143833323332052,8.8,8.9,9.235666492233388,9.700781437130729,10.1,11.397458086330772,11.9,12.1,12.5,12.6,12.629028972121693,12.8,14.5
1.7,1.7,1.7,2.0,2.0,2.1595847845743315,2.2,2.500363130524173,2.6022832662765967,2.8,2.8,2.8,2.9,2.9520555588893194,3.1,3.1,3.1,3.1,3.1,3.1,3.1,3.1,3.196656111381731,3.259009029819025,3.3,3.3,3.3,3.3,3.3,3.3037085797800696,3.4,3.5,3.6,3.6,3.7,3.7,3.7,3.7,3.8,3.8,3.8,3.8,3.8,3.8,3.8,3.840067539952498,3.9,3.9,3.9,3.9,3.9,3.9,4.0,4.0,4.0,4.0,4.0,4.0,4.007945850290253,4.1,4.1,4.1,4.135730053136092,4.2,4.2,4.2,4.257519604410663,4.3,4.3,4.3,4.4,4.5,4.5,4.5,4.5,4.5,4.5,4.6,4.6,4.621115852667802,4.7,4.7,4.8,4.8,4.8,4.8,4.8,4.8,4.8,4.8,4.8,4.8,4.8,4.8,4.8,4.8,4.8,4.8,4.8,4.8,4.8,4.874551422189251,4.9,4.9,4.9,4.9,4.9,5.0,5.0,5.0,5.0,5.0,5.0,5.0,5.0,5.023079872757483,5.1,5.1,5.2,5.2,5.252505150770389,5.3,5.3,5.3,5.3,5.3,5.4,5.4,5.5,5.5,5.5,5.5,5.5,5.5,5.6,5.6,5.6,5.6332926814242565,5.7,5.7,5.7,5.7,5.7,5.7,5.758462112967839,5.892345214177164,5.9,5.9,5.996894888185165,6.0,6.0,6.0,6.0,6.0,6.0,6.0,6.0,6.040671534142251,6.1,6.2,6.2,6.2,6.255172771262977,6.3,6.3,6.3,6.3415318772751785,6.5,6.5,6.5,6.543198843880208,6.6,6.7,6.8,6.9,6.9,6.9,6.940990970180974,7.1,7.1,7.3,7.500258245611019,7.6,7.7,7.7,7.7,7.867445006307697,8.143833323332052,8.8,8.9,9.7,9.700781437130729,10.1,11.397458086330772,11.9,12.1,12.5,12.6,12.6,12.8,14.5
0.5,0.5,0.5,0.5286373428261779,0.6,0.8,0.8,0.8,0.8,0.8,0.8,0.8,0.9,0.9,0.9325549936923018,1.1,1.1,1.1,1.1,1.1,1.1,1.1,1.2,1.2,1.2,1.2,1.2,1.2,1.2,1.2,1.2,1.2,1.2,1.3,1.3,1.3,1.3,1.3,1.3,1.3,1.3,1.3,1.3,1.3,1.3,1.3,1.3,1.3,1.3,1.4,1.4,1.4,1.4,1.4,1.4,1.4,1.4,1.5,1.5,1.6,1.6,1.6,1.6,1.6,1.6,1.6,1.6,1.6,1.6,1.6,1.7,1.7,1.7,1.7,1.7,1.7,1.7,1.7677877762521887,1.8,1.8,1.8,1.8,1.8,1.8,1.9,1.9,1.9,1.9,1.9,1.9780507617360144,2.0,2.0,2.0,2.0,2.1,2.1,2.1,2.252623184816008,2.3,2.4,2.4,2.4,2.4,2.4,2.4,2.4,2.4,2.422338458626433,2.5,2.5,2.5,2.5,2.5,2.5,2.5,2.6,2.6,2.6,2.6,2.6,2.6,2.6788841473321954,2.8,2.8,2.8,2.8,2.8,2.8,2.8,2.8,2.8,2.8,2.8,2.8,2.8,2.8,2.8,2.8,2.8,2.8,2.8,2.8,2.8,2.8,2.8,2.8,2.8,2.8,2.8,2.8,2.8,2.8,2.8,2.8,2.8,2.8,2.8,2.8,2.8,2.8,2.8,2.9,3.0,3.0,3.0,3.1,3.1,3.1,3.140306890980156,3.2,3.5,3.5,3.5,3.5,3.5,3.5,3.5,3.5,3.5,3.5,3.6328902688179485,3.7,3.7,3.7,3.8,3.8,3.867445006307696,3.9,3.9,3.9,4.0,4.0,4.0,4.099636869475824,4.2,4.4,4.6,4.7,5.2,5.3,6.202181339810522
1.9978186601894985,2.4221271170439143,3.1129130836348957,3.3,3.417878267176276,3.6,3.6,4.0,4.0,4.199218562869265,4.2,4.2,4.2,4.2,4.2,4.2,4.2,4.2,4.2,4.299741754388987,4.3,4.4,4.4,4.459009029819025,4.539704931425552,4.879256605514607,4.9,5.182004631803262,5.2,5.20370857978007,5.3,5.4,5.4,5.4,5.4,5.5,5.553423758114001,5.6,5.6,5.6,5.732920198892688,5.8,5.835845252025382,6.0,6.0,6.0,6.079445275352287,6.2,6.3,6.3,6.3,6.367234718804219,6.5,6.5,6.5,6.5,6.5,6.5,6.5,6.5,6.572639569622759,6.6,6.6,6.6,6.6,6.727589739189687,6.8,6.9,6.9,6.9,6.9,6.9,6.9,6.9,6.9,7.1,7.1,7.1,7.1,7.1,7.1,7.247393296141473,7.3,7.3,7.45133322763466,7.5,7.5,7.5,7.5,7.656101523472029,7.7030739068521825,7.8,7.9,7.9,7.904785019758322,8.1,8.1,8.1,8.3,8.350897155621494,8.6,8.6,8.6,8.747376815183998,8.9,9.072927891550574,9.197607490120838,9.2,9.2,9.2,9.2,9.2,9.2,9.2,9.2,9.2,9.2,9.2,9.200538528368781,9.4,9.4,9.4,9.4,9.4,9.5,9.6,9.6,9.6,9.669319877160609,10.09494475334825,10.1,10.1,10.1,10.1,10.1,10.1,10.1,10.1,10.1,10.3,10.3,10.47850023292391,10.6,10.6,10.6,10.6,10.6,10.661545727139934,11.4,11.4,11.4,11.4,11.4,11.4,11.4,11.4,11.4,11.7,11.7,11.7,11.7,11.7,11.7,11.7,11.7,11.7,11.7,11.7,11.7,11.7,11.7,11.7,11.7,11.7,11.7,11.7,11.7,11.7,11.7,11.7,11.7,11.7,11.7,11.7,11.7,11.7,11.7,11.7,11.7,11.7,11.7,11.7,11.7,12.497821216854948,12.6,12.6,15.5,16.2,18.1,18.1,18.20054533495263
0.9,0.9442542340878284,1.2,1.7,1.7,1.7,1.7,1.8,1.8,1.8,1.8928667015533227,1.9,1.9,1.9,2.0,2.0,2.0,2.0,2.0,2.0,2.0,2.0,2.0,2.0,2.0,2.0,2.0,2.094001543934421,2.2,2.2,2.2,2.2,2.2,2.2,2.2,2.2,2.2,2.2,2.2,2.2,2.2,2.2,2.2,2.2,2.2,2.2,2.2,2.218190088503164,2.3,2.3,2.3,2.3,2.3,2.3,2.3,2.3,2.4,2.4,2.4,2.4,2.4,2.4,2.4,2.4,2.4,2.4,2.4575196044106633,2.5871246204709535,2.6328330474254416,2.8,2.8,2.8,2.8,2.8,2.8,2.813634252669689,2.9,2.9,2.9,2.9,2.9,2.9,2.9,2.9,3.0,3.0,3.1,3.1,3.1,3.1,3.1,3.1,3.1,3.1,3.1,3.1,3.1,3.1,3.1,3.1,3.1,3.1,3.1,3.1,3.1,3.1,3.1,3.1,3.1,3.1,3.1,3.1,3.1,3.1,3.3976236808611415,3.4,3.4,3.4,3.4,3.4,3.4,3.4,3.4,3.432212223747814,3.5,3.5,3.5,3.5828498974604828,3.7,3.7,3.7,3.7,3.7,3.7,3.7,3.7,3.8,3.9,3.9,3.9,3.9,3.9,3.9,3.9,3.9,3.9,3.9,3.9,3.9,3.9,3.9,3.9,3.9,3.9,3.9,3.9,3.9,3.9,3.9,3.9,3.9,3.9,3.9,3.9,3.9,3.9,3.9,3.9,3.9,3.9,3.9,3.9,3.9,3.9119969121311553,4.1,4.1,4.1,4.1,4.1,4.1,4.1,4.1,4.2,4.2,4.2,4.289518608039907,4.3,4.4,4.4,4.4,4.7,4.7,4.7,4.7,4.7,4.7,4.7,4.985450628695298,5.1,5.2,5.304908014573675
2.596727990284248,2.7,2.8,3.1,3.1,3.2,3.3,3.4,3.5022832662765966,3.7,3.7,3.7,3.7,3.8520555588893193,3.9,4.0,4.1,4.1,4.230512947070702,4.3,4.4,4.5,4.5,4.5,4.519852465712776,4.6,4.6,4.694001543934421,4.8,4.8,4.8,4.9,4.9,5.0,5.0,5.00640601215474,5.1,5.1,5.1,5.189273309875609,5.2,5.2,5.2,5.2,5.2,5.2,5.2,5.218190088503164,5.356322228325666,5.493861234331038,5.5,5.567234718804218,5.6,5.6,5.6,5.7,5.7,5.7,5.8,5.8,5.8,6.0,6.0,6.0,6.0,6.0,6.0,6.1,6.1,6.1,6.1,6.1,6.1,6.1,6.1,6.1,6.2,6.2,6.2,6.221115852667802,6.3,6.3,6.3,6.3,6.3,6.3,6.4,6.4,6.4,6.4,6.4,6.4,6.4,6.4,6.4,6.4,6.4,6.4,6.4,6.5,6.5,6.5,6.5,6.5,6.5,6.5,6.5,6.5,6.5,6.5,6.6,6.6,6.6,6.6,6.6,6.6,6.6,6.6,6.6,6.6,6.6,6.6,6.7,6.7,6.7,6.7,6.8,6.8,6.8,6.8,6.8,6.8,6.8,6.8,6.8,6.8,6.9,6.9,6.9,6.9,6.9,7.0,7.0,7.0,7.0,7.092345214177163,7.153402408322858,7.3,7.3,7.3,7.3,7.306138765668953,7.4,7.4,7.5,7.5,7.5,7.5,7.5,7.5,7.5,7.5,7.555172771262977,7.6,7.6,7.6935939878452535,7.7,7.7,7.8,7.9,7.943198843880208,8.0,8.050541718393351,8.1,8.1,8.1,8.2,8.2,8.4,8.5,8.5,8.5,8.5,8.5,8.5,8.5,8.6,8.6,8.7,8.817525236657525,8.9,8.9,8.9,8.9,8.9,8.9,9.264243465647427,9.7,9.7,10.5,10.703817344668414
1.9978186601894985,2.5,2.5,2.6,2.8,2.9,3.0863401290551233,3.1,3.2,3.2,3.3,3.3,3.3687759612645443,3.4,3.5,3.6,3.6,3.7,3.7,3.7,3.7,3.8,3.8,3.8,3.8,3.8,3.9,3.9,3.9,3.9,3.9,4.0,4.0,4.0,4.0,4.0,4.0,4.1,4.1,4.2,4.2,4.2,4.2,4.259328465857746,4.3,4.4,4.479445275352288,4.5,4.5,4.5,4.5,4.5,4.6,4.6,4.6,4.6,4.6,4.6,4.6,4.7,4.8,4.9,4.9,4.9,4.9,5.0,5.0,5.0,5.0,5.0,5.1,5.1,5.1,5.1,5.1,5.1,5.140819158515501,5.2,5.2,5.2,5.2,5.2,5.2,5.2,5.2,5.2,5.2,5.227710849216121,5.3,5.4,5.4,5.428010926291106,5.5,5.6,5.6,5.6,5.651708942177256,5.7,5.7,5.7,5.7,5.7,5.7,5.8,5.8,5.8,5.8,5.8,5.847129430757855,5.9,5.9,6.0,6.0,6.0,6.0,6.0,6.0,6.1,6.1,6.1,6.1,6.1,6.1,6.1,6.1,6.1,6.2,6.2,6.2,6.2,6.3,6.3,6.3,6.3,6.3,6.3,6.3,6.4,6.4,6.4,6.4,6.4,6.4,6.4,6.4,6.492345214177163,6.5,6.5,6.5,6.5,6.5,6.506138765668953,6.6,6.6,6.6,6.6,6.6,6.6,6.6,6.624205258435955,6.7,6.710726690124398,6.8,6.8,6.8,6.8,6.8,6.8,6.9,6.9,6.9,6.996291420219933,7.0,7.3,7.3,7.3,7.3,7.5,7.5,7.5,7.5,7.5,7.5,7.5,7.5,7.5,7.5,7.6,7.6,7.7,7.8,7.8,7.8,8.099273738951648,8.1,8.5,8.5,8.6,8.814514486060848,8.9,8.908725359242089
0.5994546650473747,0.6221271170439141,0.7,0.8,0.8,0.8,0.9,0.9,0.9,0.9,0.9,0.9824747633424777,1.0687759612645444,1.1,1.1325549936923018,1.2,1.2,1.2,1.2,1.2,1.3,1.3,1.3,1.3,1.3,1.3792566055146067,1.4,1.4,1.4,1.4,1.4,1.4,1.4,1.4,1.5,1.5,1.5,1.5,1.5,1.5,1.5,1.5,1.5,1.5,1.5,1.5,1.5,1.5,1.5,1.5,1.5,1.5,1.5,1.5,1.5,1.5,1.5,1.5,1.5,1.5,1.5,1.5,1.5,1.5,1.5,1.5,1.5,1.6,1.6,1.6,1.6,1.6,1.6,1.6,1.6,1.6136342526696894,1.7,1.7,1.7,1.7,1.7,1.7,1.7,1.7,1.7,1.7,1.8,1.8,1.8,1.8,1.8,1.8,1.8,1.8,1.8,1.8,1.8,1.8,1.8,1.8,1.8,1.8,1.8,1.8,1.8,1.8,1.8,1.8,1.8,1.8,1.8,1.8,1.8,1.9,1.9,1.9,1.9,1.9,1.9,1.9,1.9,1.9,1.9,1.9,1.9,1.9,1.9,1.9,1.9,1.9,1.9,1.9,1.9,1.9,1.9,1.9,1.9,1.9,1.9,1.9,1.9,1.9,1.9,2.0,2.0,2.1,2.1,2.1,2.1,2.1,2.1,2.1,2.1,2.1,2.1,2.1,2.1,2.1,2.1,2.1,2.2,2.2,2.2,2.2,2.2,2.2,2.2,2.2,2.3,2.3,2.4,2.4,2.4,2.4,2.4,2.4,2.4,2.4,2.4,2.4,2.5,2.6,2.6,2.8,2.9,2.9,2.9,2.9,3.1,3.1,3.1,3.1,3.1,3.1,3.2,3.2202076077128368,3.3,3.3,3.7,3.7,3.9043626796210447
1.3950919854263717,1.6442542340878283,1.8,2.0,2.2,2.2,2.3,2.3,2.3,2.4992185628692654,2.5,2.6,2.6,2.6,2.6,2.7,2.7,2.7593119177487657,2.8,2.8,2.8,2.8,2.8,2.8,2.8,2.8,2.8,2.9,2.9,2.9,3.0,3.0,3.0,3.0,3.0,3.0,3.0,3.0,3.0,3.0,3.0,3.075794741564042,3.1,3.1,3.1,3.1,3.1,3.2,3.2,3.2,3.2,3.2,3.2,3.2,3.2,3.2,3.2,3.2,3.2,3.2,3.3,3.3,3.3,3.3,3.3,3.3,3.357519604410663,3.4,3.4,3.4,3.4,3.4,3.4,3.4,3.4,3.5,3.5,3.567787776252189,3.6,3.6,3.7,3.7,3.7,3.7,3.7513332276346603,3.8,3.8,3.8,3.8,3.8780507617360143,3.9,3.9,3.9,4.0,4.0,4.0270721084494365,4.1,4.1,4.2,4.2,4.2,4.2,4.2,4.2,4.248291057822746,4.3,4.3,4.3,4.3,4.3,4.3,4.3,4.3,4.4,4.4,4.4,4.4,4.4,4.4,4.4,4.4,4.4,4.4,4.4,4.4,4.4,4.5,4.5,4.5,4.597472376674125,4.6,4.6,4.6,4.6,4.6,4.6,4.602676948378985,4.7,4.7,4.7,4.8,4.8,4.8,4.8,4.8,4.8,4.9,4.9,4.9,4.9,4.9,5.0,5.0,5.0,5.0,5.0,5.0,5.0,5.1,5.1,5.167079801107315,5.2,5.255172771262977,5.3,5.3,5.3,5.4,5.4,5.5,5.5,5.543198843880208,5.6,5.7,5.8,5.9,5.9,6.0,6.1,6.1,6.1,6.1,6.1,6.2,6.2,6.413985489925437,6.5,6.6,6.6,6.631224038735451,6.7,6.707133298446678,6.800390718565365,6.9,6.9,7.1,7.4,7.482121732823714,7.9,8.629028972121693,9.745110180692603,12.802726674763154
0.898363995142124,1.2,1.3,1.3,1.3,1.3797923922871658,1.4,1.4,1.4,1.5,1.5928667015533229,1.6,1.6,1.6,1.6,1.6,1.6,1.6,1.6,1.6,1.6,1.6,1.6,1.6,1.6,1.6,1.7,1.7,1.8,1.8,1.8,1.9,1.9,1.909575860441376,2.0,2.1,2.1,2.3,2.3,2.3,2.4,2.4,2.4,2.4,2.4,2.4,2.6,2.6,2.6,2.6,2.6,2.6,2.6,2.6,2.6,2.6,2.6,2.6,2.6,2.6,2.6,2.6,2.6,2.6,2.6,2.6,2.6575196044106635,2.7,2.8,2.8,2.8,2.8,2.8,2.8,2.8,2.8,2.8,2.8,2.8,2.8,2.8,2.8,2.8,2.8,2.8,2.8,2.8,2.8,2.8,2.8,2.8,2.8,2.8,2.8,2.8023925098791604,2.9,2.9,2.9,2.9,2.9,2.9,2.9,2.9,3.0,3.0,3.0,3.0,3.0,3.0,3.0,3.0,3.0,3.0,3.0,3.0,3.0,3.0,3.0,3.0,3.0,3.0,3.0,3.0,3.0,3.0,3.0,3.0,3.0,3.0,3.0,3.0,3.0,3.0,3.0,3.0,3.0,3.0,3.0,3.0,3.0,3.0,3.0,3.0,3.0,3.0,3.0923452141771635,3.1,3.1,3.1,3.2,3.2,3.2,3.2,3.2,3.2,3.2,3.2,3.2,3.2,3.2,3.2,3.2,3.2,3.2,3.2,3.2,3.2,3.2,3.2,3.2,3.2,3.2,3.2505417183933503,3.3,3.3,3.3,3.3,3.3409909701809735,3.503343888618275,3.667282571585736,3.7,3.7,3.8,3.8,3.8,3.8,3.867445006307696,3.9,3.9,3.9,4.007133298446678,4.1003907185653645,4.2,4.399273738951649,4.6,4.620207607712836,4.9,4.9,5.014514486060847,5.3,6.714724043721026
0.6,0.8221271170439142,0.9,0.9,1.0,1.1,1.1,1.2,1.2,1.2,1.2,1.3,1.3,1.3,1.3,1.3,1.3,1.3,1.3,1.3,1.3,1.3,1.3,1.3,1.3,1.3,1.4,1.4,1.4,1.4,1.4,1.4,1.4,1.4,1.5,1.5,1.5,1.5,1.5,1.5,1.6,1.6,1.6,1.6,1.6,1.6,1.6,1.6,1.6,1.6,1.6,1.6,1.6,1.6,1.6,1.6,1.6,1.6,1.6,1.6,1.6,1.6,1.6,1.6,1.6,1.6,1.6,1.6,1.6,1.6,1.6,1.6,1.6,1.6,1.6,1.6,1.6,1.6,1.6,1.6,1.7,1.7,1.7,1.7,1.7,1.8,1.8,1.8,1.8,1.8,1.8,1.8,1.852870569242148,1.9,1.9,1.9,1.9,1.9,2.0,2.0254485778107467,2.1,2.1,2.199111378456269,2.2,2.248291057822746,2.3,2.3976074901208393,2.4,2.4,2.4,2.4,2.4,2.4,2.472289150783877,2.5976236808611417,2.6,2.6,2.6,2.6,2.6,2.6,2.6,2.6,2.6,2.6,2.6,2.6,2.6,2.6,2.6,2.6,2.6,2.6,2.6,2.7,2.7,2.8,2.8,2.8,2.8,2.8,2.8,2.8,2.8,2.8,2.8,2.8,2.8,2.8,2.8,2.8,2.806138765668953,2.9,2.9,2.9,2.9,2.9,2.9,3.0,3.0,3.0,3.0,3.0,3.0,3.0,3.0,3.0,3.0,3.0,3.0,3.0,3.0,3.0,3.0,3.0,3.0,3.0,3.0409909701809736,3.103343888618275,3.2,3.2,3.2,3.2,3.2,3.2,3.2,3.2,3.2,3.3,3.4,3.4071332984466776,3.5003907185653644,3.6,3.7,3.8,3.9,3.9,4.1,4.414514486060847,4.933618648868259,5.1
0.8,1.2,1.3,1.328637342826178,1.4,1.4,1.4,1.4,1.4,1.4,1.4,1.4,1.4,1.4,1.4,1.4,1.4,1.4593119177487657,1.6,1.6,1.6,1.6,1.6,1.6,1.6,1.6,1.6,1.6,1.7,1.7,1.8,1.8,1.9,1.909575860441376,2.0,2.0,2.0,2.0,2.0,2.0,2.0,2.0,2.0,2.0,2.0,2.0,2.0,2.0,2.0,2.0,2.1,2.1,2.1,2.1,2.1,2.1,2.2,2.2,2.3,2.3,2.3,2.4,2.4,2.4,2.4,2.4,2.4,2.4871246204709534,2.5,2.5,2.5,2.5,2.5,2.5,2.5,2.5,2.5,2.5,2.5,2.521115852667802,2.6,2.6,2.6,2.6,2.6,2.6,2.6,2.6,2.6,2.6,2.6,2.7,2.7,2.7,2.7,2.7,2.7,2.7,2.7,2.7,2.7,2.7,2.7,2.7,2.7,2.7,2.7,2.7,2.7,2.7,2.7,2.7,2.7,2.7,2.7,2.7,2.7,2.8,2.8,2.8,2.8,2.8,2.8,2.8,2.8,2.8863657473303133,2.9,2.9,2.9,2.9,2.9,2.9,2.9,2.9,2.9,2.9,3.0,3.0,3.1,3.1,3.1,3.1,3.1,3.1,3.1,3.1,3.1,3.1,3.1,3.1,3.1,3.1,3.1,3.1,3.1,3.1,3.2,3.2,3.282077373987306,3.3,3.3,3.3,3.3,3.3,3.3,3.3,3.3,3.3,3.3,3.3,3.4,3.5,3.5,3.5,3.5627137278564307,3.6,3.6,3.6,3.6,3.6,3.6,3.6002582456110193,3.7,3.7,3.7,3.7,3.7,3.7,3.8,3.817525236657525,3.9,4.0,4.0,4.0,4.1068299354724385,4.2,4.2,4.2,4.5,5.255745765912172,5.302726674763153
0.5978186601894985,0.9,1.0854855139391493,1.2,1.2,1.2,1.2,1.3,1.3,1.3,1.3,1.3,1.3,1.3,1.3,1.3,1.3,1.4,1.4,1.4,1.4,1.4,1.4,1.4,1.4,1.4,1.4,1.4,1.4,1.4,1.4,1.4,1.5,1.6,1.6,1.6,1.6,1.6,1.6,1.6,1.6,1.6,1.6,1.6,1.6,1.6,1.6,1.618190088503164,1.7,1.7,1.7,1.7,1.8,1.8,1.8732987958385678,1.9076547858228308,2.0,2.0,2.0,2.0,2.0,2.0,2.0,2.0,2.0,2.0,2.0,2.0,2.0,2.0,2.0,2.0,2.1,2.1,2.1,2.1,2.1,2.1,2.1,2.1,2.1,2.1,2.2997307358156034,2.3,2.3,2.3769201272425162,2.4,2.4,2.4,2.4,2.4,2.5,2.5,2.5,2.5,2.5,2.5,2.5,2.5,2.5,2.5,2.5,2.5,2.5,2.5,2.5,2.5,2.5,2.5,2.5,2.5,2.5,2.5,2.5,2.5,2.5,2.5,2.5,2.5,2.5,2.5,2.5,2.5,2.6,2.6,2.6,2.6,2.6,2.6,2.6,2.6,2.6,2.6,2.6,2.6,2.6,2.7,2.7,2.7,2.7,2.7,2.7,2.7,2.7,2.7,2.7,2.7,2.7,2.7,2.7,2.7,2.7,2.7,2.7,2.7,2.7,2.7,2.7,2.7,2.7,2.7,2.7,2.7,2.7,2.7,2.7,2.7,2.7,2.7,2.79121831144011,2.8,2.8,2.8,2.8,2.8,2.8,2.8,2.8,2.8,2.8,2.8,2.9,2.9,2.9,2.9,2.9,3.0,3.1,3.1,3.1,3.1,3.1003907185653645,3.2977167337233992,3.3,3.3,3.3202076077128364,3.4410608664118567,3.571362657173825,3.7,4.0,4.201636004857892
0.5,0.5,0.5,0.5,0.5,0.5,0.5,0.5,0.5,0.5,0.5,0.5,0.6,0.6,0.6,0.6,0.6,0.6,0.6,0.6,0.6,0.6,0.6,0.6,0.6,0.6,0.6,0.6,0.6,0.6,0.6,0.6,0.6,0.6,0.6,0.6,0.6,0.6,0.6,0.6,0.6,0.6,0.6,0.6,0.6,0.6,0.6,0.6,0.6,0.6,0.6,0.6,0.6,0.6,0.6,0.6,0.6,0.6,0.6,0.6,0.6,0.6,0.6,0.6,0.6973230516210207,0.7,0.7,0.7,0.7,0.7,0.7,0.7,0.7,0.7,0.7,0.7,0.7,0.7,0.7,0.7,0.7,0.7736966480707367,0.8,0.8,0.8,0.8,0.8,0.8,0.8,0.8,0.8,0.8,0.8,0.877661541373567,0.9,0.9,0.9,0.9,0.9,0.9,0.9,0.9,0.9,0.9,0.9,0.9,0.9,0.9,0.9,0.9,0.9,0.9,0.9,0.9,0.9,0.9,0.9,0.9,0.9,0.9,0.9,0.9,0.9,0.9,0.9,0.9,0.9,0.9414249487302413,1.0,1.0,1.0,1.0,1.0835834762872878,1.1,1.1,1.1,1.1,1.1,1.1,1.1,1.1273604303772344,1.2,1.2,1.2,1.2,1.2,1.2,1.2,1.2,1.2,1.2,1.2,1.2,1.2,1.2,1.2,1.2,1.2,1.2,1.2,1.2,1.2,1.2,1.2,1.2,1.293593987845253,1.3,1.3,1.3,1.3,1.3,1.3,1.3,1.3,1.3,1.3,1.3,1.3,1.3,1.3,1.3,1.3,1.3,1.3,1.3,1.3,1.3,1.3,1.3,1.3,1.3,1.3,1.3,1.4,1.6,1.6,1.741060866411857,1.8,1.9,2.077872882956086,2.1059986844789367
1.4,2.1,2.1,2.428637342826178,2.5,2.5797923922871657,2.6,2.7,2.7,2.7,2.8,2.8,2.9,3.0,3.0,3.0,3.0,3.1,3.1305129470707023,3.2,3.2,3.3,3.3,3.3,3.3,3.3,3.4,3.494001543934421,3.5,3.6,3.6,3.7,3.7,3.709575860441376,3.8,3.8,3.8,3.8,3.8,3.8,3.8,3.8,3.8,3.9,3.9,3.9,3.9794452753522878,4.0,4.0,4.0,4.0,4.0,4.0,4.0,4.0,4.007654785822831,4.1,4.1,4.1,4.1,4.1,4.104378489936286,4.2,4.2,4.2,4.227589739189687,4.3,4.4,4.4,4.4,4.5,4.5,4.5,4.5,4.5,4.5,4.5,4.5,4.5,4.5,4.5,4.6,4.6,4.625606498421527,4.7,4.7,4.7,4.7,4.7,4.7,4.7,4.8,4.9,4.9,5.0,5.0,5.0,5.0,5.0,5.0,5.0,5.0,5.0,5.1,5.1,5.1,5.1,5.1,5.1,5.1,5.1,5.2,5.2,5.2,5.2,5.3,5.3,5.3,5.300269264184391,5.4,5.4,5.4,5.4,5.4,5.4,5.4,5.5,5.5,5.5,5.5,5.5,5.5,5.583583476287288,5.6,5.6,5.6,5.6,5.6,5.664269946863908,5.7,5.7,5.7,5.7,5.7,5.7,5.7,5.7,5.7,5.7,5.7,5.7,5.7,5.7,5.7,5.7,5.7,5.7,5.7,5.7,5.7,5.7,5.7,5.8,5.8,6.0,6.0,6.1,6.1,6.2,6.2,6.343198843880208,6.4,6.55054171839335,6.6,6.6,6.6,6.680147534287232,6.740990970180974,6.8,6.8672825715857355,6.9,7.1,7.1,7.1,7.1,7.1,7.367445006307697,7.4,7.7,7.8,7.9,7.9,7.9,7.9,8.2,8.26062282313851,8.6,8.6,9.1,9.567237297736517,10.101090669905261
0.5,1.1,1.2,1.4,1.8,2.0,2.0,2.1,2.1,2.1,2.1,2.1,2.1687759612645445,2.3,2.3,2.4,2.4,2.4,2.4,2.5,2.5,2.5,2.5,2.5590090298190247,2.6,2.6,2.6,2.6,2.6,2.6,2.7,2.7,2.7,2.7,2.7,2.8,2.8,2.8,2.8,2.8,2.8,2.8,2.8,2.8,2.8,2.8,2.8,2.8,2.8,2.9,2.9,2.9,2.9,2.9,2.9,2.9,2.9,2.9,3.0,3.0,3.0,3.0,3.0,3.0,3.0,3.0,3.0,3.0,3.0,3.1,3.1,3.2,3.2,3.2,3.2,3.2136342526696895,3.3,3.3,3.3,3.3,3.3,3.3,3.3,3.3,3.3,3.3,3.3,3.3,3.3,3.5780507617360144,3.6,3.6280109262911053,3.7,3.7,3.7,3.8,3.8,3.8,3.8,3.8,3.8,3.8,3.8,3.8236884075919986,3.9,3.9,3.9,3.9,4.0,4.071989073708892,4.1,4.1,4.1,4.1,4.1,4.1,4.1,4.1,4.1,4.1,4.1,4.1,4.1,4.1,4.1,4.1,4.1,4.1,4.1,4.1,4.1,4.1,4.1,4.1,4.2,4.2,4.2,4.2,4.2,4.2,4.2,4.3,4.3,4.325036691116378,4.4,4.4,4.4,4.4,4.4,4.4,4.5,4.606138765668953,4.7,4.7,4.720554724647712,4.9,5.0,5.0,5.0,5.0,5.0,5.0,5.0,5.0,5.0,5.093593987845253,5.1,5.1,5.1,5.1,5.1,5.1,5.2,5.305998456065578,5.4,5.4,5.4,5.6,5.6,5.6,5.7,5.7,5.7,5.7,5.7,5.7,5.7,5.7,5.7312240387354505,5.8,6.0,6.0,6.097716733723399,6.2,6.2,6.560622823138511,6.8,6.8,7.129028972121693,7.789364414780431,8.204908014573675
0.5,0.5221271170439141,0.8,0.9,1.1,1.2797923922871657,1.3,1.4,1.4,1.5,1.6,1.8,1.8,1.9520555588893196,2.0,2.0104813919600963,2.1,2.1,2.1,2.1,2.1,2.1,2.1,2.1590090298190248,2.3,2.3,2.4,2.4,2.4,2.4,2.4,2.4,2.4,2.4,2.4,2.4,2.4,2.4,2.4,2.4,2.4,2.4,2.4,2.4,2.4,2.5,2.579445275352288,2.6,2.6,2.6,2.6,2.6,2.6,2.6,2.6,2.6,2.6,2.6,2.607945850290253,2.7,2.7,2.7,2.7,2.766707318575743,2.8,2.8,2.8,2.8,2.8,2.8,2.8,2.8,2.8,2.8,2.8,2.8,2.8,2.8,2.8,2.8,2.8,2.8,2.8,2.8,2.8,2.8,2.8,2.8,2.8,2.8,2.8,2.8,2.8,2.8,2.8,2.8,2.8,2.8,2.8,2.8,2.8,2.8,2.8,2.8,2.8,2.8,2.8,2.8,2.8,2.8,2.8,2.8,2.8,2.8,2.8,2.8,2.8,2.8,2.9,2.9,2.9,2.9,2.9,2.9,2.9,2.9,2.9,2.9,2.9,2.9,2.9,2.9,2.9,2.9,2.9,2.9,2.9,2.9,2.9,3.0,3.0,3.0,3.0,3.0,3.0,3.0,3.0,3.0,3.0,3.0,3.0,3.0,3.0,3.0,3.0,3.0,3.0,3.1,3.1,3.1,3.1,3.1,3.2,3.2,3.3,3.3,3.3,3.3,3.440306890980156,3.5,3.6,3.6,3.7,3.7,3.7,3.8,3.8,3.9,3.9,4.1,4.1,4.1,4.1,4.1,4.1,4.1,4.1,4.1,4.131224038735451,4.2,4.4,4.4,4.4,4.698910608427474,4.713659870944878,5.020207607712837,5.1,5.171362657173825,5.4,5.633618648868259,5.704908014573675
4.2,4.3442542340878285,4.970971027878298,5.328637342826178,5.5,5.5,5.5,5.5,5.5,5.599609281434632,5.892866701553324,5.9,5.9,6.1520555588893195,6.265109987384604,6.5,6.5,6.6,6.6,6.6,6.7,6.732717428414268,6.896656111381731,7.1,7.1,7.1,7.1,7.1,7.1,7.1,7.1,7.1,7.1,7.1,7.1,7.1,7.1,7.1,7.18965445747404,7.3,7.5,7.5,7.5,7.5,7.7,7.7,7.7,7.718190088503164,7.9,8.0,8.1,8.267234718804218,8.3,8.3,8.3,8.3,8.5,8.6,8.7,8.8,8.9,8.9,8.9,8.9,8.9,9.027589739189688,9.1,9.187124620470954,9.4,9.445406826037425,9.5,9.5,9.53068012283939,9.6,9.6,9.6,9.6,9.6,9.88910012883477,9.9,9.9,9.9,9.9,9.9,9.9,9.9,10.1,10.1,10.1,10.1,10.1,10.1,10.1,10.1,10.102392509879161,10.2,10.2,10.2,10.3,10.3,10.3,10.3,10.3,10.3,10.3,10.3,10.3,10.3,10.3,10.3,10.3,10.3,10.3,10.3,10.3,10.6,10.6,10.6,10.6,10.6,10.6,10.6,10.6,10.6,10.6,10.6,10.6,10.6,10.6,10.6,10.6,10.6,10.6,10.7,11.4,11.4,11.4,11.4,11.4,11.4,11.4,11.4,11.4,11.475110073349134,11.7,11.7,11.7,11.7,11.7,11.7,12.322566170830168,12.6,12.6,12.6,12.6,12.6,12.6,12.6,12.6,12.6,12.6,12.6,12.6,12.603122978254135,13.3,13.3,13.3,13.3,13.7,13.7,13.7,13.7,13.7,13.7,13.7,13.7,13.7,13.7,15.5,15.5,15.5,15.5,15.5,15.5,15.5,15.5,15.972115044153872,16.2,16.2,16.2,16.2,16.2,16.2,16.2,18.1,18.12020760771284,18.241060866411857,18.3,18.3,18.3,18.3
2.4950919854263716,3.3,3.385485513939149,3.4,3.6,3.8,3.9931700645275616,4.0,4.0,4.0,4.1,4.1,4.1,4.2,4.2,4.2,4.3,4.3,4.3305129470707024,4.5,4.5,4.5,4.5,4.5,4.5,4.5,4.5,4.594001543934421,4.6,4.7,4.7,4.7,4.7,4.7,4.7,4.7,4.8,4.9,4.9448272287370205,5.0,5.032920198892688,5.1,5.1,5.1,5.1,5.2,5.2,5.3,5.3,5.3,5.4,5.4,5.4,5.4,5.4,5.4,5.4,5.4,5.4,5.4,5.4,5.5,5.5,5.5,5.5,5.5,5.5,5.5,5.5,5.5,5.5,5.5,5.5,5.5,5.5,5.5,5.5,5.5,5.5,5.5,5.547494849229611,5.6,5.6,5.6,5.6,5.6,5.6,5.6,5.6,5.6780507617360145,5.7,5.7,5.7,5.7,5.7,5.7,5.7,5.7,5.7,5.7,5.7,5.8,5.8991113784562685,5.9,5.9,5.9,5.9,5.9,5.9,5.9,5.9,5.9,6.0,6.0,6.097623680861141,6.1,6.1,6.1,6.1,6.1,6.1,6.1,6.1,6.132212223747814,6.2,6.2,6.2,6.341424948730241,6.4,6.5,6.525893173330689,6.6,6.6,6.6,6.6,6.6,6.6,6.6,6.664269946863908,6.795621510063716,6.9,6.9,6.9,6.9,6.9,6.9,6.9,7.1,7.1,7.1,7.1,7.1,7.1,7.1,7.1,7.1,7.1,7.1,7.1,7.1,7.234159602214629,7.3,7.3,7.300446139750591,7.5,7.5,7.641531877275178,7.7,7.7,7.8,7.8,7.8,7.9,7.9,7.9,7.9,7.9,7.9,7.9,7.967282571585736,8.0,8.0,8.1,8.2,8.327970979850875,8.6,8.667445006307695,8.847944441110684,8.9,8.9,8.914266596893356,9.1,9.1,9.5,9.5,10.1,10.1,10.1,10.1,11.11234747842912,11.708725359242088
1.3989093300947493,1.6442542340878283,2.0,2.028637342826178,2.1,2.1,2.1,2.2,2.3,2.3,2.3,2.4,2.4,2.4520555588893194,2.5,2.6104813919600964,2.7,2.7,2.7,2.7,2.7,2.7,2.7,2.7,2.7,2.7,2.8,2.8,2.8,2.9,2.9,2.9,2.9,3.0,3.0,3.00640601215474,3.2,3.2,3.2,3.2,3.2,3.2,3.2,3.2,3.2,3.2,3.2,3.2,3.2,3.2,3.3,3.3,3.3,3.3,3.3,3.3,3.3,3.3,3.4,3.4,3.4,3.4,3.5,3.5,3.5,3.6,3.6,3.6,3.6,3.6,3.6,3.6,3.6,3.6,3.6,3.6,3.6,3.6,3.6,3.7,3.7,3.8,3.8,3.8,3.8,3.8,3.8,3.8,3.8,3.8,3.8,3.8,3.8,3.8,3.8,3.9,3.9,3.9,3.9,3.9,3.9,3.9,3.9,3.9,3.9,3.9729278915505746,4.0,4.0,4.0,4.0,4.0,4.0,4.1,4.1,4.1,4.1,4.1,4.1,4.1,4.1,4.1,4.1,4.1,4.1,4.2,4.2,4.2,4.2,4.2,4.2,4.3,4.3,4.4,4.4,4.442480395589342,4.5,4.5,4.5,4.5,4.5,4.6,4.7,4.7,4.8,4.85846211296784,4.9,4.9,5.0,5.0,5.0,5.0,5.0,5.0,5.0,5.1,5.1,5.1,5.1,5.1,5.1,5.2670798011073146,5.3,5.3,5.3,5.3,5.3,5.4,5.4,5.4,5.4,5.443198843880208,5.5,5.5,5.505998456065578,5.6,5.7,5.7,5.7,5.7,5.767282571585736,5.8,5.8,5.8,5.8406880822512335,5.9,6.0,6.0,6.0,6.0,6.017525236657525,6.1,6.1003907185653645,6.2,6.2,6.6,6.7,6.9,6.9,7.1,7.6,10.0
2.1989093300947493,3.0442542340878282,3.3,3.3,3.4,3.4,3.4,3.7,3.8,3.8,4.0,4.0,4.0,4.1,4.2,4.2,4.3,4.3,4.3,4.4,4.5,4.5,4.5,4.5,4.5,4.5,4.5,4.5,4.5,4.5,4.5,4.5,4.5,4.5,4.5,4.5,4.5,4.7,4.7,4.7,4.8,4.8,4.9,4.9,4.9,4.940067539952499,5.0,5.0,5.0,5.1,5.2,5.3,5.4,5.4,5.4,5.4,5.4,5.4,5.4,5.4,5.5,5.5,5.5,5.5,5.5,5.5,5.5,5.5,5.5,5.5,5.5,5.5,5.5,5.5,5.5,5.5,5.5,5.5,5.5,5.5,5.5,5.5,5.5,5.5,5.55133322763466,5.6,5.6,5.6,5.6,5.6,5.6,5.6,5.6,5.6,5.6,5.6,5.651708942177256,5.7,5.7,5.7,5.7,5.7,5.7,5.7,5.7,5.7,5.7,5.7,5.7,5.7,5.8,5.8,5.8,5.9,5.9,5.9,5.9,5.9,5.9,5.9,5.9,5.9,5.9,5.932212223747814,6.0,6.086365747330313,6.1,6.1,6.1,6.1,6.1,6.1,6.1,6.112875379529044,6.2,6.2,6.2,6.2,6.2,6.2,6.5,6.5,6.6,6.6,6.6,6.6,6.6,6.6,6.6,6.665530562391563,6.8,6.806138765668953,6.9,6.9,6.9,6.9,6.999964124280138,7.1,7.1,7.1,7.1,7.1,7.1,7.1,7.1,7.1,7.1,7.1,7.1,7.1,7.3,7.3,7.45054171839335,7.7,7.762713727856431,7.82074339448539,7.9,7.9,7.9,7.9,7.9,7.9,7.9,7.940688082251234,8.0,8.1,8.1,8.147944441110683,8.2,8.352575709972575,8.7,8.700781437130729,8.9,8.9,9.1,9.5,9.664243465647427,10.1,10.1,10.277872882956087,11.7
1.4,1.6,1.9564565418174478,2.1,2.1,2.2797923922871655,2.4,2.5,2.6,2.6996092814346326,2.7,2.7,2.7,2.8,2.8,2.9,2.9860145100745634,3.0,3.0,3.0,3.0,3.0,3.096656111381731,3.2,3.2198524657127763,3.3,3.3,3.3,3.3,3.4,3.4,3.5,3.559693109019841,3.6,3.6,3.7,3.753423758114002,3.8,3.8,3.8,3.9,4.0,4.0,4.0,4.0,4.0,4.0,4.0,4.0,4.0,4.1,4.1,4.1,4.1,4.1,4.1,4.14153788703216,4.2,4.2,4.2,4.2,4.204378489936286,4.3,4.3667073185757435,4.4,4.4,4.457519604410663,4.5,4.5,4.5,4.5,4.5,4.5,4.55857505126975,4.6,4.7,4.7,4.7,4.7,4.7,4.8,4.9,4.9,5.0,5.0,5.0,5.0,5.0,5.0,5.0,5.0,5.0,5.0,5.0,5.0,5.0,5.0,5.0,5.0,5.0,5.0,5.0,5.0,5.0,5.0,5.0,5.0,5.022338458626433,5.1,5.1,5.1,5.2219492382639885,5.3,5.3,5.3,5.3,5.4,5.4,5.4,5.4,5.4,5.4,5.4,5.4,5.459180841484494,5.5,5.5,5.5,5.5,5.597472376674125,5.6,5.6,5.6,5.6,5.6,5.7,5.7,5.7,5.7,5.7,5.7,5.7,5.7,5.7,5.7,5.7,5.7,5.7,5.7,5.7,5.7,5.7,5.7,5.7,5.7,5.7,5.7,5.7,5.7,5.7,5.7,5.7,5.7,5.7,5.7,5.7,5.7,5.7,5.7,5.7,5.7,5.7,5.8,5.8,5.8,5.82074339448539,5.9,6.0,6.0,6.0,6.1,6.1,6.1,6.2,6.2,6.2,6.2,6.547944441110684,6.6,6.717525236657525,6.8,6.9,6.9,7.0992737389516485,7.1,7.401038038564184,7.8,7.9,8.24354345818254,9.1,10.00054533495263
0.798363995142124,1.0221271170439141,1.1,1.3,1.4,1.4,1.4,1.500363130524173,1.6022832662765965,1.8,1.8,1.8,1.9687759612645443,2.0,2.0,2.1,2.1,2.1,2.1,2.1,2.1,2.1,2.1,2.2180180596380494,2.3,2.3,2.3372862721435705,2.4,2.4,2.4,2.4,2.4,2.4,2.4,2.4,2.4,2.4,2.4,2.4,2.4,2.4,2.4,2.4,2.4,2.5,2.5,2.5,2.5181900885031636,2.6,2.6,2.6,2.6,2.6,2.6,2.6,2.6,2.6,2.6,2.607945850290253,2.7,2.7,2.7,2.7,2.7,2.7,2.7,2.7,2.7,2.7,2.7,2.7,2.7,2.8,2.8,2.8,2.8,2.8,2.8,2.8,2.8,2.8,2.8,2.8,2.8,2.8,2.8,2.8,2.8,2.8,2.8,2.8,2.8,2.8,2.8,2.8,2.8,2.8,2.8,2.8,2.8,2.8,2.8,2.8,2.8,2.8,2.9,2.9,2.9,2.9,2.9,2.9,2.9,2.9,2.9,2.9,2.9,2.9,2.9,2.9,2.926303351929255,3.0,3.0,3.0,3.0,3.0,3.0,3.0,3.0,3.0,3.0,3.0,3.0,3.0,3.0,3.1,3.1724102608103184,3.2,3.2,3.2,3.2,3.2,3.2,3.2,3.225036691116378,3.3,3.3,3.3,3.3,3.3,3.3327652811957815,3.5,3.506138765668953,3.6,3.6,3.6,3.6,3.6,3.6,3.6,3.6242052584359556,3.7,3.7,3.755172771262977,3.8,3.8,3.8,3.8415318772751785,3.9,3.9,4.0,4.1,4.1,4.1,4.1,4.1,4.1,4.1,4.1,4.1,4.1,4.1,4.1,4.1,4.1,4.2,4.2,4.334890012615393,4.4,4.4,4.7,4.707133298446678,5.0,5.0,5.0,5.1068299354724385,5.6,5.7,5.7,6.0,6.0,7.115814713626286
1.1983639951421239,1.4,1.4,1.6,1.7,1.7797923922871657,1.9931700645275616,2.0,2.0,2.0,2.0,2.0,2.0687759612645444,2.1,2.132554993692302,2.2,2.2,2.3,2.3,2.3997417543889865,2.5,2.532717428414268,2.6,2.6,2.6,2.6,2.637286272143571,2.7,2.7,2.7,2.8,2.8,2.8,2.8,2.8,2.8,2.9,2.9,2.9,2.9,2.9,2.9,2.9,2.959328465857746,3.0,3.0,3.0,3.1,3.1,3.1,3.1,3.1,3.1,3.1,3.1,3.1,3.1,3.1,3.1,3.1,3.1,3.1,3.1,3.1,3.197323051621021,3.2,3.2,3.2,3.3,3.3,3.3,3.3,3.3,3.3,3.3,3.3,3.3,3.4,3.4,3.4,3.4,3.4,3.4,3.5,3.5,3.5769201272425164,3.6,3.6,3.6,3.6,3.6,3.6,3.7,3.7,3.7,3.7,3.7,3.7,3.7,3.7,3.7,3.7,3.7,3.7,3.7,3.7729278915505744,3.8,3.8,3.8,3.8,3.8,3.8,3.8,3.8,3.8,3.8,3.8,3.8,3.8,3.8,3.8,3.8,3.8,3.9,3.9,3.9,3.9,3.9,3.9,3.9,3.9,3.9,3.9,4.0,4.0,4.0,4.1,4.1,4.2,4.2,4.2,4.2,4.2,4.2,4.2,4.2,4.2,4.2,4.2968948881851645,4.3327652811957815,4.4,4.4,4.44367777167434,4.5,4.520554724647712,4.6,4.6,4.6,4.6,4.648410516871911,4.8,4.8,4.8551727712629775,5.0,5.0,5.0,5.1,5.1,5.140306890980156,5.2,5.2,5.2,5.25054171839335,5.3,5.3,5.3,5.3,5.4,5.5,5.5,5.5,5.600258245611019,5.7,5.8,5.8,5.9,6.067445006307696,6.1,6.1,6.2,6.3,6.3,6.497716733723399,6.5,6.7,6.7,7.3,7.542725314347649,7.6,8.333618648868258,9.207089354384197
0.8978186601894985,1.4,1.7,1.8,1.8,1.8,2.0,2.0,2.0,2.0,2.2,2.2,2.2,2.3,2.3,2.3,2.4,2.5,2.5,2.5997417543889867,2.6,2.6,2.6,2.6,2.6,2.6,2.637286272143571,2.7,2.7,2.7,2.7,2.7,2.7,2.7,2.758468122724821,2.8,2.8,2.8,2.8,2.8,2.8,2.8,2.8,2.8,2.8,2.8,2.8,2.8,2.8,2.8,2.8,2.9,2.9,2.9,2.9,2.9,2.9,2.9,2.9,2.9,2.9,2.9,2.9,2.9,2.9,2.9,2.9,2.9,3.0,3.0,3.0,3.0,3.0,3.0,3.0,3.0,3.0,3.0,3.0,3.0,3.0,3.0,3.0,3.0,3.0,3.0,3.0023763191388553,3.1,3.1,3.1,3.1,3.1,3.1,3.1,3.1,3.1,3.1,3.1,3.1,3.1,3.1,3.1,3.1,3.1,3.1,3.1,3.1,3.1,3.1,3.1,3.1,3.1,3.1,3.1,3.1,3.1,3.1,3.2,3.2,3.2,3.3,3.3,3.305449935582612,3.4,3.4,3.4,3.4,3.4,3.469319877160609,3.6,3.7,3.7,3.7,3.8,3.8,3.8,3.8,3.8,3.8,3.8,3.8,3.8,3.8,3.825036691116378,3.9,3.9,3.9,3.9,3.9,3.9,3.9,3.9,3.9,3.9,4.0,4.0,4.0,4.1,4.1820773739873065,4.2,4.2,4.3,4.3551727712629775,4.4,4.4,4.4,4.4,4.4,4.5,4.59121831144011,4.6,4.6,4.6,4.6,4.6,4.720743394485391,4.8,4.8,4.803343888618275,4.9,5.0,5.0,5.0,5.0,5.0,5.0,5.0,5.1,5.131224038735451,5.5,5.5,5.8,5.995433467446799,6.0,6.1,6.220207607712837,6.341060866411857,7.4,7.7,8.333618648868258,11.903272009715783
0.2,0.2,0.2,0.5,0.5,0.5,0.5,0.5,0.5,0.5,0.5,0.5,0.5,0.5,0.5,0.5,0.5,0.5,0.5,0.5,0.5,0.5,0.5,0.5,0.5198524657127763,0.6,0.6,0.6,0.6,0.6,0.6,0.6,0.6,0.6,0.6,0.6,0.6,0.6,0.6,0.6,0.6,0.6,0.6,0.6,0.6,0.6,0.6,0.6,0.6,0.6,0.6,0.6,0.6,0.6,0.6,0.6,0.6,0.6,0.6,0.6,0.6,0.6,0.6,0.6,0.6,0.6,0.6,0.6,0.6,0.6,0.6,0.6,0.6,0.6,0.6,0.6,0.6,0.6,0.6,0.6,0.6,0.6,0.6,0.6,0.6,0.6,0.6,0.6,0.6,0.6,0.6,0.6,0.6,0.6,0.6,0.6,0.6,0.6,0.6,0.6,0.6,0.6,0.6,0.6,0.6,0.6,0.6,0.6,0.6,0.6,0.6,0.6,0.6,0.6,0.6,0.6,0.6,0.6,0.7,0.7,0.7,0.7,0.7,0.7,0.7,0.7,0.7,0.7,0.7,0.7,0.7,0.7,0.7,0.7,0.7,0.7,0.7,0.7,0.7,0.7,0.7,0.7,0.7,0.7,0.7,0.7,0.7,0.7,0.7,0.7,0.7,0.7,0.7,0.7,0.7,0.7,0.8,0.8,0.8,0.8,0.8,0.8,0.8,0.8,0.8,0.8,0.8,0.8,0.8,0.8,0.8,0.8,0.8,0.8,0.8,0.8,0.8801475342872322,0.9,0.9,0.9,0.9,0.9,0.9,0.9,0.9,0.9,1.0,1.0,1.1,1.1,1.2,1.2,1.2,1.2,1.3,1.3,1.3,1.4,1.5145144860608468,2.0,2.3027266747631527
3.29291064561587,3.3,3.385485513939149,3.4,3.4,3.5,3.5,3.6,3.7,3.8996092814346324,4.2,4.2,4.2,4.2,4.2,4.2,4.2,4.2,4.3,4.3,4.3,4.3,4.3,4.359009029819025,4.5,4.5,4.5,4.5,4.5,4.5,4.5,4.5,4.5,4.7,4.7,4.9,4.9,4.9,4.9,4.9,4.9,4.9,4.9,4.9,4.9,4.940067539952499,5.1,5.1,5.2,5.2,5.2,5.2,5.2,5.2384542728600625,5.4,5.4,5.5,5.5,5.6,5.6,5.67263956962276,5.7,5.7,5.7,5.897323051621021,5.9,5.9,5.9,6.0,6.045406826037424,6.1,6.2,6.430680122839391,6.5,6.5,6.5,6.540819158515501,6.6,6.6,6.6,6.6,6.6,6.6,6.7,6.7,6.7,6.7,6.7,6.7,6.7,6.7,6.7,6.8,6.9,6.9,6.927072108449437,7.0,7.1,7.1,7.1,7.1,7.1,7.1,7.1,7.1,7.1,7.1,7.3,7.488517723031419,7.7,7.7,7.7,7.8,7.8,7.8,7.9,7.9,7.9,7.9,7.9,7.9,8.0,8.0,8.032212223747814,8.1,8.1,8.2,8.2,8.3,8.3,8.3,8.3,8.3,8.3,8.3,8.3,8.3,8.3,8.3,8.3,8.3,8.3,8.3,8.3,8.45846211296784,8.592345214177163,8.7,8.7,8.8,8.9,8.9,8.9,8.9,8.9,8.9,8.9,8.9,8.9,8.9,8.9,8.9,8.9,9.0,9.0,9.0,9.093593987845253,9.1,9.1,9.1,9.46487324576044,9.5,9.5,9.5,9.5,9.5,9.5,9.5,9.5,9.5,9.5,9.5,9.5,9.5,9.540688082251233,9.6,9.868555824119722,9.9,9.995888882221369,10.1,10.1,10.1,10.1,10.1,10.199636869475825,10.3,10.3,10.3,10.6,10.7,11.633618648868259,13.7
2.9978186601894987,3.3,3.3,3.3286373428261777,3.4,3.4,3.4,3.400363130524173,3.5,3.5996092814346325,3.6,3.6,3.7,3.8,3.9,4.010481391960097,4.1,4.2,4.2,4.2,4.2,4.2,4.2,4.2,4.3,4.3,4.3,4.3,4.349458281606653,4.4,4.5,4.5,4.5,4.5,4.5,4.606406012154739,4.7,4.7,4.7,4.7,4.832920198892689,4.9,4.9,4.9,4.9,4.9,4.9,4.9,4.9,4.9,4.9,4.9,4.9,4.938454272860063,5.0,5.1,5.1,5.1,5.2,5.2,5.2,5.2,5.2,5.2,5.2,5.2,5.2,5.2,5.216416523712721,5.345406826037424,5.4,5.4,5.4,5.45857505126975,5.5,5.5,5.5,5.5,5.594550064417384,5.6,5.6,5.6,5.6,5.7,5.7,5.7,5.7,5.7,5.7,5.878050761736015,5.9,5.9,5.9,6.0,6.0,6.0,6.0,6.176311592408004,6.4,6.5,6.5,6.5,6.5,6.6,6.6,6.6,6.6,6.622338458626433,6.7,6.7,6.7,6.7,6.8,6.872289150783877,6.9,6.9,7.0,7.07439350157847,7.1,7.1,7.1,7.1,7.1,7.1,7.1,7.1,7.3,7.3,7.3,7.4,7.7,7.7,7.7,7.8,7.8,7.8,7.8,7.8,7.8,7.895621510063717,7.9,7.9,7.9,7.9,7.9,8.0,8.0,8.061545727139935,8.1,8.1,8.2,8.2,8.2,8.3,8.3,8.3,8.3,8.3,8.3,8.3,8.667079801107313,8.7,8.7,8.7,8.846576241885998,8.9,8.9,8.9,8.9,8.9,8.9,8.9,8.9,8.9,8.96271372785643,9.1,9.1,9.1,9.5,9.5,9.5,9.5,9.5,9.5,9.5,9.5,9.5,9.5,9.53122403873545,9.9,9.9,10.1,10.1,10.1,10.1,10.1,10.141060866411857,10.271362657173825,10.6,11.245110180692603,13.302181339810524
2.2,2.6221271170439144,3.3,3.3,3.3,3.4,3.4,3.700363130524173,3.8,3.8,3.8928667015533227,4.0,4.0,4.0,4.0,4.1,4.1,4.1,4.5,4.5,4.5,4.5,4.5,4.5,4.5,4.5,4.5,4.5,4.5,4.5,4.5,4.6,4.6,4.8,4.858468122724822,4.9,4.9,4.9,4.9,4.989273309875609,5.0,5.0,5.1,5.1,5.1,5.1,5.179445275352288,5.218190088503164,5.3,5.3,5.3,5.367234718804219,5.4,5.4,5.4,5.4,5.4,5.4,5.4,5.440499922358685,5.5,5.5,5.5,5.5,5.5,5.5,5.5,5.5,5.5,5.5,5.5,5.6,5.6,5.6,5.6,5.7,5.7,5.7,5.7,5.7,5.7,5.7,5.7,5.7,5.7,5.7,5.7,5.7,5.7,5.778050761736014,5.8,5.8,5.9,5.9,5.9,5.9,5.951708942177257,6.0,6.0,6.1,6.1,6.1,6.1,6.123688407591999,6.2,6.2,6.2,6.2,6.2,6.343978147417784,6.5,6.6,6.6,6.6,6.6,6.9,6.9,6.97439350157847,7.0,7.0,7.1,7.1,7.1,7.1,7.1,7.1,7.355108145816712,7.7,7.7,7.8,7.825893173330689,7.9,7.9,7.925750759058087,8.2,8.5,8.5,8.6,8.6,8.6,9.1,9.1,9.476162449129243,9.7,9.7,9.7,9.780103612484288,10.0,10.0,10.0,10.0,10.0,10.0,10.0,10.0,10.0,10.299892372840413,11.188058409707013,11.9,11.9,11.9,11.9,11.9,11.9,12.1,12.1,12.1,12.461696558234484,12.6,12.6,12.6,12.6,12.6,12.6,12.6,12.64148678897078,12.8,12.8,12.8,12.8,13.3,13.3,13.3,13.3,13.3,13.3,13.3,13.3,13.3,13.3,14.5,14.5,14.5,14.5,14.745877677007798,18.1,18.1,18.271362657173825,18.3,18.3,18.3
1.9989093300947494,2.6,2.8,2.9,3.1,3.2797923922871655,3.3,3.4,3.7,3.7,3.7,3.8,3.9,4.0,4.0,4.0,4.0,4.0,4.130512947070702,4.2,4.2671097311820505,4.3,4.3,4.359009029819025,4.4,4.4,4.4,4.5,4.5,4.6,4.6,4.6,4.6,4.6,4.6,4.6,4.6,4.6,4.6,4.6,4.6,4.6,4.617922626012691,4.8,4.8,4.8,4.8,4.8,4.8,4.8,4.8,4.8,4.8,4.838454272860062,4.973298795838568,5.0,5.0,5.0,5.0,5.0,5.0,5.0,5.0,5.1,5.1,5.1,5.1,5.1,5.1,5.1,5.1,5.1,5.1,5.1,5.1,5.1,5.1,5.1,5.194550064417385,5.2,5.2,5.2,5.2,5.2,5.2,5.2,5.2,5.2,5.25293269309945,5.3,5.3,5.3,5.3,5.3,5.4,5.5,5.6,5.6,5.7,5.725448577810747,5.8,5.8,5.998222756912537,6.0,6.0,6.0,6.0,6.0,6.1,6.1,6.1,6.1,6.1,6.1,6.1,6.2,6.2,6.2,6.2,6.2,6.2,6.2,6.3,6.3,6.3,6.3,6.3,6.3,6.4,6.497472376674125,6.6,6.6,6.6,6.6,6.6,6.6,6.6,6.6,6.6,6.6,6.627360430377235,6.7,6.7,6.7,6.7,6.792345214177163,6.826701204161429,6.9,6.9,6.9,6.9,6.9,6.9,6.9,6.9,6.9,6.9,6.940671534142251,7.0,7.0,7.0,7.0,7.0,7.0,7.0,7.0,7.0,7.1,7.3,7.39121831144011,7.4,7.4,7.4,7.4,7.5,7.5,7.6,7.7,7.7,7.7,7.7,7.8,7.9694870529293045,8.0,8.1,8.1,8.4,8.447944441110684,8.5,8.5,8.5,8.5,8.5,8.5,8.5,8.5,8.5,8.6,8.929028972121694,10.411491531824344,11.90981602914735
1.2978186601894985,1.4,1.4854855139391492,1.5,1.5589391335881382,1.7,1.8931700645275615,1.9,1.9,2.0,2.1,2.1,2.1,2.4,2.4,2.5,2.5,2.5,2.5,2.5,2.5,2.5,2.5,2.5,2.519852465712776,2.6,2.6,2.6,2.7494582816066524,2.8,2.8,2.9,2.9,2.9,2.9,2.90640601215474,3.0,3.0,3.0,3.0,3.0,3.1,3.1,3.1,3.1,3.1,3.1,3.1,3.1,3.1,3.1,3.1,3.1,3.1384542728600624,3.2,3.2,3.2,3.3,3.3,3.3,3.3,3.3,3.3,3.3,3.3,3.3275897391896874,3.4,3.4,3.5,3.5,3.5,3.6,3.6,3.6,3.6,3.6,3.6,3.6,3.6,3.6,3.6,3.6,3.6,3.6,3.6,3.7,3.7,3.7,3.7,3.7,3.7,3.7,3.7,3.7,3.7,3.7,3.8,3.8,3.8,3.8,3.8,3.8,3.8,3.8,3.8,3.8,3.8,3.9,3.9,3.9,3.9,3.9,3.9,3.9,3.9,3.9,4.0,4.0,4.0,4.0,4.0,4.0,4.0,4.0,4.0,4.0,4.0,4.0,4.0,4.0,4.0,4.0,4.1,4.1,4.1,4.1,4.1,4.1,4.1,4.1,4.1,4.1,4.2,4.2,4.2,4.2,4.2,4.2,4.2,4.2,4.2,4.2,4.2,4.3,4.3,4.3,4.3,4.3,4.4,4.4,4.4,4.4,4.5,4.5,4.546576241885998,4.6,4.6,4.6,4.6,4.6,4.6,4.6,4.7,4.705998456065578,4.8,4.920743394485391,5.0,5.1,5.1,5.1,5.1,5.1,5.1,5.140688082251233,5.2,5.2,5.267445006307696,5.3,5.3,5.3,5.607133298446677,5.8,5.995433467446799,6.1,6.1,6.3,6.3,6.4427253143476495,6.7,6.7,7.902726674763153
0.5,0.9221271170439141,1.2854855139391492,1.4,1.5589391335881382,1.6,1.6,1.800363130524173,1.9,1.9,2.0,2.0,2.137551922529089,2.2,2.2,2.2,2.2,2.3,2.3,2.3,2.4,2.432717428414268,2.5,2.5,2.6,2.6,2.6,2.6,2.6,2.6,2.6,2.6,2.6,2.6,2.6,2.6,2.6,2.6,2.6,2.6,2.6,2.6,2.6,2.6,2.6,2.6,2.6,2.6,2.6,2.6,2.7,2.7,2.7,2.7,2.7732987958385675,2.8,2.8,2.8,2.8,2.8,2.8,2.8,2.8,2.8,2.8,2.8,2.8,2.8,2.9,2.9,2.9,2.9,2.930680122839391,3.0,3.0,3.0,3.0,3.0,3.0,3.0,3.0,3.0,3.0,3.0,3.0,3.0,3.0,3.0,3.0,3.0,3.0,3.0,3.0,3.0,3.0,3.0,3.0,3.1,3.1,3.1,3.1,3.1,3.1,3.123688407591999,3.2,3.2,3.2,3.2,3.2,3.2,3.2,3.2,3.2,3.2,3.2,3.2,3.2,3.2,3.2,3.2,3.2,3.2,3.2,3.2,3.2,3.2,3.2,3.2,3.2,3.2,3.2,3.2,3.2,3.2,3.2,3.2,3.2,3.3,3.3,3.3,3.4,3.4,3.4,3.4,3.5,3.6,3.7,3.7,3.7,3.7,3.8,3.8,3.843677771674339,3.9,3.9,3.9,3.9,4.0,4.1,4.1,4.1,4.2,4.2,4.2,4.2465762418859985,4.3,4.3,4.3,4.340306890980156,4.4,4.4,4.4,4.4,4.5,4.6,4.6,4.680147534287232,4.7,4.8,4.8,4.832890268817948,4.9,4.9,4.9,4.913985489925437,5.0,5.0,5.0,5.1,5.3,5.5,5.900781437130729,6.297716733723399,6.6,6.7,7.0,7.4,8.270901257390596,8.614514486060846,9.812347478429121,12.802726674763154
0.5,0.9221271170439141,1.2854855139391492,1.4,1.6,1.9,1.9,2.0,2.0,2.0,2.0,2.2,2.2,2.2,2.3,2.3,2.3,2.3,2.4,2.4,2.4671097311820502,2.5,2.596656111381731,2.6,2.6,2.6,2.6,2.6,2.6,2.6,2.6,2.6,2.6,2.6,2.6,2.6,2.6,2.6,2.6,2.6,2.6,2.6,2.6,2.6,2.6,2.6,2.6,2.6,2.6,2.6,2.6,2.6,2.6,2.6,2.6,2.6,2.6,2.6,2.6,2.6,2.7,2.7,2.7,2.7,2.797323051621021,2.8,2.8,2.8,2.8,2.8,2.8,2.8,2.8,2.8,2.886222963545816,2.9,2.9,2.9,2.9,2.9,2.9,2.9736966480707365,3.0,3.0,3.0,3.0,3.0,3.0,3.0,3.0,3.0,3.0,3.0,3.0,3.0,3.0,3.0,3.0,3.0,3.0,3.0,3.0,3.0991113784562687,3.1,3.1,3.1,3.1,3.1,3.1,3.1,3.196926093147823,3.2,3.2,3.2,3.2,3.2,3.2,3.2,3.2,3.2,3.2,3.2,3.2,3.2,3.2,3.2,3.2,3.2,3.2,3.2,3.2,3.2,3.2,3.2,3.2,3.272410260810318,3.3,3.4,3.4,3.4,3.4,3.4,3.4,3.6,3.6,3.7,3.7,3.7,3.7,3.7,3.8,3.8,3.9,3.9,3.9,3.9,3.9999641242801376,4.1,4.1,4.2,4.2,4.2,4.2,4.3,4.3,4.4,4.4,4.4,4.4,4.49121831144011,4.6,4.6,4.6,4.605998456065578,4.7,4.8,4.880147534287232,4.9,4.9,4.9,5.0,5.0,5.0,5.0,5.1,5.2,5.3,5.547944441110684,6.1,6.217525236657525,6.5,6.6,6.6,6.7,7.0,7.16062282313851,7.4,8.128175943042947,8.629028972121693,11.968949190946068,12.802726674763154
0.5,0.7,0.9,0.9,1.1,1.3,1.4,1.4,1.4,1.4,1.4,1.5,1.6,1.6,1.6,1.6,1.7720290201491267,1.8,1.8,1.8997417543889865,1.9,1.9,1.9,1.9,1.9,1.9792566055146068,2.0,2.0,2.0989165632133053,2.2,2.2,2.2,2.2,2.209575860441376,2.3,2.3,2.3534237581140016,2.4,2.4,2.4,2.5,2.5,2.6,2.6,2.6,2.6,2.6,2.6,2.6,2.6,2.6,2.6,2.6,2.6,2.6,2.6,2.6,2.6,2.6,2.6,2.6,2.6,2.6,2.6,2.6,2.6,2.6,2.6,2.6,2.6,2.6,2.6,2.6,2.7,2.7,2.7,2.740819158515501,2.8,2.8,2.8,2.8,2.8,2.8,2.8,2.8,2.8,2.8,2.8,2.8,2.9,2.9,2.9,2.9,2.9,3.0,3.0,3.0,3.0,3.0,3.0,3.0,3.0,3.0,3.0,3.0,3.0,3.0,3.0,3.0,3.0,3.0,3.0219492382639883,3.1,3.1,3.1,3.1,3.1,3.1,3.1,3.1,3.1,3.1,3.2,3.2,3.2,3.2,3.2,3.2,3.2,3.2,3.2,3.2,3.2,3.2,3.2,3.2,3.2,3.2,3.2,3.2,3.3,3.359500077641303,3.4,3.4,3.4,3.4,3.526701204161429,3.6,3.7,3.7,3.7,3.8,3.8,3.8,3.9,3.9,3.9,3.9,3.9,3.9,3.9670798011073147,4.0,4.1,4.1004461397505905,4.2,4.2,4.3,4.4,4.4,4.4,4.5,4.6,4.6,4.6,4.7,4.8,4.8,4.9,4.9,4.967282571585736,5.0,5.0,5.0,5.140688082251233,5.213985489925437,5.3,5.5,6.1,6.131224038735451,6.252575709972575,6.607133298446677,6.7,6.995433467446799,7.0,7.4,7.4,7.6410608664118564,8.44272531434765,8.98868831879101,12.733618648868259,13.306544019431568
2.4994546650473746,2.9,2.985485513939149,3.157274685652356,3.3,3.3,3.4,3.6,3.6,3.6,3.6,3.6,3.7,3.8,3.8,3.8,3.8,3.8,3.8,3.8,3.8,3.8,3.8,3.9,3.9,3.9,3.9,3.9,3.9,3.9,3.9,3.9,3.9,3.9,3.9,4.0,4.0,4.1991077204988185,4.24482722873702,4.3,4.3,4.3,4.4,4.4,4.4,4.4,4.4,4.418190088503164,4.5,4.5,4.5,4.5,4.6,4.6,4.6,4.6,4.6,4.6,4.6,4.6,4.6,4.6,4.8,4.8,4.8,4.9,5.0,5.0,5.0,5.0,5.0741068266693015,5.1,5.1,5.1,5.1,5.1,5.1,5.2,5.2,5.2,5.2,5.273696648070737,5.3,5.3,5.3,5.3,5.3,5.3,5.3,5.3,5.3,5.3,5.3,5.3,5.3,5.3,5.4,5.4,5.4,5.4,5.4,5.4,5.4,5.4,5.4,5.4,5.4,5.4,5.4,5.4,5.4,5.4,5.5,5.5,5.5,5.5,5.5,5.57439350157847,5.7,5.7,5.752505150770389,5.8,5.8,5.8,5.8,5.8,5.8,5.8,5.8,5.8,5.8,5.8,5.8,5.8,5.9,5.9,5.9,5.9,5.9,5.9,5.9,5.959500077641303,6.1,6.1,6.1,6.2,6.2,6.2,6.3,6.3,6.4,6.5,6.5,6.5,6.5,6.5,6.5,6.5,6.5,6.5,6.5,6.5,6.5,6.500446139750591,6.646576241885998,6.7,6.7,6.7,6.7,6.7,6.7,6.7,6.7,6.7,6.7,6.7,6.7,6.7,6.7,6.7,6.7,6.7,6.7,6.7,6.727970979850875,6.9,6.9,7.0,7.3,7.417525236657525,7.6,7.6,7.6,7.7,8.3,8.5,8.741060866411857,8.8,8.94354345818254,10.0,10.017996053436809
2.4994546650473746,2.9,2.9,2.9,3.0,3.179792392287166,3.3,3.3,3.3,3.3,3.3,3.3,3.4,3.4,3.4,3.6,3.6,3.6,3.6,3.6,3.7,3.7,3.7,3.8,3.8,3.8,3.8,3.8,3.8,3.8,3.8,3.8,3.8,3.8,3.8,3.8,3.8,3.8,3.8,3.8,3.8,3.8,3.9,3.9,3.9,3.9,3.9,3.9,3.9,3.9,3.9,3.9,3.9,3.9,3.9,3.9,3.9,4.0,4.0,4.0,4.072639569622759,4.104378489936286,4.2,4.2,4.2,4.3,4.3,4.3,4.3,4.3,4.4,4.4,4.4,4.4,4.4,4.4,4.4,4.5,4.5,4.5,4.5,4.5,4.5,4.5,4.5,4.5,4.6,4.6,4.6,4.6,4.6,4.6,4.6,4.6,4.6,4.6,4.6,4.8,4.800888621543728,4.9,4.95,5.0,5.0,5.0,5.0,5.072927891550575,5.1,5.1,5.1,5.1,5.1,5.1,5.1,5.1,5.2,5.223079872757483,5.3,5.3,5.3,5.3,5.3,5.3,5.3,5.3,5.3,5.3,5.3,5.3,5.3,5.4,5.4,5.4,5.4,5.4,5.4,5.4,5.4,5.433292681424257,5.5,5.5,5.5,5.5,5.5,5.5,5.5,5.5,5.5,5.661545727139935,5.7,5.8,5.8,5.8,5.8,5.8,5.8,5.8,5.899964124280138,5.9,5.9,5.9,5.9,5.9,5.9,6.1,6.146576241885998,6.2,6.3,6.3,6.440306890980156,6.5,6.5,6.5,6.5,6.5,6.5,6.5,6.5801475342872315,6.640990970180973,6.7,6.7,6.7,6.7,6.7,6.7,6.7,6.7,6.7,6.7,6.7,6.7,6.9,7.0,7.3,7.499636869475824,7.6,7.6,7.6,8.056813285869122,8.54354345818254,8.8,10.013633373815765
0.49836399514212393,0.7,0.7,0.7,0.7,0.7,0.7,0.7,0.8,0.8,0.8,0.8,0.8,0.8,0.8325549936923018,0.9,0.9,0.9,0.9,0.9,0.9,0.9,0.9,0.9,0.9,0.9,0.9,0.9,0.9,0.9,0.9,0.9,0.9,0.9095758604413761,1.0,1.1,1.1,1.1,1.1,1.2,1.2,1.2,1.2,1.2,1.2000358757198555,1.3,1.3,1.3,1.3,1.3,1.3,1.3,1.3,1.3,1.3,1.3,1.3,1.3,1.4,1.4,1.4,1.4,1.4,1.4,1.4,1.4,1.4,1.4,1.4,1.4,1.4,1.4,1.4,1.4,1.4,1.4,1.4,1.4,1.4,1.4,1.4,1.4,1.4,1.4,1.4,1.4,1.4,1.4,1.45293269309945,1.5,1.5,1.5,1.5,1.5,1.5,1.5,1.5,1.5,1.5,1.5,1.5,1.5,1.5,1.5,1.5,1.5,1.5,1.5,1.5,1.5,1.5,1.5,1.5,1.6,1.6,1.6,1.6,1.6,1.6,1.6,1.6,1.6,1.6,1.6,1.6,1.6,1.6,1.6,1.6,1.6,1.6,1.6,1.6,1.6,1.6,1.6,1.6,1.6,1.664269946863908,1.7,1.7,1.7,1.7,1.7,1.7,1.7,1.7,1.7,1.7,1.7,1.7,1.8,1.8,1.8,1.8,1.8,1.8,1.8,1.8,1.8,1.9,2.0,2.0,2.000446139750591,2.1,2.1,2.1,2.1,2.2,2.2,2.2,2.2,2.2505417183933503,2.3,2.4,2.4,2.4,2.4409909701809736,2.5,2.6,2.6,2.7,2.7,2.7,2.7,2.7,2.7,2.7,2.731224038735451,2.8,2.8,2.8,2.8,2.8,2.8,2.8,3.0,3.0,3.014514486060847,3.377872882956086,3.901090669905261
0.6,1.4442542340878284,1.7,1.828637342826178,1.9,1.9,2.0,2.0,2.0022832662765966,2.1,2.192866701553323,2.2,2.3,2.4,2.4,2.4,2.4,2.459311917748766,2.530512947070702,2.6,2.6671097311820504,2.8,2.8,2.8,2.8,2.8792566055146067,2.9,2.9,2.9,2.9,3.0,3.0,3.0,3.0,3.0584681227248214,3.1,3.1,3.1,3.1896544574740404,3.3,3.3,3.3,3.3,3.3,3.3,3.3,3.3,3.3,3.3,3.3,3.3,3.5,3.5,3.5,3.5,3.6,3.6,3.6,3.6,3.6,3.6,3.6,3.6,3.6,3.6,3.6,3.6,3.6,3.6,3.6,3.6,3.7,3.7,3.7,3.7,3.7,3.7,3.7677877762521885,3.8,3.8,3.8,3.8,3.9,3.9,3.9,3.9,3.9,3.9,3.9,3.9,3.9,3.9,3.9,4.0,4.0,4.0270721084494365,4.1,4.1,4.2,4.2,4.2,4.2,4.2,4.2,4.248291057822746,4.3,4.3,4.3,4.3,4.3,4.3,4.321949238263988,4.4,4.4,4.5,4.5,4.5,4.5,4.6,4.6,4.6,4.6,4.7,4.7,4.7,4.7,4.7,4.741424948730241,4.8,4.897472376674125,5.0,5.0,5.0,5.0,5.0,5.0,5.0,5.0,5.0,5.0,5.0,5.0,5.0,5.0,5.1,5.1,5.1,5.1,5.1,5.2,5.2,5.2,5.2,5.2,5.2,5.2,5.2,5.3,5.3,5.3,5.3,5.3,5.3,5.3,5.3,5.3,5.3,5.3,5.3,5.3,5.443198843880208,5.5,5.5,5.5,5.5,5.5,5.5,5.6,5.6,5.7,5.8,5.9,5.9,6.040688082251234,6.1,6.1,6.2,6.3,6.3,6.3,6.3,6.3,6.3,6.4,6.4,6.520207607712837,6.6,6.6,6.9,7.3,7.703817344668415
0.8978186601894985,0.9,1.1,1.128637342826178,1.2,1.3,1.3,1.3,1.4022832662765963,1.5,1.6,1.6,1.6687759612645443,1.7,1.7,1.7,1.7,1.7,1.7,1.7,1.7,1.7,1.7,1.7,1.7,1.7,1.7,1.7,1.7,1.7,1.7,1.7,1.8,1.8,1.8,1.8,1.8,1.8,1.8,1.8,1.8,1.8,1.817922626012691,1.9,1.9,1.9,1.9,1.9,1.9,1.9,1.9,1.9,1.9,1.9,1.9,1.9,1.9,1.9,1.9,1.9,1.9,2.0,2.0,2.0,2.0,2.0,2.0,2.0871246204709535,2.1,2.1,2.1,2.1,2.1,2.1,2.1,2.1,2.1,2.1,2.1,2.1,2.1,2.1,2.1,2.1,2.1,2.1769201272425165,2.2,2.2,2.2,2.2,2.2,2.2,2.2,2.2,2.2,2.2,2.2,2.2,2.2,2.2,2.2,2.2,2.2,2.2,2.2,2.2,2.2,2.2,2.2,2.2,2.2,2.2,2.2,2.2,2.2,2.2,2.2,2.2,2.2,2.2,2.2,2.2,2.3,2.3,2.3,2.3,2.3,2.4,2.4,2.4,2.4,2.4,2.4,2.4,2.4,2.4,2.4,2.4,2.4,2.4,2.4,2.4,2.4,2.4,2.4,2.4,2.4,2.4,2.4,2.4,2.4,2.4,2.5436777716743393,2.6,2.6,2.6,2.6,2.8,2.8,2.8,2.8,2.8107266901243975,2.9,2.9,2.9,2.9,2.9,2.9,2.9,2.9,2.9431988438802077,3.0,3.0,3.0,3.0,3.0,3.0,3.0,3.1,3.1,3.1,3.1,3.1,3.181376164502467,3.3,3.4790372160798144,3.6,3.7,3.7,3.7,3.7,3.7,3.7977167337233992,3.9,3.9,4.020207607712837,4.4,4.7,4.7,5.0,5.2
0.5,0.6,0.8709710278782985,0.9,0.9,0.9,0.9,0.9,0.9,0.9,1.1,1.1,1.1,1.1,1.1,1.1,1.1,1.1,1.2,1.2,1.2,1.2,1.2,1.2590090298190248,1.3,1.3,1.3,1.3,1.3,1.3,1.3,1.3,1.3,1.3,1.3,1.3,1.3,1.3,1.3,1.3,1.3329201988926882,1.4757947415640416,1.5,1.5,1.5,1.5,1.6,1.6,1.6,1.6,1.7,1.7,1.7,1.7,1.7,1.7,1.7,1.7,1.7,1.7,1.7,1.7,1.7,1.7,1.7,1.7,1.7,1.7,1.7,1.7,1.7,1.7,1.7,1.7,1.7,1.7,1.7,1.7,1.7,1.7,1.7,1.7,1.7,1.7,1.7,1.7,1.7,1.7,1.7,1.7,1.7,1.7,1.7,1.7,1.7,1.7,1.7,1.7,1.7,1.7,1.7,1.7,1.7,1.7,1.7,1.7,1.7,1.7,1.7,1.7,1.7,1.8,1.8,1.8,1.8,1.8,1.8,1.8,1.8,1.8,1.8,1.8,1.8,1.8,1.8,1.8,1.8,1.8,1.8,1.8,1.8,1.8,1.8,1.8,1.8,1.8,1.8,1.8,1.864269946863908,1.9,1.9,1.9,1.9,1.9,1.9,1.9,1.9,1.961545727139935,2.0,2.0,2.0,2.0,2.0,2.0,2.0,2.0,2.0,2.040671534142251,2.1,2.1,2.1,2.1,2.1,2.2,2.2,2.2,2.2,2.2,2.2,2.2,2.2,2.2,2.2,2.2,2.2,2.2,2.2,2.2,2.2,2.2,2.3,2.3,2.369487052929304,2.4,2.4,2.4,2.4,2.4,2.4,2.4,2.4,2.4,2.4,2.7985474779032984,2.9,2.9,2.9,2.9,3.4,3.7,5.101090669905261
3.098363995142124,3.822127117043914,3.985485513939149,4.2,4.258939133588139,4.459584784574331,4.593170064527561,4.8,5.002283266276597,5.1,5.2,5.3,5.468775961264544,5.8,5.9,5.9,5.9,6.0,6.0,6.0,6.1,6.1,6.1,6.1,6.2,6.2,6.2,6.3,6.4,6.5,6.5,6.5,6.5,6.5,6.5,6.5,6.5,6.5,6.5,6.5,6.5,6.5,6.5,6.5,6.5,6.5,6.6,6.6,6.6,6.6,6.6,6.6,6.6,6.6,6.6,6.6,6.6,6.6,6.607945850290252,6.740499922358685,6.8,6.8,6.835730053136092,6.9,6.9,6.9,6.9,6.9,6.9,6.9,6.9,6.9,6.9,6.9,6.9,6.91363425266969,7.0,7.0,7.0,7.021115852667802,7.1,7.1,7.1,7.1,7.1,7.1,7.1,7.1,7.1,7.1,7.1,7.1,7.1,7.3,7.3,7.3,7.3,7.3,7.3,7.3,7.3,7.3,7.3,7.3,7.3,7.3,7.3,7.3,7.3,7.3,7.496926093147823,7.5,7.5,7.5,7.5,7.5,7.6,7.6,7.6,7.6,7.6,7.7,7.7,7.7,7.7,7.886365747330314,7.9,7.9414249487302415,8.06931987716061,8.1,8.1,8.1,8.1,8.3,8.3,8.3,8.5,8.7,8.7,8.7,8.7,8.7,8.9,8.9,8.9,8.9,8.92670120416143,9.32309145427987,9.496894888185164,9.5,9.5,9.606138765668954,9.7,9.863619822993666,9.9,9.9,9.9,9.9,9.9,10.1,10.1,10.1,10.1,10.1,10.1,10.1,10.1,10.1,10.1,10.28243662288022,10.3,10.3,10.3,10.3,10.425427455712862,10.6,10.6,10.7,10.7,10.7,10.7,10.7,11.4,11.4,11.4,11.4,11.4,11.543833323332052,11.7,11.7,11.7,11.7,11.7,11.89927373895165,12.647809548307071,13.380830430851347,13.7,15.5,15.601601402425928,16.2,18.10054533495263
1.6,2.5,2.8,2.928637342826178,3.1,3.2797923922871655,3.3,3.4,3.5,3.6,3.692866701553323,3.7,3.8,3.9520555588893194,4.1,4.2,4.2,4.2,4.3,4.3,4.3,4.3,4.396656111381731,4.459009029819025,4.5,4.5,4.5,4.6,4.7,4.70370857978007,4.8,4.8,4.9,4.909575860441376,5.0,5.0,5.0,5.0,5.0,5.0,5.0,5.0,5.1,5.1,5.1,5.1,5.1,5.118190088503163,5.2,5.2,5.230825981018876,5.3,5.3,5.3,5.3,5.3,5.3,5.3,5.3,5.3,5.3,5.3,5.3,5.3,5.397323051621021,5.4275897391896875,5.5,5.5,5.5,5.6,5.674106826669302,5.7,5.7,5.7,5.786222963545816,5.9,5.9,6.0,6.0,6.0,6.047494849229611,6.1,6.1,6.1,6.1,6.1,6.1,6.1,6.1,6.1,6.1,6.1,6.1,6.1,6.1,6.1,6.1,6.1,6.1,6.1,6.1,6.1,6.1,6.1,6.1,6.1,6.1,6.122338458626433,6.2,6.2,6.2,6.2,6.2,6.2,6.2,6.2,6.2,6.2,6.2,6.2,6.252505150770389,6.3,6.3,6.3,6.3,6.3,6.3,6.3,6.3,6.4,6.4,6.4,6.4,6.4,6.4,6.4,6.5,6.5,6.5,6.5,6.5,6.5,6.5,6.6,6.6,6.6,6.6,6.6,6.6,6.6,6.6,6.6,6.6,6.6,6.6,6.6,6.6,6.6,6.6,6.6,6.6,6.6,6.6,6.7,6.7465762418859985,6.8,6.8,6.8,6.840306890980156,6.9,6.9,6.9,6.9,6.9,6.9,6.9,6.9,6.9,6.9,6.9,6.9,6.9,6.9,6.9,6.9,6.9,6.9,6.995888882221368,7.162448077470901,7.3,7.3,7.4,7.4,7.5,7.5,7.5,7.5,7.7,7.9,8.355745765912172,10.506544019431567
0.49836399514212393,0.8221271170439142,0.9,1.1,1.1,1.1797923922871658,1.2,1.2,1.2,1.2,1.2928667015533228,1.3,1.3,1.3,1.3,1.3,1.3,1.4,1.4,1.4,1.4,1.4,1.5,1.5,1.5,1.5,1.5,1.6,1.6,1.6,1.6,1.6,1.659693109019841,1.7,1.7,1.7,1.7,1.7,1.8,1.8,1.8,1.8,1.8,1.8,1.8,1.8,1.9,1.9,1.9,1.9,1.9,1.9,1.9,1.9,1.9,1.9,1.9,2.0,2.0,2.0,2.0,2.0,2.0,2.0,2.0,2.0275897391896875,2.1,2.1,2.1,2.1,2.1,2.1,2.1,2.1,2.1,2.1,2.1,2.1,2.1,2.1,2.1,2.1,2.1,2.1,2.1,2.1769201272425165,2.2,2.2277108492161206,2.3,2.3,2.3,2.3,2.3,2.3,2.3023925098791604,2.4,2.4,2.4,2.4,2.4,2.4,2.4,2.4,2.4,2.4,2.4,2.4,2.4,2.4,2.4,2.4,2.4,2.5,2.5,2.5,2.5,2.5,2.5,2.5,2.526303351929255,2.6,2.6,2.6,2.6,2.6,2.6,2.6,2.6,2.6,2.6,2.6,2.6,2.6,2.6,2.6,2.6,2.7,2.7,2.8,2.8,2.8,2.8,2.8,2.8,2.8,2.8,2.8,2.8,2.9,2.9,2.9,2.9,2.9,2.9818099114968333,3.0,3.0,3.0999641242801377,3.1,3.1,3.1,3.1,3.1,3.1,3.1,3.2,3.2,3.2,3.2,3.3,3.3,3.3,3.3,3.5,3.5,3.5627137278564307,3.6,3.6,3.7,3.7,3.7,3.7,3.7,3.7,3.7,3.7,3.7,3.7,3.8,3.9,3.917525236657525,4.0,4.1003907185653645,4.2,4.2,4.506829935472439,4.620207607712836,5.1410608664118564,5.271362657173825,5.314514486060847,5.955745765912172,6.404908014573675
0.5,0.5,1.2854855139391492,1.4,1.4,1.4,1.6931700645275616,1.8,1.8045665325531928,2.0,2.1,2.2,2.2,2.2,2.2,2.2,2.2,2.3,2.3,2.3,2.3,2.3,2.3,2.3590090298190245,2.5,2.5,2.5372862721435707,2.6,2.6,2.6,2.6,2.7,2.7,2.7,2.8,2.8,2.8,2.8,2.8,2.8,2.8,2.8,2.817922626012691,2.9,2.9,2.9,2.9,2.9,3.0,3.0,3.030825981018876,3.1,3.1,3.1,3.1,3.2,3.2,3.2,3.2,3.3,3.3,3.3,3.3,3.3,3.3,3.3,3.3,3.3,3.3,3.345406826037424,3.4,3.4,3.4,3.4,3.4,3.4,3.4,3.4677877762521887,3.5,3.5,3.6,3.6,3.6,3.6,3.6,3.6,3.6,3.6277108492161205,3.75293269309945,3.8,3.8,3.8,3.8,3.8,3.8,3.8,3.8,3.8,3.8008886215437285,3.9,3.9,3.9,3.9,3.9,3.9,3.9,3.9,3.9,3.9,3.9,3.9,3.9,3.9,3.9,3.9,3.9,3.9,3.9,4.0,4.0,4.0,4.0,4.1,4.1,4.1,4.1,4.1,4.1,4.1,4.1,4.2,4.2,4.2,4.2,4.2,4.2,4.302676948378985,4.4,4.4,4.4,4.4,4.4,4.4,4.4,4.4584621129678395,4.5,4.5,4.5,4.5,4.532765281195782,4.6,4.6,4.6,4.6,4.7,4.7,4.799964124280137,4.840671534142251,4.9,5.0,5.0,5.0,5.0,5.0,5.0,5.0,5.1,5.1,5.1,5.1,5.1,5.1,5.1,5.1,5.1,5.1,5.1,5.1,5.1,5.167282571585735,5.232890268817949,5.300258245611019,5.4694870529293045,5.5,5.6,5.6,5.767445006307696,5.9,6.0,6.2,6.3,6.300390718565365,6.4,6.5,6.7,6.7,6.9,7.256813285869123,7.4,8.145110180692603,8.707089354384197
0.5,1.0442542340878282,1.4,1.4,1.6,1.8,1.8,2.0,2.1,2.1,2.2,2.2,2.2,2.2,2.2,2.2104813919600965,2.3,2.3,2.3,2.3997417543889865,2.4,2.432717428414268,2.5,2.5,2.6,2.679256605514607,2.7,2.7,2.8,2.8,2.8,2.8,2.8,2.8,2.8,2.8,2.8,2.8,2.8,2.8,2.8,2.8,2.9,2.9,2.9,2.9,2.9,2.9181900885031635,3.0,3.0,3.0,3.0672347188042184,3.1,3.1,3.1,3.1,3.1415378870321606,3.2,3.3,3.3,3.3,3.3,3.3,3.3,3.3,3.3,3.3,3.3,3.3,3.3,3.3,3.4,3.4,3.4,3.4,3.4,3.4,3.4,3.4,3.4,3.4,3.4,3.4,3.5,3.5,3.5,3.6,3.6,3.6,3.6,3.7,3.8,3.8,3.8,3.8,3.8,3.8,3.8,3.8,3.8,3.8,3.8,3.8991113784562685,3.9,3.9,3.9,3.9,3.9,3.9,3.9,3.9,3.9,3.9,3.9,3.9,3.9,3.9,3.97439350157847,4.0,4.0,4.0,4.078884147332195,4.1,4.1,4.1,4.1,4.1,4.141424948730241,4.2,4.2,4.2,4.2,4.2,4.212875379529044,4.3,4.372410260810319,4.4,4.4,4.4,4.4,4.4,4.4,4.492054149709747,4.5,4.5,4.5,4.5,4.5,4.5,4.6,4.6,4.6,4.643677771674339,4.7818099114968335,4.820554724647712,4.9,4.999964124280138,5.0,5.0,5.0,5.0,5.0,5.0,5.1,5.1,5.1,5.1,5.1,5.1,5.1,5.1,5.1,5.1,5.1,5.1,5.1,5.1,5.1,5.103343888618275,5.2,5.3,5.300258245611019,5.4694870529293045,5.6,5.613985489925437,5.7,5.867445006307697,5.9,5.931224038735451,6.2,6.207133298446678,6.4,6.5,6.5,6.7,6.7,6.9,7.214087971521473,7.429028972121694,8.145110180692603,9.105453349526305
0.6994546650473746,0.9,1.0854855139391493,1.3,1.3,1.3,1.3,1.3,1.4,1.4,1.4,1.4,1.4,1.4,1.4,1.4,1.4,1.4,1.4,1.4,1.4,1.4,1.4,1.4,1.4,1.4,1.4,1.5,1.5,1.50370857978007,1.6,1.6,1.6,1.6,1.6,1.6,1.6,1.6,1.6,1.6,1.6,1.6,1.7,1.7,1.7000358757198555,1.8,1.8,1.8,1.8,1.8,1.8,1.8,1.8,1.9,1.9,2.0,2.0,2.0749633088836164,2.1,2.1,2.1,2.1,2.1,2.2,2.2,2.2,2.2,2.3,2.3,2.3,2.3,2.3,2.3,2.35857505126975,2.4,2.4,2.4,2.4,2.4,2.421115852667802,2.5,2.5,2.5,2.6,2.6,2.6,2.6,2.6,2.6,2.6,2.6,2.6,2.7,2.7,2.7,2.7,2.7,2.7,2.700888621543729,2.8,2.8,2.8,2.8,2.8,2.8,2.8,2.8,2.8,2.8,2.8,2.8,2.8,2.8,2.8,2.8,2.8,2.8,2.8,2.8,2.8,2.8,2.8,2.8,2.8,2.8,2.8,2.8,2.8,2.8,2.8,2.8,2.8,2.8,2.8,2.8,2.8,2.8,2.8,2.8,2.8,2.8,2.8,2.8,2.8,2.8,2.8,2.8,2.8,2.8,2.9,2.9,3.0,3.0,3.0,3.0,3.0,3.0,3.0,3.0,3.0,3.0,3.1,3.1,3.1,3.1,3.1,3.2,3.2,3.2,3.2,3.2,3.2,3.3,3.3,3.3,3.4,3.4,3.5,3.6,3.6,3.7,3.7,3.8,3.8,3.8,3.8,3.8,3.847944441110684,3.9,3.9,3.9,3.9,3.9,3.9,3.9136598709448776,4.120207607712836,4.282121732823714,4.5,4.64354345818254,5.1,5.101090669905261
0.5,0.9,1.0,1.1,1.1589391335881383,1.2,1.3,1.4,1.4,1.4,1.6,1.6,1.6,1.6,1.6,1.6,1.6,1.6,1.7305129470707024,1.8,2.0,2.0,2.0,2.0,2.019852465712776,2.1,2.1,2.1,2.1,2.10370857978007,2.2,2.2,2.2,2.3,2.3,2.3,2.3,2.3,2.3,2.3,2.3,2.3,2.3,2.3,2.3,2.3,2.3,2.3,2.3,2.3,2.3,2.3,2.3,2.3,2.3,2.3076547858228307,2.4,2.4,2.4,2.4,2.4,2.4,2.4,2.4,2.4,2.4,2.4,2.4,2.4,2.4,2.5,2.5,2.5,2.5,2.5,2.5,2.5,2.5,2.5,2.5,2.5,2.5,2.5,2.5,2.5,2.5,2.6,2.6,2.6,2.6780507617360145,2.7,2.7,2.7,2.7,2.7,2.7,2.8,2.8,2.8,2.8,2.8,2.8,2.8,2.8,2.8,2.8,2.8,2.8,2.8,2.8,2.896926093147823,2.9,2.9,2.9,2.9,2.9,2.9,2.9,2.9,2.9,2.9,2.9,2.9,2.9,2.9,2.9,2.9,2.9,2.9,2.9,2.9,2.9,2.9,2.9,2.9,2.9,2.9,2.9,2.9,2.9,2.9,2.9,2.9,2.9,2.9584621129678395,3.0,3.0,3.0,3.0,3.1,3.1,3.1,3.1,3.1,3.1205547246477123,3.2,3.3,3.3,3.3,3.3,3.3,3.3,3.3,3.3,3.3,3.3,3.4,3.4,3.4,3.4,3.5,3.6,3.6,3.6,3.6,3.6,3.6,3.6,3.6,3.667282571585736,3.7,3.8,3.8,3.8,3.8,3.9,3.9674450063076963,4.0,4.03122403873545,4.2,4.2,4.200390718565365,4.397716733723399,4.5,4.6,4.6,5.0,5.3,5.3,5.8,6.704908014573675
0.6989093300947492,0.8221271170439142,0.9,0.9286373428261779,1.0589391335881382,1.2,1.3,1.4,1.6,1.6,1.6,1.6,1.6,1.6,1.6,1.6104813919600964,1.7860145100745635,1.8,1.9305129470707023,2.0,2.0,2.0,2.096656111381731,2.1,2.1,2.1,2.1,2.1,2.2,2.2,2.2,2.208781688559887,2.3,2.3,2.3,2.3,2.3,2.3,2.3,2.3,2.3,2.3,2.3,2.3,2.3,2.3,2.3,2.3,2.3,2.3,2.3,2.3,2.3,2.3,2.3,2.3,2.3415378870321604,2.4,2.4,2.4,2.4,2.4,2.4,2.4,2.4,2.4,2.4,2.5,2.5,2.5,2.5,2.5,2.5,2.5,2.5,2.5,2.5,2.5,2.5,2.5,2.5,2.6,2.6,2.6,2.6,2.6769201272425165,2.7,2.7,2.7,2.7,2.7,2.7,2.7,2.7,2.702392509879161,2.8,2.8,2.8,2.8,2.8,2.8,2.8,2.8,2.8,2.8,2.8729278915505745,2.9,2.9,2.9,2.9,2.9,2.9,2.9,2.9,2.9,2.9,2.9,2.9,2.9,2.9,2.9,2.9,2.9,2.9,2.9,2.9,2.9,2.9,2.9,2.9,2.9,2.9,2.9,2.9,2.9,2.9,2.9,2.9,2.9,2.9,2.9,2.9,2.9,2.9,2.9,2.9,2.926701204161429,3.0,3.0,3.0,3.0,3.1,3.1,3.1,3.1,3.1,3.1,3.1,3.1,3.2,3.2,3.3,3.3,3.3,3.3,3.3,3.3,3.3,3.3,3.3,3.3,3.3,3.4,3.4,3.5,3.6,3.6,3.6,3.6,3.6,3.6,3.6002582456110193,3.7,3.8,3.8,3.8,3.8,3.847944441110684,3.9,4.0,4.2,4.3,4.4,4.499636869475824,4.506829935472439,4.6,4.882121732823713,5.071362657173824,5.3,5.3,7.603817344668414
0.49836399514212393,0.5,0.5,0.5,0.5,0.5,0.5,0.5,0.5,0.6,0.6,0.6,0.6,0.6,0.6,0.6,0.6,0.7,0.7,0.7,0.7,0.7,0.7,0.7,0.7,0.7,0.7,0.7,0.7,0.7,0.7,0.7087816885598869,0.8,0.8,0.8,0.8,0.8,0.8,0.8,0.8,0.8,0.8,0.8,0.8,0.8,0.8,0.8,0.8,0.8,0.8,0.8,0.8,0.8,0.8,0.8,0.8,0.8,0.8,0.8,0.8,0.8,0.8,0.8,0.8,0.8,0.8,0.8,0.8,0.8,0.8,0.8,0.8,0.8,0.8,0.8,0.8,0.8,0.8,0.8,0.8,0.8,0.8,0.8,0.8,0.8,0.8,0.8,0.8,0.8,0.9,0.9,0.9,0.9,0.9,0.9,0.9,0.9,0.9,0.9,0.9,0.9,0.9,0.9,0.9,0.9,0.9,0.9,0.9,0.9,0.9,0.9,0.9,0.9,0.9,0.9,0.9,0.9,0.9,0.9,0.9,0.9,0.9,0.9,0.9,0.9,0.9,1.0,1.0,1.0,1.0,1.0258931733306895,1.1,1.1,1.1,1.1,1.1,1.1,1.1,1.1,1.1,1.1,1.1,1.1,1.1,1.1,1.1,1.1,1.1,1.1,1.132765281195782,1.2,1.2,1.2,1.2,1.2,1.2,1.2,1.2,1.2,1.2,1.3,1.3,1.3,1.3,1.3,1.3,1.3,1.3,1.340306890980156,1.4,1.4,1.4,1.4,1.4,1.4,1.4207433944853902,1.5,1.5,1.5,1.5,1.5,1.6,1.6,1.6,1.6,1.6,1.6,1.6,1.6312240387354506,1.7,1.8,1.8,1.8977167337233993,2.0996368694758245,2.1,2.4,2.6,2.7,2.8,3.0,5.1
4.196727990284248,4.5,4.5,5.2,5.417878267176277,5.5,5.6,6.0,6.0,6.0,6.0,6.364949526684956,6.4,6.5,6.5,6.5,6.6,6.6,6.630512947070702,6.7,6.7,6.7,6.7,6.7,6.7,6.7,6.7,6.7,6.7,6.7,6.7,6.7,6.7,6.7,6.7,7.1,7.1,7.1,7.1,7.1,7.3,7.651589483128084,7.7,7.7,7.7,7.7,7.858890550704576,8.1,8.1,8.1,8.1,8.167234718804217,8.3,8.3,8.3,8.3,8.3,8.3,8.3,8.3,8.3,8.3,8.3,8.3,8.3,8.3,8.3,8.3,8.3,8.3,8.3,8.3,8.3,8.3,8.3,8.3,8.3,8.3,8.3,8.3,8.3,8.3,8.3,8.3,8.3,8.3,8.3,8.3,8.3,8.3,8.3,8.3,8.3,8.3,8.3,8.3,8.3,8.3,8.3,8.3,8.3,8.3,8.3,8.5,8.5,8.5,8.792822470362518,8.8,8.8,8.8,8.9,8.9,8.9,8.9,8.9,9.0,9.0,9.0,9.1,9.1,9.1,9.1,9.1,9.1,9.1,9.186365747330314,9.5,9.5,9.5,9.5,9.5,9.5,9.5,9.5,9.5,9.5,9.5,9.5,9.5,9.5,9.5,9.5,9.5,9.5,9.5,9.5,9.5,9.5,9.5,9.5,9.5,9.5,9.5,9.5,9.5,9.559932460047508,9.6,9.6,9.6,9.6,9.6,9.6,9.6,9.6,9.6,9.6,9.6,9.6,9.6,9.6,9.6,9.6,9.6,9.9,9.9,9.9,9.9,9.9,10.1,10.2,10.3,10.3,10.3,10.3,10.3,10.3,10.3,10.3,10.3,10.3,10.3,10.3,10.3,10.3,10.327319741889756,10.7,10.987426064882998,11.4,12.6,15.10171189320955,16.2
1.6,3.3,3.5854855139391493,3.6,3.8589391335881382,4.1595847845743315,4.2,4.2,4.2,4.2,4.2,4.2,4.3,4.5,4.5,4.5,4.5,4.5,4.5,4.5,4.5,4.5,4.5,4.5,4.5,4.5,4.6,4.7,4.849458281606653,4.9,4.9,5.0,5.0596931090198405,5.1,5.2,5.2,5.2,5.2,5.2,5.2,5.3,5.3,5.3,5.3,5.3,5.3,5.479445275352288,5.5,5.5,5.5,5.5,5.5,5.5,5.5,5.6,5.6,5.6,5.6,5.7,5.7,5.7,5.7,5.7,5.7,5.897323051621021,6.0,6.0,6.0,6.0,6.0,6.0,6.0,6.0,6.0,6.0,6.0,6.0,6.0,6.0,6.0,6.0,6.0,6.0,6.025606498421527,6.1,6.1,6.2,6.255421698432241,6.4,6.4,6.4,6.4,6.4,6.4,6.402392509879161,6.5,6.5,6.5,6.6,6.6,6.6,6.6,6.6,6.6,6.6,6.6,6.6,6.622338458626433,6.7,6.7,6.7,6.7,6.7,6.7,6.7,6.7,6.7,6.7,6.7,6.7,6.7,6.7,6.7,6.7,6.8,6.986365747330313,7.0,7.0,7.0,7.4898895066965,7.6,7.7,7.7,7.712875379529044,7.8,7.8,7.8,7.9,7.9,7.9,7.9,7.9,7.9,7.9,7.9,7.9,7.9267012041614295,8.0,8.0,8.0,8.06917401898113,8.1,8.1,8.1,8.2,8.2,8.2,8.2,8.2,8.2,8.2,8.3,8.3,8.3,8.3,8.3,8.3,8.5,8.5,8.5,8.5,8.5,8.5,8.6,8.66271372785643,8.8,8.8,8.8,8.8,8.9,8.9,9.1,9.1,9.1,9.1,9.1,9.1,9.5,9.5,9.5,9.5,9.5,9.5,9.5,9.506829935472439,9.6,9.6,9.7,9.758057944243387,10.277872882956087,12.516360048578917
1.4978186601894985,1.6,1.6,1.6,1.6,1.6,1.6,1.6,1.6,1.6,1.6,1.6,1.6,1.6,1.6,1.6,1.6,1.6,1.6,1.6,1.6,1.6,1.6966561113817307,2.0,2.0,2.0,2.074572544287142,2.4,2.4,2.5,2.5,2.6,2.719386218039682,2.8095758604413756,2.9584681227248213,3.0,3.0,3.0,3.0,3.0,3.0,3.0,3.0,3.0,3.2,3.2,3.2,3.3,3.3,3.3,3.3,3.3,3.3,3.3,3.3,3.3,3.3,3.3,3.3,3.3,3.3,3.3,3.3,3.3,3.397323051621021,3.5,3.5,3.5,3.616416523712721,3.8,3.8,3.9,3.9,3.9,3.9,3.9,3.9,3.9,3.9,3.9,3.947494849229611,4.0,4.0,4.0,4.0,4.0,4.002376319138856,4.1,4.1,4.2,4.2,4.2,4.2,4.2,4.3,4.327072108449437,4.4,4.5,4.5,4.5,4.5,4.5,4.5,4.5,4.548291057822746,4.6,4.6,4.6,4.6,4.671989073708891,4.7,4.7,4.8,4.8,4.9,5.0,5.0,5.0,5.000269264184391,5.1,5.1,5.1,5.105449935582612,5.2,5.2,5.2,5.2,5.2,5.3,5.3,5.3,5.4,5.4,5.5,5.5,5.6,5.7,5.7,5.7,5.7,5.7,5.7,5.7,5.7,5.7,5.7,5.7,5.7,5.8,5.8,5.8,5.8,5.8,5.8,5.8,5.8,5.8,5.8,5.8,5.8,5.8,5.8,5.8,5.8,5.8,5.8,5.8,5.8,5.8,5.8,5.8,5.8,5.8,5.8,5.8,5.8,5.8,5.8409909701809735,6.0,6.0,6.0,6.0,6.0,6.2,6.413985489925437,6.589518608039906,6.967445006307696,7.5,7.8,7.8,7.8,7.900390718565365,8.197716733723398,8.2,8.2,8.2,8.2,8.5,8.814514486060848,9.1,10.0
1.6,2.9221271170439143,3.2,3.3,3.3,3.3,3.3931700645275615,3.500726261048346,3.8,3.8,3.8928667015533227,3.9,3.9,4.0,4.0,4.0,4.0,4.0,4.1,4.1,4.36710973118205,4.5,4.5,4.5,4.5,4.5792566055146064,4.6,4.6,4.6,4.7,4.7,4.8,4.8,4.8,4.8,4.8,4.8,4.8,4.8,4.8,4.8,4.875794741564042,4.9,4.9,4.9,4.9,5.0,5.0,5.0,5.1,5.1,5.1,5.1,5.1,5.1,5.1,5.1,5.1,5.2,5.2,5.2,5.2,5.3,5.3,5.3,5.3,5.3,5.3,5.3,5.3,5.3,5.3,5.3,5.3,5.3,5.3,5.3,5.3,5.3,5.3,5.34749484922961,5.4,5.4,5.4,5.4,5.4,5.4,5.4,5.4,5.4,5.4,5.4,5.5,5.5,5.5,5.5,5.5,5.576311592408004,5.6,5.6,5.6,5.6,5.7,5.7,5.7,5.7,5.7,5.7,5.7,5.7,5.7,5.7,5.7,5.7,5.7,5.7,5.7,5.7,5.7,5.7,5.7,5.7,5.705449935582613,5.832212223747814,5.9,5.9,6.0,6.0,6.0,6.0,6.0,6.054593173962581,6.1,6.1,6.1,6.1,6.1,6.1,6.1,6.1,6.1,6.1,6.1,6.1,6.1,6.1,6.2,6.2,6.2,6.2,6.2,6.2,6.2,6.2,6.2,6.2,6.2,6.2,6.2,6.2,6.2,6.2,6.2,6.2,6.2465762418859985,6.593593987845253,6.6,6.6,6.6,6.6,6.6,6.6,6.6,6.6,6.6,6.662230183456171,6.9,6.9,6.9,6.9,6.9,6.9,6.9,6.9,6.9,7.079037216079814,7.1,7.1,7.1,7.13505047331505,7.407133298446678,7.6,7.6,7.6,7.8,7.9,8.0,8.2,8.6,9.1,10.00054533495263
3.298909330094749,4.3,4.3,4.5,4.558939133588138,4.6,4.8,4.8,4.802283266276596,4.9,5.092866701553323,5.3,5.3,5.3,5.3,5.3,5.3,5.4,5.4,5.4,5.4,5.5,5.5,5.5,5.5,5.5,5.537286272143571,5.6,5.6,5.7,5.7,5.7,5.7,5.7,5.7,5.8,5.8,5.9,5.9,5.9,5.932920198892688,6.075794741564041,6.1,6.1,6.1,6.1,6.1,6.2,6.2,6.2,6.2,6.2,6.2,6.2,6.2,6.2,6.2,6.2,6.2,6.2,6.2,6.2,6.2,6.2,6.394646103242042,6.4275897391896875,6.5,6.5,6.5,6.5,6.5741068266693015,6.6,6.6,6.6,6.6,6.6,6.6,6.6,6.6,6.6,6.6,6.6,6.6,6.6,6.6,6.6,6.6,6.6,6.65293269309945,6.7,6.7,6.8,6.9,6.9,6.9,6.9,6.9,6.9,6.9,6.9,6.9,6.9,6.9,6.9,6.9,6.972927891550575,7.0,7.0,7.0,7.0,7.0,7.021949238263988,7.1941346138011,7.3,7.3,7.4,7.4,7.4,7.4,7.6,7.6,7.6,7.6,7.6,7.659180841484494,7.7,7.7,7.7,7.8,7.8,7.8,7.8,7.8,7.8,7.8,7.8,7.8,7.9,7.964269946863908,8.0,8.0,8.0,8.0,8.0,8.0,8.0,8.0,8.0,8.0,8.0,8.0,8.0,8.1,8.1,8.1,8.1,8.1,8.1,8.1,8.124205258435955,8.2,8.2,8.2,8.2,8.2,8.2,8.2,8.2,8.2,8.2,8.243198843880208,8.5,8.5,8.5,8.6,8.6,8.6,8.6,8.6,8.6,8.6,8.6,8.6,8.6,8.7,8.789518608039907,8.9,9.1,9.1,9.1,9.1,9.1,9.490866934893598,9.5,9.5,9.520207607712837,10.0,10.0,10.0,10.177872882956086,10.5
0.8978186601894985,1.8,1.8,2.0,2.0,2.0,2.1,2.2,2.2,2.2996092814346323,2.3,2.3,2.3,2.3,2.3,2.3,2.3,2.3,2.3,2.3,2.36710973118205,2.4,2.4,2.4,2.419852465712776,2.5,2.5,2.5,2.5,2.5,2.556801156119795,2.6,2.6,2.6,2.6,2.7,2.7,2.799553860249409,2.8,2.8,2.8,2.8,2.8,2.859328465857746,2.9,2.9,2.9,2.9,2.9,2.9,2.9,2.9,2.9,2.9,2.9,2.9,2.9,2.9,2.9,2.9,2.9,2.9,2.9,2.9,2.9,2.9,2.9,2.9,2.9,3.0,3.0,3.0,3.0,3.0,3.0,3.0,3.040819158515501,3.1,3.1,3.1,3.1,3.1,3.1,3.1,3.1,3.1,3.1,3.1,3.1,3.2,3.2,3.2,3.2,3.2,3.2,3.2,3.3,3.3,3.3,3.3,3.3,3.3,3.4,3.4,3.4,3.4,3.4,3.4,3.4,3.4,3.4,3.4,3.5,3.6,3.6,3.6,3.6,3.7,3.7,3.7,3.8,3.8,3.8,3.8,3.9,3.9,3.9,3.941424948730241,4.0,4.1,4.1,4.1,4.2,4.2,4.2,4.2,4.2,4.2,4.2,4.2,4.3,4.3,4.3,4.4,4.4,4.4,4.4,4.4,4.4,4.4,4.4,4.4,4.4,4.5,4.5,4.5,4.5,4.6,4.6,4.6,4.6,4.6,4.6,4.6,4.6,4.6,4.6,4.6,4.7,4.79121831144011,4.8,4.9,4.9,4.9059984560655785,5.0,5.0,5.0,5.1,5.1,5.167282571585735,5.3,5.3,5.3,5.3,5.3,5.4,5.5,5.5,5.593672116206352,5.8,5.9,6.1,6.2,6.2,6.6068299354724385,6.7,6.782121732823714,7.0,7.6,7.955745765912172,8.9196320582947
1.7978186601894985,2.0,2.2,2.3,2.3,2.4,2.4,2.400363130524173,2.5,2.6,2.6,2.8,2.8,2.8,2.9,2.9,2.9,2.9,2.9,2.9,2.9,2.9,2.9,2.9,2.9,3.0,3.0,3.0,3.0,3.1,3.1,3.1,3.1,3.1,3.1,3.1,3.1,3.1,3.1,3.1,3.1,3.2,3.2,3.2,3.2,3.2400675399524985,3.3,3.3,3.3,3.3,3.3,3.3,3.3,3.3,3.4,3.4,3.4,3.4,3.4,3.4,3.4,3.4,3.435730053136092,3.6,3.6,3.6275897391896876,3.7,3.7,3.7,3.7,3.774106826669302,3.8,3.8,3.8,3.8,3.9,3.940819158515501,4.0,4.0,4.0,4.0,4.0,4.0,4.1,4.151333227634661,4.2,4.2,4.2,4.2,4.2,4.2030739068521825,4.3,4.3,4.377661541373567,4.4,4.4,4.4,4.4,4.4,4.4,4.4,4.4,4.4,4.4,4.4,4.472927891550575,4.5,4.5,4.5,4.5,4.5,4.5,4.6,4.6,4.6,4.6,4.6,4.6,4.6,4.6,4.6,4.6,4.6,4.6,4.6,4.6,4.6,4.6,4.6,4.6,4.625893173330689,4.7,4.783583476287288,4.8,4.8,4.8,4.802676948378985,4.9,4.9,4.9,5.0,5.0,5.0,5.0,5.0,5.092345214177163,5.1,5.1,5.196894888185165,5.3,5.3,5.3,5.3,5.3,5.3,5.3,5.3,5.3,5.3,5.3,5.3,5.5,5.5,5.5,5.5,5.5,5.5,5.7,5.8,5.8,5.9,6.0,6.1,6.1,6.1,6.1,6.1,6.2,6.2,6.2,6.3,6.4,6.4694870529293045,6.540688082251234,6.613985489925437,6.7,6.9,7.0,7.0,7.4,7.4,7.4,7.4,7.599636869475824,7.6068299354724385,7.760622823138511,8.4,8.671362657173823,10.04354345818254,12.411491531824344,12.8
0.2,0.5,0.5854855139391493,0.7,0.7,0.7,0.7,0.7,0.7022832662765963,0.8,0.8,0.8,0.8,0.8,0.8,0.8,0.8,0.8,0.8,0.8,0.8,0.8,0.8,0.8,0.8,0.8,0.8,0.8,0.8,0.9,0.9,0.9,0.9,0.9,0.9,0.9,0.9,0.9,0.9,0.9,0.9,0.9,1.0,1.0,1.0,1.0,1.0,1.1,1.1,1.1,1.1,1.1,1.1,1.1,1.1,1.1,1.1,1.1,1.1,1.1,1.1726395696227598,1.2,1.2,1.2667073185757431,1.3,1.3,1.3,1.3,1.3,1.3,1.3,1.4,1.4,1.4,1.4,1.4,1.4,1.4,1.4,1.4,1.4,1.4,1.4,1.4,1.5,1.5,1.5,1.5,1.5,1.5,1.5,1.5,1.5,1.5,1.5,1.5,1.5,1.5,1.6,1.6,1.6,1.6,1.6,1.6,1.6,1.6,1.6,1.6,1.6,1.6,1.6,1.6,1.6,1.6,1.6,1.6,1.7,1.7,1.7,1.7,1.7,1.7,1.8,1.8,1.8,1.8,1.8,1.8,1.8,1.8,1.8,1.8,1.8,1.8,1.8424803955893423,1.9,1.9,1.9,1.9,1.9,1.9,1.9,1.9,1.9,1.9,1.9,1.9,1.9,1.9,1.9,2.0,2.1,2.2,2.2,2.3,2.3,2.3,2.3,2.4,2.4,2.4,2.4,2.4,2.4,2.4,2.493593987845253,2.5,2.6,2.6,2.6,2.6,2.6,2.6,2.6,2.6,2.7,2.7,2.7,2.7,2.7672825715857354,2.8,2.8,2.8,2.8,2.8,2.9,2.9,3.0,3.0,3.0,3.0,3.1,3.2,3.2,3.206829935472439,3.3404152154256734,3.741060866411857,3.9,3.958057944243387,5.077872882956086,5.804908014573675
1.6,1.6,1.6,2.5,2.5,2.5,2.5,2.6,2.6,2.6,2.6,2.6,2.6,2.6520555588893195,2.9,2.9104813919600963,3.0,3.1,3.2,3.2,3.2,3.3,3.3,3.3,3.3,3.3,3.3,3.3,3.3,3.3,3.3,3.3,3.3,3.3,3.358468122724821,3.4,3.4,3.4,3.4,3.4,3.4,3.475794741564042,3.5,3.5,3.5,3.5,3.5,3.5,3.5,3.5,3.5,3.5,3.5,3.5,3.5,3.6,3.6,3.6,3.6,3.6,3.6,3.6,3.6,3.6,3.6,3.6,3.6,3.7,3.7,3.7,3.7,3.7,3.7,3.9,3.9,3.9,3.9,3.9,3.9945500644173846,4.0,4.0,4.1,4.1,4.125606498421527,4.2,4.2,4.2,4.2,4.2,4.2,4.3,4.3,4.3,4.3,4.3,4.3,4.3,4.3,4.3,4.3,4.5,4.5,4.5,4.5,4.5,4.5,4.5,4.5,4.5,4.5,4.5,4.5,4.5,4.5,4.5,4.5,4.5,4.5,4.5,4.5,4.5,4.5,4.5,4.5,4.559180841484493,4.6,4.7,4.841424948730241,4.9,4.9,4.9,4.9,4.9,4.9,4.9,4.9,4.9,4.933292681424257,5.0,5.0,5.1,5.1,5.1,5.2,5.2,5.2,5.2,5.3,5.4,5.4,5.4,5.5,5.5,5.5,5.5,5.5,5.6,5.640671534142251,5.7,5.7,5.7,5.8,5.8,5.9,5.9,6.0,6.0,6.0,6.0,6.0,6.0,6.0,6.1,6.2,6.2,6.4,6.4,6.440990970180974,6.5,6.5,6.6,6.6,6.6,6.740688082251234,6.9,6.989518608039907,7.1,7.3,7.7,7.717525236657525,7.8,7.900390718565365,8.1,8.199636869475825,8.2,8.220207607712837,8.3,8.771362657173825,9.158057944243387,9.811491531824345,10.301636004857892
1.6,1.6,1.6,2.5,2.5,2.6,2.6,2.700726261048346,3.0,3.0,3.1,3.182474763342478,3.2,3.2520555588893196,3.3,3.3,3.3,3.3,3.3,3.3,3.3,3.3,3.3,3.3590090298190245,3.4,3.4,3.4,3.4,3.4,3.4,3.4,3.4,3.4,3.4095758604413757,3.5,3.5,3.5,3.5,3.5,3.5,3.5,3.6,3.6,3.6,3.6000358757198554,3.9,3.9,3.9181900885031635,4.0,4.1,4.1,4.2,4.2,4.2,4.2,4.2076547858228315,4.3,4.3,4.3,4.3,4.3,4.3,4.3,4.3,4.3,4.3,4.3,4.3,4.5,4.5,4.5,4.5,4.5,4.5,4.5,4.5,4.5,4.5,4.5,4.5,4.5,4.5,4.5,4.5,4.5,4.5,4.5,4.5,4.5,4.656101523472029,4.7,4.9,4.9,4.9,4.9,4.9,4.9,4.9,4.9,4.9,5.0,5.0,5.1,5.1,5.1,5.1,5.2,5.2,5.247129430757854,5.3,5.4,5.4,5.44706730690055,5.5,5.5,5.5,5.5,5.57439350157847,5.6,5.626303351929255,5.7,5.7,5.7,5.7,5.7,5.7,5.7,5.7,5.7,5.8,5.8,5.9,5.9,6.0,6.0,6.0,6.0,6.0,6.0,6.0,6.027360430377234,6.159500077641303,6.2,6.2,6.4,6.4,6.5,6.5,6.5,6.5,6.6,6.6,6.6,6.6,6.6,6.7,6.7,6.881343068284502,7.0,7.0,7.0,7.0,7.055172771262977,7.1,7.1,7.1,7.1,7.1,7.3,7.48243662288022,7.7,7.8,7.8,7.8,7.9,8.02074339448539,8.1,8.140990970180974,8.2,8.2,8.2,8.200258245611018,8.3,8.5,8.7,8.789518608039907,8.9,8.947944441110684,9.1,9.5,9.5,9.5,9.895433467446798,9.9,9.9,10.1,10.3,10.3,10.343543458182541,10.677872882956086,13.32726674763153
1.0989093300947494,1.422127117043914,1.6,1.6,1.6,1.6,1.6,1.6,1.6,1.6,1.6,1.6,1.6,1.6,1.6,1.6,1.6,1.6,1.6,1.6,1.7,1.7,1.7,1.8,2.0,2.0,2.0,2.294001543934421,2.5,2.5,2.5,2.5,2.5,2.5,2.5,2.5,2.5,2.5,2.5,2.5,2.5,2.5,2.5,2.5,2.6,2.6,2.6,2.6,2.6,2.6,2.6,2.6,2.6,2.6,2.6,2.6,2.6,2.6,2.7,2.7,2.77263956962276,2.8,2.9,2.9,2.9,3.0,3.0,3.0,3.0,3.0,3.0,3.0,3.0,3.0,3.1,3.1,3.2,3.2,3.2,3.3,3.3,3.3,3.3,3.3,3.3,3.3,3.3,3.3,3.3,3.3,3.3,3.3,3.3,3.3,3.3,3.3,3.4,3.4,3.5,3.5,3.5,3.5,3.5,3.5,3.6,3.6,3.6,3.6,3.6,3.7,3.7,3.7,3.7,3.7,3.8,3.8,3.8,3.9,3.9,3.9,4.0,4.0,4.0,4.0,4.0,4.0,4.0,4.0,4.0,4.1,4.125893173330689,4.2,4.2,4.2,4.3,4.3,4.302676948378985,4.4,4.5,4.5,4.5,4.5,4.5,4.5,4.6,4.6,4.7,4.761545727139935,4.896894888185165,4.9,4.9,4.9,4.9,4.9,4.920554724647713,5.0,5.0,5.0,5.0,5.1,5.1,5.1,5.155172771262977,5.2,5.2,5.2,5.2,5.2,5.2,5.2,5.2,5.2,5.2,5.2,5.262713727856431,5.4,5.4,5.440990970180974,5.6,5.6,5.632890268817948,5.7,5.7,5.7,5.713985489925437,5.8,5.8,5.8,5.9,6.0,6.2142665968933555,6.4,6.5954334674467985,6.699636869475825,7.3136598709448775,7.540415215425673,7.841060866411857,8.2,8.2,8.53361864886826,10.108725359242088
1.6983639951421239,2.5,2.770971027878298,2.8,2.9,2.9,3.0931700645275617,3.200363130524173,3.3,3.3,3.692866701553323,3.7,3.7,3.8,3.8,3.8,3.8,3.9,3.9,3.9,3.9671097311820502,4.0,4.09665611138173,4.2,4.2,4.2,4.2,4.294001543934421,4.449458281606653,4.5,4.5,4.508781688559887,4.6,4.6,4.6,4.6,4.653423758114002,4.799553860249409,4.8,4.8,4.8,4.8,5.0,5.0,5.0,5.0,5.079445275352287,5.1,5.1,5.2,5.2,5.2,5.2,5.2,5.2,5.2,5.2,5.2,5.2,5.2,5.2726395696227595,5.3,5.335730053136092,5.4,5.4,5.4275897391896875,5.5,5.5,5.516416523712721,5.6,5.6,5.702527623325866,5.8,5.8,5.8862229635458165,6.0,6.1,6.1,6.1,6.1,6.1,6.1,6.1,6.2,6.2,6.2,6.3,6.3,6.35293269309945,6.4,6.4,6.4,6.4,6.4,6.4,6.4,6.4,6.5,6.5,6.5,6.5,6.5,6.5,6.5,6.5,6.6,6.6,6.6,6.6,6.6,6.7,6.7,6.7,6.7,6.7,6.7,6.7,6.7,6.7,6.7,6.7,6.7,6.7,6.7,6.7,6.7,6.7,6.7,6.7,6.89494475334825,6.9,6.954593173962581,7.0,7.0,7.0,7.0,7.3,7.3,7.3,7.3,7.3,7.3,7.3,7.3,7.3,7.3,7.3,7.3,7.3,7.3,7.3,7.3,7.3,7.3,7.320554724647712,7.4,7.599928248560275,7.6,7.6,7.6,7.667079801107315,7.7,7.7,7.7,7.7,7.793593987845253,7.8,7.8,7.8,7.8,7.843198843880208,7.9,8.0,8.0,8.0,8.0,8.0,8.0,8.003343888618275,8.167282571585735,8.5,8.5,8.5,8.5,8.5,8.5,8.5,8.6,8.6,8.6,8.6,8.8,8.8,8.8,9.213659870944877,9.7,10.382121732823714,10.5,10.5,10.5,12.102181339810523
1.4,1.722127117043914,1.9709710278782986,2.4,2.4589391335881383,2.5,2.5,2.5,2.6,2.6996092814346326,2.8,2.8,2.8,2.9,2.9,2.9,2.9,2.9,3.030512947070702,3.1,3.1,3.1,3.196656111381731,3.2,3.3,3.3,3.3,3.394001543934421,3.6,3.6,3.6,3.6,3.6,3.6,3.6584681227248215,3.7,3.7,3.7,3.7,3.7,3.7,3.8,3.8,3.8,3.8,3.8,3.8,3.8,3.8,3.8,3.9,3.9,3.903105111814835,4.0,4.0,4.0,4.2,4.2,4.2,4.2,4.2,4.2,4.2,4.3667073185757435,4.4,4.4275897391896875,4.5,4.5,4.5,4.5,4.5,4.6,4.6,4.6,4.6,4.6,4.6,4.6,4.6,4.6,4.6,4.673696648070736,4.799730735815603,4.8,4.8,4.8,4.8,4.8,5.0,5.0,5.0,5.1,5.1,5.1,5.2,5.2,5.2,5.2,5.2,5.2,5.2,5.2,5.2,5.2,5.2,5.2,5.2,5.2,5.2,5.2,5.2,5.3,5.3,5.3,5.3,5.3,5.4,5.4,5.4,5.5,5.552505150770389,5.6,5.610899871165224,5.8,5.8,5.8,5.8,5.841424948730241,5.9693198771606095,6.1,6.1,6.1,6.1,6.2,6.2,6.3,6.3,6.3,6.364269946863908,6.4,6.4273604303772345,6.5,6.5,6.525036691116378,6.6,6.6923452141771635,6.7,6.7,6.7,6.7,6.7,6.7,6.7,6.7,6.7,6.7,6.7,6.7,6.7,6.7,6.7,6.7,6.7,6.7,6.7,6.7,6.7,6.7,6.840306890980156,6.9,6.943198843880208,7.0,7.0,7.3,7.3,7.3,7.3,7.3,7.3,7.3,7.3,7.3,7.3,7.3,7.3,7.3,7.3,7.3,7.3,7.3,7.3,7.6,7.6,7.6,7.8,7.820207607712836,7.941060866411857,8.0,8.629028972121693,8.8,10.5
0.7989093300947493,0.9,0.9854855139391493,1.0,1.1,1.1797923922871658,1.2,1.2,1.2,1.2,1.3,1.4,1.4,1.4,1.4,1.4,1.4,1.6,1.6,1.6,1.6,1.6,1.7966561113817308,1.8,1.8,1.8,1.8,1.8,1.9,1.9,1.9,1.9,1.959693109019841,2.0,2.0,2.0,2.0,2.0,2.1,2.1,2.3,2.3,2.4,2.4,2.4,2.4,2.4,2.4,2.4,2.4,2.4,2.4,2.4,2.4,2.4,2.4,2.4,2.4,2.4,2.4,2.4,2.4,2.4,2.4,2.4,2.4,2.4,2.4,2.4,2.445406826037424,2.5,2.5,2.5,2.5,2.5,2.5,2.5,2.5,2.5,2.5,2.5,2.6,2.6,2.625606498421527,2.7,2.7,2.8,2.8,2.8,2.8,2.8,2.828010926291105,2.9,2.9,2.9,2.9,2.9,2.9,3.0,3.0,3.0,3.0,3.0,3.0,3.048291057822746,3.1,3.1,3.1,3.1,3.1,3.1,3.1,3.1,3.1,3.1,3.1,3.1,3.1,3.1,3.1,3.1,3.1,3.1,3.1,3.1,3.1,3.1,3.1,3.1,3.1,3.1,3.1,3.183583476287288,3.2,3.2,3.2,3.2,3.2,3.2,3.2,3.2273604303772347,3.3,3.3,3.3,3.3,3.3,3.4,3.5,3.596894888185165,3.6,3.7,3.7,3.7,3.7,3.7,3.7,3.7,3.7,3.7,3.7,3.7,3.8,3.8,3.8,3.8,3.8,3.9,4.0,4.0,4.0,4.043198843880208,4.1,4.2,4.2,4.2,4.2,4.3,4.4,4.403343888618275,4.5,4.6,4.6,4.6,4.6,4.6,4.6,4.767445006307696,4.8,4.962448077470902,5.2,5.2,5.2,5.2,5.3,5.306829935472439,5.820207607712836,6.1,6.5,7.3,7.3,7.715269378673656
1.5978186601894986,2.6663813511317427,2.9,2.9,3.0589391335881384,3.179792392287166,3.3,3.3,3.4,3.4,3.492866701553323,3.682474763342478,3.7,3.8,3.9,3.9,3.9,3.9,3.9,3.9,3.9,4.0,4.0,4.159009029819025,4.2,4.2,4.2,4.3,4.3,4.3,4.3,4.3,4.3,4.309575860441376,4.4,4.4,4.4,4.499553860249409,4.5,4.5,4.6,4.6,4.6,4.6,4.6,4.6,4.6,4.6,4.6,4.6,4.6,4.6,4.7,4.8,4.8,4.8,4.8,4.8,4.8,4.940499922358685,5.0,5.0,5.0,5.0,5.0,5.0,5.0,5.087124620470953,5.11641652371272,5.2,5.274106826669302,5.3,5.3,5.3,5.3,5.3,5.3,5.3,5.3,5.3,5.3,5.3,5.3,5.3,5.3,5.3,5.3,5.3,5.3,5.4,5.4,5.428010926291106,5.5,5.5,5.5,5.5,5.5,5.5,5.500888621543728,5.6,5.6,5.6,5.6,5.6,5.6,5.6,5.7,5.8,5.8,5.8,5.896926093147823,5.9,5.9,5.9,5.9,5.923079872757484,6.0,6.1,6.1,6.1,6.1,6.1,6.1,6.1,6.1,6.1,6.2,6.2,6.2,6.2,6.2,6.2,6.2,6.2,6.2,6.2,6.2,6.2,6.2,6.2,6.3,6.4,6.4,6.4,6.4584621129678395,6.5,6.5,6.5,6.5,6.5,6.5,6.5,6.6,6.6,6.6,6.6,6.6,6.6,6.6,6.6,6.6,6.7,6.7,6.7,6.7,6.7,6.7,6.7,6.780613781960312,6.9,6.9,7.0,7.0,7.0,7.0,7.3,7.380147534287232,7.4,7.6,7.6,7.6,7.6,7.6,7.6,7.6,7.6,7.6,7.695888882221368,7.8,7.8,7.8,7.9,8.2,8.299636869475826,8.5,8.5,8.541060866411858,8.6,8.614514486060846,9.011491531824344,10.002726674763153
1.7989093300947494,2.6442542340878283,2.9,2.928637342826178,3.1,3.179792392287166,3.2,3.3,3.3,3.3,3.3928667015533227,3.4,3.5,3.7,3.7325549936923017,3.8,3.9,3.9,3.9,3.9,3.9,3.9,3.9,3.9,3.9,4.0,4.0,4.094001543934421,4.149458281606653,4.2,4.2,4.2,4.2,4.3,4.3,4.3,4.3,4.3995538602494095,4.4,4.489273309875609,4.5,4.575794741564041,4.6,4.6,4.6,4.6,4.6,4.6,4.6,4.6,4.6,4.7,4.8,4.8,4.8,4.8,4.9,5.0,5.0,5.0,5.0,5.0,5.0,5.0,5.0,5.1,5.1,5.187124620470954,5.216416523712721,5.3,5.3,5.3,5.3,5.3,5.3,5.3,5.3,5.3,5.3,5.3,5.3,5.3,5.3,5.3,5.3,5.4,5.4,5.4,5.45293269309945,5.5,5.5,5.5,5.5,5.577661541373566,5.6,5.6,5.6,5.6,5.600888621543728,5.7,5.7,5.7,5.7,5.8,5.8,5.8,5.8,5.9,6.0,6.1,6.1,6.1,6.1,6.1,6.1,6.2,6.2,6.2,6.2,6.2,6.2,6.2,6.2,6.2,6.2,6.2,6.2,6.2,6.2,6.2,6.2,6.2,6.283583476287288,6.3,6.342480395589343,6.4,6.402676948378986,6.5,6.5,6.5,6.5,6.5,6.592054149709747,6.6,6.6,6.6,6.6,6.6,6.6,6.6,6.6,6.6,6.6,6.681809911496833,6.7,6.7,6.7,6.7,6.7,6.7,6.7,6.9,6.9,6.9,6.9,6.993593987845253,7.0,7.0,7.0,7.3,7.4,7.4,7.5010834367867005,7.6,7.6,7.6,7.6,7.6,7.6,7.767282571585736,7.8,7.8,7.8,7.8,7.813985489925437,7.9,7.967445006307696,8.0,8.2,8.2,8.407133298446679,8.5,8.5,8.6,8.6,8.6,8.7,9.1,9.529028972121694,10.0,10.10054533495263
0.6989093300947492,0.9663813511317425,1.4,1.4,1.4,1.4,1.6,1.6,1.6,1.7,1.8,1.8,1.8,1.8,1.8,1.8,1.8,1.9593119177487657,2.0,2.0,2.0,2.1,2.1,2.1,2.2,2.2792566055146066,2.3,2.3,2.3,2.3037085797800696,2.4,2.4,2.4,2.4,2.4,2.4,2.4,2.4,2.5,2.5,2.5,2.5,2.5,2.5,2.5,2.5,2.5,2.5181900885031636,2.6,2.7,2.7,2.7,2.8,2.8,2.8,2.8,2.8415378870321604,2.9,2.9,3.0,3.0,3.0,3.0,3.0,3.0,3.0,3.0,3.0,3.0,3.1,3.1,3.1025276233258667,3.2,3.2,3.2862229635458164,3.3,3.3,3.3,3.3,3.3,3.3,3.3,3.3997307358156035,3.4,3.4,3.4,3.402376319138855,3.5,3.5,3.5,3.5,3.5,3.5,3.5,3.5,3.5,3.5517089421772567,3.6,3.6,3.6,3.6,3.6,3.7,3.7,3.7,3.7,3.8,3.8,3.8,3.8,3.8,3.9,3.9,3.9,3.9,3.9,4.0,4.0,4.1,4.1,4.1,4.1,4.1,4.1,4.1,4.1863657473303135,4.2,4.2,4.2,4.2,4.2,4.2,4.2,4.2,4.2,4.2,4.3,4.3,4.364269946863908,4.4,4.4,4.4,4.4,4.4,4.4,4.4,4.5,4.5,4.5,4.6,4.6,4.6,4.6,4.6,4.620554724647712,4.7,4.7,4.7,4.7,4.8,4.8,4.8,4.8,4.800446139750591,5.0,5.0,5.041531877275179,5.1,5.1,5.2,5.2,5.3,5.3,5.305998456065578,5.4,5.5,5.6,5.640990970180973,5.8,5.8672825715857355,6.0,6.0,6.1,6.1,6.2,6.2,6.367445006307697,6.5,6.6,6.6,6.6,6.7,6.7,6.9,7.006829935472439,7.4,7.482121732823714,7.6,7.916115888486774,8.755745765912172,10.0
2.2994546650473744,2.5,2.6,2.9,2.9,3.0797923922871657,3.1,3.1,3.2,3.2996092814346323,3.3,3.4,3.4,3.4,3.4,3.4,3.4,3.559311917748766,3.6,3.6,3.7,3.7,3.7,3.759009029819025,3.9,3.9,3.9,3.994001543934421,4.0,4.0,4.0568011561197945,4.208781688559887,4.3,4.4,4.5,4.5,4.5,4.5,4.54482722873702,4.6,4.6,4.6,4.6,4.6,4.6,4.6,4.6,4.6,4.6,4.6,4.6,4.6,4.603105111814835,4.8,4.8,4.8,4.8,4.8,4.8,4.840499922358686,4.9,5.0,5.0,5.0,5.0,5.0,5.1,5.1,5.11641652371272,5.2,5.274106826669302,5.3,5.3,5.3,5.3,5.41363425266969,5.5,5.5,5.5,5.521115852667802,5.64749484922961,5.7,5.8,5.9,6.0026664552693205,6.1,6.1,6.1,6.1,6.1,6.1,6.1,6.1,6.1,6.10239250987916,6.2,6.2,6.2,6.2,6.3,6.3,6.3,6.3,6.323688407591999,6.4,6.4,6.4,6.4,6.4,6.4,6.4,6.4,6.5,6.5,6.597623680861141,6.6,6.6,6.6,6.6,6.6,6.6,6.6,6.6,6.6,6.6,6.6,6.7,6.7,6.7,6.7,6.7,6.7,6.7,6.7,6.7,6.7,6.7,6.7,6.7,6.795621510063716,6.8,6.8,6.8,6.9,6.9,6.9,6.9267012041614295,7.0,7.0,7.0,7.0,7.0,7.0,7.0,7.0,7.059932460047508,7.299928248560275,7.4,7.4,7.4,7.4,7.4,7.4,7.4,7.4,7.6,7.6,7.690424139558622,7.7,7.7,7.7,7.8,7.8,7.8,7.8,7.82074339448539,8.0,8.0,8.003343888618275,8.1,8.1,8.1,8.3,8.3,8.3,8.4,8.467445006307695,8.5,8.5,8.6,8.6,8.7,8.7,9.099636869475825,9.720489806417316,10.120207607712837,11.4,12.385450628695299,12.5,12.5,13.315814713626288
2.2983639951421235,2.5221271170439143,2.6,2.8,2.9,2.9797923922871656,3.0931700645275617,3.1,3.1,3.1,3.1,3.182474763342478,3.2,3.3,3.3,3.4,3.4,3.4,3.4,3.4,3.5342194623641006,3.6,3.6,3.7,3.7,3.7,3.7,3.7,3.8,3.9,3.9,3.9087816885598867,4.0,4.0,4.0,4.00640601215474,4.153423758114002,4.2,4.2,4.389273309875609,4.4,4.475794741564042,4.5,4.5,4.5,4.6,4.6,4.6,4.6,4.6,4.6,4.6,4.6,4.6,4.6,4.6,4.64153788703216,4.774963308883616,4.8,4.8,4.8,4.8,4.8,4.8,4.997323051621021,5.0,5.0,5.0,5.0,5.0,5.0,5.1,5.1,5.1,5.1,5.2136342526696895,5.3,5.3,5.3,5.3,5.3,5.5,5.5,5.525606498421527,5.6,5.7,5.8,5.8,5.8,5.8,5.9,5.9,6.052870569242148,6.1,6.1,6.1,6.1,6.1,6.2,6.2,6.2,6.2,6.2,6.2,6.2,6.2,6.3,6.3,6.3,6.371989073708892,6.4,6.4,6.4,6.4,6.4,6.5,6.5,6.5,6.6,6.6,6.6,6.6,6.6,6.6,6.6,6.6,6.6,6.6,6.6,6.697472376674125,6.7,6.7,6.7,6.7,6.7,6.7,6.7,6.7,6.7,6.7,6.727360430377234,6.8,6.8,6.8,6.85846211296784,6.9,6.9,6.9,6.996894888185165,7.0,7.0,7.0,7.0,7.0,7.4,7.4,7.4,7.4,7.4,7.4,7.4,7.4,7.4,7.4,7.4,7.5,7.6,7.6,7.640306890980156,7.7,7.7,7.7,7.8,7.8,7.8,7.8,7.880147534287232,8.0,8.0,8.1,8.1,8.1,8.1,8.3,8.3,8.3,8.3,8.4,8.4,8.4,8.407133298446679,8.5,8.5,8.6,8.727319741889755,9.1,9.1,10.171362657173823,10.73223177697355,12.5,12.501636004857891
0.49836399514212393,0.7,0.7,0.8,0.8589391335881382,0.9,0.9,0.9,0.9,0.9,1.0928667015533229,1.1,1.1,1.1,1.2,1.2,1.2,1.2,1.2,1.2,1.2671097311820503,1.3,1.3,1.3,1.3,1.3,1.3,1.3,1.3,1.3,1.3,1.3,1.3,1.3,1.3,1.3,1.3,1.3,1.3,1.3,1.3,1.3,1.3,1.3,1.3000358757198556,1.4,1.4,1.4,1.4,1.4,1.4,1.4,1.4,1.4,1.5,1.5,1.5,1.5,1.5,1.5,1.6,1.6,1.6,1.6,1.6,1.6,1.6,1.6,1.6,1.6,1.6,1.6,1.6306801228393908,1.7,1.7,1.7,1.7,1.7,1.7,1.7,1.7,1.7,1.7,1.7,1.7,1.7,1.7,1.7,1.7,1.7,1.7,1.7,1.7,1.7,1.7,1.7,1.7,1.7,1.7,1.7,1.7,1.7,1.7,1.7,1.7,1.7,1.7,1.722338458626433,1.8,1.8,1.8,1.8,1.8,1.8,1.8,1.8,1.8,1.8,1.8,1.8,1.8,1.8,1.8054499355826124,1.9,1.9,1.9,1.9,1.9,2.0,2.0,2.0,2.1,2.1,2.2,2.242480395589342,2.3,2.3,2.3,2.364269946863908,2.4,2.4,2.4,2.4,2.4,2.4,2.4,2.4,2.4,2.4,2.4,2.4,2.4,2.4,2.4,2.4,2.4,2.4,2.4,2.4820773739873063,2.6,2.6,2.7,2.7,2.8,2.8,2.8,2.8,2.8,2.8,2.89121831144011,2.9431988438802077,3.0,3.0,3.0,3.1,3.2,3.2,3.240990970180974,3.3,3.4672825715857356,3.7,3.7,3.7,3.7,3.8,3.889518608039907,3.9,3.9,3.9,3.9,3.9,3.900781437130729,4.4,4.899273738951649,4.9,5.1,5.1,5.1,5.129028972121693,5.3,5.304908014573675
1.5989093300947494,3.3,3.656456541817448,4.0,4.058939133588138,4.179792392287165,4.3,4.3,4.3,4.3,4.3,4.4,4.4,4.5,4.5,4.6,4.6,5.0,5.1,5.199741754388987,5.3,5.3,5.3,5.3,5.3,5.3,5.3,5.3,5.4,5.4,5.4,5.5,5.5,5.5,5.5,5.5,5.6,5.6,5.6,5.6,5.6,5.6,5.6,5.6,5.6,5.6,5.6,5.6,5.6,5.6,5.6,5.6,5.6,5.6,5.6,5.6,5.6,5.6,5.6,5.6,5.6,5.6,5.6,5.666707318575743,5.7,5.827589739189688,5.9,5.9,5.916416523712721,6.0,6.0,6.1,6.1,6.1,6.1,6.2,6.2,6.2,6.2,6.2,6.3,6.3,6.3,6.4,6.4,6.4,6.4,6.5,6.5,6.5,6.5,6.5,6.5,6.5,6.5,6.5,6.5,6.5,6.5,6.5,6.5,6.6,6.6,6.6,6.6,6.6,6.6,6.6,6.7,6.7,6.7,6.7,6.7,6.7,6.7,6.7,6.7,6.7,6.7,6.7,6.7,6.7,6.7,6.7,6.7,6.7,6.7,6.7,6.7,6.7,6.7,6.809186347925163,6.9,6.9,6.9,6.9,6.9,6.9,6.9,6.9,6.9,6.9,6.9,6.9,7.0,7.0,7.0,7.0,7.0,7.0,7.0,7.0,7.0,7.0,7.1,7.1,7.3,7.4,7.4,7.4,7.4,7.4,7.4,7.4,7.6,7.6,7.6,7.6,7.6,7.6,7.6,7.6,7.6,7.6,7.6,7.7,7.7,7.7,7.8,7.8,7.8,7.800516491222038,8.2,8.3,8.3,8.4,8.5,8.5,8.5,8.5,8.507133298446679,8.6,8.7,9.498547477903298,9.534149677362194,10.0,10.0,10.0,10.114514486060846,12.013203425033897,13.311997368957874
1.4,2.9,3.1,3.228637342826178,3.4,3.4,3.7,3.8,3.9,3.9,4.0,4.0,4.068775961264544,4.2,4.3,4.3,4.3,4.359311917748766,4.4,4.4,4.4,4.4,4.4,4.459009029819025,4.5,4.5,4.5,4.6,4.6,4.6,4.756801156119795,4.8175633771197734,5.0,5.1,5.1,5.1,5.2534237581140015,5.3,5.3,5.3,5.332920198892689,5.4,5.4,5.4,5.4,5.5,5.5,5.5,5.6,5.6,5.6,5.6,5.6,5.6,5.6,5.6,5.6,5.6,5.6,5.6,5.6,5.6,5.6,5.6,5.6,5.6,5.6,5.6,5.61641652371272,5.7,5.774106826669302,5.8,5.9,5.9,5.9,5.9,5.9408191585155015,6.0,6.0,6.0,6.0,6.073696648070737,6.1,6.1,6.1,6.2,6.2,6.2,6.2,6.2,6.2,6.2,6.3,6.3,6.30239250987916,6.4,6.4,6.4,6.4,6.4,6.4,6.4,6.4,6.4,6.5,6.5,6.5,6.5,6.5,6.5,6.5,6.5,6.5,6.5,6.5,6.5,6.548666772365334,6.6,6.6,6.6,6.6,6.6,6.6,6.6,6.6,6.6,6.6,6.641424948730241,6.7,6.7,6.7,6.7,6.7,6.7,6.7,6.7,6.7,6.7,6.7,6.7,6.7,6.7,6.7,6.7,6.7,6.7,6.7,6.7,6.7,6.7,6.7,6.7,6.7,6.7,6.7,6.7,6.7,6.7,6.864154747974613,6.9,6.9,6.9,6.9,7.0,7.0,7.0,7.0,7.0,7.0,7.1,7.3,7.396291420219933,7.4,7.4,7.4,7.4,7.4,7.4,7.4,7.4,7.6,7.6,7.6,7.6,7.6,7.6,7.6,7.6,7.8,7.8,8.3,8.300390718565366,8.4,8.5,8.6,8.6,9.5,10.0,10.0,10.177872882956086,12.504362679621044
0.6994546650473746,0.9,0.9,1.028637342826178,1.1,1.1797923922871658,1.2,1.3,1.3,1.3,1.3,1.3,1.3,1.3,1.3,1.3,1.3,1.3,1.3,1.3,1.3,1.3,1.3,1.3,1.3,1.3,1.3,1.3,1.3,1.3,1.3,1.3,1.3,1.3,1.4,1.4,1.4,1.4,1.4,1.4,1.4,1.4,1.4,1.4,1.4,1.4,1.4,1.4,1.4,1.4,1.4,1.4,1.4,1.4,1.4,1.4,1.4,1.4,1.4,1.4,1.4,1.4,1.435730053136092,1.5,1.5,1.5,1.5,1.5,1.6,1.6,1.6,1.6,1.6,1.6,1.7,1.7,1.7,1.7,1.7,1.7,1.7,1.7,1.7,1.7,1.7,1.7,1.7,1.7,1.7,1.7,1.7,1.7,1.7,1.7,1.7,1.7,1.7,1.7,1.7,1.7,1.7,1.7,1.7,1.723688407591999,1.8,1.8,1.8,1.8,1.8,1.8,1.8,1.8219492382639886,1.9,2.0,2.0,2.0,2.1,2.1,2.1,2.126303351929255,2.2,2.278884147332195,2.3,2.332212223747814,2.4,2.4,2.4,2.4,2.4,2.4,2.4,2.4,2.4,2.4,2.4,2.4,2.4,2.4,2.4,2.4,2.4,2.4,2.4,2.4,2.4584621129678395,2.5,2.6267012041614293,2.7,2.7,2.7,2.7,2.7,2.7436777716743395,2.8,2.8,2.8,2.8,2.8,2.8,2.8,2.8,2.8,2.8,2.8,2.8,2.8,2.8,2.8,2.8,2.8,2.8,2.8,2.8,2.8,2.8,2.8,2.8,2.8409909701809735,3.0,3.0,3.0328902688179484,3.2,3.2,3.2,3.2139854899254376,3.3,3.4,3.6,3.7,3.8,3.8,3.8,3.8,3.8,3.8,3.8,3.9,4.042725314347649,4.4,4.4,5.101090669905261
1.096727990284248,1.7442542340878282,2.1709710278782985,2.2,2.3589391335881382,2.4,2.5,2.6,2.8,2.9,2.9,3.0,3.0,3.0,3.0,3.0,3.0860145100745635,3.1,3.1,3.1,3.1,3.1,3.1,3.259009029819025,3.3,3.3,3.3,3.3,3.5,3.5,3.5,3.508781688559887,3.6,3.6,3.6,3.6,3.7,3.7,3.7,3.7,3.7,3.7,3.7,3.7,3.7,3.7,3.7,3.7,3.7,3.7,3.7,3.7,3.7,3.7,3.8,3.8,3.8,3.8,3.8,3.8,3.9,3.9,3.9,3.9,3.9,3.9,3.9,3.9,3.9,3.9,3.9,3.9,3.9,3.9,3.9,3.9,3.9,3.9,3.9,3.9,3.9,3.9,3.9,3.9,3.9,3.9,3.9,3.9277108492161203,4.0,4.0,4.0,4.0,4.052870569242148,4.1,4.1,4.1,4.1,4.1,4.1,4.1,4.1,4.1,4.1,4.1,4.1,4.1,4.1,4.2,4.2,4.2,4.3,4.3,4.3,4.3,4.3,4.3,4.3,4.3,4.3,4.3,4.3,4.3,4.3,4.3,4.3,4.3,4.3,4.3,4.3,4.3,4.325893173330689,4.4,4.4,4.4,4.4,4.4,4.402676948378986,4.6,4.664269946863908,4.7,4.7,4.7,4.7,4.7,4.7,4.7,4.7,4.7,4.7,4.7,4.7,4.7,4.7,4.7,4.7,4.7,4.7,4.7,4.7,4.7,4.7,4.7,4.7,4.7,4.8,4.8,4.8,4.8,4.8,4.8,4.8,4.8,4.8,5.0,5.0,5.0,5.0,5.0,5.0,5.0,5.032890268817948,5.1,5.1,5.140688082251233,5.2,5.2,5.2,5.2,5.2,5.2,5.507133298446678,5.6,5.6,5.6,5.7,5.7,6.023182599235572,6.485450628695298,7.443543458182541,7.7,8.405453349526306
0.5994546650473747,1.1221271170439142,1.3,1.6,1.6589391335881383,1.8797923922871658,2.0,2.2,2.3,2.3996092814346324,2.4,2.4,2.5,2.5520555588893195,2.6,2.8,2.8,2.859311917748766,2.9,2.9,2.9,3.0,3.0,3.0,3.0,3.0,3.0372862721435707,3.1,3.1,3.1,3.1,3.3,3.3,3.3,3.3,3.3,3.3,3.3,3.44482722873702,3.5,3.5,3.575794741564042,3.6,3.6,3.7,3.7,3.7,3.7,3.7,3.7,3.7,3.7,3.7,3.7,3.7,3.7,3.7,3.774963308883616,3.8,3.8,3.8,3.9,3.9,3.9,3.9,3.9,3.9,3.9,3.9,3.9,3.9,3.9,3.9,3.9,3.9,3.9,3.9,3.9,3.9,3.9,3.9,3.9,3.9,3.9,3.9,3.9,4.0,4.0,4.0,4.0,4.0,4.028010926291105,4.1,4.1,4.1,4.1,4.1,4.1,4.1,4.1,4.15,4.2,4.2,4.2,4.2,4.3,4.3,4.3,4.3,4.3,4.3,4.3,4.3,4.3,4.3,4.3,4.3,4.3,4.3,4.3,4.3,4.3788841473321956,4.4,4.4,4.459180841484494,4.6,4.7,4.7,4.7,4.7,4.7,4.7,4.7,4.7,4.7,4.7,4.7,4.7,4.7,4.7,4.7,4.7,4.7,4.7,4.7,4.7,4.7,4.7,4.7,4.7,4.7,4.8,4.8,4.8,4.8,4.8,4.8,4.8,5.0,5.0,5.0,5.0,5.0,5.0,5.0,5.0,5.0,5.0,5.1,5.1,5.1,5.1,5.1,5.2,5.2,5.2,5.2,5.2,5.2,5.2,5.2,5.3,5.4,5.540688082251234,5.6,5.6,5.6,5.6,5.7,5.7,5.7,5.9,5.9,5.999636869475824,6.2,6.320207607712836,6.6,6.6,6.958057944243388,7.7,9.412542703910503
0.8989093300947493,0.9,0.9,0.9,1.0178782671762765,1.1,1.1,1.1,1.1,1.1,1.1928667015533228,1.2,1.2,1.2,1.3,1.3,1.3,1.3,1.3,1.3,1.3671097311820504,1.4,1.4966561113817307,1.5,1.6,1.6,1.7,1.7,1.7,1.7,1.7,1.7,1.7,1.7,1.7,1.7,1.7,1.7,1.7,1.7,1.7,1.7,1.7,1.7,1.7,1.7,1.7,1.7,1.7,1.7,1.7,1.7,1.8,1.8,1.8,1.8,1.8,1.8,1.8,1.8,1.8726395696227598,1.9,1.9,1.9,1.9,1.9,1.9,1.9,1.9,1.9,1.9,1.9,1.9,1.9,1.9,1.9,1.9,2.0,2.0,2.0,2.0,2.0,2.0,2.0,2.0,2.0,2.0,2.0,2.0,2.0,2.0,2.0,2.1,2.1,2.1,2.1,2.1,2.2,2.2,2.2,2.2,2.2,2.2,2.2,2.2,2.2,2.2,2.2,2.2,2.2,2.2,2.2,2.2,2.2,2.2,2.2,2.2,2.2,2.2,2.2,2.2,2.2,2.2,2.2,2.2,2.2,2.2,2.2,2.2,2.2,2.2,2.2,2.2,2.2,2.2,2.3,2.3,2.3,2.3,2.3,2.3,2.3,2.3,2.3,2.3,2.3,2.3,2.3,2.3,2.3,2.3,2.3,2.3,2.381809911496833,2.4,2.4,2.4,2.4,2.4,2.4,2.4,2.4,2.4,2.4,2.4,2.4,2.4,2.4,2.4,2.4,2.643198843880208,2.7962914202199327,2.8,2.8059984560655775,2.9,2.9,2.9,2.9,3.0,3.0,3.0,3.1,3.1,3.1,3.1,3.1,3.1,3.1,3.1,3.1,3.1,3.2003907185653646,3.3,3.3,3.7,3.7,3.741060866411857,3.8,3.9,3.9,4.203272009715784
0.5994546650473747,1.8442542340878283,2.0,2.128637342826178,2.3,2.4797923922871656,2.6,2.8,2.8,2.8,2.9,3.0,3.0,3.0520555588893195,3.1,3.1,3.1,3.1,3.1,3.1,3.1671097311820504,3.2,3.2,3.3,3.3,3.3,3.3,3.3,3.3,3.3,3.4,3.4,3.4,3.4,3.4,3.4,3.4,3.4,3.4,3.4,3.5,3.575794741564042,3.6,3.6,3.6,3.6,3.7,3.718190088503164,3.8,3.8,3.9,3.9,3.9,4.0,4.0,4.0,4.0,4.0,4.0,4.0,4.0,4.0,4.0,4.1,4.2,4.2,4.2,4.2,4.2,4.2,4.2,4.2,4.2,4.2,4.286222963545816,4.3,4.3,4.3,4.394550064417385,4.4,4.4,4.4,4.4,4.4,4.4,4.4,4.5,4.5,4.5,4.5,4.5,4.5,4.5,4.5,4.5,4.5,4.5,4.5,4.5,4.5,4.6,4.6,4.6,4.6,4.6,4.6,4.6,4.6,4.6,4.6,4.6,4.6,4.6,4.6,4.6,4.7,4.7,4.77439350157847,4.8,4.8,4.8,4.9,4.9,4.932212223747814,5.0,5.0,5.0,5.0,5.0,5.0,5.1,5.1,5.183583476287287,5.2,5.242480395589342,5.3,5.3,5.3,5.3,5.3,5.3,5.3,5.3,5.325036691116378,5.4584621129678395,5.5,5.5,5.5,5.6,5.6,5.76917401898113,5.9,5.94367777167434,6.0,6.1,6.1,6.1,6.1,6.2,6.2,6.2,6.2,6.255172771262977,6.3,6.3,6.4,6.4,6.4904241395586215,6.5,6.5,6.6,6.6,6.6,6.6,6.6,6.7,6.780147534287232,6.8,6.9,6.9,6.9,6.9002582456110195,7.069487052929304,7.4,7.4,7.4,7.4,7.4,7.4,7.417525236657525,7.6,7.6003907185653645,7.7,7.7,7.806829935472439,8.020207607712837,8.1,8.34272531434765,8.4,8.4,9.502726674763153
0.5,0.8,1.4,1.8,1.9178782671762764,2.0,2.0,2.0,2.0022832662765966,2.1,2.2,2.2,2.2,2.2,2.2,2.3,2.3,2.5,2.5,2.5997417543889867,2.6,2.6,2.6,2.6,2.6,2.679256605514607,2.8,2.8,2.8,2.9,2.9,2.9,2.9,2.9095758604413757,3.0,3.0,3.0,3.0,3.0,3.0,3.0329201988926884,3.1,3.1,3.1,3.1,3.1,3.1,3.1,3.1,3.1,3.1,3.1,3.1,3.1,3.1,3.1,3.1,3.1,3.2,3.2,3.27263956962276,3.3,3.3,3.3,3.3,3.3,3.4,3.4,3.4,3.4,3.4,3.4,3.4,3.4,3.4,3.4,3.4,3.4,3.4,3.521115852667802,3.6,3.6,3.7,3.7,3.7,3.7,3.8,3.8,3.8,3.8780507617360143,3.9,3.9,3.9,3.9,3.9,3.9,4.0,4.0,4.0,4.0,4.0,4.0,4.0,4.123688407591999,4.2,4.2,4.2,4.2,4.2,4.2,4.2,4.2,4.2,4.3,4.397623680861142,4.4,4.4,4.4,4.4,4.4,4.4,4.4,4.4,4.4,4.459180841484494,4.5,4.5,4.5,4.5,4.5,4.5,4.554593173962581,4.6,4.6,4.6,4.6,4.6,4.6,4.6,4.6,4.6,4.6,4.6,4.6,4.6,4.6,4.6,4.7,4.7,4.7,4.8,4.8,4.8,4.8,4.8,4.9,4.9,5.0,5.0,5.0,5.0,5.0,5.0,5.0,5.1,5.1,5.1,5.1,5.2,5.3,5.3,5.3,5.3,5.311996912131155,5.5,5.5207433944853905,5.680147534287232,5.8,5.9,6.0,6.0,6.1,6.1,6.1,6.113985489925437,6.2,6.3,6.4,6.5,6.6,6.7,6.7,6.797716733723399,6.9,7.4,7.4,7.4,7.7,7.84354345818254,8.4,9.516360048578917
0.5,0.8,1.1854855139391491,1.4,1.4,1.6,1.8,2.0,2.0022832662765966,2.1996092814346326,2.2,2.2,2.2,2.2,2.2,2.2,2.2,2.3,2.3,2.3,2.3,2.4,2.5,2.5,2.5,2.6,2.6,2.6,2.6,2.6,2.6,2.6,2.6,2.6,2.758468122724821,2.8,2.8,2.8,2.8,2.8,2.8,2.9,2.9,2.9,3.0,3.0,3.0,3.0,3.0,3.0,3.0,3.0,3.0,3.0,3.0,3.0,3.0,3.0749633088836164,3.1,3.1,3.1,3.1,3.1,3.1,3.1,3.1,3.1,3.1,3.1,3.145406826037424,3.2,3.2,3.2,3.2,3.2,3.3,3.3,3.3,3.3,3.3,3.3474948492296104,3.4,3.4,3.4,3.4,3.4,3.4,3.4,3.4,3.4,3.5,3.5,3.6,3.6,3.6023925098791607,3.7,3.7,3.7,3.8,3.8254485778107465,3.9,3.9,3.9,3.9,3.9,3.9729278915505746,4.0,4.0,4.0,4.0,4.0,4.1,4.2,4.2,4.2,4.2,4.2,4.2,4.200269264184391,4.3,4.3,4.4,4.4,4.4,4.4,4.4,4.4,4.4,4.5,4.5,4.5,4.5,4.5,4.5,4.542480395589342,4.6,4.6,4.6,4.6,4.6,4.6,4.6,4.6,4.6,4.6,4.6,4.626701204161429,4.7,4.7,4.8,4.8,4.8,4.843677771674339,4.9,5.0,5.0,5.0,5.040671534142251,5.1,5.1,5.1,5.1,5.1,5.1004461397505905,5.2,5.2,5.241531877275179,5.3,5.3,5.3,5.3,5.396291420219933,5.5,5.6,5.66271372785643,5.82074339448539,5.9,6.040990970180974,6.1,6.1,6.132890268817948,6.2,6.269487052929304,6.3,6.427970979850875,6.6,6.667445006307696,6.7,6.7,6.717525236657525,6.8,6.9,7.393150201170198,7.4,7.4,7.4404152154256735,7.7,7.8,8.014514486060847,8.4,8.9196320582947
1.6994546650473745,2.0442542340878282,2.556456541817448,2.7,2.8,2.9,3.0,3.0,3.1,3.1,3.1,3.1,3.1,3.1,3.1,3.1,3.1860145100745636,3.2593119177487657,3.3,3.3,3.3,3.3,3.4,3.5,3.7,3.7,3.7,3.7,3.7,3.7,3.7,3.8,3.8596931090198408,3.9,3.9,3.9,3.9,3.9,3.94482722873702,4.0,4.0,4.0,4.017922626012691,4.1,4.2,4.2,4.2,4.3,4.3,4.3,4.3,4.3,4.3,4.3,4.373298795838568,4.4,4.4,4.474963308883616,4.5,4.5,4.5,4.5,4.5,4.5,4.5,4.5,4.5,4.6,4.6,4.6,4.6,4.6,4.6,4.6,4.686222963545816,4.7,4.740819158515501,4.8,4.8,4.8,4.8,4.8,4.8,4.9,4.95133322763466,5.0,5.0,5.0,5.0,5.0,5.0,5.0,5.0,5.0,5.0,5.0270721084494365,5.1,5.2,5.3,5.3,5.3,5.3,5.3,5.3,5.3,5.3,5.3,5.3,5.3,5.3,5.4,5.4,5.5,5.5,5.5,5.5,5.5,5.5,5.5,5.5,5.5,5.5,5.5,5.5,5.6,5.6,5.6,5.6,5.6,5.6,5.6,5.6,5.6,5.612875379529044,5.7,5.7,5.7,5.7,5.7,5.7,5.7,5.7,5.792054149709747,5.8,5.9,5.992345214177163,6.1,6.1,6.196894888185165,6.2,6.2,6.2,6.2,6.2,6.2,6.2,6.2,6.2,6.382077373987307,6.4,6.467079801107315,6.5,6.5,6.5,6.6,6.6,6.6,6.6,6.6,6.6,6.6,6.6,6.6,6.6,6.6,6.6,6.680147534287232,6.7,6.903343888618275,7.067282571585736,7.5,7.6,7.7,7.8,7.813985489925437,7.9,7.9,7.9479444411106845,8.0,8.0,8.1,8.1,8.1,8.2,8.220489806417316,8.5,8.641060866411857,8.9,9.1,9.5,10.001090669905262
1.7989093300947494,2.110635585219571,2.6,2.628637342826178,2.8,2.8,2.9,2.9,3.0,3.0,3.0,3.1,3.1,3.1,3.2,3.2,3.2,3.2,3.2,3.2997417543889864,3.3,3.3,3.3,3.3,3.3,3.3,3.4372862721435706,3.5,3.5,3.60370857978007,3.7,3.7,3.7,3.7,3.7,3.7,3.7,3.7,3.8,3.8,3.9,3.9,3.9,3.9,3.900035875719855,4.0,4.0,4.0,4.0,4.0,4.0,4.1,4.2,4.2,4.2,4.3,4.3,4.3,4.3,4.3,4.3,4.3,4.4,4.466707318575743,4.5,4.5,4.5,4.5,4.5,4.5,4.5,4.5,4.5,4.5,4.5,4.6,4.6,4.6,4.6,4.6,4.6,4.673696648070736,4.7,4.8,4.8,4.8,4.8,4.8,4.8,4.8,4.8,4.8,4.8,4.9,4.9,4.9,4.9,4.9,5.0,5.0,5.0,5.0,5.0,5.0,5.0,5.0,5.0,5.0,5.0,5.0,5.0,5.021949238263988,5.1,5.172289150783877,5.2,5.2,5.248666772365334,5.3,5.3,5.3,5.3,5.3,5.3,5.3,5.3,5.386365747330314,5.5,5.5,5.5,5.5,5.5,5.5,5.5,5.5,5.5,5.5,5.6,5.6,5.6,5.6,5.6,5.659500077641303,5.7,5.7,5.7,5.7,5.7,5.7,5.7,5.8,5.8,5.8,5.94367777167434,6.0,6.1,6.1,6.1,6.1,6.1,6.2,6.2,6.2,6.2,6.2,6.2,6.2,6.283063754550358,6.4,6.4,6.5,6.5,6.5,6.6,6.6,6.6,6.6,6.6,6.6,6.6,6.6,6.6,6.6,6.6,6.6,6.6,6.6,6.9,7.047944441110684,7.431224038735451,7.517525236657525,7.6,7.8,7.9,8.0,8.2,8.5,8.6,8.9,9.1,9.5,10.0
2.597818660189499,2.8,2.9,2.9,3.0,3.1,3.1,3.101089391572519,3.6022832662765967,3.7,3.7,3.782474763342478,3.8,3.8,3.832554993692302,3.9,3.9,3.9,3.9,3.9,3.9,3.9,3.9,3.9,3.9,3.9,3.9,4.0,4.1,4.2,4.3,4.408781688559888,4.5596931090198405,4.6,4.6,4.6,4.6,4.6,4.6,4.7,4.7,4.7,4.7,4.7,4.7,4.7,4.7,4.7,4.7,4.7,4.7,4.7,4.7,4.7,4.7,4.7,4.7,4.7,4.707945850290253,4.8,4.8,4.8,4.8,4.8,4.8,4.8,4.8,4.8,4.9,4.9,4.9,4.9,4.9,4.9,4.986222963545816,5.0,5.0,5.0,5.0,5.0,5.0,5.0,5.0,5.0,5.0,5.0,5.0,5.0,5.0,5.0,5.0,5.0,5.0,5.0,5.0,5.054144216898874,5.3,5.3,5.301777243087457,5.5,5.5,5.5,5.5,5.5,5.5,5.5,5.5,5.5,5.5,5.5,5.5,5.5,5.5,5.5,5.5,5.5,5.5,5.57439350157847,5.7,5.9526067038585095,6.1,6.1,6.1,6.1,6.2,6.2,6.2,6.2,6.2,6.2,6.4,6.4,6.4,6.4,6.4,6.4,6.5,6.5,6.5,6.5,6.6,6.6,6.876162449129243,7.0,7.1,7.3,7.4267012041614295,7.661545727139935,7.7968948881851645,7.8,7.8,7.8,7.887355543348678,8.081809911496833,8.1,8.1,8.2,8.5,8.5,8.6,8.6,8.932180070373192,9.5,9.6,9.6,9.693593987845253,9.7,9.7,9.7,9.88243662288022,9.9,10.096291420219933,10.3,10.311996912131157,10.5,10.5,10.5,10.540990970180975,10.7,11.9,11.9,11.9,11.9,11.9,12.1,12.1,12.1,12.1,12.1,12.5,12.5,12.5,12.795433467446799,12.8,12.8,12.8,13.792730396942284,14.5,14.5,14.5,15.5
0.5,0.9,1.0709710278782987,1.1,1.1,1.2,1.2,1.3,1.3,1.3996092814346326,1.4,1.5824747633424778,1.6,1.6,1.7,1.7,1.7,1.7,1.7,1.7,1.7,1.7,1.7966561113817308,1.8,1.8,1.8,1.8,1.8,1.8,1.8,1.8,1.8,1.8,1.8,1.8,1.8,1.9,1.9,1.9,1.9,1.9,1.9,1.9,1.9,1.9,1.9,1.9,1.9,1.9,1.9,1.9,1.9,1.9,1.9,1.9,1.9,1.9,1.9,1.9,1.9,1.9,1.9,1.935730053136092,2.0,2.0,2.0,2.0,2.0,2.0,2.045406826037424,2.1,2.1,2.1,2.1,2.1,2.1,2.1,2.1,2.1,2.1,2.1,2.1,2.1,2.2,2.2,2.2,2.2,2.2,2.3,2.3,2.4,2.4,2.4,2.4,2.4,2.4,2.4,2.4,2.4,2.4,2.4,2.4,2.4,2.4,2.4,2.4,2.4,2.4,2.4,2.4719890737088916,2.5,2.5,2.54706730690055,2.6,2.6,2.6,2.6,2.6,2.6,2.6,2.7525051507703893,2.8,2.8,2.8,2.8,2.8,2.8,2.8,2.8,2.8,2.9,2.9,2.9,2.9,2.9,2.9,2.9,2.9,2.9,3.0,3.0,3.0,3.0,3.0,3.0,3.0923452141771635,3.1,3.1,3.1,3.132765281195782,3.3,3.3,3.3873555433486784,3.5,3.6,3.6,3.6,3.6,3.6820773739873065,3.7,3.7,3.7,3.7,3.7,3.7,3.7,3.7,3.7,3.7,3.8,3.8,3.8,3.85054171839335,3.9,3.9,3.9207433944853904,4.1,4.2,4.203343888618275,4.3672825715857355,4.4,4.600258245611019,4.7,4.7,4.913985489925437,5.0,5.0,5.0,5.0,5.2,5.2,5.2,5.2,5.299636869475824,5.3,5.3,5.3,5.3,5.414514486060847,6.2,7.32890275248942
1.1994546650473745,1.2,1.4,1.4286373428261778,1.5,1.6,1.7,1.7,1.7,1.7,1.8,1.8,1.9,1.9,1.9,2.0,2.0860145100745635,2.1,2.1,2.199741754388987,2.2,2.2,2.2966561113817305,2.3590090298190245,2.4,2.4,2.4,2.4,2.4,2.5,2.5,2.5,2.5,2.6,2.6,2.6,2.6,2.6,2.7448272287370203,2.8,2.8,2.8,2.9,2.9,2.9,2.9,2.9,2.9,2.9,2.9,2.9,2.9,2.9,2.9,2.9,2.9,2.9,2.9,2.9,2.9,3.0,3.0,3.0,3.0,3.0,3.0,3.0,3.0,3.0,3.0,3.0,3.1,3.1,3.1,3.1,3.1,3.1,3.1,3.1,3.1,3.3,3.3,3.3,3.3,3.5,3.5,3.6,3.6,3.6,3.6,3.7,3.7,3.7,3.7,3.7,3.7,3.7,3.7,3.7,3.7,3.7,3.7,3.8,3.8,3.8,3.8,3.9,3.9,3.9,3.9,3.9,3.9,4.0,4.0722891507838765,4.1,4.1,4.1,4.17439350157847,4.2,4.2,4.252505150770389,4.3,4.3,4.4,4.4,4.572731494660627,4.6,4.641424948730241,4.7,4.7,4.7,4.7,4.7,4.7,4.7,4.772410260810318,4.8,4.8,4.964269946863908,5.0,5.0,5.0,5.0,5.0,5.0,5.0,5.0,5.0,5.0,5.0,5.0,5.0,5.0,5.0,5.0,5.0,5.0,5.0,5.1,5.1,5.167079801107315,5.2,5.2,5.2,5.2,5.2,5.2,5.2,5.2,5.2,5.2,5.2,5.2,5.2,5.2,5.2,5.2,5.2,5.2,5.2,5.2,5.3,5.3,5.3,5.413985489925437,5.5,5.6,5.7,5.7,5.8,5.9,5.9,6.097716733723399,6.2,6.2,6.3,6.482121732823714,6.6,6.929028972121694,7.455745765912172,9.41745071848418
0.5994546650473747,0.8,0.8854855139391493,0.9,0.9,0.9,0.9,0.9007262610483459,1.1,1.1,1.1,1.1,1.2,1.2,1.2,1.2,1.2860145100745635,1.3,1.3,1.3,1.3,1.3,1.3,1.3,1.3,1.3,1.3,1.3,1.3,1.3,1.3,1.4,1.459693109019841,1.5,1.5,1.5,1.5,1.5995538602494095,1.6,1.6,1.7,1.7,1.7,1.7,1.7,1.7,1.7,1.7,1.7,1.7,1.7,1.7,1.7,1.7,1.7,1.7,1.7,1.7,1.7,1.7,1.7,1.7,1.7,1.7,1.7,1.7,1.7,1.7,1.7,1.7,1.7,1.7,1.7,1.7,1.7862229635458164,1.8,1.8,1.8,1.8,1.8,1.8,1.8,1.8,1.8,1.8,1.8,1.8,1.8,1.8,1.8,1.8,1.8,1.8,1.8,1.8,1.8,1.8,1.8,1.8,1.8,1.8,1.8,1.8,1.8,1.8,1.8,1.8,1.8,1.8,1.8,1.8,1.9,1.9,1.9,1.9,1.9,1.9,1.9,1.9,1.9,1.9,1.9,1.9,1.9,1.9,1.9,1.9,1.9,2.0,2.0,2.1,2.1,2.1,2.1,2.1,2.1,2.1,2.133292681424257,2.2,2.2,2.2,2.2,2.2,2.2,2.2,2.2,2.2,2.2,2.2,2.2,2.3,2.3,2.3,2.4,2.4,2.4,2.4,2.4,2.4,2.4,2.4,2.4,2.4,2.4,2.4,2.4,2.4,2.4,2.4,2.4,2.4,2.496291420219933,2.6,2.6119969121311555,2.8,2.8,2.8,2.9,2.9,2.9,2.9,2.9,2.9,2.9,2.9,2.9,2.9,2.9,2.9,3.0,3.1,3.3,3.6977167337233996,3.7,3.7,3.8202076077128364,3.9,3.9713626571738248,4.729028972121694,5.0,5.404362679621045
1.995637320378997,2.6,2.8,2.9,2.9,2.9,2.9,2.9,3.0,3.0,3.0,3.0,3.0,3.0,3.0,3.1,3.1,3.2,3.2,3.2,3.2,3.3,3.3,3.3,3.3,3.3,3.3,3.394001543934421,3.4,3.4,3.5,3.5,3.6,3.6,3.7,3.7,3.7,3.7,3.7,3.7,3.7,3.7,3.7,3.7,3.7,3.7,3.7,3.7,3.8,3.893861234331038,3.9,4.0,4.0,4.0,4.0,4.0,4.0,4.0,4.0,4.040499922358685,4.1,4.2,4.2,4.266707318575743,4.3,4.3,4.3,4.4,4.4,4.445406826037424,4.5,4.5,4.5,4.5,4.5,4.6,4.640819158515501,4.7,4.7,4.7,4.8,4.8,4.8,4.825606498421527,4.95133322763466,5.0,5.0,5.1,5.2,5.2,5.2,5.2,5.2,5.2,5.2,5.2,5.2,5.2,5.200888621543728,5.3,5.3,5.3,5.3,5.4,5.4,5.5,5.5,5.5,5.6,5.6,5.6,5.6,5.64706730690055,5.7,5.8,5.8,5.8,5.8,5.8,5.9,5.9,5.9,6.0,6.0,6.1,6.1,6.1,6.1,6.1,6.1,6.2,6.2,6.2,6.2,6.2,6.2,6.302676948378985,6.4,6.4,6.4,6.4,6.4,6.4,6.4,6.4584621129678395,6.5,6.5,6.5,6.6,6.6,6.6,6.6,6.6,6.6,6.6,6.6,6.6,6.6,6.6,6.624205258435955,6.7,6.8,6.8551727712629775,6.9,6.9,6.9,7.0,7.0,7.1,7.1,7.1,7.1,7.3,7.3,7.3627137278564305,7.4,7.4,7.4,7.403343888618275,7.5,7.5,7.5,7.6,7.7,7.7,7.7,7.7,7.7,7.7,7.717525236657525,7.8,7.800390718565365,8.0,8.0,8.206829935472438,8.4,8.5,8.6,8.614514486060846,8.9,10.506544019431567
2.0950919854263717,2.6,2.8,2.9,2.9,2.9,2.9,3.0,3.0,3.0,3.0,3.082474763342478,3.1,3.2,3.2,3.2104813919600965,3.3,3.3,3.3,3.3,3.4,3.4,3.4,3.5,3.519852465712776,3.6,3.6,3.694001543934421,3.7,3.7,3.7,3.7,3.7,3.7,3.7,3.7,3.7,3.7,3.7,3.7,3.7,3.7,3.717922626012691,3.9,3.9,3.9,4.0,4.0,4.0,4.0,4.0,4.0,4.0,4.038454272860062,4.1,4.2,4.241537887032161,4.3,4.3,4.340499922358686,4.4,4.5,4.5,4.5,4.5,4.5,4.5,4.5,4.6,4.6,4.674106826669302,4.7,4.7,4.7,4.8,4.8,4.840819158515501,4.9,5.0,5.1,5.14749484922961,5.2,5.2,5.2,5.2,5.2,5.2,5.2,5.25293269309945,5.3,5.3,5.3,5.3,5.4,5.4,5.4,5.4,5.4,5.500888621543728,5.6,5.6,5.674551422189251,5.7,5.7,5.7,5.772927891550575,5.8,5.8,5.8,5.8,5.896926093147823,5.9,5.94706730690055,6.0,6.0,6.1,6.1,6.1,6.1,6.1,6.1,6.2,6.2,6.2,6.2,6.2,6.2,6.3,6.3,6.4,6.4,6.4,6.4,6.4,6.5,6.5,6.6,6.6,6.6,6.6,6.6,6.6,6.6,6.6,6.6,6.6,6.6,6.7,6.7,6.7,6.8,6.9,6.9,6.9,6.9,6.9,6.999964124280138,7.0,7.0,7.1,7.1,7.1,7.1,7.100892279501181,7.3,7.3,7.3,7.3,7.4,7.4,7.4,7.4,7.4,7.4059984560655785,7.5,7.5,7.5,7.640990970180973,7.7,7.7,7.7,7.7,7.7,7.7,7.7,7.789518608039907,7.8,7.8,7.9,8.0,8.1,8.4,8.4,8.4,8.6,8.8,9.346365198471142,9.7,10.5,10.5,10.705453349526305
1.8961826553316223,2.0221271170439143,2.5,2.8,2.8,2.9,2.9,2.9,2.9,2.9,2.9,3.0,3.0,3.0520555588893195,3.1,3.1,3.1,3.1,3.2,3.2,3.2,3.2,3.2,3.259009029819025,3.3,3.3,3.3,3.3,3.3,3.4,3.4,3.4,3.459693109019841,3.6,3.6,3.6,3.6,3.6,3.7,3.7,3.7,3.7,3.7,3.7,3.7,3.7,3.7,3.7,3.7,3.7,3.7,3.7,3.7,3.7,3.7,3.7,3.7415378870321603,3.8,3.8,3.8404999223586853,3.9,3.904378489936286,4.0,4.0,4.0,4.0,4.0,4.0,4.0,4.0,4.0,4.1,4.1,4.1,4.186222963545816,4.3,4.3,4.367787776252189,4.4,4.5,4.5,4.5,4.5,4.5,4.5,4.5,4.502376319138856,4.6,4.6,4.6,4.7,4.7,4.7,4.7,4.8,4.8,4.8,4.8,4.9,5.0,5.0,5.07455142218925,5.1,5.123688407591999,5.2,5.2,5.2,5.2,5.2,5.2,5.2,5.2219492382639885,5.3,5.3,5.3,5.4,5.4,5.4,5.4,5.5,5.5,5.5,5.6,5.6,5.6,5.7,5.713777036454178,5.8,5.8,5.8,5.8,5.854593173962582,6.0,6.0,6.0,6.1,6.1,6.1,6.1,6.195621510063717,6.2,6.2,6.2,6.3,6.3,6.4,6.4,6.4,6.4,6.5,6.5,6.506138765668953,6.6,6.6,6.6,6.6,6.699964124280138,6.7,6.782077373987306,6.9,6.9,6.9,6.9,6.9,7.0,7.1,7.1,7.3,7.3,7.3,7.3,7.3,7.3,7.4,7.4,7.4,7.4,7.4,7.5,7.5,7.6,7.7,7.7,7.7,7.7,7.7,7.7,7.7,7.7312240387354505,7.8,7.8,8.0,8.197716733723398,8.4,8.4,8.4,8.6,8.6,8.814514486060848,9.7,10.501090669905262
1.3983639951421238,1.6,1.6,1.7286373428261779,1.8589391335881382,1.9,2.0,2.0,2.0,2.0,2.1,2.1,2.1,2.1,2.1,2.2,2.2,2.3,2.3,2.3997417543889865,2.4,2.4,2.4,2.4,2.4,2.5,2.5,2.5,2.5,2.5,2.5,2.5,2.5,2.6,2.6,2.6,2.6,2.6,2.7,2.7,2.7,2.7,2.7,2.7,2.7,2.7,2.7,2.7,2.7,2.7,2.7,2.7,2.7,2.7,2.7732987958385675,2.8,2.8,2.8,2.8,2.8,2.8,2.8,2.8,2.8,2.8,2.8,2.8,2.8,2.8,2.8,2.8,2.8,2.8,2.8,2.8,2.8,2.8,2.8,2.8,2.8,2.8,2.8,2.8,2.8,2.8,2.8,2.8,2.8,2.8,2.8,2.8,2.8,2.8,2.8,2.8,2.8,2.8,2.9,2.9,2.9,2.9,2.9,2.9,2.9,2.9,2.9,2.9,2.9,2.9,2.9,2.9,2.9,2.9,3.0,3.0,3.0,3.0,3.0,3.0,3.0,3.0,3.0,3.0,3.1,3.1,3.1,3.1,3.1,3.1,3.1,3.1,3.1,3.1,3.1,3.1,3.1,3.1,3.1,3.1,3.1,3.2,3.2,3.2,3.3,3.3,3.3,3.3,3.3,3.3,3.3,3.3,3.306138765668953,3.443677771674339,3.5818099114968334,3.6,3.6,3.6,3.6,3.6820773739873065,3.7,3.7,3.8,3.8,3.8,3.8,3.8,3.8,3.9,3.9,3.9,4.0,4.0,4.0,4.0,4.0,4.0,4.0,4.1,4.1,4.1,4.2,4.2,4.2,4.2,4.2,4.2,4.2,4.2,4.2,4.2,4.5,4.5,4.6,4.7,4.7,4.7,4.8,4.971362657173825,5.2,5.989364414780431,6.705998684478937
1.1994546650473745,1.6,1.6,1.6,1.6,1.6,1.7,1.7,1.7022832662765963,1.8,1.9,1.9,1.9,1.9,1.9325549936923017,2.0,2.0,2.0,2.0,2.0,2.0,2.0,2.1,2.1,2.1,2.1,2.1,2.1,2.1,2.1,2.1,2.1,2.1,2.1,2.1,2.20640601215474,2.3,2.3,2.34482722873702,2.4,2.4,2.4,2.4,2.4,2.4,2.4,2.5,2.5,2.5,2.5,2.5,2.5,2.5,2.5,2.5,2.5,2.5,2.5,2.5,2.5,2.5,2.5,2.5,2.5,2.5,2.5,2.5,2.6,2.6,2.6,2.6,2.6,2.6,2.6,2.6,2.6,2.6,2.6,2.6,2.6211158526678022,2.7,2.7,2.7,2.7,2.7,2.7,2.7023763191388555,2.8,2.8,2.8,2.8,2.8,2.8,2.8,2.8,2.8,2.8,2.8,2.8,2.8,2.8,2.8,2.8,2.8,2.8,2.8,2.8,2.8,2.8,2.8,2.8,2.8,2.8,2.8,2.8,2.8,2.848666772365334,2.9,2.9,2.9,2.9,2.9,2.9,2.9,2.9,2.9,2.9,2.9,2.9,2.9,2.9,2.9,2.9,2.9,2.9,2.9,2.9,2.9,3.0,3.0,3.0,3.0,3.0,3.0,3.0,3.0,3.0,3.0,3.096894888185165,3.1,3.1,3.1,3.1,3.1,3.1,3.1,3.1,3.1,3.1,3.2,3.2,3.2,3.3,3.3,3.3,3.3,3.3,3.3,3.3,3.3,3.4431988438802077,3.6,3.6,3.6,3.7,3.7,3.7,3.7,3.7,3.8,3.8,3.8,3.8,3.8406880822512335,3.9,4.0,4.0,4.0,4.03122403873545,4.1,4.1,4.2,4.2,4.2,4.2,4.2,4.2,4.34272531434765,4.7,4.7,5.2065440194315675
0.6994546650473746,0.8,0.8,0.9,0.9,0.9,0.9,0.9,0.9022832662765964,1.0,1.0,1.0824747633424778,1.1,1.1,1.1,1.1,1.1,1.1,1.2,1.2,1.2,1.2,1.2,1.2,1.2,1.2,1.2,1.2,1.2,1.2,1.2,1.2,1.2,1.2,1.3,1.3,1.3,1.3,1.3,1.3,1.3,1.3,1.3,1.3,1.3,1.3,1.3,1.3,1.3,1.3,1.3,1.3,1.3,1.3,1.3,1.3,1.3,1.3,1.4,1.4,1.4,1.4,1.4,1.4,1.4,1.4,1.4575196044106633,1.5,1.5,1.5,1.5741068266693021,1.6,1.6,1.6,1.6,1.6,1.6,1.6,1.6,1.6,1.6,1.6,1.6,1.6,1.6,1.6,1.7,1.7,1.7,1.7,1.7,1.7,1.7,1.7,1.7,1.8,1.8,1.8,1.8,1.8,1.8,1.8,1.8,1.8,1.8,1.8,1.8,1.8,1.8,1.8,1.8,1.8,1.8,1.8,1.8,1.8,1.8,1.8,1.8,1.8,1.8,1.8,1.8054499355826124,1.9,1.9,1.9,1.9,1.9,1.9,1.9,2.0,2.0,2.0,2.0,2.0,2.0,2.0,2.0,2.0,2.0,2.0,2.0,2.0920541497097473,2.1,2.1,2.1,2.1,2.1,2.1,2.1,2.1,2.1,2.1,2.1,2.1,2.1,2.1,2.1,2.1,2.1,2.1,2.1,2.1551727712629773,2.2,2.246576241885998,2.3,2.3,2.3,2.3,2.3,2.4,2.4,2.4,2.4,2.4,2.4,2.4,2.4,2.4,2.4,2.4,2.5,2.5,2.5,2.5,2.6,2.6,2.6,2.6,2.6,2.6,2.8,2.8977167337233993,2.9,3.1273197418897554,3.5,3.5,3.5,3.7,4.055745765912172,4.7
3.2,3.3,3.3,3.4,3.4,3.6,3.6,3.6,3.6,3.6,3.7,3.7,3.8,3.8,3.9,3.9,3.9,4.0,4.1,4.399483508777974,4.4,4.4,4.5,4.5,4.519852465712776,4.6,4.6,4.6,4.7,4.7,4.7,4.8,4.859693109019841,5.0,5.0,5.1,5.153423758114002,5.2,5.2,5.2,5.2,5.2,5.2,5.3,5.3,5.5,5.6,5.6,5.6,5.693861234331038,5.8,5.8,5.8,5.8,5.8,5.8,5.8,5.8,5.8,5.840499922358686,5.9,5.9,5.9,5.9,5.9,5.9,6.0,6.0,6.0,6.0,6.0,6.0,6.0,6.0,6.0,6.013634252669689,6.1,6.1,6.1,6.1,6.2,6.2,6.2,6.2,6.2,6.2,6.2,6.227710849216121,6.3,6.3,6.3,6.3,6.3,6.3,6.3,6.3,6.3,6.3,6.3,6.3,6.4,6.4,6.4,6.4,6.4,6.4,6.5,6.5,6.547129430757854,6.6,6.6,6.6,6.6,6.6,6.6,6.6,6.6,6.7,6.8,6.8,6.8,6.8,6.805449935582613,6.9,6.9,6.9,6.9,6.9,6.9,6.9,6.9,6.9,6.9,6.9,6.9,6.9,6.9,6.9,6.9,6.9,6.9,6.9,6.9,6.9,6.9,6.992345214177163,7.1,7.1,7.1,7.1,7.1,7.1,7.187355543348678,7.3,7.320554724647712,7.4,7.4,7.4,7.4,7.4,7.467079801107315,7.5,7.5,7.5,7.5,7.5,7.5,7.5,7.5,7.59121831144011,7.6,7.6,7.6,7.6,7.6,7.6,7.680147534287232,7.7,7.7,7.7,7.7,7.7,7.7,7.7,7.7,7.7,7.9348900126153925,8.0,8.03122403873545,8.1,8.4,8.5,8.5,8.5,8.5,8.6,8.7,8.8,8.929028972121694,9.867237297736517,11.704908014573675
2.1989093300947493,2.5,2.5854855139391493,2.8286373428261777,2.9,2.9,3.0931700645275617,3.1,3.2022832662765968,3.3,3.3,3.3,3.3,3.3,3.3,3.3,3.3,3.3,3.3,3.3,3.3,3.3,3.3,3.3,3.3,3.3,3.3,3.3,3.3,3.4,3.4,3.4,3.4,3.5,3.5,3.5,3.5,3.5,3.6,3.6,3.6,3.6,3.6,3.6,3.6,3.6,3.6,3.6,3.6,3.6,3.6,3.6,3.6,3.6,3.6,3.6,3.6,3.6,3.6,3.6,3.6,3.6,3.6,3.6,3.6,3.6,3.6,3.6,3.6,3.6,3.6,3.6,3.6,3.6,3.6,3.6,3.6,3.6,3.6,3.6,3.6,3.6,3.6,3.6,3.6,3.6,3.6,3.6277108492161205,3.7,3.7,3.7,3.7,3.7,3.7,3.7,3.7,3.7,3.7,3.7,3.7,3.8,3.8,3.8,3.8,3.8,3.8,3.8,3.8,3.8,3.8,3.8,3.8,3.8,3.8,3.8,3.8,3.8,3.8,3.8002692641843905,3.9,3.9,3.9,3.9,3.9,3.9,3.9,3.9,3.941424948730241,4.0,4.0,4.0,4.0,4.0,4.0,4.0,4.1,4.1,4.4,4.4,4.4,4.4,4.4,4.5,4.5,4.5,4.5,4.6,4.6,4.6,4.6,4.6,4.6,4.6,4.6,4.6,4.6,4.6,4.8,4.8,4.8,4.8,4.9,4.9,5.0,5.0,5.0,5.0,5.0,5.0,5.0,5.0,5.0,5.0,5.0,5.1,5.1,5.1,5.1,5.1,5.2,5.2,5.3,5.3,5.3,5.3,5.3,5.3,5.3,5.3,5.452575709972575,5.7,5.8,5.8,5.9,6.006829935472439,6.3606228231385105,6.8,6.9,7.429028972121694,7.7,8.5
0.7994546650473747,0.9442542340878284,1.1,1.2,1.2,1.2,1.2,1.4,1.4,1.4,1.5,1.5,1.5,1.5,1.5,1.5,1.5860145100745635,1.6,1.7,1.7,1.7,1.7,1.7,1.7,1.7,1.7,1.7,1.7,1.7,1.7,1.7,1.7,1.7,1.7,1.7,1.8,1.8,1.8,1.8,1.8,1.8,1.8,1.8,1.8,1.8,1.8,1.8,1.8,1.8,1.8,1.8,1.8,1.8,1.8,1.8,1.8,1.8,1.8,1.9,1.9,1.9,1.9,1.9,1.9,1.9,1.9,1.9,1.9,1.9,1.9,1.9,1.9,1.9,1.9,1.9862229635458164,2.0,2.0,2.0,2.0,2.1,2.1,2.1,2.1,2.1,2.1,2.1,2.1,2.1,2.1,2.1,2.1,2.1,2.1,2.1,2.1,2.1,2.1,2.1,2.1,2.1,2.1,2.1,2.1,2.1,2.1,2.1,2.1,2.1,2.1,2.1,2.1,2.1,2.1,2.1,2.1,2.1,2.1,2.2,2.2,2.2,2.2,2.2,2.2,2.2,2.3,2.3,2.313777036454178,2.4,2.4,2.4,2.4,2.4,2.4,2.4,2.4,2.4,2.4,2.4,2.4,2.4956215100637165,2.5,2.5,2.6,2.6,2.6,2.6,2.6,2.6,2.7,2.8,2.8,2.806138765668953,2.9,2.9,2.9,2.9,2.9,2.9,2.9,2.9,2.9670798011073147,3.0,3.0,3.0,3.0,3.0,3.1,3.1,3.1,3.1,3.1,3.2925828404398656,3.3,3.3,3.3,3.3,3.3,3.3,3.3,3.3,3.3657805376358962,3.5,3.5,3.5,3.5,3.5,3.5674450063076963,3.6,3.6,3.6175252366575252,3.7,3.8,3.8,3.8,3.9,3.9,3.9410608664118567,4.0,4.6,5.0,5.200545334952631
1.4994546650473746,2.5,2.5854855139391493,2.6,2.8,2.9,3.0,3.0,3.1,3.1,3.1,3.1,3.2,3.2520555588893196,3.3,3.3,3.3,3.3,3.4,3.4,3.4671097311820502,3.5,3.6,3.6590090298190248,3.7,3.7,3.7,3.7,3.8,3.8037085797800696,3.9,3.9,3.9,4.0,4.0,4.0,4.0,4.0,4.0,4.0,4.0,4.0,4.0,4.0,4.0,4.040067539952498,4.1,4.2,4.2,4.2,4.2,4.3,4.3,4.3,4.3,4.3,4.3,4.3,4.4,4.4,4.4,4.4,4.4,4.4,4.4,4.4,4.5,4.5,4.5,4.5,4.5,4.6,4.6,4.65857505126975,4.7,4.7,4.7,4.7,4.7,4.8,4.8,4.8,4.899730735815604,4.9,4.9,4.9,4.9,4.9,4.9,4.9,4.9,4.9,4.9,4.9,4.9,4.9,4.9,5.0,5.000888621543728,5.1,5.1,5.1,5.1,5.1,5.148291057822746,5.2,5.2,5.2,5.2,5.3,5.3,5.3,5.3,5.372289150783877,5.4,5.4,5.4,5.4,5.4,5.5,5.552505150770389,5.6,5.6,5.6,5.6,5.6,5.6,5.6,5.6,5.7,5.7,5.7,5.7,5.7,5.8,5.8,5.802676948378985,5.9,5.9,5.9,5.9,5.9,5.9,6.0,6.0,6.0,6.0,6.1,6.1,6.2,6.2,6.2,6.2,6.2,6.2,6.2,6.2,6.2,6.2,6.2,6.2,6.3,6.3,6.300446139750591,6.4,6.5,6.6,6.6,6.6,6.6,6.6,6.7,6.8,6.8,6.8,6.9,6.9,6.9,6.9,6.967282571585736,7.1,7.1,7.1,7.1,7.1,7.1,7.1,7.1,7.1,7.13505047331505,7.507133298446678,7.7,7.9,8.099636869475825,8.106829935472438,8.440415215425674,8.9,8.9,9.24354345818254,9.5,10.1
1.4994546650473746,2.4,2.5,2.528637342826178,2.6,2.7797923922871655,2.8,2.8,2.8,2.8,2.9,2.9,2.9,3.0,3.0,3.0,3.0,3.0,3.0,3.0,3.1,3.1,3.1,3.1,3.1,3.1,3.1,3.194001543934421,3.2,3.3,3.3,3.3,3.3,3.3095758604413756,3.4,3.5,3.553423758114002,3.6,3.7,3.7,3.7,3.8,3.8,3.8,3.8,3.9,3.9,4.0,4.0,4.0,4.0,4.0,4.0,4.038454272860062,4.2,4.2,4.2,4.274963308883616,4.3,4.3,4.3,4.3,4.3,4.3,4.3,4.3,4.3,4.3,4.3,4.3,4.3,4.3,4.3,4.3,4.4,4.4,4.4,4.4,4.4,4.4,4.4,4.4,4.4,4.5,4.5,4.5,4.502376319138856,4.6,4.6,4.6,4.7,4.7,4.7,4.7,4.7,4.7,4.7,4.7,4.700888621543728,4.8,4.8,4.8,4.8,4.9,4.9,4.9,4.9,4.9,4.9,4.9,4.9,4.9,4.94706730690055,5.0,5.0,5.0,5.0,5.1,5.1,5.1,5.1,5.1,5.2,5.2,5.2,5.2,5.2,5.3,5.3,5.3,5.325893173330689,5.4,5.4,5.4,5.4,5.4,5.4,5.5,5.5,5.5,5.6,5.6,5.6,5.6,5.6,5.7,5.7,5.7,5.7,5.7,5.7,5.7,5.8,5.8,5.820554724647712,5.9,5.9,5.9,5.982077373987306,6.1,6.1,6.2,6.2,6.2,6.2,6.2,6.2,6.2,6.240306890980156,6.3,6.3,6.3,6.3,6.5,6.6,6.6,6.6,6.7,6.8,6.8672825715857355,6.9,7.0,7.1,7.1,7.1,7.1,7.4,7.547944441110684,7.6,7.6,7.7,7.9,7.9,7.9,7.906829935472439,8.120207607712837,8.6,8.871362657173824,9.229028972121693,9.5,10.1
0.9,1.1,1.2,1.2572746856523558,1.5,1.6,1.6,1.7,1.7,1.8,1.8,1.8,1.9,1.9,1.9,2.1104813919600964,2.2,2.2,2.3,2.3,2.3,2.3,2.3966561113817306,2.4,2.4,2.4,2.4,2.4,2.4,2.4,2.4,2.4,2.4,2.5,2.5584681227248214,2.6,2.6,2.6,2.6,2.6,2.6,2.6,2.6,2.6,2.6,2.6,2.6,2.6,2.6,2.6,2.6,2.6,2.8,2.8,2.8,2.8,2.8,2.8,2.8,2.8,2.8,2.8,2.835730053136092,2.9,2.9,2.9275897391896875,3.0,3.0,3.0,3.0,3.0,3.0,3.0,3.0,3.0,3.0,3.1,3.2,3.2,3.3,3.3,3.3,3.3,3.3,3.3,3.3,3.5,3.5,3.5,3.5,3.5,3.5280109262911052,3.7,3.7,3.7,3.8,3.8,3.8,3.8,3.8,3.8,3.8,3.8,3.8236884075919986,3.9,3.9,3.9,3.9,3.9,3.9,3.9,3.9,4.0,4.0,4.0,4.0,4.048666772365334,4.1,4.1,4.1,4.1,4.1,4.1,4.1,4.1,4.1,4.1,4.1,4.2,4.2,4.2,4.2,4.3,4.3,4.3,4.3,4.4,4.4,4.4,4.4,4.4,4.4,4.4,4.4,4.4,4.4,4.4,4.4,4.4,4.4,4.4,4.6,4.6,4.681809911496833,4.7,4.759932460047509,4.8,4.8,4.8,5.0,5.067079801107314,5.1,5.2,5.2,5.3,5.3,5.3,5.3,5.3,5.3,5.4,5.6,5.6,5.7,5.7,5.7,5.7,5.9,6.0,6.0,6.0,6.0,6.0,6.0,6.1,6.1,6.1,6.3,6.3,6.3,6.314266596893355,6.500390718565365,6.6,6.998547477903299,7.6,7.6,7.6,7.6,7.9,8.91234747842912,10.1
2.3978186601894986,2.6,2.6,3.0,3.3,3.4595847845743313,3.5,3.6,3.7,3.7,3.7,3.9,4.0,4.104111117778639,4.332554993692302,4.4,4.5,4.5,4.5,4.5,4.5,4.5,4.5,4.5,4.519852465712776,4.758513211029213,4.9,5.182004631803262,5.2,5.2,5.2,5.2,5.2,5.2,5.2,5.2,5.2,5.2,5.2,5.3,5.3,5.3,5.3,5.3,5.3,5.3,5.3,5.3,5.3,5.3,5.3,5.3,5.3,5.3,5.3,5.307654785822831,5.5,5.5,5.5,5.5,5.5,5.6,5.6,5.6,5.6,5.6,5.6,5.687124620470954,5.7,5.7,5.7,6.0,6.0,6.0,6.0,6.0,6.0,6.0,6.0,6.0,6.0,6.0,6.0,6.0,6.0,6.0,6.002376319138856,6.12771084921612,6.2,6.356101523472029,6.4,6.4,6.4,6.4,6.5,6.5,6.6,6.6,6.6,6.6,6.6,6.6,6.6,6.6,6.6,6.6,6.6,6.6,6.6,6.6,6.6,6.6,6.6,6.7,6.7,6.7,6.7,6.7,6.7,6.7,6.7,6.7,6.7,6.7,6.7,6.7,6.7,6.7,6.7,6.7,6.7,6.7,6.7,6.725750759058087,6.9,6.972410260810318,7.0,7.0,7.0,7.0,7.027360430377234,7.1,7.1,7.3,7.3,7.3,7.3,7.3,7.3,7.3,7.3,7.3,7.3,7.3,7.3,7.3,7.3,7.3,7.3,7.3,7.3,7.5,7.7,7.7,7.7465762418859985,7.9,7.9,7.9,7.9,7.99121831144011,8.2,8.2,8.3,8.3,8.3,8.3,8.3,8.3,8.3,8.3,8.3,8.3,8.3,8.440688082251233,8.513985489925437,8.779037216079814,8.8,8.9,9.03122403873545,9.5,9.5,9.5,9.5,9.5,9.5,9.5,9.5,9.5,9.9,10.055745765912173,10.301090669905262
2.3978186601894986,2.6,3.0,3.3,3.3,3.5,3.5,3.6,3.6022832662765967,3.7,3.7,3.7,3.768775961264544,3.9,3.9,4.0,4.25804353022369,4.4,4.4,4.499741754388987,4.5,4.5,4.5,4.5,4.5,4.5,4.5,4.5,4.5,4.5,4.5,4.5,4.5,4.5,4.5,4.6,4.853423758114002,4.9,5.0,5.1,5.2,5.2,5.2,5.2,5.2,5.2,5.2,5.2,5.2,5.2,5.2,5.2,5.2,5.2,5.2,5.2,5.2,5.3,5.3,5.3,5.3,5.3,5.3,5.3,5.3,5.3,5.3,5.3,5.3,5.3,5.3,5.3,5.3,5.3,5.3862229635458165,5.41363425266969,5.5,5.5,5.5,5.5,5.5,5.5,5.5,5.6,5.6,5.6,5.6,5.6,5.6,5.7,5.7,5.7,5.7,5.777661541373567,5.804785019758321,6.0,6.0,6.0,6.0,6.0,6.0,6.0,6.0,6.0,6.0,6.0,6.0,6.0,6.0,6.0,6.096926093147823,6.2,6.2941346138011,6.4,6.4,6.4,6.4,6.4,6.5,6.6,6.6,6.6,6.6,6.6,6.6,6.6,6.6,6.6,6.6,6.6,6.6,6.6,6.6,6.6,6.642480395589343,6.7,6.7,6.7,6.7,6.7,6.7,6.7,6.7,6.7,6.7,6.7,6.7,6.7,6.7,6.7,6.7,6.7,6.7,6.7,6.920554724647713,7.0,7.099964124280137,7.3,7.3,7.3,7.3,7.3,7.3,7.3,7.3,7.3,7.3,7.3,7.3,7.3,7.3,7.3,7.3,7.3,7.3,7.3,7.3,7.6,7.7,7.7,7.7,7.9,7.9,7.9,7.9,7.9,8.1,8.2,8.2,8.3,8.3,8.3,8.3,8.3,8.313659870944878,8.8,8.982121732823714,9.5,9.5,9.5,9.902181339810523
1.998363995142124,2.0221271170439143,2.4,2.4,2.4,2.4,2.4,2.4,2.4022832662765965,2.5,2.5,2.5,2.6,2.6,2.6,2.810481391960096,2.9,2.9,2.9,3.0,3.0,3.0,3.0,3.2,3.2,3.2,3.2,3.2,3.3,3.3,3.3,3.3,3.3,3.3,3.3,3.3,3.3,3.3,3.3,3.3,3.3,3.3,3.3,3.3,3.300071751439711,3.5,3.5,3.5,3.5,3.5,3.530825981018876,3.6,3.6,3.6,3.673298795838568,3.7,3.7,3.774963308883616,3.8,3.9,3.9,3.9,3.9,3.9,3.9,3.9,3.9,3.9,4.0,4.0,4.0,4.0,4.0,4.0,4.0,4.0,4.0,4.0,4.0,4.2,4.247494849229611,4.3,4.3,4.3,4.3,4.3,4.3,4.3,4.3,4.3,4.3,4.3,4.3,4.3,4.3,4.3,4.3,4.3,4.3,4.3,4.3,4.3,4.3,4.3,4.4,4.4,4.4,4.5,4.5,4.5,4.5,4.5,4.5,4.5,4.5,4.5,4.5,4.5,4.6,4.6,4.6,4.6,4.605449935582612,4.7,4.8,4.8,5.013777036454178,5.1,5.1,5.2,5.2,5.2,5.2,5.3,5.4,5.472410260810318,5.6,5.6,5.6,5.6,5.7,5.7,5.8,5.8,5.8,5.8,5.8,5.8,5.8,5.8,5.8,5.8,5.8,5.8,5.8,5.8,5.8,5.8,5.8,5.8,5.8,5.8,5.8,5.8,5.8,5.8,5.8,5.8,5.8,5.8,5.8,5.996291420219933,6.0,6.0,6.0,6.0,6.0,6.1,6.303343888618275,6.4,6.4,6.4,6.569487052929304,6.6,6.6,6.6,6.6,6.7,6.7,6.817525236657525,7.1,7.3,7.3,7.5,7.9,8.1,8.2,8.2,8.5,8.833618648868258,10.506544019431567
2.5994546650473747,2.7885084681756567,3.1854855139391494,3.3,3.3,3.679792392287166,4.1,4.300363130524173,4.4,4.4,4.492866701553323,4.5,4.5,4.5,4.5,4.5,4.5,4.5,4.7,4.7,4.86710973118205,4.9,4.9,4.9,4.9,4.9,4.974572544287142,5.2,5.5,5.5,5.5,5.5,5.5,5.5,5.5,5.6,5.6,5.6,5.64482722873702,5.7,5.7,5.9273842246921244,6.2,6.2,6.2,6.2,6.2,6.3,6.356322228325666,6.493861234331038,6.5,6.6,6.6,6.6,6.6,6.6,6.6,6.674963308883616,6.8,6.8,6.8,6.804378489936286,6.9,6.966707318575743,7.0,7.0,7.0,7.0,7.0,7.0,7.0,7.002527623325866,7.1,7.1,7.1,7.1,7.1,7.1,7.1,7.1,7.1,7.1,7.1,7.1,7.1,7.1,7.1,7.1,7.1,7.1,7.1,7.1,7.1,7.255323082747133,7.4,7.427072108449437,7.5,7.5,7.7,7.7,7.7,7.7,7.898222756912538,8.1,8.1,8.1,8.1,8.1,8.19425886151571,8.471989073708892,8.6,8.7,8.7,8.872289150783876,8.9,8.9,8.9,8.9,8.9,8.9,8.9,8.9,8.9,8.9,8.9,8.9,8.9,8.9,8.96931987716061,9.0,9.0,9.0,9.0,9.4,9.5,9.572410260810317,9.6,9.6,9.7,9.7,9.9,9.9,9.9,9.925036691116379,10.0,10.1,10.1,10.1,10.1,10.3,10.3,10.3,10.3,10.3,10.3,10.3,10.3,10.3,10.3,10.3,10.3,10.3,10.3,10.3,10.3,10.3,10.3,10.3,10.3,10.3,10.3,10.3,10.550541718393351,10.6,10.6,10.6,10.6,10.6,10.7,10.7,11.4,11.4,11.608461158787913,11.9,11.9,12.079037216079813,12.5,12.5,12.5,12.5,12.5,12.5,12.597716733723399,13.3,13.3,13.7,15.5,15.5,15.5,16.045110180692603,18.20054533495263
2.4994546650473746,2.6,2.6,3.2,3.2,3.2,3.3,3.3003631305241727,3.5022832662765966,3.6,3.8928667015533227,4.0,4.0,4.052055558889319,4.4,4.4,4.4,4.5,4.5,4.5,4.5,4.5,4.5,4.5,4.5,4.5,4.5,4.5,4.5,4.5,4.5,4.5,4.5,4.5,4.5,4.5,4.5,4.5,4.5,4.5,4.5,4.5,4.5,4.5,4.5,4.5,4.5,4.518190088503164,4.7,4.893861234331038,4.9,4.9,4.9,4.9,4.9,4.915309571645662,5.1,5.1,5.1,5.2,5.2,5.2,5.2,5.3,5.3,5.4,5.5,5.5,5.5,5.5,5.5,5.5,5.5,5.5,5.5,5.5,5.5,5.5,5.5,5.5,5.5,5.5,5.5,5.5,5.6,5.6,5.6,5.6,5.6,5.6,5.6,5.7,5.7,5.7,5.7,5.7,5.7,5.7,5.7,5.7,5.7,5.7,5.7,5.7,6.096582115645492,6.2,6.2,6.2,6.2,6.2,6.2,6.3,6.34706730690055,6.5,6.6,6.6,6.6,6.6,6.7,6.7,6.752505150770389,6.8,6.8,6.8,6.9,7.0,7.0,7.0,7.0,7.0,7.0,7.0,7.083583476287288,7.1,7.1,7.1,7.1,7.1,7.1,7.1,7.1,7.1,7.1,7.150073382232756,7.4,7.492345214177163,7.553402408322858,7.7,7.7,7.9,7.9,7.9,7.9,8.0,8.1,8.1,8.1,8.1,8.346232121961918,8.5,8.567079801107313,8.610726690124396,8.7,8.70044613975059,8.846576241885998,8.9,8.9,8.9,8.9,8.9,8.9,8.9,8.9,9.0,9.32542745571286,9.6,9.860295068574464,10.1,10.203343888618274,10.3,10.3,10.3,10.3,10.3,10.3,10.3,10.6,10.6,10.918568271148155,11.4,11.9,11.9,12.5,12.5,12.5,12.5,12.5,13.156813285869124,15.5,15.5,18.10109066990526
2.4,2.4,2.5,2.5,2.5589391335881384,2.6,2.6,2.6,2.9,3.0,3.1857334031066458,3.282474763342478,3.3,3.3,3.332554993692302,3.5,3.5,3.559311917748766,3.6305129470707023,3.7,3.8,3.8,3.9,3.9,3.9,3.9,3.9,3.9,4.0,4.0,4.0,4.0,4.0,4.0,4.0,4.00640601215474,4.153423758114002,4.2,4.24482722873702,4.389273309875609,4.4,4.4,4.4,4.4,4.4,4.440067539952499,4.5,4.5,4.5,4.5,4.5,4.5,4.5,4.5,4.5,4.5,4.5,4.5,4.5,4.5,4.5,4.6,4.7,4.7,4.7,4.8,4.8,4.8,4.8,4.8,4.8,4.9,4.9,4.9,4.9,5.0,5.0,5.1,5.1,5.1,5.1,5.1,5.1,5.1,5.1,5.1,5.1,5.1,5.1,5.1,5.1,5.1,5.1,5.1,5.1,5.127072108449437,5.2,5.2,5.2,5.2,5.2,5.2,5.2,5.2,5.2,5.2,5.2,5.2,5.2,5.2,5.2,5.3,5.3,5.372289150783877,5.4,5.4,5.4,5.4,5.4,5.5,5.552505150770389,5.6,5.6,5.6,5.6,5.6,5.7,5.7,5.7,5.7,5.7,5.7,5.7,5.7,5.8,5.8,5.802676948378985,6.0,6.0,6.0,6.0,6.059500077641303,6.1,6.1,6.2,6.2,6.2,6.2,6.2,6.2,6.2,6.2,6.2436777716743395,6.381809911496833,6.5,6.5,6.6,6.6,6.6,6.6,6.6,6.6,6.6,6.6004461397505905,6.7,6.793593987845253,6.9,6.9,6.9,6.9,7.0,7.1,7.1,7.1,7.1,7.1,7.1,7.181981940361947,7.303343888618275,7.4,7.5,7.500516491222038,7.7,7.7,7.7,7.7,7.7,8.047944441110683,8.2,8.217525236657524,8.4,8.6,8.6,9.397821216854949,9.534149677362194,10.0,10.041060866411858,10.1,10.332231776973549,12.322983063648689,12.5
3.1994546650473747,3.6221271170439144,4.1709710278782985,4.5,4.5,4.5,4.886340129055124,5.100363130524173,5.206849798829789,5.5,5.6,5.9,6.068775961264544,6.2,6.2,6.210481391960097,6.386014510074563,6.5,6.5,6.5,6.5,6.5,6.5,6.5,6.5,6.5792566055146064,6.6,6.6,6.6,6.6,6.6,6.8,6.8,6.8,6.8,6.9,6.9,6.9,7.0,7.0,7.0,7.0,7.0,7.0,7.0,7.0,7.0,7.0,7.0,7.0,7.0,7.0,7.0,7.1,7.1,7.1,7.1,7.1,7.1,7.1,7.1,7.1,7.1,7.233414637151486,7.3,7.3,7.357519604410664,7.4,7.4,7.4,7.4,7.402527623325867,7.5,7.5,7.5,7.5,7.5,7.5,7.5,7.5,7.5,7.5,7.5,7.5,7.60266645526932,7.7,7.7,7.7,7.7,7.7,7.7,7.7,7.7,7.7,7.9,7.9,7.9,7.9,7.9,7.9,7.9,7.9,7.9,7.9,7.948291057822746,8.072927891550574,8.1,8.1,8.1,8.1,8.1,8.1,8.1,8.1,8.1,8.1,8.1,8.1,8.3,8.3,8.3,8.4,8.5,8.5,8.5,8.5,8.5,8.6,8.6,8.6,8.6,8.6,8.7,8.7,8.7,8.7,8.7,8.7,8.7,8.7,8.7,8.7,8.7,8.7,8.7,8.7,8.7,8.7,8.9,8.9,8.9,8.9,8.9,8.9,8.9,9.0,9.1,9.1,9.1,9.1,9.1,9.232180070373191,9.5,9.6,9.7,9.7,9.783063754550357,9.9,9.9,10.08243662288022,10.3,10.3,10.3,10.3,10.5,10.6,10.6,10.7,11.410031665854826,11.9,11.9,11.9,11.9,11.981376164502468,12.5,12.589518608039906,12.6,12.6,12.6,12.722676656602676,13.3,13.7,13.7,15.493463650564843,15.5,15.5,15.5,16.2,16.2,16.2,18.10109066990526
3.4972733252368733,3.6,3.6,3.7,3.7,4.2,4.4,4.5,4.5,4.898437125738531,5.085733403106645,5.2,5.268775961264544,5.5,5.5,5.510481391960097,5.6,5.659311917748766,5.7,5.7,5.8,5.9,5.99665611138173,6.0,6.2,6.2,6.2,6.2,6.2989165632133055,6.4,6.4,6.4,6.5,6.5,6.5,6.50640601215474,6.6,6.6,6.6,6.6,6.6,6.6,6.6,6.6,6.6,6.6,6.6,6.6,6.7,6.7,6.7,6.8,6.8,6.9,6.9,6.9,6.9,6.9,6.9,6.9,6.9,6.9,6.9,6.9,6.9,6.9275897391896875,7.0,7.0,7.0,7.0,7.0,7.0,7.0,7.0,7.0,7.0,7.0,7.0,7.0,7.0,7.0,7.0,7.0,7.0,7.0,7.076920127242516,7.1,7.1,7.1,7.1,7.1,7.1,7.1,7.1,7.1,7.1,7.203417884354513,7.3,7.4,7.4,7.4,7.4,7.5,7.5,7.5,7.5,7.5,7.5,7.5,7.5,7.696926093147823,7.7,7.7,7.7,7.7,7.7,7.7,7.7,7.9,7.9,7.9,7.9,7.9,7.9,7.9,7.9,7.9,7.9,7.9,7.9,7.9,7.9,7.9,7.9,8.042480395589342,8.1,8.1,8.1,8.1,8.1,8.1,8.1,8.1,8.1,8.1,8.1,8.1,8.1,8.1,8.332765281195783,8.46917401898113,8.5,8.5,8.5,8.6,8.6,8.6,8.6,8.7,8.7,8.7,8.7,8.7,8.7,8.7,8.7,8.7,8.7,8.7,8.7,8.7,8.7,8.7,8.7,8.7,8.7,8.7,8.840990970180975,8.9,8.9,8.9,8.900258245611019,9.1,9.1,9.1,9.2,9.834890012615393,10.3,10.362448077470901,10.517525236657525,10.607133298446678,11.4,11.4,11.89927373895165,11.940979612834633,12.520207607712837,12.6,13.156813285869124,15.5,15.5,18.10054533495263
2.7983639951421235,3.5,3.6,3.814549371304712,4.258939133588139,4.4,4.493170064527561,4.5,4.5,4.9996092814346325,5.192866701553323,5.282474763342478,5.5,5.5,5.5,5.5,5.6,5.7,5.7,5.8,5.8,5.9,5.9,6.0,6.0,6.0,6.2,6.2,6.4,6.4,6.4,6.4,6.5,6.5,6.5,6.5,6.6,6.6,6.6,6.6,6.6,6.6,6.6,6.6,6.6,6.6,6.6,6.6,6.6,6.6,6.6,6.6,6.6,6.6,6.673298795838567,6.7,6.7,6.7,6.8,6.8,6.8,6.9,6.9,6.9,6.9,6.9,6.9,6.9,6.9,6.9,6.9,6.9,6.9,6.9,6.9,6.9,6.9408191585155015,7.0,7.0,7.0,7.0,7.0,7.0,7.0,7.0,7.0,7.0,7.0,7.0,7.0,7.003073906852182,7.1,7.1,7.1,7.1,7.1,7.1,7.1,7.3,7.4,7.4,7.4,7.5,7.5,7.5,7.5,7.5,7.5,7.5,7.671989073708891,7.7,7.7,7.7,7.7,7.7,7.8,7.848666772365334,7.9,7.9,7.9,7.9,7.9,7.9,7.9,7.9,7.9,7.9,7.9,7.9,7.9,7.9,7.9,7.9,7.9,7.9,7.9,7.9,7.9,7.9,7.9,7.9,7.9,7.992054149709747,8.1,8.1,8.1,8.1,8.1,8.1,8.1,8.1,8.1,8.1,8.1,8.1,8.1,8.1,8.1,8.1,8.124205258435955,8.3,8.4,8.5,8.5,8.546576241885997,8.6,8.64153187727518,8.7,8.7,8.7,8.7,8.7,8.7,8.7,8.7,8.7,8.7,8.7,8.7,8.9,8.9,8.9,8.9,8.9,9.0,9.1,9.1,9.343833323332051,9.9,10.3,10.5,10.6,10.697716733723398,11.698910608427473,11.9,11.9,12.6,13.3,15.5,15.5,16.21036136409998
1.6989093300947493,1.722127117043914,2.2,2.428637342826178,2.8,2.9,2.9931700645275616,3.0,3.1,3.1,3.1,3.182474763342478,3.2,3.2,3.2,3.2,3.2860145100745632,3.3,3.3,3.3,3.3,3.4,3.4,3.4,3.4,3.658513211029214,3.8,3.8,3.8494582816066525,3.9,3.9,3.9087816885598867,4.0,4.0,4.0,4.1,4.1,4.1,4.2,4.2,4.3,4.3,4.4,4.459328465857746,4.5,4.5,4.5,4.5,4.5,4.5,4.5,4.567234718804218,4.7,4.7,4.7,4.7,4.8,4.8,4.8,4.9,4.9,4.9,4.9,4.9,4.9,4.9,4.9,5.0,5.0,5.1,5.174106826669302,5.2,5.230680122839391,5.3,5.3,5.3,5.3,5.3,5.3,5.3,5.3,5.4,5.4,5.4,5.5,5.5,5.5,5.5,5.5,5.5,5.6,5.6,5.6,5.6,5.6,5.6,5.6,5.6,5.6,5.6,5.6,5.6,5.7,5.7,5.7,5.772927891550575,5.8,5.8,5.8,5.871989073708892,5.9,5.9,5.94706730690055,6.0722891507838765,6.1,6.2,6.2,6.2,6.2,6.2,6.2,6.2,6.2,6.2,6.2,6.2,6.2,6.2,6.2,6.2,6.2,6.2,6.2,6.2,6.242480395589342,6.372410260810319,6.5,6.5,6.6,6.6,6.6,6.6,6.6,6.6,6.65846211296784,6.7,6.7,6.7,6.7,6.732765281195782,6.8,6.8,6.9,6.9,6.9,6.9,6.9,6.9,6.9,6.9,6.9,6.9,6.9,6.9,6.9,6.9,6.9,6.9,6.9,6.9,6.9,6.9,7.05054171839335,7.1,7.1,7.1,7.1,7.1,7.1,7.1,7.1,7.1,7.1,7.1,7.1,7.1,7.1,7.1,7.1,7.1,7.3071332984466775,7.6007814371307285,7.8,7.999636869475824,8.120489806417316,8.6,8.982121732823714,9.856813285869123,10.1,10.1,10.705453349526305
1.2,1.2,1.4,1.4,1.4,1.7393771768614972,1.8,1.8,2.0,2.0,2.0,2.1,2.1,2.1,2.3,2.3,2.3,2.359311917748766,2.4,2.4,2.5,2.5,2.5,2.5590090298190247,2.6,2.6,2.7,2.7,2.7,2.7,2.8,2.8,2.8,2.8,2.8,2.9,2.9,2.9,2.94482722873702,3.0,3.0,3.0,3.0,3.0,3.0,3.0,3.0,3.1,3.1,3.1,3.1,3.1,3.1,3.1,3.1,3.1,3.1415378870321606,3.2,3.2,3.2,3.3,3.3,3.3,3.3,3.397323051621021,3.4,3.4,3.4,3.5,3.5,3.5,3.5,3.5,3.6,3.6,3.6,3.6,3.6,3.6,3.6,3.6,3.6,3.6,3.6,3.6,3.6,3.6023763191388554,3.7,3.7,3.8,3.8,3.8,3.8,3.8,3.8,3.8,3.8,3.8,3.8,3.8,3.8,3.8,3.8,3.8,3.8,3.8,3.8,3.8,3.9,3.9,3.9,3.9,3.9,3.9,3.9,3.9,3.9,3.9,3.9,3.9,3.9,3.9,3.9,4.0,4.0,4.1,4.1,4.1,4.1,4.1,4.1,4.1,4.1,4.1,4.1,4.1,4.2,4.2,4.2,4.2,4.2,4.2,4.2,4.2,4.2,4.2,4.2,4.261545727139935,4.396894888185165,4.4,4.4,4.4,4.4,4.481809911496834,4.5,4.5,4.699964124280138,4.7,4.7,4.7,4.7670798011073146,4.8107266901243975,4.9,4.900446139750591,5.0,5.0,5.0,5.0,5.0,5.0,5.043198843880208,5.1,5.1,5.105998456065578,5.2,5.3,5.3,5.3,5.3,5.3672825715857355,5.4,5.5,5.5,5.540688082251234,5.6,5.6,5.6,5.6,5.6,5.617525236657525,5.7,5.7,5.7,5.799636869475824,6.0,6.120207607712836,6.2,6.271362657173825,6.7,7.255745765912172,7.821268063152592
0.5,0.5,0.5,0.5,0.5,0.5,0.5,0.5,0.5,0.5,0.5,0.5824747633424777,0.6,0.7,0.7,0.7,0.7,0.7,0.7,0.7997417543889868,0.8,0.8,0.8,0.8,0.8,0.8,0.8,0.8,0.8,0.8,0.8,0.8,0.8,0.9,0.9,0.9,0.9,0.9,0.9448272287370202,1.0,1.0,1.0,1.0,1.0,1.0,1.0,1.0,1.0,1.0,1.0,1.0,1.0,1.1,1.1,1.1,1.1,1.1,1.1749633088836162,1.2,1.2,1.2,1.2,1.2,1.2,1.2973230516210208,1.3,1.3,1.3,1.3,1.3,1.3,1.3,1.3,1.3,1.3,1.3,1.3,1.3,1.3,1.3,1.3,1.3,1.3,1.3,1.3,1.3,1.3,1.3,1.3,1.3,1.3,1.3,1.3,1.3,1.3,1.3,1.3,1.3,1.3,1.3,1.3,1.3,1.3,1.3,1.3,1.3,1.3,1.3,1.3,1.3,1.3969260931478231,1.4,1.4,1.4,1.4,1.4,1.5,1.5,1.5,1.5,1.5,1.5,1.6,1.6,1.6,1.6,1.6,1.6,1.6,1.6,1.6,1.6,1.6,1.6,1.6,1.6,1.6,1.6,1.6,1.6,1.6,1.6595000776413031,1.7,1.7,1.7,1.7,1.7,1.7,1.7,1.7,1.8,1.8,1.8,1.8,1.8,1.8,1.8,2.0,2.0,2.0,2.0,2.0,2.1,2.1,2.1,2.1,2.1,2.1904241395586213,2.2403068909801562,2.3,2.3,2.3,2.3,2.3,2.3627137278564305,2.4,2.4,2.4,2.4,2.4,2.4328902688179483,2.5,2.6,2.6,2.7,2.7,2.8,2.8,2.8,2.8,2.8,2.8,2.995433467446799,3.0,3.213659870944878,3.5,3.5,3.5,3.6290289721216937,3.8,5.503272009715784
2.5950919854263717,3.7663813511317428,4.1709710278782985,4.3,4.5,4.839377176861498,5.0,5.3,5.3,5.5,5.592866701553323,5.682474763342478,5.9,5.952055558889319,6.2,6.2,6.2,6.5,6.5,6.5,6.5,6.6,6.6,6.6,6.6,6.6,6.737286272143571,6.8,6.9,7.0,7.0,7.0,7.0596931090198405,7.1,7.1,7.1,7.1,7.1,7.1,7.1,7.1,7.251589483128083,7.317922626012691,7.5,7.7,7.7,7.7,7.7,7.7,7.7,7.7,7.767234718804218,7.8,7.8,7.8,7.8,7.9,8.0,8.1,8.1,8.1,8.1,8.1,8.1,8.1,8.127589739189688,8.3,8.3,8.51641652371272,8.6,8.6,8.6,8.6,8.65857505126975,8.7,8.713634252669689,8.9,8.9,8.9,8.9,8.9,8.9,8.9,8.9,8.95133322763466,9.0,9.0,9.0,9.0,9.0,9.0,9.0,9.0,9.0,9.0,9.0,9.0,9.0,9.1,9.1,9.5,9.5,9.5,9.5,9.5,9.5,9.5,9.5,9.6,9.6,9.6,9.6,9.6,9.6,9.6,9.6,9.6,9.6,9.6,9.626303351929254,9.7,9.7,9.710899871165225,9.9,9.9,9.9,9.9,9.9,9.9,9.9,10.0,10.1,10.1,10.1,10.142480395589342,10.2,10.3,10.3,10.3,10.3,10.3,10.3,10.3,10.3,10.3,10.3,10.3,10.3,10.3,10.3,10.3,10.3,10.3,10.3,10.3,10.3,10.3,10.3,10.3,10.3,10.3,10.3,10.3,10.3,10.3,10.3,10.3,10.3,10.3,10.3,10.3,10.3,10.3,10.3,10.3,10.3,10.3,10.3,10.3,10.434565143171472,10.5,10.6,10.6,10.6,10.6,10.6,10.6,11.4,11.7,11.9,11.914266596893356,12.101953592826822,12.6,12.8,13.3,13.380830430851347,14.028486931294855,14.5,15.5,17.679584776165637,18.20054533495263
2.9,2.9221271170439143,3.1,3.157274685652356,3.4768174007644146,3.7797923922871655,4.0,4.200363130524173,4.3,4.3,4.3,4.4,4.4,4.5,4.5,4.5,4.5,4.6,4.6,4.7,4.8,4.9,4.9,5.0,5.0,5.0,5.1,5.194001543934421,5.3,5.3,5.3,5.3,5.3,5.3,5.3,5.3,5.3,5.3,5.3,5.3,5.3,5.375794741564042,5.4,5.459328465857746,5.5,5.5,5.5,5.5,5.5,5.5,5.5,5.5,5.5,5.538454272860062,5.6,5.6,5.6,5.6,5.7,5.7,5.7,5.804378489936286,5.9,5.9,5.9,5.9,5.9,5.9,5.9,5.945406826037424,6.0,6.002527623325866,6.1,6.1,6.1,6.113634252669689,6.2,6.2,6.2,6.2,6.2,6.2,6.2,6.2,6.2,6.2,6.2,6.227710849216121,6.3,6.478050761736014,6.5,6.5,6.5,6.577661541373566,6.6,6.6,6.6,6.6,6.6,6.6,6.6,6.674551422189251,6.7,6.7,6.748291057822746,6.8,6.8,6.9,6.9,6.9,6.9,6.9,6.9,6.9,6.9,7.0,7.0,7.0,7.0,7.026303351929255,7.1,7.1,7.1,7.1,7.1,7.1,7.1,7.1,7.1,7.1,7.1,7.1,7.1,7.138626138587131,7.542480395589342,7.6,7.6,7.6,7.6,7.6,7.6,7.6,7.7,7.7,7.7,7.7,7.8,7.8,7.8,7.8327652811957815,8.0,8.0,8.0,8.0,8.0,8.0,8.0,8.0,8.0,8.1,8.1,8.1,8.1,8.10044613975059,8.2,8.2,8.2,8.290424139558622,8.480613781960312,8.6,8.6,8.6,8.6,8.6,8.6,8.6,8.7,8.9,8.9,8.9,8.9,8.9,8.9,9.1,9.15594195970175,9.5,9.5,9.6,9.7,9.917525236657525,10.0,10.0,10.0,10.0,10.1,10.1,10.1,10.2,10.3,10.455745765912173,10.705453349526305
1.7994546650473746,2.4,2.4,2.4,2.5589391335881384,2.6,2.6,2.8,2.8,2.8,2.8,2.8,2.9,2.9,2.9,2.9,2.9860145100745634,3.0,3.0,3.0,3.0,3.0,3.0,3.0,3.0,3.0,3.0,3.1,3.1,3.1,3.156801156119795,3.2,3.2,3.3,3.3,3.3,3.4,3.4,3.5,3.6,3.6,3.675794741564042,3.8,3.8,3.8,3.840067539952498,3.9,3.9,3.9,3.993861234331038,4.0,4.0,4.003105111814835,4.1,4.1,4.3,4.3,4.3,4.3,4.3,4.3,4.3,4.3,4.4,4.4,4.4,4.4,4.4,4.4,4.4,4.4,4.402527623325867,4.5,4.5,4.5,4.5,4.6,4.6,4.6,4.621115852667802,4.7,4.7,4.7,4.8,4.8,4.8,4.8023763191388555,4.9,4.9,4.9,5.0,5.0,5.052870569242148,5.1,5.1,5.1,5.2,5.276311592408004,5.3,5.3,5.3,5.3,5.3,5.3,5.3,5.3,5.3,5.3,5.3,5.3,5.3,5.3,5.3,5.3,5.397623680861142,5.4,5.4,5.4,5.4,5.426303351929255,5.5,5.5,5.5,5.5322122237478135,5.6,5.6,5.6,5.6,5.6,5.6,5.6,5.6,5.6,5.7,5.7,5.7,5.7,5.7,5.7,5.7,5.8,5.8,5.9,5.9,6.0,6.0,6.1,6.1,6.1,6.1,6.1,6.1,6.1,6.1,6.1,6.159932460047509,6.2,6.2,6.2,6.2,6.2,6.3,6.3,6.3,6.3,6.3,6.3,6.3,6.3,6.3,6.3,6.3,6.4,6.4,6.462713727856431,6.5,6.6,6.6,6.6,6.834565143171472,7.0,7.0,7.1,7.4220642467537,7.6,7.6,7.6,7.6,7.6,7.6,7.6,7.6,7.6,7.899273738951649,7.9,7.9,7.9,7.9,9.2,9.5,10.1
1.598363995142124,1.9,2.0,2.028637342826178,2.1,2.2797923922871655,2.3931700645275615,2.4,2.5,2.5,2.5,2.5,2.5,2.5520555588893195,2.6,2.6,2.6860145100745636,2.8,2.8,2.8,2.8,2.8,2.8,2.8,2.8,2.8,2.8,2.8,2.9,2.9,2.9,2.9,2.9,2.9,2.9,3.0,3.0,3.0,3.0,3.089273309875608,3.1,3.1,3.1,3.1,3.1,3.1,3.1,3.1,3.1,3.1,3.1,3.1,3.1,3.1,3.1,3.1,3.1,3.1,3.1,3.1,3.1,3.1,3.1,3.1,3.1,3.1,3.1,3.1,3.1,3.1,3.1,3.1,3.1,3.1,3.1,3.1,3.1,3.1,3.1,3.1,3.1,3.1,3.1,3.1,3.1,3.1,3.1,3.1,3.1,3.1,3.1,3.1,3.1,3.1,3.2,3.227072108449437,3.3,3.3,3.3,3.3,3.3,3.3,3.3,3.3,3.3,3.3,3.3,3.3,3.3,3.3,3.396926093147823,3.4,3.5,3.5,3.5,3.5,3.5,3.5,3.5,3.5,3.5,3.5,3.5,3.5,3.5591808414844937,3.6,3.6,3.6,3.6,3.6,3.6,3.6,3.7,3.7,3.7,3.7,3.7,3.7,3.7,3.7,3.7,3.7,3.7,3.7,3.7,3.7,3.7,3.7,3.7,3.8,3.8,3.8,3.8,3.8,3.8,3.8,3.8,3.8,3.8,3.8242052584359554,3.9,3.9,3.9,3.9,3.9,4.0,4.0,4.0,4.0,4.0,4.1,4.1,4.150541718393351,4.2,4.2,4.2,4.2,4.2,4.2,4.2,4.2,4.200774736833057,4.569487052929304,4.6,4.6,4.6,4.6,4.6,4.7,4.7,4.8,4.9,5.0,5.199636869475825,5.2,5.220207607712837,5.3,5.3,6.1,6.177872882956086,7.8
1.595637320378997,1.9,2.0,2.0,2.1,2.179792392287166,2.2931700645275614,2.4,2.4,2.4996092814346325,2.5,2.5,2.5,2.5,2.6,2.6,2.6,2.7,2.8,2.8,2.8,2.8,2.8,2.8,2.8,2.8,2.8,2.8,2.9,2.9,2.9,2.9,2.9,2.9,2.9,2.9,3.0,3.0,3.0,3.0,3.1,3.1,3.1,3.1,3.1,3.1,3.1,3.1,3.1,3.1,3.1,3.1,3.1,3.1,3.1,3.1,3.1,3.1,3.1,3.1,3.1,3.1,3.1,3.1,3.1,3.1,3.1,3.1,3.1,3.1,3.1,3.1,3.1,3.1,3.1,3.1,3.1,3.1,3.1,3.1,3.1,3.1,3.1,3.1,3.1,3.1,3.1,3.1,3.1,3.1,3.1,3.1,3.1,3.1,3.1,3.1,3.1,3.1,3.1,3.1,3.1500000000000004,3.3,3.3,3.3,3.3,3.3,3.3,3.3,3.3,3.3,3.3,3.3,3.3,3.3,3.3,3.4,3.4,3.4,3.5,3.5,3.5,3.5,3.5,3.5,3.5,3.5,3.5,3.5,3.5,3.5,3.6,3.6,3.6,3.6,3.6,3.6,3.6,3.6,3.6,3.7,3.7,3.7,3.7,3.7,3.7,3.7,3.7,3.7,3.7,3.7,3.7,3.7,3.7,3.7,3.7,3.7,3.8,3.8,3.8,3.8,3.8,3.8,3.8,3.9,3.9,3.9,3.9,3.9,4.0,4.0,4.0,4.0,4.05054171839335,4.1,4.1,4.12074339448539,4.2,4.2,4.2,4.2,4.2,4.2,4.2,4.2813761645024675,4.5,4.6,4.6,4.6,4.7,4.7,4.707133298446678,5.0,5.097716733723399,5.2,5.3,5.3,5.3,5.5,6.1,6.1,6.20872535924209
0.8,0.9,0.9,1.1,1.2,1.2,1.3,1.3,1.3,1.3,1.4,1.4824747633424777,1.5,1.6,1.6,1.7,1.7,1.7,1.7,1.7,1.7,1.7,1.7,1.8,1.8,1.8,1.8,1.8,1.8,1.8,1.8,1.8,1.8,1.8,1.9,1.9,1.9,1.9,1.9,1.9,1.9,1.9,2.0,2.0,2.0,2.0,2.0,2.0,2.0,2.0,2.0,2.0,2.0,2.0,2.0,2.0,2.1,2.1,2.1,2.1,2.1,2.1,2.1,2.1,2.1,2.1,2.1,2.1,2.1,2.1,2.1,2.1,2.1,2.1,2.1,2.2,2.240819158515501,2.3,2.3,2.3,2.3,2.3736966480707364,2.4,2.4,2.4,2.4,2.5,2.5,2.5,2.5,2.5,2.5,2.5,2.6,2.6,2.6,2.6,2.6,2.7,2.7,2.7,2.7,2.7,2.8,2.8,2.8,2.8,2.8,2.8,2.8,2.8,2.8,2.8,2.8,2.8,2.8,2.8,2.87439350157847,2.9,2.9,2.9,2.9,2.9,2.9,2.9591808414844936,3.0,3.1,3.1,3.1,3.1,3.1,3.1,3.1,3.1,3.1,3.1,3.1,3.1,3.1,3.1,3.1,3.1,3.1,3.1,3.1,3.1,3.1,3.1,3.1,3.1,3.1,3.1,3.1,3.1,3.3,3.3,3.3,3.3,3.3820773739873062,3.4242052584359555,3.5,3.5,3.5,3.500446139750591,3.6,3.6,3.6,3.6,3.6,3.6,3.7,3.7,3.7,3.7,3.7,3.7,3.7,3.7,3.7,3.7,3.7,3.7,3.7,3.7,3.7,3.7,3.7,3.7,3.7,3.7,3.7,3.7,3.7,3.7996368694758242,3.9,4.0,4.041060866411857,4.2,4.2580579442433875,4.7,6.200545334952631
3.1,3.3663813511317424,4.085485513939149,4.9,4.958939133588139,5.5,5.5,5.500363130524173,5.7,6.198437125738531,6.2,6.2,6.4,6.452055558889319,6.6,6.6,6.6,6.6,6.630512947070702,6.7,6.901329193546151,7.0,7.0,7.0,7.019852465712776,7.1,7.1,7.1,7.448374844819957,7.7,7.7,7.7,7.7,7.7,7.7,7.7,7.7,7.7,7.74482722873702,7.8,7.9,7.9,7.9,7.9,7.9,7.9,8.0,8.0,8.0,8.1,8.1,8.1,8.1,8.1,8.1,8.1,8.1,8.2,8.3,8.3,8.3,8.3,8.3,8.433414637151486,8.6,8.6,8.6,8.6,8.71641652371272,8.8,8.9,8.9,8.9,8.9,8.9,8.9,8.9,8.9,8.9,8.9,8.9,8.9,8.999730735815604,9.0,9.0,9.0,9.0,9.0,9.0,9.0,9.0,9.0,9.0,9.0,9.1,9.1,9.1,9.1,9.1,9.1,9.3,9.5,9.5,9.5,9.5,9.5,9.5,9.5,9.5,9.5,9.5,9.5,9.5,9.5,9.5,9.5,9.5,9.5,9.5,9.5,9.5,9.5,9.5,9.5,9.5,9.5,9.5,9.5,9.5,9.5,9.5,9.5,9.5,9.5,9.5,9.5,9.5,9.5,9.5,9.5,9.5,9.5,9.5,9.5,9.5,9.6,9.6,9.6,9.6,9.6,9.6,9.6,9.6,9.6,9.6,9.7,9.7,9.781343068284501,9.9,9.9,9.9,9.9,9.9,9.9,9.9,9.9,9.9,9.9,9.9,10.0,10.0,10.0,10.1,10.1,10.1,10.1,10.2,10.2,10.2,10.2,10.2,10.2,10.2,10.2,10.2,10.2,10.3,10.3,10.3,10.3,10.3,10.3,10.3,10.3,10.3,10.3,10.3,10.3,10.5,10.5,12.5
2.0994546650473747,2.4,2.4,2.4,2.5,2.5,2.5931700645275617,2.6,2.6068497988297894,2.9,2.9,2.9,3.0,3.0,3.0,3.0,3.1,3.2,3.2,3.2997417543889864,3.3,3.3,3.3,3.3,3.3,3.3,3.3372862721435705,3.4,3.5,3.6,3.7,3.717563377119774,3.9,3.9,3.9,3.9,3.9,3.9,3.9,4.0,4.0,4.0,4.0,4.0,4.0,4.0,4.079445275352287,4.2,4.2,4.293861234331038,4.3,4.3,4.3,4.3,4.3,4.3,4.3,4.3,4.4,4.4,4.4,4.4,4.4,4.4,4.4,4.4,4.4,4.4,4.4,4.445406826037424,4.5,4.5,4.5,4.5,4.5,4.5,4.5,4.5,4.5,4.5,4.5,4.5,4.5,4.6,4.6,4.6,4.6,4.6,4.6,4.6,4.7,4.7,4.7,4.777661541373567,4.8,4.8,4.851708942177257,4.9,4.9,4.950897155621493,5.1,5.1,5.1,5.1,5.1,5.1,5.1,5.1,5.1,5.1,5.1,5.1,5.1,5.1,5.1,5.1,5.1,5.1,5.2,5.2,5.2,5.2,5.2,5.2,5.2,5.2,5.2,5.2,5.2,5.2,5.2,5.2,5.2,5.2,5.2,5.2,5.2,5.2,5.2,5.2,5.2,5.2,5.2,5.3,5.3,5.3,5.326701204161429,5.461545727139935,5.6,5.6,5.6,5.6,5.6,5.6,5.6,5.659932460047509,5.7,5.7,5.7,5.7,5.7,5.7,5.7,5.7,5.7,5.7,5.7,5.7,5.740306890980156,5.8,5.8,5.8,5.8,5.8,5.8,5.8,5.8,5.940990970180974,6.0,6.0,6.0,6.0,6.0,6.140688082251233,6.2,6.289518608039907,6.5,6.6,6.6,6.7,6.7,7.0,7.097716733723399,7.3,7.3,7.9,7.9,8.1,8.629028972121693,9.411491531824344,9.70109066990526
2.0,2.4,2.4,2.4,2.4,2.4,2.5,2.5,2.5,2.6,2.6,2.6,2.9,2.9,2.9,3.0,3.0,3.0,3.030512947070702,3.2,3.2,3.2,3.3,3.3,3.3,3.3,3.3,3.3,3.3494582816066525,3.4037085797800697,3.5,3.6,3.6,3.7,3.7,3.9,3.9,3.9,3.9,3.9,3.9,3.975794741564042,4.0,4.0,4.0,4.0,4.0,4.0,4.0,4.0,4.1,4.2,4.3,4.3,4.3,4.3,4.3,4.3,4.3,4.340499922358686,4.4,4.4,4.4,4.4,4.4,4.4,4.4,4.4,4.416416523712721,4.5,4.5,4.5,4.5,4.5,4.5,4.5,4.5,4.5,4.5,4.5,4.5,4.5,4.6,4.6,4.6,4.6,4.6,4.6,4.7,4.7,4.7,4.8,4.8,4.877661541373567,4.9,4.9,5.003417884354514,5.1,5.1,5.1,5.1,5.1,5.1,5.1,5.1,5.1,5.1,5.1,5.1,5.1,5.1,5.1,5.1,5.1,5.1,5.1,5.2,5.2,5.2,5.2,5.2,5.2,5.2,5.2,5.2,5.2,5.2,5.2,5.2,5.2,5.2,5.2,5.2,5.2,5.2,5.2,5.2,5.2,5.2,5.2,5.2,5.2,5.2,5.3,5.3,5.392345214177164,5.5,5.6,5.6,5.6,5.6,5.6,5.6,5.681809911496833,5.7,5.7,5.7,5.7,5.7,5.7,5.7,5.7,5.7,5.7,5.7,5.8,5.8,5.8,5.8,5.8,5.8,5.8,5.8,5.8,5.8,5.920743394485391,6.0,6.0,6.0,6.0,6.0,6.100258245611019,6.2,6.2,6.513985489925437,6.6,6.6,6.6,6.631224038735451,6.7,6.9,7.0,7.1,7.3,7.3,7.740415215425673,7.9,8.04272531434765,8.343543458182541,9.411491531824344,9.70109066990526
3.0994546650473747,3.2885084681756567,3.9,4.0,4.5,5.0,5.479510193582684,5.5,5.602283266276596,5.799609281434632,6.0,6.082474763342478,6.2,6.2,6.2,6.220962783920193,6.4,6.4,6.430512947070702,6.5,6.5,6.5,6.5,6.559009029819024,6.6,6.6,6.6,6.6,6.6,6.6,6.6,6.6,6.6,6.6,6.6,6.70640601215474,6.8,6.8,6.8,6.8,6.8,6.875794741564042,6.9,6.9,7.0,7.0,7.0,7.0,7.0,7.0,7.0,7.0,7.0,7.0,7.0,7.0,7.0415378870321605,7.1,7.1,7.1,7.1,7.1,7.1,7.1,7.1,7.3,7.3,7.3,7.3,7.3,7.4,7.4,7.4,7.4,7.4,7.4,7.4,7.4,7.494550064417385,7.5,7.5,7.5,7.6,7.7,7.7,7.7,7.7,7.7,7.7,7.7,7.7,7.7,7.7,7.7,7.8,7.8,7.8,7.8,7.9,8.0,8.1,8.1,8.1,8.1,8.1,8.1,8.1,8.1,8.1,8.1,8.1,8.1,8.1,8.244578301567755,8.3,8.5,8.5,8.5,8.5,8.5,8.5,8.5,8.5,8.5,8.5,8.5,8.5,8.541424948730242,8.6,8.6,8.7,8.7,8.7,8.7,8.7,8.7,8.7,8.7,8.864269946863908,8.9,8.9,8.9,8.992054149709748,9.1,9.1,9.1,9.1,9.1,9.2,9.6,9.6,9.606138765668954,9.7,9.7,9.7,9.7,9.7,9.7,9.7,9.7,9.7,9.721453380248795,9.9,9.9,9.9,9.9,9.9,10.261696558234485,10.3,10.3,10.3,10.3,10.5,10.505998456065578,10.6,10.6,10.6,10.7,10.7,10.7,10.7,10.7,10.7,11.4,11.4,11.4,11.4,11.4,11.556120193677254,11.9,11.9,12.1,12.1,12.5,12.5,12.520207607712837,12.6,12.8,13.7,16.045110180692603,18.10054533495263
3.196727990284248,3.444254234087828,3.9,4.057274685652356,4.358939133588138,4.6,4.8,5.0,5.0,5.2,5.2,5.2,5.2,5.2,5.232554993692302,5.4,5.586014510074563,5.759311917748766,5.930512947070702,6.0,6.1,6.1,6.1,6.1,6.1,6.1,6.1,6.1,6.2,6.2,6.2,6.3,6.3,6.3,6.358468122724822,6.4,6.4,6.4,6.4,6.4,6.4,6.4,6.4,6.4,6.5,6.5,6.5,6.6,6.6,6.6,6.6,6.6,6.6,6.6,6.6,6.6,6.6,6.6,6.6,6.6,6.67263956962276,6.704378489936286,6.8,6.9,6.9,6.9,6.9,6.987124620470953,7.0,7.0,7.0,7.0,7.0,7.1,7.1,7.1,7.1,7.1,7.289100128834769,7.3,7.3,7.3,7.3,7.3,7.3,7.376920127242516,7.4,7.4,7.4,7.4,7.4,7.4,7.4,7.4,7.4,7.4,7.4,7.4,7.4,7.5,7.5,7.5,7.5,7.5,7.548291057822746,7.6,7.6,7.6,7.6,7.6,7.6,7.6,7.7,7.7,7.7,7.7,7.7,7.7,7.7,7.7,7.7,7.7,7.7,7.7,7.7,7.7,7.7,7.7,7.7,7.7,7.7,7.7,7.7,7.712875379529044,7.8,7.8,7.802676948378985,7.9,7.964269946863908,8.0,8.0,8.0,8.0,8.0,8.0,8.0,8.0,8.0,8.0,8.0,8.0,8.0,8.0,8.0,8.1,8.1,8.4,8.5,8.5,8.5,8.5,8.5,8.5,8.5,8.5,8.5,8.5,8.5,8.5,8.5,8.5,8.5,8.5,8.5,8.5,8.5,8.5,8.5,8.5,8.5,8.5,8.5,8.5,8.6,8.6,8.6,8.6,8.6,8.6,8.6,8.7,8.700781437130729,8.9,8.9,9.1,9.1,9.4,9.642725314347649,10.5,10.5,10.705453349526305
1.2,2.0221271170439143,2.285485513939149,2.5,2.5,2.5,2.6863401290551234,2.8,2.8022832662765964,2.9,2.9,3.0,3.0687759612645444,3.1,3.1,3.1104813919600964,3.2,3.3,3.3,3.3,3.3,3.3,3.3,3.3,3.3,3.3792566055146067,3.4,3.5,3.5,3.5,3.556801156119795,3.6,3.6,3.6,3.6,3.6,3.6,3.6,3.6,3.6,3.6,3.6,3.7,3.7,3.7,3.7,3.7,3.7,3.7,3.7,3.7,3.7,3.8,3.8,3.8,3.8,3.8,3.8,3.8,3.8,3.8,3.8,3.835730053136092,3.9,3.9,3.9,3.9,4.0,4.0,4.0,4.0,4.0,4.0,4.0,4.0,4.0,4.0,4.0,4.0,4.0,4.0,4.0,4.0,4.0,4.0,4.076920127242516,4.102376319138855,4.2,4.2,4.378050761736015,4.4,4.4,4.4,4.577661541373566,4.6,4.6,4.6,4.6,4.6,4.6,4.6,4.6,4.6,4.623688407591999,4.7,4.7,4.797607490120839,4.8,4.847129430757855,5.0,5.0,5.0,5.04706730690055,5.1,5.2,5.2,5.2,5.2,5.2,5.2,5.2,5.2,5.2,5.232212223747814,5.3,5.3,5.3,5.3,5.3,5.397472376674125,5.5,5.5,5.5,5.6,5.6,5.744820521620636,5.8,5.8,5.8,5.8,6.0,6.0,6.092054149709747,6.1,6.1,6.1,6.1,6.1,6.1,6.2,6.2,6.2,6.2436777716743395,6.3,6.3,6.3,6.3,6.3,6.3,6.324205258435955,6.4,6.4,6.510345542525954,6.6,6.6,6.6935939878452535,6.8,6.8,6.840306890980156,6.9,6.9,7.092582840439865,7.3,7.3,7.3,7.3,7.4,7.4,7.4,7.4,7.5,7.500258245611019,7.6,7.6,7.6,7.6,7.7,7.7,7.7,7.7,7.8,7.800390718565365,8.0,8.0,8.0,8.0,8.5,8.5,8.5,8.833618648868258,10.002726674763153
2.8,2.9,3.0709710278782985,3.228637342826178,3.3,3.4,3.5931700645275617,3.600363130524173,3.7,3.7,3.8,3.8,3.8,3.8,3.9,3.9,4.0,4.0,4.0,4.0,4.0,4.0,4.0,4.0,4.0,4.1,4.1,4.1,4.1,4.2,4.2,4.2,4.3,4.3,4.3,4.4,4.4,4.4,4.4,4.4,4.4,4.4,4.4,4.4,4.4,4.440067539952499,4.5,4.5,4.5,4.5,4.5,4.5,4.5,4.5,4.5,4.507654785822831,4.6,4.6,4.6,4.6,4.6,4.6,4.6,4.6,4.697323051621021,4.7,4.7,4.7,4.7,4.7,4.7,4.7,4.7,4.75857505126975,4.8,4.8,4.8,4.8,4.8,4.8,4.8,4.8,4.8,4.8,4.851333227634661,4.9,4.9,4.9,4.9,4.9,4.9,4.928010926291106,5.0,5.0,5.0,5.0,5.0,5.0,5.0,5.0,5.0,5.0,5.0,5.1,5.1,5.1,5.1,5.122338458626433,5.247129430757854,5.3,5.3,5.3,5.3,5.3,5.3,5.3,5.4,5.4,5.4,5.4,5.4,5.5,5.5,5.5,5.5,5.586365747330313,5.6,5.6,5.6,5.6,5.6,5.6,5.7,5.7,5.7,5.7,5.702676948378985,5.8,5.8,5.8,5.9,5.9,5.9,5.9,5.9584621129678395,6.0,6.0,6.0,6.1,6.1,6.1,6.1,6.1,6.181809911496833,6.2,6.2,6.299964124280137,6.3,6.3,6.3,6.3,6.3,6.3,6.4,6.4,6.4,6.4,6.4,6.5,6.5,6.5,6.5,6.55054171839335,6.6,6.6,6.7,6.7,6.8,6.803343888618275,6.9,7.0,7.1,7.4,7.4,7.413985489925437,7.589518608039906,7.6,7.6,7.6,7.6,7.6,7.6,7.697716733723399,7.9,7.9,7.920207607712837,8.4,8.4,8.6,9.477872882956087,10.302181339810524
1.3989093300947493,2.8,2.8,2.9,2.9,2.9,2.9,3.000363130524173,3.1,3.1,3.1,3.1,3.268775961264544,3.3,3.332554993692302,3.4,3.4,3.459311917748766,3.6,3.6,3.6,3.632717428414268,3.7,3.8,3.8,3.8,3.8,3.8,3.8,3.8,3.8,3.8,3.8,3.9,3.9,4.0,4.0,4.0,4.0,4.0,4.0,4.0,4.0,4.0,4.0,4.0,4.1,4.1,4.1,4.1,4.1,4.1672347188042185,4.2,4.2,4.2,4.2,4.241537887032161,4.3,4.3,4.3,4.3,4.4,4.4,4.4,4.4,4.4,4.4,4.4,4.4,4.4,4.4,4.4,4.4,4.4,4.4,4.4,4.4408191585155015,4.5,4.5,4.5,4.5,4.5,4.5,4.5,4.5,4.5,4.5,4.5,4.6,4.6,4.6,4.6,4.6,4.6,4.6,4.6,4.651708942177256,4.7,4.7,4.7,4.7,4.7,4.7,4.7,4.7,4.7,4.7,4.7,4.7,4.7,4.7,4.7,4.7,4.8,4.8,4.8,4.8,4.8,4.8,4.8,4.8,4.8,4.9,4.9,4.9,4.986365747330313,5.0,5.0,5.0,5.0,5.0,5.0,5.0,5.0,5.0,5.072410260810318,5.1,5.1,5.1,5.1,5.1,5.1,5.1,5.1,5.1,5.1,5.126701204161429,5.2,5.3,5.3,5.3,5.3,5.3,5.3,5.3,5.3,5.3,5.4,5.4,5.4,5.467079801107315,5.5,5.5,5.6,5.6,5.6,5.6,5.6,5.7,5.7,5.743198843880208,5.8,5.8,5.805998456065578,5.9,5.9,5.9,5.9,5.903343888618275,6.0,6.1,6.1,6.2,6.2,6.3,6.3,6.3,6.347944441110684,6.4,6.4,6.5,6.6003907185653645,6.797716733723399,6.9,7.0,7.0,7.223182599235571,7.6,7.814514486060847,8.289364414780431,8.608180024289458
1.2,1.5106355852195708,2.1,2.3,2.4589391335881383,2.6,2.8,2.8,2.8,2.8,2.9,2.9,2.9,2.9,2.9,2.9,3.0,3.059311917748766,3.1,3.1,3.1,3.1,3.1,3.1,3.1,3.1,3.1,3.1,3.1494582816066528,3.3,3.3,3.3,3.3,3.3,3.3,3.3,3.4,3.4,3.4,3.4,3.5,3.6,3.6,3.6,3.7,3.7,3.8,3.8,3.8,3.8,3.8,3.8,3.8,3.8,3.8,3.8,3.8,3.8,3.8,3.8,3.8,3.8,3.8,3.8,3.8,3.9,3.9,3.9,3.9,3.9,4.0,4.0,4.0,4.0,4.0,4.0,4.0,4.0,4.0,4.0,4.047494849229611,4.1,4.1,4.1,4.1,4.176920127242516,4.2,4.2,4.2,4.278050761736014,4.3,4.3,4.3,4.3,4.3,4.3,4.4,4.4,4.4,4.4,4.4,4.4,4.4,4.4,4.4,4.4,4.4,4.4,4.4,4.4,4.4,4.4,4.4,4.5,4.5,4.5,4.5,4.5,4.5,4.5,4.6,4.6,4.6,4.6,4.6,4.6,4.6,4.6,4.6,4.6,4.6,4.6,4.683583476287287,4.7,4.7,4.7,4.7,4.7,4.7,4.7,4.7,4.7,4.7,4.7,4.758462112967839,4.8,4.8,4.8,4.8,4.8,4.8,4.8,4.8,4.8,4.8,4.9,4.999964124280138,5.0,5.0,5.0,5.0,5.0,5.0,5.0,5.0,5.0,5.1,5.1,5.1,5.1,5.1,5.1,5.1,5.1,5.1,5.1,5.1,5.3,5.3,5.3,5.3,5.3,5.369487052929304,5.540688082251234,5.6,5.6,5.6,5.7,5.8,5.8,5.9,5.9,5.9,5.999636869475824,6.2,6.3,6.4,6.671362657173825,6.914514486060847,7.377872882956086,7.7
2.6,3.0,3.4709710278782984,3.5,3.6589391335881385,3.8,3.8,3.9,3.9,3.9996092814346325,4.0,4.0,4.0,4.0,4.1,4.2,4.3,4.4,4.4,4.4,4.4,4.4,4.4,4.4,4.4,4.4,4.4,4.4,4.4,4.4,4.5,4.5,4.5,4.6,4.6,4.6,4.6,4.6,4.6,4.689273309875609,4.7,4.7,4.7,4.7,4.7,4.7,4.7,4.7,4.7,4.793861234331038,4.9,5.0,5.1,5.1,5.1,5.1,5.1,5.1,5.2,5.2,5.2,5.2,5.2,5.3,5.3,5.4,5.4,5.5,5.6,5.6,5.6,5.6,5.6,5.6,5.6,5.6,5.6,5.6,5.6,5.7,5.8,5.8,5.8,5.8,5.8,5.876920127242516,5.9,5.9,6.0,6.0,6.0,6.0,6.0,6.0,6.0,6.0,6.0,6.0,6.001777243087457,6.2,6.2,6.2,6.2,6.2,6.2,6.2,6.4,6.4,6.4,6.4,6.4,6.4,6.4,6.4,6.4,6.4,6.4,6.4,6.4,6.4,6.4,6.4,6.4,6.432212223747814,6.559180841484493,6.6,6.6,6.6,6.6,6.6,6.6,6.6,6.6,6.6,6.6,6.6,6.6,6.6,6.6,6.6,6.6,6.6,6.6,6.6,6.6,6.6,6.6,6.6,6.6,6.6,6.6,6.6,6.6,6.6,6.6,6.6,6.6,6.6,6.6820773739873065,6.724205258435956,6.8,6.8,6.9,6.9,6.9,6.9,6.9,6.9,6.9,6.9,6.9,6.9,6.9,6.9059984560655785,7.0,7.1,7.1,7.1,7.1,7.1,7.1,7.3,7.4694870529293045,7.5,7.513985489925437,7.7,7.7,7.7,7.7,7.817525236657525,7.9,7.900390718565365,8.1,8.1,8.4,8.520207607712837,8.6,8.671362657173823,8.9,9.4,9.511997368957873
1.9989093300947494,2.4,2.5,2.8,2.9,3.0,3.1,3.2,3.3,3.3,3.3,3.382474763342478,3.4,3.4520555588893194,3.5,3.5,3.6,3.659311917748766,3.7,3.8,3.8,3.8,3.8,3.8,3.819852465712776,3.9,3.9,3.9,3.9,4.0,4.0,4.0,4.0,4.0,4.0,4.0,4.0,4.0,4.1,4.1,4.1,4.2,4.2,4.259328465857746,4.4,4.4,4.4,4.4,4.4,4.4,4.4,4.4,4.4,4.4,4.4,4.4,4.4,4.4,4.4,4.4,4.4,4.4,4.4,4.4,4.4,4.4,4.4,4.4,4.5,4.5,4.6,4.6,4.6,4.6,4.6,4.6,4.6,4.6,4.6,4.7,4.7,4.7,4.7,4.7,4.7,4.7,4.7,4.7,4.7,4.7,4.7030739068521825,4.8,4.8,4.8,5.0,5.0,5.051708942177257,5.1,5.1,5.1,5.1,5.1,5.1,5.1,5.1,5.1,5.1,5.2,5.2,5.2,5.2,5.2,5.2,5.2,5.3,5.3,5.348666772365334,5.4,5.4002692641843915,5.526303351929255,5.6,5.6,5.6,5.6,5.6,5.6,5.6,5.6,5.7,5.7,5.8,5.8,5.8,5.8,5.8,5.8,5.8,5.8,5.8,5.8,5.8,5.8,5.892054149709748,5.9,5.9,6.0,6.0,6.0,6.0,6.0,6.0,6.0,6.0,6.2,6.2,6.2,6.2,6.2,6.2,6.324205258435955,6.4,6.4,6.4,6.4,6.4,6.4,6.4,6.4,6.4,6.6,6.6,6.6,6.6,6.6,6.6,6.6,6.6,6.6,6.6,6.6,6.6,6.6,6.6,6.681376164502467,6.8,6.9,6.9,7.047944441110684,7.1,7.3,7.3,7.5,7.5,7.699273738951649,7.7,7.7,7.8,7.9,8.14354345818254,9.289364414780431,10.1
0.8994546650473747,1.1,1.1,1.1,1.1,1.1797923922871658,1.2,1.3,1.3,1.3,1.3928667015533227,1.5,1.5,1.5,1.5,1.5,1.5,1.5,1.5,1.5,1.6,1.6,1.6,1.6590090298190248,1.7,1.7,1.7,1.7,1.7,1.7,1.7,1.7,1.7,1.7,1.7,1.7,1.7,1.7,1.7,1.7,1.7,1.7,1.7,1.7,1.7,1.7,1.7,1.7,1.7,1.7938612343310383,1.8,1.8,1.8,1.8,1.8,1.8,1.8,1.8,1.8,1.8,1.8,1.8,1.8,1.8,1.8,1.8,1.9,1.9,1.9,1.9,1.9,1.9,1.9,1.9,1.9,1.9,1.9,1.9,1.9,1.9,1.9,1.9,1.9,1.925606498421527,2.0,2.0,2.0,2.0,2.0,2.0,2.0,2.0,2.0,2.0,2.0,2.0,2.0,2.076311592408004,2.1,2.1,2.1,2.1,2.1,2.1,2.1,2.1,2.1,2.1,2.1,2.1,2.1,2.2,2.2,2.2,2.2,2.2,2.2,2.2,2.200269264184391,2.3,2.3,2.3,2.3,2.3,2.3,2.3,2.3,2.3,2.3,2.397472376674125,2.4,2.4,2.4,2.4,2.4,2.4,2.4,2.4,2.4,2.4,2.4,2.4,2.4,2.4,2.4,2.4,2.4,2.4,2.4,2.4,2.4,2.4,2.4,2.4,2.4,2.4,2.4,2.4,2.4820773739873063,2.5242052584359556,2.7670798011073146,2.8,2.8,2.9,2.9,2.9,2.9,2.9,2.9,3.09121831144011,3.1,3.1,3.1,3.1,3.1,3.1,3.1,3.1,3.1,3.1,3.1,3.1,3.1,3.3,3.3,3.3,3.4,3.4,3.4,3.4,3.5,3.7,3.7,3.7,3.8,3.9,3.9,4.071362657173824,4.2,4.7,4.907089354384198
1.7,1.7,1.7,2.028637342826178,2.3,2.4,2.6863401290551234,2.8,2.9,2.9,3.0857334031066457,3.1,3.1,3.1,3.1,3.2,3.2,3.2,3.3,3.3,3.3,3.3,3.3966561113817306,3.4590090298190246,3.619852465712776,3.7,3.7,3.7,3.8,3.8,3.856801156119795,3.9,3.9,3.9,4.0,4.0,4.0,4.0,4.0,4.0,4.0,4.1,4.1,4.1,4.1,4.1,4.179445275352288,4.2,4.2,4.2,4.2,4.267234718804218,4.5,4.5,4.5,4.5,4.5,4.5,4.5,4.5,4.5,4.5,4.535730053136092,4.6,4.6,4.7,4.7,4.7,4.7,4.7,4.8,4.8,4.8,4.8,4.9,4.9,4.9,4.9,4.9,4.9,4.9,4.9,4.9,4.9,4.9,4.9,4.9,4.9,4.9,4.9,4.9,4.9,4.9,4.9,4.9,4.9,4.9,4.9,5.0,5.0,5.0,5.0,5.0,5.1,5.148291057822746,5.2,5.2,5.222338458626433,5.3,5.4,5.4,5.4,5.4,5.4,5.4,5.4,5.448666772365335,5.5,5.5,5.5,5.5,5.5,5.5,5.5,5.5,5.5,5.5,5.5,5.5,5.5,5.5,5.6,5.6,5.6,5.6,5.7,5.7,5.7,5.7,5.8,5.8,5.8,5.8,5.8,5.8,5.8,5.9,5.9,5.9,6.0,6.0,6.1,6.1,6.1,6.1,6.1,6.1,6.140671534142251,6.2,6.2,6.2,6.2,6.2,6.2,6.2,6.2,6.2,6.2,6.2,6.3,6.343198843880208,6.4,6.45054171839335,6.5,6.5,6.5207433944853905,6.6,6.640990970180973,6.8,6.8,6.8,6.8,6.8,6.8,6.813985489925437,6.9,6.9,6.9,7.1,7.1,7.3,7.7,7.997716733723399,8.1,8.5,8.860622823138511,10.1,10.1,10.503202804851856,12.8,12.804908014573677
1.697273325236873,1.7,1.7854855139391492,2.0,2.2,2.2797923922871655,2.3,2.3,2.3,2.4,2.4,2.4,2.4,2.4,2.4,2.4,2.5,2.6,2.6,2.6,2.6671097311820504,2.7,2.7,2.7,2.7,2.7,2.7,2.7,2.7494582816066524,2.8,2.8,2.8,2.8,2.8,2.8,2.80640601215474,2.9,2.9,2.9,3.1,3.1,3.1,3.1,3.1,3.1,3.1,3.1,3.1,3.2,3.2,3.2308259810188757,3.3,3.3,3.3,3.3,3.3,3.3,3.3,3.3,3.3,3.3,3.4,3.4,3.4,3.497323051621021,3.5,3.5,3.6,3.6,3.6,3.6,3.6,3.6,3.6,3.6,3.6,3.640819158515501,3.7,3.7,3.7,3.7,3.7,3.7,3.8,3.8,3.8,3.8,3.8,3.8,3.8,3.8,3.8,3.8,3.8,3.8,3.827072108449437,3.9,3.9,3.9,3.9,3.9,3.9,3.9,4.0,4.0,4.0,4.0,4.0,4.0,4.0,4.096926093147823,4.2,4.2,4.2,4.2,4.2,4.2,4.2,4.2,4.2,4.2,4.2,4.2,4.2,4.359180841484494,4.4,4.5,4.5,4.5,4.5,4.5,4.5,4.5,4.5,4.6,4.6,4.6,4.7,4.7,4.7,4.7,4.7,4.792054149709747,4.8,4.8,4.8,4.9,4.9,4.9,4.9,4.9,4.9,4.9,4.9,4.9,4.9,4.999964124280138,5.0,5.0,5.0,5.1,5.2,5.2,5.2,5.3,5.3,5.3,5.3,5.3,5.4,5.4,5.496291420219933,5.5,5.5,5.5,5.5,5.5,5.5,5.5,5.5,5.532890268817948,5.7,5.7,5.7,5.8,5.8,5.9,5.995888882221368,6.1,6.117525236657525,6.2,6.2,6.2,6.2,6.206829935472439,6.3,6.3,6.571362657173824,6.714514486060847,6.877872882956086,11.705998684478935
0.8,0.9442542340878284,1.1854855139391491,1.528637342826178,1.7,1.8,1.8,1.9,2.0,2.0,2.0,2.0,2.0,2.0,2.0,2.0,2.0860145100745635,2.1,2.1,2.1,2.1,2.1,2.1,2.1,2.1,2.1,2.1,2.1,2.1,2.1,2.1,2.108781688559887,2.2,2.2,2.2,2.2,2.2,2.2,2.2448272287370203,2.3,2.3,2.3,2.3,2.3,2.3,2.3,2.3,2.3,2.3,2.3,2.3,2.3,2.3,2.3,2.3,2.3,2.3,2.374963308883616,2.4,2.4,2.4,2.4,2.4,2.4,2.4,2.4,2.4,2.4,2.4,2.4,2.4,2.5,2.5,2.55857505126975,2.6,2.6,2.6,2.6,2.6,2.6,2.6,2.6736966480707367,2.7,2.7,2.7,2.7,2.7,2.7,2.7,2.7,2.7,2.7,2.7,2.7,2.7,2.7,2.7,2.7,2.7,2.7,2.7,2.7,2.7,2.7,2.7,2.7,2.7,2.7,2.7,2.7,2.7,2.7,2.8,2.8,2.8,2.8,2.8,2.8,2.8,2.8,2.8,2.8,2.8,2.8,2.8,2.8,2.8,2.8,2.8,2.897472376674125,2.9,2.9,2.9,2.9,2.9,2.9,2.9,2.933292681424257,3.0,3.0,3.0,3.0,3.0,3.0,3.1,3.1,3.1,3.1,3.1,3.1,3.1,3.1,3.1,3.1,3.1,3.1,3.1,3.140671534142251,3.2,3.2,3.2670798011073146,3.3,3.3,3.3004461397505906,3.5,3.5,3.6,3.6,3.6,3.6,3.6,3.6,3.6,3.6,3.6,3.6207433944853906,3.7,3.7,3.7,3.7,3.7,3.8,3.8,3.8,3.8,3.9,3.9,3.9,4.0,4.1,4.2,4.2,4.2,4.498910608427474,4.6,4.620207607712836,4.9,5.0,5.3,5.3,5.603817344668414
1.1,1.2442542340878282,1.4,1.5,1.5,1.8,1.8,1.9,1.9,1.9,1.9,1.9,1.9,1.9,2.0,2.0,2.0,2.059311917748766,2.1,2.1,2.1,2.1,2.2933122227634612,2.4,2.4,2.5,2.5,2.5,2.5,2.5,2.5,2.5,2.5,2.5,2.5,2.5,2.5,2.5,2.6,2.6,2.6,2.8,2.8,2.8,2.8,2.8,2.8,2.8,2.8,2.9,2.9,2.9,2.9,2.9,2.9,2.9,2.9,2.9,2.9,3.0,3.0,3.0,3.0,3.0,3.0,3.0,3.0,3.0,3.1,3.1,3.1,3.1,3.1,3.1,3.1,3.1,3.1,3.1,3.1,3.1,3.1,3.1,3.1,3.1,3.1,3.1,3.1,3.1,3.2,3.2,3.3,3.3,3.3,3.3,3.3,3.3,3.3,3.3,3.3,3.3,3.3,3.3,3.3,3.3,3.3,3.3,3.3,3.3,3.3,3.3,3.3,3.3,3.3,3.3,3.3,3.4,3.4,3.5,3.5,3.5,3.5,3.5,3.6,3.6,3.6,3.6,3.6,3.6,3.6,3.6,3.6,3.7,3.7,3.7,3.7,3.7,3.7,3.7,3.8,3.8,3.8,3.8,3.8,3.8,3.8,3.8,3.8,3.8,3.8,3.8,3.8,3.8,3.8,3.881809911496833,3.9,3.9,3.9,3.940671534142251,4.0,4.0,4.0,4.0,4.0,4.1,4.146576241885998,4.2,4.2,4.2,4.3,4.3,4.4,4.4,4.4,4.5,4.5,4.5,4.5801475342872315,4.6,4.7,4.8,4.832890268817948,5.0,5.069487052929304,5.1,5.2,5.2,5.2,5.2,5.2,5.2,5.5,5.800781437130729,6.1,6.399636869475825,6.7,6.821245646277021,7.341060866411857,7.7,7.8,7.8,8.621268063152593
0.7,0.7221271170439142,0.8,0.8,0.9,0.9,1.1,1.2,1.2,1.2,1.2,1.2,1.2,1.3,1.3,1.3104813919600964,1.4,1.4,1.4,1.4,1.4,1.4,1.5,1.5,1.5,1.5,1.5,1.5,1.5,1.50370857978007,1.6,1.6,1.6,1.6095758604413761,1.7,1.7,1.7,1.7,1.7,1.7,1.7,1.7,1.7,1.8,1.8,1.8,1.8,1.8,1.8,1.8,1.8,1.8,1.8,1.8,1.8,1.8,1.8,1.8,1.8,1.8,1.8,1.8,1.8,1.8,1.8,1.8,1.9,1.9,1.9,1.9,1.9,1.9,1.9,1.9,1.9,1.9,1.9,1.9677877762521887,2.0,2.0,2.0,2.0,2.0,2.0,2.0,2.0769201272425164,2.1,2.1,2.1,2.1,2.1,2.1,2.1,2.1,2.1,2.1,2.1,2.1,2.1,2.1,2.1,2.1,2.1,2.1,2.1,2.1,2.1,2.1,2.1,2.1,2.1,2.1,2.1,2.1,2.1,2.1,2.1,2.1,2.2,2.2263033519292548,2.3,2.3,2.4,2.4,2.4,2.4,2.4,2.4,2.4,2.4,2.4,2.4,2.4,2.5,2.5,2.5,2.5,2.5,2.6,2.6,2.7,2.7,2.792054149709747,2.8,2.8,2.8,2.8,2.8,2.8,2.8,2.9,2.9,2.9,2.9,2.9,2.9599324600475088,3.0,3.0,3.0,3.0,3.0,3.1,3.1,3.1,3.1,3.1,3.1,3.1,3.1,3.1,3.1,3.1,3.1,3.1,3.1,3.1,3.1,3.1,3.1,3.1,3.1,3.100516491222038,3.3,3.3,3.3,3.3,3.3,3.447944441110684,3.5312240387354508,3.6,3.7,3.7,3.7,3.7,3.7,3.7,3.741060866411857,3.8,3.987086916365081,5.155745765912172,5.2
2.4929106456158703,2.9,2.9,2.9,3.0,3.179792392287166,3.3,3.3,3.3,3.3,3.4,3.4,3.4,3.4,3.532554993692302,3.6,3.6,3.6,3.6,3.6,3.6671097311820504,3.7,3.7966561113817305,3.8,3.8,3.8,3.8,3.8,3.8,3.9,3.9,3.9,3.9,3.9095758604413757,4.0,4.0,4.0,4.1,4.1,4.1,4.1,4.2,4.3,4.4,4.4,4.4,4.4,4.4,4.4,4.4,4.4,4.4,4.403105111814836,4.5,4.5,4.5,4.5,4.5,4.6,4.6,4.6,4.6,4.6,4.6,4.6,4.6,4.6,4.6,4.61641652371272,4.7,4.8,5.1,5.1,5.1,5.1,5.1,5.1,5.1,5.1,5.3,5.3,5.3,5.3,5.3,5.351333227634661,5.4,5.4,5.427710849216121,5.5,5.5,5.5,5.6,5.6,5.6,5.6,5.6,5.7,5.7,5.8,5.8,5.8,5.8,5.8,5.8,5.8,5.8,5.8,5.8,5.8,5.8,5.896926093147823,5.9,5.9,5.9,5.9,5.9,5.9,5.9,5.9,5.9,5.9,5.9,5.9,5.9,5.9,5.9,5.9,5.9,5.9,5.9,5.9,5.9,5.9,5.9,5.9,5.9,5.9,5.9,5.9,5.9,5.9,5.9,5.9,5.9,5.9,5.9,5.9,6.1,6.196894888185165,6.232765281195782,6.3,6.3,6.3,6.3,6.3,6.3,6.3,6.3,6.3,6.3,6.3,6.3,6.3,6.3,6.3,6.3,6.4,6.4,6.4,6.4,6.4,6.4,6.4,6.4,6.4,6.4,6.4,6.4,6.4,6.4,6.4,6.4,6.4,6.4,6.4,6.4,6.4,6.4,6.4,6.4,6.5,6.5,6.5,6.6,6.7,6.7,6.7,6.9,7.0,7.533618648868258,7.726176077726268
1.1978186601894985,1.4885084681756566,2.0854855139391493,2.5,2.6768174007644148,2.8797923922871655,2.9,2.9,3.0,3.0,3.1,3.3,3.3,3.3,3.3,3.3,3.3,3.3,3.4,3.4,3.4671097311820502,3.6,3.6,3.6,3.6,3.6,3.6,3.6,3.6,3.6,3.6,3.6,3.6,3.6,3.6,3.7,3.7,3.7,3.7,3.789273309875608,3.8,3.8,3.8,3.8,3.8,3.8,3.8,3.8,3.8,3.8,3.830825981018876,3.9,3.9,3.9,3.9,3.9,3.9,3.9,3.9,3.9,3.9,3.9,3.935730053136092,4.0,4.0,4.0,4.057519604410663,4.1,4.1,4.1,4.2,4.202527623325866,4.3,4.3,4.4,4.4,4.4,4.4,4.4,4.4,4.4,4.4,4.4,4.4,4.4,4.4,4.5,4.5,4.5,4.5,4.6,4.6,4.6,4.6,4.6,4.6,4.6,4.6,4.6,4.625448577810746,4.7,4.77455142218925,5.0,5.1,5.1,5.1,5.1,5.1,5.1,5.1,5.1,5.1,5.1,5.244578301567754,5.3,5.3,5.3,5.3,5.3,5.3,5.3,5.3,5.4,5.432212223747814,5.5,5.5,5.6,5.6,5.6,5.6,5.7,5.7,5.7,5.8,5.8,5.8,5.8,5.8,5.8,5.8,5.9,5.9,5.9,5.9,5.9,5.9,5.9,5.9,5.9,5.9,5.9,5.9,5.9,5.9,5.9,5.9,5.9,5.9,5.9,5.9,5.9,5.9,5.9,5.9,5.9,5.9,5.9,5.9,5.9,5.9,5.9,5.9,5.9,5.9,5.9,6.0207433944853905,6.2,6.240990970180974,6.3,6.3,6.3,6.3,6.3,6.3406880822512335,6.4,6.4,6.4,6.4,6.4,6.4,6.4,6.4,6.4,6.4,6.4,6.5,6.5,6.5,6.7,6.8557457659121726,7.6
0.7,0.8,0.9,1.3,1.3,1.3,1.3,1.3,1.3,1.3996092814346326,1.4,1.4,1.4,1.4,1.4,1.4104813919600963,1.5,1.5,1.5,1.5,1.5,1.5,1.5,1.6,1.6,1.6,1.7,1.7,1.7,1.7,1.7,1.7,1.7,1.7,1.7,1.7,1.7,1.7,1.8448272287370202,1.9,2.0,2.1,2.1,2.1,2.1,2.1,2.1,2.1,2.1,2.1,2.2,2.2,2.2,2.2,2.2,2.2,2.2,2.2,2.2,2.2404999223586857,2.3,2.3,2.3,2.3,2.3,2.3,2.3,2.3,2.3164165237127206,2.4,2.4,2.4,2.4,2.4,2.4,2.4,2.4,2.4,2.4,2.4,2.4,2.4,2.4,2.4,2.4,2.4,2.4,2.4,2.5,2.5,2.5,2.5,2.5,2.5,2.5,2.5,2.5,2.5,2.5,2.5,2.5,2.5,2.5991113784562687,2.6,2.7,2.7,2.7,2.7,2.7,2.7,2.7,2.7,2.7,2.7,2.7,2.7,2.7,2.7,2.7,2.7,2.7,2.7,2.7,2.7,2.7,2.7,2.7,2.7,2.7,2.7,2.7,2.7,2.7,2.7,2.7,2.7,2.7,2.7,2.7,2.7,2.7,2.7,2.7,2.7,2.7,2.7,2.7,2.761545727139935,2.8,2.8,2.8,2.8,2.8,2.8,2.8,2.8,2.8,2.8,2.8,2.8,2.8,2.8,2.8,2.8,2.8,2.8,2.8,2.8,2.8,2.8,2.8,2.8,2.8,2.8,2.8,2.8,2.8,2.8,2.8,2.8,2.8,2.8,2.8,2.8,2.8,2.8,2.8,3.0,3.0,3.2,3.3,3.3,3.3,3.4,3.5,3.5,3.7,3.8,3.9290289721216936,4.255745765912172,4.507089354384197
2.4972733252368733,3.0,3.1854855139391494,3.2,3.4,3.4,3.5931700645275617,3.7,3.8045665325531925,4.0,4.0,4.2,4.268775961264544,4.4,4.4,4.5,4.586014510074563,4.659311917748766,4.7,4.8,4.9,4.9,4.99665611138173,5.0,5.1,5.2,5.2,5.2,5.249458281606652,5.3,5.4,5.4,5.5,5.5,5.5,5.6,5.6,5.6,5.6,5.6,5.6,5.6,5.6,5.659328465857746,5.7,5.7,5.779445275352288,5.8,5.8,5.8,5.8,5.8,5.8,5.8,5.8,5.8,5.84153788703216,5.9,5.9,5.9,5.9,5.9,5.9,6.0,6.0,6.0,6.1,6.1,6.11641652371272,6.2,6.2,6.2,6.2,6.2,6.2,6.2,6.2,6.2,6.2,6.2,6.2,6.2,6.2,6.2,6.2,6.2,6.2,6.2,6.2,6.2,6.2,6.2,6.2,6.277661541373567,6.3,6.3,6.3,6.3,6.4,6.4,6.4,6.4,6.4,6.5,6.5,6.5,6.6,6.6,6.6,6.6,6.6,6.6,6.6,6.6,6.6,6.6,6.6,6.6,6.6,6.7,6.752505150770389,6.8,6.8,6.8,6.859180841484494,6.9,6.9,6.9,6.9,6.9,6.9,6.9,6.9,6.9,6.9,6.9,6.9,6.9,6.9,6.9,6.9,6.9,6.9,6.9,6.9,6.9,6.9,6.9,6.9,6.9,6.9,6.9,6.9,6.9,6.9,6.9,6.9,6.9,6.9,6.9484105168719115,7.1,7.1,7.1,7.1,7.1,7.1,7.1,7.1,7.1,7.1,7.1,7.1,7.1,7.111996912131155,7.3,7.4,7.5,7.5,7.5,7.5,7.6,7.7,7.7,7.7,7.7,7.7,7.9,8.147944441110683,8.4,8.5,8.6,8.6,8.6,8.7,8.9,8.9,9.1,9.4,10.329028972121694,11.7,12.516360048578917
2.597818660189499,3.0,3.1,3.3,3.3,3.4,3.6,3.7,3.8022832662765964,3.9,3.9,4.0,4.0,4.0,4.132554993692302,4.310481391960097,4.4,4.5,4.530512947070702,4.7,4.7,4.8,4.9,5.1,5.119852465712776,5.2,5.2,5.3,5.3,5.4,5.456801156119795,5.5,5.6,5.6,5.6,5.6,5.6,5.699553860249409,5.74482722873702,5.8,5.8,5.8,5.8,5.8,5.8,5.8,5.8,5.8,5.8,5.8,5.8,5.8,5.8,5.8,5.8,5.8,5.8,5.8,5.8,5.8,5.8,5.8,5.8,5.8,5.8,5.8,5.8,5.8,5.8,5.8,5.8,5.8,5.8,5.8,5.8862229635458165,5.9,5.9,6.0,6.0,6.0,6.0,6.1,6.199730735815604,6.2,6.2,6.2,6.2,6.2,6.2,6.2,6.2,6.2,6.2,6.2,6.2,6.2,6.2,6.276311592408004,6.3,6.3,6.3,6.3,6.3,6.4,6.4,6.4,6.4,6.4,6.4,6.5,6.5,6.6,6.6,6.6,6.6,6.6,6.6,6.6,6.6,6.6,6.6,6.6,6.6,6.6,6.6,6.6,6.7,6.7,6.769319877160609,6.8,6.8,6.9,6.9,6.9,6.9,6.9,6.9,6.9,6.9,6.9,6.9,6.9,6.9,6.9,6.9,6.9,6.9,6.9,6.9,6.9,6.9,6.9,6.9,6.9,6.9,6.9,6.9,7.040671534142251,7.1,7.1,7.1,7.1,7.1,7.1,7.1,7.1,7.183063754550357,7.3,7.340306890980156,7.4,7.4,7.4,7.45054171839335,7.5,7.5,7.5,7.5,7.5,7.5,7.5,7.6,7.6,7.7,7.7,7.7,7.7,7.7,7.7,7.8,7.917525236657525,8.1,8.2,8.395433467446798,8.5,8.6,8.820207607712838,8.9,9.1,9.14354345818254,10.611491531824344,12.5
1.697273325236873,1.9,1.9854855139391492,2.228637342826178,2.3589391335881382,2.5,2.5931700645275617,2.700363130524173,2.8,2.8,2.8,2.882474763342478,2.9,2.9,2.9,3.0,3.0,3.1,3.1,3.1,3.1671097311820504,3.2,3.2,3.2,3.2,3.3,3.3,3.3,3.3,3.3,3.3,3.4,3.4,3.5,3.5,3.5,3.5,3.5995538602494093,3.6,3.6,3.7,3.7,3.7,3.7,3.7,3.7,3.7,3.7,3.7,3.8,3.8,3.9,3.903105111814835,4.0,4.0,4.0,4.0,4.0,4.0,4.0,4.0,4.0,4.0,4.0,4.0,4.127589739189688,4.2,4.487124620470953,4.516416523712721,4.645406826037424,4.7,4.7,4.7,4.8,4.8,4.91363425266969,5.0,5.0,5.1,5.2,5.2,5.2,5.2,5.2,5.3,5.3,5.4,5.427710849216121,5.5,5.5,5.6,5.6,5.6,5.677661541373567,5.702392509879161,5.8,5.8,5.8,5.8,5.8,5.8,5.8,5.8,5.8,5.8,5.8,5.8,5.8,5.8,5.8,5.8,5.8,5.8,5.8,5.8,5.8,5.8,5.8,5.8,5.8,5.8,5.8,5.8,5.8,5.8,5.8,5.8,5.9,5.9,6.0,6.0,6.0,6.0,6.1,6.1,6.1,6.102676948378985,6.2,6.2,6.2,6.2,6.2,6.2,6.2,6.2,6.2,6.2,6.2,6.2,6.2,6.3,6.3,6.3,6.4,6.4,6.4,6.499964124280138,6.5,6.582077373987306,6.6,6.6,6.6,6.6,6.7,6.7,6.793593987845253,6.8,6.890424139558622,6.9,6.9,6.9,6.9,6.9,6.9,6.9,6.9,6.9,6.9,6.9,7.034565143171471,7.1,7.1,7.1,7.1,7.3,7.3,7.367445006307697,7.4,7.4,7.5,7.5,7.5,7.5,7.699636869475825,7.8,7.8,7.8,8.1,8.64354345818254,9.055745765912173,10.70981602914735
1.3967279902842478,1.4,1.6854855139391491,2.0,2.0,2.0797923922871657,2.1,2.1,2.2022832662765968,2.3,2.3,2.3,2.3,2.3520555588893193,2.432554993692302,2.5,2.5,2.5,2.5,2.5,2.5,2.5,2.5,2.6,2.6,2.6,2.7,2.7,2.7494582816066524,2.8,2.8,2.8,2.8,2.8,2.8,2.8,2.8,2.9,2.9,2.9,2.9,2.9,2.9,2.9,2.9,2.9,2.9,2.9,2.9,2.9,2.9,2.9,2.9,2.9,2.9,3.0,3.0,3.0,3.0,3.0,3.0,3.0,3.1,3.1,3.1,3.1,3.1,3.1,3.1,3.1,3.1,3.1,3.1,3.1,3.1862229635458164,3.2,3.2,3.2,3.2,3.2,3.2,3.2,3.2,3.225606498421527,3.3,3.3,3.3,3.3,3.3,3.3,3.3,3.3,3.3,3.3,3.3,3.3,3.3,3.3,3.3,3.3,3.3,3.3,3.3,3.3,3.3,3.3,3.3,3.3,3.3,3.3,3.3,3.4,3.4,3.4,3.4,3.4,3.4,3.4,3.4,3.4,3.4,3.4,3.4,3.4,3.4591808414844936,3.5,3.5,3.6,3.6,3.6,3.6,3.6,3.6,3.6,3.7,3.7,3.7,3.7,3.7,3.7,3.7,3.8,3.8,3.8,3.8,3.8,3.8,3.8,3.8,3.8,3.8,3.8,3.8,3.8,3.8,3.8,3.8,3.8,3.8,3.8,3.8670798011073146,3.9,3.9,3.9,3.9,3.9,3.9415318772751786,4.0,4.0,4.0,4.0,4.0962914202199325,4.1,4.2,4.2,4.32074339448539,4.4,4.4,4.4,4.4,4.4,4.5,4.5,4.5,4.5,4.589518608039906,4.6,4.7,4.8,5.0,5.0,5.1,5.1,5.2,5.3,5.6,5.7,5.8,5.814514486060847,5.9,7.7065440194315675
0.8,0.8,0.8,0.9,0.9,0.9,0.9,0.9,0.9,0.9,0.9,0.9,0.9,0.9,0.9,0.9,0.9,0.9,0.9,0.9,0.9,0.9,0.9,0.9,0.9,0.9,0.9745725442871418,1.1,1.1,1.1,1.1,1.2,1.2,1.2,1.2,1.2,1.2,1.2,1.2,1.2,1.2,1.2,1.4,1.4,1.4,1.4400675399524985,1.5,1.5,1.5,1.5,1.5,1.5,1.5,1.5,1.5,1.5,1.5,1.6,1.6,1.6404999223586856,1.7,1.7,1.7,1.7,1.7,1.7,1.7,1.7,1.7,1.7,1.7,1.7,1.7,1.7,1.7,1.8,1.8,1.8,1.8,1.8,1.8,1.8,1.9,1.9,1.9,1.9,1.9,1.9,1.9,1.9,1.9,1.9,1.9,1.977661541373567,2.0,2.0,2.0,2.0,2.0,2.0,2.0,2.0,2.0,2.1,2.1,2.1,2.1,2.1,2.1,2.1,2.1,2.2,2.2,2.2,2.2976236808611414,2.3,2.3,2.3,2.3,2.3,2.3,2.3,2.3,2.3,2.3,2.3,2.4,2.4,2.4,2.4,2.4,2.4,2.4,2.4,2.4,2.4,2.4,2.4,2.4,2.4,2.4,2.4,2.4920541497097473,2.6,2.6,2.6,2.6,2.6,2.6,2.6,2.66917401898113,2.7061387656689533,2.8,2.8,2.8,2.8,2.8,2.8,2.8,2.9,2.9,2.9,2.955172771262977,3.0,3.0,3.0,3.0,3.0,3.0,3.0,3.0,3.0,3.0,3.1,3.1,3.1,3.1,3.1,3.1,3.167282571585736,3.3,3.3,3.3,3.3,3.3,3.3,3.3,3.5,3.7,3.7175252366575253,3.8,3.8,3.8977167337233993,3.9,3.9,4.020207607712837,4.1,4.1,4.214514486060847,5.511491531824345,5.802726674763153
1.9967279902842479,2.444254234087828,2.8,2.9,2.9,3.0,3.0,3.1,3.1,3.1996092814346326,3.2,3.2,3.3,3.3,3.5,3.5104813919600963,3.6,3.659311917748766,3.7,3.7,3.7,3.7,3.7966561113817305,3.9,3.9,3.9,3.9,3.9,4.0,4.0,4.0,4.0,4.0,4.009575860441376,4.258468122724821,4.306406012154739,4.5,4.5,4.5,4.5,4.6,4.675794741564042,4.7,4.8,4.900035875719856,5.0,5.0,5.2,5.2,5.2,5.2,5.2,5.2,5.2,5.2,5.2,5.2,5.2,5.3,5.3,5.3,5.3,5.4,5.466707318575743,5.5,5.5,5.5,5.5,5.6,5.6,5.6,5.6,5.6,5.6,5.6,5.6,5.6,5.7,5.8,5.9211158526678025,6.0,6.1,6.1,6.2,6.4,6.4,6.4,6.4,6.4,6.4,6.4,6.428010926291106,6.5,6.5,6.5,6.5,6.5,6.5,6.5,6.5,6.5,6.5,6.5,6.5,6.5,6.5,6.5,6.6,6.6,6.6,6.6,6.6,6.6,6.6,6.6,6.6,6.6,6.6,6.6,6.7,6.7,6.7,6.7,6.7,6.7,6.7,6.7,6.741424948730241,6.8,6.9,6.9,6.9,6.9,7.012875379529044,7.1,7.1,7.1,7.1,7.1,7.1,7.3,7.3,7.3,7.3,7.3,7.3,7.5,7.661545727139935,7.7,7.7,7.7,7.7,7.7,7.8,7.8,7.8,7.8,7.8,7.8,7.9,7.9,8.0,8.210345542525955,8.3,8.3,8.5,8.5,8.5,8.5,8.5,8.5,8.5,8.6,8.6,8.6,8.6,8.680147534287231,8.740990970180974,8.8,8.9,8.9,8.9,8.9,8.981376164502468,9.613985489925437,9.7,9.7,9.7,9.7,9.7,9.7,9.7,9.7,10.29927373895165,10.5,10.5,10.5,10.5,10.5,10.5,11.704362679621044
1.4,1.922127117043914,2.0,2.0,2.2,2.5595847845743314,2.8,2.8003631305241727,2.9,2.9,3.0,3.0,3.1687759612645445,3.2,3.2,3.2,3.2,3.2,3.2,3.2,3.2,3.2,3.2,3.2,3.2198524657127763,3.3,3.3,3.5,3.5494582816066527,3.6,3.7,3.7,3.7,3.7,3.7,3.80640601215474,3.9,3.9,3.9,3.9,3.9,3.9,3.9,3.9,4.0,4.0,4.0,4.0,4.0,4.0,4.0,4.0,4.0,4.0,4.0,4.0,4.0415378870321605,4.174963308883616,4.2,4.3,4.37263956962276,4.5,4.5,4.5,4.5,4.5,4.5,4.587124620470953,4.61641652371272,4.8,4.8,4.8,4.8,4.8,4.8,4.9,4.9,5.0,5.0,5.0,5.14749484922961,5.2,5.2,5.2,5.2,5.2,5.2,5.2,5.2,5.2,5.2,5.3,5.352870569242149,5.5,5.5,5.5,5.5,5.5,5.6,5.6,5.6,5.6,5.6,5.6,5.6,5.6,5.6,5.8,5.8,5.8,5.8,6.0,6.04706730690055,6.1,6.1,6.1,6.2,6.27439350157847,6.4,6.4,6.4,6.4,6.4,6.432212223747814,6.5,6.5,6.5,6.5,6.5,6.5,6.5,6.5,6.5,6.5,6.542480395589342,6.6,6.6,6.6,6.6,6.6,6.6,6.6,6.6,6.7,6.7,6.7,6.7,6.7,6.7,6.7,6.7,6.8,6.9,7.1,7.1,7.3,7.3,7.3,7.3,7.3,7.3,7.3,7.3,7.300446139750591,7.546576241885998,7.7,7.7,7.7,7.7,7.7,7.743198843880208,7.8,7.8,7.8,7.8,7.8,7.8,7.8,7.8,7.8,7.865780537635897,8.1,8.169487052929304,8.381376164502468,8.5,8.5,8.5,8.5,8.6,8.6,8.8,8.9,8.9,8.9,9.7,9.7,9.7,10.385450628695299,10.5,10.5,11.7
0.7994546650473747,1.1,1.2,1.4,1.4,1.4,1.5,1.6,1.7,1.7,1.7,1.8,1.8,1.8,1.9,2.0,2.0,2.0,2.0,2.0,2.0,2.0,2.0,2.0,2.0,2.0,2.0,2.0,2.0,2.0,2.0,2.0,2.0,2.0,2.1,2.10640601215474,2.2,2.299553860249409,2.4,2.4,2.4329201988926883,2.5,2.6,2.6,2.7,2.7,2.7,2.7,2.7,2.793861234331038,2.8,2.8,2.8,2.8,2.8,2.8,2.8415378870321604,2.9,2.9079458502902527,3.0,3.0,3.0,3.035730053136092,3.1,3.1,3.1,3.1,3.2,3.2,3.2,3.2,3.2,3.2,3.2,3.2,3.2,3.2,3.2,3.2,3.2,3.2,3.2,3.2,3.2,3.2,3.2,3.2,3.2,3.2,3.2,3.2,3.2,3.2,3.2,3.2,3.2,3.251708942177257,3.3,3.4,3.5,3.5,3.5,3.5,3.5,3.6,3.6729278915505748,3.7,3.7,3.7,3.8719890737088916,3.9,3.9,3.9,3.9,3.9,4.0,4.0,4.0,4.0,4.0,4.0,4.0,4.005449935582613,4.132212223747814,4.2,4.2,4.327554072908356,4.5,4.5,4.797472376674125,4.8,4.8,4.8,4.8,4.8,4.8,4.9,4.933292681424257,5.0,5.2,5.2,5.2,5.2,5.2,5.2,5.2,5.2,5.2,5.2,5.2,5.2,5.2,5.2,5.2,5.2,5.2,5.2,5.2,5.282077373987306,5.4,5.5,5.5,5.5,5.5,5.6,5.6,5.683063754550357,5.8,5.8,5.8,5.9,6.1,6.1,6.1,6.1,6.2,6.2,6.240990970180974,6.4,6.4,6.5,6.7,6.7,6.7,6.7,6.789518608039907,6.9,6.995888882221368,7.162448077470901,7.3,7.3,7.3,7.397716733723399,7.5,7.706829935472439,7.8,7.8,8.0,8.072572430304234,8.755745765912172,9.705453349526305
1.4,1.7663813511317425,2.0,2.2,2.2,2.2,2.5,2.6,2.6,2.6,2.7,2.8,2.8,2.8,2.8,2.8,2.8,2.8,2.8,2.9,2.9671097311820502,3.1,3.196656111381731,3.2,3.2,3.3,3.3,3.3,3.3,3.3,3.3,3.3,3.4,3.5,3.5,3.5,3.5,3.5,3.5,3.5,3.5,3.5,3.5,3.5,3.5,3.5,3.5,3.5,3.5,3.5,3.6,3.6,3.7,3.7,3.7,3.7,3.7,3.7,3.7,3.7,3.7,3.7,3.7,3.7,3.7,3.7,3.7,3.7,3.7,3.7,3.7,3.7,3.7,3.7,3.7862229635458164,3.8,3.840819158515501,3.9,3.9,4.0,4.0,4.0,4.0,4.0,4.0,4.0,4.0,4.0,4.0,4.0,4.0,4.0,4.0,4.0,4.0,4.0,4.0,4.0,4.0,4.0,4.0,4.0,4.0,4.0,4.0,4.0,4.0,4.0,4.0,4.1,4.1,4.1,4.1,4.1,4.197623680861142,4.2,4.2,4.2,4.2,4.2,4.2,4.2,4.2,4.2,4.2,4.5,4.5,4.5,4.569319877160609,4.697472376674125,4.7,4.7,4.7,4.8,4.8,4.8,4.9,4.9,4.9,4.9,4.9,5.059500077641303,5.192054149709747,5.2,5.2,5.2,5.2,5.2,5.2,5.2,5.2,5.2,5.2,5.2,5.2,5.2,5.2,5.5,5.5,5.5,5.5,5.5,5.5,5.6,5.8,5.893593987845254,5.941531877275179,6.0,6.0,6.0,6.0,6.0,6.0,6.1,6.1,6.1,6.1,6.1,6.1,6.1,6.2,6.2,6.2,6.2,6.2,6.2,6.2,6.2,6.3,6.317525236657525,6.407133298446678,6.500390718565365,6.6,6.699636869475825,6.806829935472439,6.9,7.1,7.1,7.6,7.777872882956086,8.521813398105223
1.4,1.7,2.0,2.2,2.2,2.2,2.386340129055123,2.6,2.6,2.6,2.692866701553323,2.782474763342478,2.8,2.8,2.8,2.8,2.8,2.8,2.8,2.8997417543889865,2.9671097311820502,3.1,3.1,3.1,3.1,3.1,3.2,3.2,3.2,3.3,3.3,3.3,3.3,3.3,3.4,3.5,3.5,3.5,3.5,3.5,3.5,3.5,3.5,3.5,3.5,3.5,3.5,3.5,3.5,3.5,3.5,3.5,3.5,3.5,3.5,3.5,3.5,3.5,3.5,3.5,3.6,3.7,3.7,3.7,3.7,3.7,3.7,3.7,3.7,3.7,3.7,3.7,3.7,3.7,3.7,3.7,3.7,3.7,3.7945500644173844,3.8,3.9,3.9,3.9,3.925606498421527,4.0,4.0,4.0,4.0,4.0,4.0,4.0,4.0,4.0,4.0,4.0,4.0,4.0,4.0,4.0,4.0,4.0,4.0,4.0,4.0,4.0,4.0,4.0,4.0,4.0,4.0,4.0,4.0,4.0,4.0,4.0,4.0,4.1,4.1,4.1,4.1,4.1,4.2,4.2,4.2,4.2,4.2,4.2,4.2,4.2,4.2,4.351786346661378,4.5,4.5,4.5,4.5,4.6,4.7,4.7,4.7,4.795621510063716,4.8,4.8,4.8,4.8,4.8,4.9,4.9,4.9,4.9,4.9,4.9,4.9061387656689535,5.143677771674339,5.2,5.2,5.2,5.2,5.2,5.2,5.2,5.2,5.321453380248795,5.5,5.5,5.5,5.5,5.5,5.590424139558621,5.6,5.78243662288022,5.9,5.996291420219933,6.0,6.0,6.0,6.0,6.0,6.040990970180974,6.1,6.1,6.1,6.1,6.1,6.2,6.2,6.2,6.2,6.2,6.2,6.2,6.3,6.4,6.497716733723399,6.5,6.6,6.8,6.9,7.1,7.1,7.6,8.024540072868376
0.8,1.1,1.1,1.2,1.2,1.2,1.2,1.3,1.3,1.3,1.3,1.3,1.3,1.3,1.4,1.4,1.4,1.4,1.5305129470707024,1.6,1.6,1.6,1.6,1.6,1.7,1.7,1.7,1.7,1.7,1.7,1.7,1.7,1.7,1.7,1.7,1.7,1.7,1.7,1.7,1.7,1.7,1.7,1.7,1.7,1.7,1.7,1.7,1.7181900885031638,1.8,1.8,1.8,1.8,1.8,1.8,1.8,1.8,1.8,1.8,1.8,1.8,1.8,1.8,1.8,1.8,1.8,1.8,1.8,1.8,1.8,1.9,1.9,1.9,1.9,1.9,1.9,1.9,1.9,1.9,1.9,1.9,1.9,1.9,1.9,1.9,2.0,2.0,2.0,2.0,2.0,2.0,2.0,2.0,2.0,2.0,2.0,2.0,2.0,2.0,2.0,2.0,2.0,2.0,2.0,2.0236884075919988,2.1,2.1,2.1,2.1,2.1,2.1,2.1,2.1,2.1,2.1,2.1,2.1,2.1,2.1,2.1,2.1,2.1,2.1,2.2,2.2,2.3,2.3,2.3,2.3,2.3,2.4,2.4,2.4,2.4,2.4,2.4,2.4,2.4,2.4,2.4,2.4,2.5,2.5,2.5,2.5,2.5,2.5,2.5,2.5,2.596894888185165,2.6,2.6,2.6,2.6,2.6,2.6,2.6,2.6,2.6,2.6,2.6242052584359556,2.8,2.8,2.8,2.8,2.8,2.8,2.8,2.890424139558621,2.9,2.9,2.9,2.9,2.9,2.9,2.9,2.9,3.0,3.0,3.1,3.1,3.1,3.101032982444076,3.5,3.5,3.5,3.5,3.5,3.5,3.5,3.517525236657525,3.7,3.7,3.7,3.7,3.7,3.7,3.7,3.9,3.9145144860608467,4.077872882956086,4.702726674763153
1.3983639951421238,1.9442542340878284,2.3,2.4,2.5,2.6,2.6,2.8,2.8,2.8,2.8,2.8,2.8,2.9,3.0,3.0,3.0,3.0,3.0,3.0,3.1,3.1,3.1,3.2,3.2,3.2,3.237286272143571,3.3,3.3,3.4,3.4,3.4,3.5,3.5,3.6,3.6,3.6,3.6,3.6,3.6,3.6,3.6,3.6,3.6,3.6,3.6,3.6,3.718190088503164,3.8,3.8,3.830825981018876,3.9,4.0,4.0,4.0,4.0,4.1,4.1,4.1,4.1,4.1,4.1,4.2,4.3,4.397323051621021,4.4,4.4,4.4,4.4,4.4,4.4,4.402527623325867,4.5,4.5,4.5,4.6,4.6,4.6,4.6,4.6,4.6,4.673696648070736,4.7,4.825606498421527,5.0,5.0,5.0,5.02771084921612,5.1,5.1,5.1,5.1,5.1,5.1,5.1,5.1,5.1,5.1,5.1,5.1,5.1,5.2,5.2,5.3,5.3,5.3,5.3,5.3,5.3,5.3,5.3,5.3,5.3,5.372289150783877,5.4,5.4,5.4,5.4,5.4,5.4,5.4,5.4,5.4,5.5,5.5,5.6,5.613777036454177,5.7,5.7,5.7,5.7,5.754593173962581,5.8,5.8,5.8,5.8,5.9,5.9,5.9,5.9,5.9,5.9,5.992054149709747,6.0,6.058462112967839,6.1,6.1,6.1,6.1,6.1,6.1,6.2,6.2,6.2818099114968335,6.3,6.3,6.3,6.4,6.4,6.4,6.4,6.4,6.4,6.4,6.4,6.5,6.5,6.5,6.6,6.7,6.7,6.7,6.7,6.7,6.7,6.7,6.7,6.7,6.7,6.7,6.8,7.0,7.0,7.0,7.6,7.6,7.6,7.6,7.6,7.6,7.6,7.6,7.6,7.6,7.6,7.6,7.841060866411857,7.9,7.9,7.9,8.803817344668415
0.9,1.1,1.1,1.2,1.4,1.4,1.4,1.4,1.4,1.5992185628692654,1.7,1.8,1.8687759612645443,2.1,2.1,2.2,2.2,2.2,2.3,2.3,2.3,2.4,2.4,2.4,2.4,2.4,2.4,2.4,2.4,2.4,2.4,2.4,2.4,2.4,2.4584681227248213,2.5,2.5,2.5,2.5,2.5,2.5,2.5,2.517922626012691,2.6,2.6,2.6,2.6,2.6,2.6,2.6,2.6,2.6,2.6,2.6384542728600624,2.7732987958385675,2.8,2.8,2.8,2.8,2.8,2.8,2.8,2.8,2.8,2.8,2.8,2.8,2.8,2.8,2.8,2.8,2.8,2.8,2.8,2.9,3.0,3.0,3.0,3.0,3.0,3.0,3.0,3.0,3.0,3.0,3.0,3.0,3.0,3.0,3.0,3.0,3.1,3.1,3.1,3.2,3.2,3.2,3.2,3.2,3.3,3.3,3.3,3.3991113784562685,3.4,3.448291057822746,3.5,3.5,3.5,3.5471294307578547,3.6,3.6,3.6,3.6,3.6,3.6,3.6,3.6,3.6,3.6002692641843907,3.7263033519292548,3.8,3.8,3.8,3.8,3.9,3.9,3.9,3.9,3.9,3.9,4.0,4.0,4.1,4.1,4.1,4.1,4.1,4.1,4.1,4.1,4.1,4.1,4.1,4.1,4.1,4.3,4.3,4.3,4.396894888185165,4.4,4.4,4.4,4.4,4.4,4.4,4.4,4.4,4.4,4.4,4.424205258435956,4.5,4.5,4.5,4.5,4.6,4.6,4.6,4.6,4.7,4.98243662288022,5.043198843880208,5.1,5.1,5.1,5.1,5.1,5.1,5.1,5.1,5.1,5.232890268817949,5.3,5.3,5.3,5.427970979850875,5.7,5.7,5.8,5.8,5.8,5.8,5.9,5.9,5.999636869475824,6.406829935472439,6.5,6.6410608664118564,6.7,6.830630374547622,7.6,8.604908014573676
0.5978186601894985,0.7221271170439142,0.8,0.828637342826178,0.9,1.1,1.1931700645275616,1.3,1.3,1.4,1.4,1.4,1.4,1.4,1.4,1.4,1.4860145100745634,1.5,1.6,1.6,1.6,1.7,1.7,1.7,1.7,1.7,1.7,1.7940015439344208,1.8,1.90370857978007,2.0,2.008781688559887,2.1,2.1,2.1,2.1,2.1,2.2,2.2,2.2,2.2,2.2,2.2,2.2,2.2,2.2,2.2,2.2,2.2,2.2,2.2,2.2,2.2031051118148355,2.3,2.3732987958385676,2.4,2.4,2.4,2.4,2.4,2.4,2.4,2.4,2.4,2.4,2.4,2.4,2.4,2.4,2.4,2.4,2.4,2.4,2.4,2.5,2.5,2.5,2.5,2.5,2.5,2.5,2.5,2.5,2.5,2.55133322763466,2.6,2.7,2.7,2.7,2.7,2.7,2.7,2.7,2.7,2.7,2.7,2.7,2.7,2.7,2.7,2.7,2.7,2.7,2.7,2.748291057822746,2.8,2.8,2.8,2.8,2.8,2.8,2.8,2.8,2.8,2.8,2.8,2.9,3.0,3.0,3.0,3.0,3.0,3.0,3.0,3.0,3.0,3.0,3.1,3.2,3.2,3.3,3.3,3.3,3.3,3.3,3.3,3.3,3.4,3.4,3.4,3.5,3.5,3.5,3.5,3.5,3.5,3.5,3.5,3.5,3.5,3.5,3.6,3.6,3.6,3.6205547246477123,3.7,3.8,3.8,3.8,3.8,3.8,3.9,3.9,4.1,4.1,4.1,4.1,4.1,4.1,4.1,4.1,4.1,4.1,4.1,4.1,4.220743394485391,4.3,4.3409909701809735,4.4,4.4,4.4,4.4,4.4694870529293045,4.5,4.5,4.5,4.5,4.5,4.5,4.83505047331505,5.007133298446678,5.1,5.1,5.1,5.3,5.460622823138511,5.741060866411857,5.8,6.158057944243387,6.7,8.604908014573676
2.8994546650473745,3.1,3.3,3.3286373428261777,3.4,3.5595847845743314,3.7,3.8003631305241727,3.9,3.9,3.992866701553323,4.0,4.268775961264544,4.3,4.4,4.4,4.4,4.4,4.430512947070702,4.5,4.5,4.5,4.5,4.5,4.5,4.5,4.5,4.6,4.6,4.6,4.6,4.7,4.7,4.7,4.7,4.70640601215474,4.8,4.9,4.9448272287370205,5.0,5.0,5.0,5.0,5.159328465857746,5.3,5.3,5.3,5.3,5.3,5.3,5.3,5.3,5.3,5.3,5.3,5.3,5.3,5.3,5.307945850290253,5.5,5.5,5.5,5.5,5.5,5.5,5.5,5.5,5.5,5.6,5.6,5.7,5.7,5.7,5.7,5.7,5.8,5.8,5.9,5.9,5.9,5.9,5.9,5.9,5.9,5.9,5.9,5.9,6.0,6.0,6.0,6.003073906852182,6.1,6.1,6.1,6.1,6.1,6.1,6.1,6.2,6.2,6.2,6.2,6.2,6.2,6.2,6.2,6.2,6.2,6.2,6.2,6.2,6.2219492382639885,6.4,6.5,6.5,6.5,6.5,6.5,6.5,6.5,6.5,6.5,6.5,6.5,6.5,6.6,6.6,6.6,6.6,6.6,6.6,6.6,6.6,6.6,6.6,6.7,6.7,6.733292681424257,6.8,6.8,6.8,6.9,6.9,6.9,6.9,6.9,6.9,6.9,6.9,6.9,6.96917401898113,7.006138765668953,7.1,7.1,7.1,7.1,7.1,7.1,7.1,7.1,7.1,7.3107266901243975,7.455172771262977,7.500446139750591,7.6,7.6,7.6,7.7,7.7,7.7,7.7,7.7,7.7,7.7,7.762713727856431,7.8,7.8,7.8,8.0,8.0,8.1,8.1,8.1,8.1,8.1,8.1,8.267445006307696,8.495888882221369,8.6,8.6,8.6,8.7,8.7,9.099273738951648,9.6,9.6,9.7,10.071362657173824,10.3,10.5,15.503817344668414
1.3989093300947493,2.0,2.3,2.3,2.3,2.3797923922871655,2.5,2.8,2.8,2.9,2.9,2.9,2.9,2.9,2.9,2.9,2.9,2.9,2.9,2.9,2.9,2.9,2.9,2.9,2.9,2.9,2.9,2.9,2.9,3.0,3.0,3.1,3.1,3.1,3.1,3.1,3.1,3.1,3.1,3.1,3.1,3.1,3.1,3.1,3.1,3.1,3.1,3.1,3.1,3.1,3.1,3.1,3.1,3.1,3.1,3.1,3.2,3.2,3.2,3.2,3.2,3.2043784899362864,3.3,3.3,3.3,3.3,3.3,3.3,3.3,3.3,3.3,3.3,3.3,3.3,3.3,3.3,3.3,3.3,3.3,3.3,3.3,3.3,3.3,3.3,3.3,3.4,3.4,3.4,3.4,3.4,3.4,3.4,3.4,3.4,3.4,3.4,3.4,3.4,3.5,3.6,3.6,3.6,3.6,3.6,3.6,3.6,3.6,3.6,3.6,3.7,3.7,3.7,3.7,3.7,3.7,3.7,3.8,3.8,3.8,3.8,3.8,3.8,3.8,3.8,3.8,3.8,3.8,3.8,3.8,3.8,3.8,3.8,3.8,3.8,3.8,3.8,3.8,3.8,3.8,3.8,3.8273604303772344,3.9,3.9,3.9,3.9,3.9,3.926701204161429,4.0,4.0,4.0,4.0,4.1,4.143677771674339,4.2818099114968335,4.4,4.4,4.4,4.4,4.4,4.4,4.5,4.5,4.5,4.500446139750591,4.6,4.6,4.6,4.6,4.6,4.6,4.7,4.7,4.7,4.7,4.8,4.8,4.880147534287232,4.9,4.9,5.0,5.0,5.000258245611019,5.1,5.1,5.3,5.3,5.3,5.3,5.3,5.3,5.3,5.3,5.397716733723399,5.5,5.6068299354724385,5.7,5.8,5.871362657173825,6.1,7.033618648868258,8.4
0.5,0.7,0.7,0.8,0.8,0.8,0.8,0.8,0.8,0.8,0.8,0.8,0.8,0.8,0.8,0.8,0.8,0.8,0.8,0.8,0.8,0.8,0.8,0.8,0.8,0.8,0.8,0.8,0.8,0.8,0.8,0.808781688559887,0.9,0.9,0.9,0.9,0.9,0.9,0.9,0.9,0.9,0.9,0.9,0.9,0.9,0.9,0.9,0.9,0.9,0.9,0.9308259810188758,1.1,1.1,1.1,1.1,1.1,1.1,1.1,1.1,1.1,1.1,1.1,1.1,1.1,1.1,1.1,1.1,1.1,1.2,1.2,1.2,1.2,1.2,1.2,1.2,1.2,1.2,1.2,1.2,1.2,1.2474948492296107,1.3,1.3,1.3,1.3,1.3769201272425164,1.4,1.4,1.4,1.4,1.5,1.5,1.5,1.5,1.5,1.5,1.5,1.5,1.5,1.6,1.6,1.6,1.6,1.6,1.6,1.6,1.6,1.6,1.6,1.6,1.6,1.6,1.6,1.6,1.6,1.7230798727574836,1.8,1.8,1.8,1.8,1.8,1.8,1.8,1.8,1.8,1.8,1.8,1.8,1.8,1.9,1.9,1.9545931739625815,2.0,2.0,2.0,2.0,2.0,2.0,2.1,2.1,2.1,2.1,2.1,2.1,2.1,2.1,2.1,2.1,2.1,2.1,2.2,2.3,2.3,2.3,2.320554724647712,2.4,2.4,2.4,2.4,2.4,2.4,2.5,2.5,2.5,2.5,2.5,2.5,2.5,2.5,2.6,2.6,2.6,2.6,2.6,2.662713727856431,2.7207433944853903,2.8,2.8,2.8,2.8,2.8,2.8,2.8,2.9,2.9,2.9,3.0,3.0,3.0,3.1,3.1,3.1,3.2954334674467987,3.3,3.4068299354724387,3.6,3.7,3.7,3.9,4.177872882956086,5.202726674763153
2.1989093300947493,2.6,2.785485513939149,2.9,2.9,2.9,3.0,3.1,3.1022832662765967,3.2,3.2,3.2,3.268775961264544,3.3,3.3,3.3,3.3,3.3,3.4,3.4,3.4,3.4,3.4,3.4590090298190246,3.6,3.6,3.637286272143571,3.7,3.7,3.7,3.7,3.7,3.759693109019841,3.8,3.8,3.9,3.9,4.0,4.0,4.0,4.0,4.0,4.0,4.0,4.0,4.0,4.0,4.0,4.0,4.0,4.0,4.0,4.003105111814835,4.1,4.1,4.107654785822831,4.2,4.274963308883616,4.3,4.3,4.3,4.3,4.3,4.3,4.3,4.4,4.4,4.4,4.4,4.4,4.4,4.402527623325867,4.5,4.5,4.5,4.5,4.5,4.5,4.594550064417384,4.6,4.6,4.6,4.7,4.7,4.7,4.8,4.8,4.8,4.8,4.878050761736015,4.9,4.9,4.9,4.9,4.9,4.9,4.9,4.9,5.0,5.0,5.0,5.0,5.0,5.0,5.048291057822746,5.1,5.1,5.2,5.2,5.2,5.296926093147823,5.3,5.3,5.372289150783877,5.5,5.5,5.5,5.5,5.5,5.6,5.6,5.6,5.7,5.7,5.7,5.7,5.7,5.7,5.7,5.7,5.7,5.7,5.7,5.712875379529044,5.8,5.8,5.8,5.8,5.9,5.9,5.9,5.9,5.9,5.9,5.9,5.9,5.9,5.9,5.9,5.9,5.9,5.9,5.9,5.9,5.9,5.9,6.0,6.0,6.0,6.0,6.1,6.1,6.1,6.1,6.1,6.1,6.1,6.190424139558622,6.2,6.2,6.2,6.2,6.2,6.2,6.2,6.2,6.2,6.2,6.3,6.3,6.3,6.3,6.3,6.4,6.5,6.5,6.567445006307696,6.6,6.662448077470901,6.8,6.9,6.9,6.9,6.9,7.1,7.1,7.3,7.6,7.7,7.8,8.720722728199961
2.1989093300947493,2.5,2.6854855139391494,2.8286373428261777,2.9589391335881383,3.0797923922871657,3.1,3.2,3.2,3.2,3.2928667015533226,3.3,3.3,3.3,3.3,3.3,3.3,3.3,3.4,3.4,3.4,3.4,3.5,3.5590090298190247,3.6,3.6,3.6,3.6,3.7,3.7,3.7,3.708781688559887,3.8,3.8095758604413756,3.9,3.9,3.9,3.9,3.9,3.9,4.0,4.0,4.0,4.0,4.0,4.0,4.0,4.0,4.0,4.0,4.0,4.0,4.0,4.1,4.1,4.2,4.2,4.2,4.2,4.2,4.2,4.2,4.3,4.3,4.3,4.3,4.4,4.4,4.4,4.4,4.4,4.402527623325867,4.5,4.5,4.5,4.5,4.5,4.5,4.5,4.6,4.6,4.6,4.6,4.7,4.7,4.7,4.7,4.7,4.7,4.7,4.7,4.7,4.7,4.8,4.8,4.8,4.8,4.8,4.9,4.9,4.9,4.9,4.9,4.9,4.9,4.9,4.9,4.9,4.9,4.9,5.0,5.0,5.0,5.0722891507838765,5.1,5.123079872757484,5.2,5.2,5.2,5.2,5.3,5.3,5.3,5.332212223747814,5.4,5.4,5.4,5.4,5.5,5.5,5.525893173330689,5.6,5.6,5.6,5.6,5.6,5.6,5.6,5.664269946863908,5.7,5.7,5.7,5.7,5.7,5.7,5.7,5.7,5.761545727139935,5.8,5.8,5.8,5.8,5.8,5.8,5.9,5.9,5.9,5.9,5.9,5.9,5.9,5.9,5.9,5.9,6.0,6.0,6.0,6.0,6.0,6.0,6.1,6.1,6.1,6.2,6.2,6.2,6.2,6.2,6.2,6.2,6.2,6.200258245611019,6.369487052929304,6.440688082251234,6.5,6.6,6.6,6.6,6.6,6.717525236657525,6.8,6.9,6.9,6.9,7.006829935472439,7.1,7.1,7.4427253143476495,7.6145144860608465,8.4,8.902726674763153
0.5994546650473747,0.6,0.6,0.7,0.7,0.7,0.7931700645275616,0.8,0.8,0.8,0.8,0.8,0.8,0.8,0.8,0.8,0.8,0.8,0.8,0.8,0.8,0.8,0.8,0.8,0.8,0.8,0.8,0.8,0.8,0.8,0.8,0.8,0.8,0.8,0.8,0.8,0.8,0.8,0.8,0.8,0.8,0.8,0.8,0.8,0.8,0.8,0.8,0.8,0.8,0.8,0.9,0.9,0.9,0.9,0.9,0.9,0.9,0.9,0.9,0.9,0.9,0.9,0.9,0.9,0.9,0.9,0.9,0.9,0.9,0.9,0.9,1.1,1.1,1.1,1.1,1.1,1.1,1.1,1.1,1.1,1.1,1.1,1.1,1.1,1.1513332276346602,1.2,1.2,1.2,1.2,1.2,1.2,1.2,1.2,1.2,1.2,1.2,1.2,1.3,1.3,1.3,1.3,1.3,1.3,1.4,1.4,1.5,1.5,1.5,1.5,1.5,1.5,1.5,1.5,1.5,1.5,1.5230798727574837,1.6,1.6,1.6,1.6,1.6,1.6788841473321952,1.7,1.7,1.7,1.7,1.7,1.7414249487302413,1.8,1.8,1.8,1.8,1.8,1.8,1.8,1.872410260810318,1.9,1.9,1.9,1.9,1.9,2.0,2.0,2.0,2.0,2.0,2.0,2.0,2.0,2.0,2.0,2.0,2.0,2.0,2.0,2.0,2.0,2.0,2.0,2.0,2.0,2.0,2.0,2.0,2.0,2.0,2.1,2.1,2.1,2.1,2.1,2.1,2.1,2.1,2.1,2.2,2.2,2.3,2.3,2.3,2.3,2.4,2.4,2.4,2.4,2.4,2.4,2.4,2.5,2.517525236657525,2.8,2.8,2.8,2.8,2.8068299354724386,2.9,3.041060866411857,3.3140879715214737,3.4145144860608467,3.8114915318243447,4.10054533495263
2.8978186601894986,2.9,2.9,3.6145493713047117,4.176817400764414,4.4,4.6,4.7,4.7,4.7,4.985733403106646,5.0,5.0,5.0,5.132554993692302,5.3,5.3,5.3,5.3,5.3,5.6,5.6,5.7,5.859009029819025,6.0,6.0,6.0,6.0,6.0,6.1,6.1,6.1,6.1,6.1,6.1,6.1,6.1,6.1,6.1,6.1,6.1,6.1,6.1,6.1,6.1,6.1,6.1,6.2,6.2,6.2,6.2,6.2,6.2,6.2,6.2,6.2,6.283075774064321,6.474963308883616,6.5,6.5,6.5,6.5,6.5,6.6,6.6,6.6,6.6,6.6,6.6,6.6,6.6,6.6,6.7,6.7,6.7,6.7,6.7,6.7,6.7,6.7,6.7,6.7,6.7,6.7,6.7,6.7,6.7,6.7,6.7,6.7,6.8,6.8,6.8,6.877661541373567,6.9,6.954144216898874,7.1,7.1,7.500888621543728,7.6,7.6,7.6,7.6,7.6,7.648291057822746,7.7,7.7,7.8,7.8,7.8,7.8,7.8,7.8,7.8,7.8,7.8,7.848666772365334,8.0,8.1,8.1,8.2,8.2,8.2,8.2,8.2,8.2,8.2,8.2,8.3,8.3,8.3,8.3,8.3,8.3,8.3,8.3,8.3,8.3,8.3,8.3,8.3,8.3,8.3,8.3,8.4,8.6,8.6,8.6,8.6,8.6,8.6,8.6,8.6,8.6,8.6,8.6,8.6,8.6,8.6,8.7,8.7,8.9,9.1,9.1,9.1,9.474375951381012,9.5,9.5,9.5,9.5,9.5,9.5,9.5,9.5,9.5,9.5,9.5,9.5,9.5,9.5,9.532890268817948,9.9,9.9,9.9,10.0,10.0,10.0,10.1,10.1,10.1,10.1,10.1,10.2,10.2,10.2,10.2,10.2,10.2,10.2,10.2,12.5
1.5972733252368734,2.4,2.5,2.6,2.6,2.6,2.8,2.8,2.8,2.8,2.8,2.882474763342478,2.9,2.9,2.9,3.0,3.0,3.1,3.2,3.2997417543889864,3.3,3.3,3.4,3.5,3.5,3.6,3.6,3.6,3.6,3.7,3.7,3.8,3.9,4.009575860441376,4.1,4.2,4.2,4.3,4.3,4.3,4.4,4.4,4.4,4.4,4.4,4.4,4.4,4.4,4.4,4.4,4.4,4.4,4.4,4.4,4.4,4.4,4.4,4.4,4.5,4.5,4.5,4.6,4.6,4.6,4.6,4.6,4.6,4.687124620470954,4.7,4.7,4.7,4.8,4.8,4.8,5.0,5.0,5.0,5.1,5.1,5.1,5.1,5.1,5.1,5.1,5.20266645526932,5.3,5.3,5.3,5.3,5.3,5.3,5.3,5.3,5.3,5.3,5.3,5.3,5.3,5.3,5.3,5.3,5.3,5.3,5.3,5.3,5.3,5.3,5.4,5.4,5.4,5.5,5.521949238263988,5.6,5.7,5.797623680861141,5.8,5.8,5.8,5.8,5.8,5.8,5.8,5.8,5.8,5.8,5.886365747330314,5.9,5.9,5.9,5.9,5.9,5.954593173962581,6.0,6.0,6.0,6.0,6.0,6.0,6.0,6.0,6.0,6.0,6.0,6.0,6.0,6.1,6.1,6.1,6.1,6.2,6.2,6.2,6.2,6.3,6.3,6.3,6.3,6.4,6.4,6.4,6.4,6.410726690124398,6.5,6.5,6.5,6.5,6.5,6.5,6.5,6.5,6.5,6.5,6.5,6.5,6.5,6.5,6.5,6.5,6.5,6.567282571585736,6.6,6.600258245611019,6.7,6.7813761645024675,7.0,7.358074432159629,7.6,7.6,7.6,7.6,7.6,7.6,7.6,7.6,7.6,7.6,7.6,7.9,8.3,8.53361864886826,9.5
0.8,0.9442542340878284,1.3,1.3,1.3,1.3,1.3,1.4,1.4,1.4,1.4,1.4,1.4,1.4,1.4,1.4,1.5,1.6,1.6,1.6,1.6,1.6,1.6,1.6,1.6,1.6,1.6,1.6,1.7,1.7,1.7,1.7,1.7,1.7,1.7,1.7,1.7,1.7,1.7,1.7,1.7,1.7,1.7,1.7,1.7,1.7,1.7,1.7,1.7,1.7,1.7,1.7,1.7031051118148355,1.8,1.9,1.9076547858228308,2.0415378870321605,2.1,2.1,2.1,2.1,2.1,2.1,2.1,2.1,2.1,2.1,2.1,2.1,2.1,2.1,2.1,2.1,2.1,2.1,2.1,2.1,2.1,2.1,2.2,2.2,2.2,2.2,2.2,2.2,2.2,2.2,2.2,2.2,2.2,2.2,2.2,2.2,2.2,2.202392509879161,2.3,2.3,2.3,2.3,2.3,2.4,2.4,2.4,2.4,2.4,2.4,2.4,2.4,2.4,2.4,2.4,2.4,2.44706730690055,2.5,2.5,2.5,2.5486667723653342,2.67439350157847,2.7,2.7,2.7,2.7,2.7,2.7,2.7,2.7,2.7,2.7,2.7,2.7,2.7,2.7,2.7,2.7,2.7,2.7,2.7,2.7,2.7,2.7,2.7,2.7,2.7,2.7,2.7,2.7,2.7,2.7,2.7,2.7,2.7,2.7,2.7,2.7,2.7,2.7,2.7,2.8,2.8,2.8,2.8,2.8,2.8,2.8,2.8,2.8,2.8,2.890424139558621,3.0,3.0,3.043198843880208,3.2925828404398656,3.3,3.3,3.3,3.3,3.3,3.3,3.303343888618275,3.4672825715857356,3.5,3.5,3.5,3.5,3.5,3.5,3.5,3.5,3.5312240387354508,3.6,3.7,3.7,3.8,3.9,4.1,4.140415215425673,4.4,4.4,4.5,5.1,6.0
2.1972733252368735,2.5885084681756565,3.2,3.5,3.5,3.6,3.693170064527562,3.7,3.8,3.9,4.0,4.0,4.0,4.0,4.0,4.0,4.0,4.0,4.0,4.0,4.0,4.0327174284142675,4.2,4.2,4.2,4.2,4.2,4.2,4.2,4.2,4.2,4.4,4.4,4.4,4.4,4.4,4.4,4.5,4.54482722873702,4.6,4.6,4.7,4.7,4.7,4.7,4.7,4.7,4.7,4.7,4.7,4.7,4.7,4.7,4.7,4.7,4.7,4.7,4.7,4.7,4.7,4.7,4.7,4.7,4.7,4.7,4.7,4.7,4.7,4.7,4.7,4.7,4.7,4.7,4.7,4.7,4.7,4.7,4.7,4.7,4.7,4.7,4.7,4.799730735815603,4.8,4.8,4.8,4.8,4.8,4.9,4.9,5.0,5.0,5.0,5.0,5.0,5.0,5.0,5.076311592408004,5.1,5.1,5.1,5.2,5.2,5.2,5.2,5.2,5.2,5.2,5.2,5.2,5.296926093147823,5.5,5.5,5.5,5.597623680861141,5.6,5.6,5.6,5.6,5.6,5.6,5.6,5.6,5.6,5.6,5.6,5.6,5.6,5.6,5.6,5.6,5.6,5.6,5.612875379529044,5.7,5.772410260810318,5.802676948378985,5.9,5.9,5.9,5.9,5.9,5.9,5.9,5.9,5.9,5.9,5.9,5.9,5.9,5.9,5.9,5.9,5.9,5.9,5.9,5.9,5.9,5.9,5.9,5.9,5.9,5.9,6.0,6.093152483771997,6.2,6.2,6.290424139558621,6.3,6.3,6.3,6.3,6.4,6.4,6.5,6.6,6.7602950685744645,6.8,6.803343888618275,6.9,6.9,6.9,6.9694870529293045,7.1,7.1,7.1,7.467445006307696,7.547944441110684,7.7,7.7,7.7,8.1,8.497716733723399,8.799636869475826,8.9,9.2,9.282121732823713,9.4,9.4,9.867237297736517,11.7
1.1994546650473745,2.2,2.4709710278782984,2.9,2.9589391335881383,3.0,3.0931700645275617,3.1,3.3,3.3,3.3,3.3,3.4687759612645443,3.5,3.5,3.5,3.5,3.5,3.5,3.6,3.6671097311820504,3.7,3.7,3.7,3.7,3.7,3.7,3.8,3.8,3.8,3.8,3.8,3.8596931090198408,3.9,3.9,3.9,3.9,3.9,3.9,3.9,3.9,3.9,3.917922626012691,4.0,4.0,4.0,4.0,4.0,4.0,4.0,4.0,4.0,4.1,4.138454272860062,4.2,4.2,4.34153788703216,4.4,4.4,4.4,4.4,4.4,4.4,4.4,4.5,4.6,4.6,4.6,4.6,4.645406826037424,4.7,4.7,4.7,4.7,4.7,4.7,4.7,4.8,4.8,4.8,4.8,4.8,4.8,4.8,4.8,4.8,4.8,4.8,4.8,4.8,4.8,4.8,4.8,4.8,4.8,4.8,4.8,4.8,4.8,4.8,4.8,4.8,4.8,4.8,4.8,4.8729278915505745,4.997607490120839,5.0,5.0,5.0,5.0,5.0,5.0,5.0,5.0,5.0,5.0,5.0,5.0,5.0,5.0,5.0,5.0,5.0,5.0,5.0,5.0,5.0,5.0,5.0,5.0,5.0,5.0,5.0,5.042480395589342,5.1,5.1,5.1,5.1,5.195621510063717,5.2,5.2,5.2,5.2,5.3,5.3,5.4267012041614295,5.5,5.6,5.6,5.6691740189811295,5.7,5.7,5.7,5.7,5.7,5.7,5.840671534142251,5.9,6.0,6.0,6.1,6.1,6.1004461397505905,6.2,6.3,6.6,6.6,6.6,6.6,6.6,6.792582840439866,7.0010834367867005,7.6,7.66271372785643,7.7,7.7,7.7,7.7,7.7,7.7,7.7,7.9,7.9,7.9,7.9,8.839560050461568,9.2,9.2,9.2,9.2,9.2,9.2,9.2,9.213659870944877,9.4,9.4,9.4,9.4,9.5,11.710906699052611
1.0972733252368732,1.1,1.2,1.328637342826178,1.5,1.5,1.5,1.5,1.5022832662765964,1.6,1.7,1.7,1.7,1.7,1.7,1.7,1.7,1.7,1.7,1.7,1.7,1.7,1.7,1.7,1.7,1.8,1.8,1.8,1.8,1.8,1.9,1.9,1.9,1.9,1.9,1.9,1.9,1.9,1.9,1.9,1.9,2.0,2.0,2.0,2.0,2.0,2.0,2.0,2.0,2.0,2.0,2.0,2.0,2.0,2.0,2.0,2.0,2.0,2.0,2.0,2.0,2.0,2.0,2.1,2.1,2.1,2.2,2.2,2.2,2.2,2.2,2.2,2.2,2.2,2.2,2.2,2.2,2.2,2.2,2.2,2.2,2.2,2.2,2.2,2.2,2.2,2.2,2.2,2.2,2.2,2.2,2.2,2.2,2.2,2.2,2.2,2.2,2.2,2.2,2.2,2.2,2.2,2.2,2.2,2.2,2.2,2.2,2.2,2.2,2.2,2.2,2.2,2.24706730690055,2.3,2.3,2.3,2.4,2.4,2.4,2.4,2.4,2.4,2.4,2.4,2.4,2.4,2.4,2.4,2.4,2.4,2.4,2.4,2.4,2.4,2.4,2.4,2.4,2.4,2.4,2.4,2.4,2.4,2.4,2.4,2.4,2.4,2.4,2.4,2.4,2.4,2.4,2.4,2.4,2.4,2.4,2.4,2.5,2.6,2.782077373987306,2.8,2.9,2.9107266901243976,3.0,3.0,3.1,3.1,3.1,3.1,3.1,3.1,3.1,3.1,3.1,3.1,3.1,3.1,3.1,3.1,3.3,3.3,3.3,3.4,3.4,3.4,3.4,3.4,3.4,3.4,3.4,3.4,3.4,3.4003907185653643,3.695433467446799,3.7996368694758242,3.9,3.9,3.9,4.1,4.714514486060847,5.778728829560862,9.412542703910503
3.4901839708527436,3.6,4.0,4.0,4.0,4.0,4.2,4.2,4.2,4.2,4.2,4.2,4.2,4.2,4.2,4.2,4.2,4.2,4.2,4.2,4.2,4.2,4.2,4.2,4.4198524657127765,4.5792566055146064,4.7,4.7,4.7,4.7,4.7,4.7,4.7,4.7,4.7,4.7,4.7,4.799553860249409,4.8,4.9,5.1329201988926885,5.2,5.235845252025382,5.459328465857746,5.500035875719855,5.6,5.6,5.6,5.6,5.6,5.6,5.6,5.6,5.638454272860062,5.9,5.9,5.9,5.9,5.9,6.0,6.0,6.0,6.0,6.0,6.0,6.0,6.0,6.0,6.0,6.0,6.0,6.0,6.0,6.0,6.0,6.2,6.2,6.2,6.2,6.2,6.2,6.2,6.299730735815603,6.3,6.3,6.3,6.3,6.3,6.3,6.3,6.3,6.3,6.3,6.3,6.30239250987916,6.4,6.4,6.5,6.5,6.5,6.5,6.5,6.5,6.5,6.5,6.5,6.5,6.5,6.5,6.5,6.5,6.5,6.5,6.5,6.5,6.5,6.5,6.6,6.6,6.6,6.6,6.6,6.6,6.664424447495628,6.8,6.8,6.9,7.041424948730241,7.1,7.1,7.1,7.1,7.1,7.1,7.1,7.1,7.1,7.1,7.1,7.291243020127433,7.3,7.3,7.3,7.425036691116379,7.5,7.592345214177163,7.626701204161429,7.7,7.7,7.932765281195782,8.06917401898113,8.1,8.1,8.1,8.1,8.1,8.5,8.5,8.6,8.7,8.7,8.7,8.955172771262976,9.1,9.2,9.2,9.2,9.2,9.2,9.2,9.2,9.2,9.4,9.4,9.4,9.4,9.4,9.440990970180975,9.90668777723655,10.501847714757208,11.028902688179482,11.7,11.7,11.7,11.7,11.7,11.7,11.7,11.7,11.7,11.7,11.7,11.7,11.7,11.9,11.9,12.682121732823713,13.585450628695298,13.7,13.7,16.21090669905261
1.697273325236873,3.7663813511317428,4.0,4.0,4.0,4.2,4.2,4.2,4.2,4.2,4.2,4.2,4.2,4.2,4.2,4.2,4.2,4.2,4.2,4.2,4.4,4.5,4.6966561113817304,4.7,4.7,4.7,4.7,4.7,4.7,4.7,4.7,4.7,4.7,4.7,4.8,4.806406012154739,5.106847516228004,5.2,5.34482722873702,5.4,5.5,5.5,5.6,5.6,5.6,5.6,5.6,5.6,5.6,5.6,5.630825981018876,5.9,5.9,5.9,5.973298795838568,6.0,6.0,6.0,6.0,6.0,6.0,6.0,6.0,6.0,6.0,6.0,6.0,6.0,6.016416523712721,6.145406826037424,6.2,6.2,6.2,6.2,6.2,6.2,6.2,6.3,6.3,6.3,6.3,6.3,6.3,6.3,6.3,6.3,6.3,6.3,6.3,6.3,6.4,6.4,6.4,6.4,6.5,6.5,6.5,6.5,6.5,6.5,6.5,6.5,6.5,6.5,6.5,6.5,6.5,6.5,6.5,6.5,6.5,6.6,6.6,6.6,6.6,6.6,6.6,6.77439350157847,6.8,6.826303351929255,6.9,7.05776829466439,7.1,7.1,7.1,7.1,7.1,7.1,7.1,7.1,7.1,7.1,7.1,7.1,7.1,7.1,7.3,7.3,7.3,7.3,7.3,7.3,7.4,7.5,7.6,7.6923452141771635,7.7,7.9,7.996894888185165,8.032765281195783,8.1,8.1,8.1,8.1,8.1,8.5,8.599964124280136,8.7,8.7,8.7,8.7,8.721453380248795,9.1,9.2,9.2,9.2,9.2,9.2,9.2,9.2,9.2,9.4,9.4,9.4,9.4,9.4,9.640442602861697,10.1,11.7,11.7,11.7,11.7,11.7,11.7,11.7,11.7,11.7,11.7,11.7,11.7,11.7,11.7,11.895433467446798,11.9,11.913659870944878,12.640415215425673,13.7,13.7,13.7,13.7,16.21090669905261
1.8989093300947493,2.4221271170439143,3.3,3.3286373428261777,3.5,3.5,3.5,3.5,3.6,3.6,3.6,3.7,3.7,3.7,3.7,3.8,3.8,3.859311917748766,3.9,3.9,3.9,3.9,3.9,3.9,3.9,3.9,3.9,3.9,3.9,3.9,3.9,3.9,4.0,4.0,4.0,4.0,4.0,4.0,4.0,4.0,4.0,4.075794741564041,4.1,4.2,4.2,4.2,4.2,4.2,4.2,4.2,4.2,4.2,4.2,4.2,4.2,4.2,4.2,4.2,4.215891700580506,4.4,4.5,4.504378489936286,4.6,4.6,4.6,4.7,4.7,4.7,4.7,4.7,4.7,4.7,4.7,4.7,4.7,4.7,4.7,4.8,4.8,4.8,4.8,4.9,4.9,5.0,5.0,5.0,5.0,5.0,5.0,5.0,5.0,5.0,5.0,5.0,5.002392509879161,5.1,5.2,5.2,5.2,5.2,5.2,5.2,5.2,5.2,5.2,5.2,5.2,5.2,5.2,5.2,5.2,5.2,5.2,5.2,5.297623680861141,5.3,5.3,5.47439350157847,5.5,5.5,5.5,5.5,5.6,5.6,5.6,5.6,5.6,5.6,5.6,5.7,5.7,5.7,5.7,5.7,5.784960791178685,5.9,5.9,5.9,5.9,5.9,5.9,5.9,5.9,5.925036691116379,6.0,6.092345214177163,6.2,6.2,6.2,6.2,6.2,6.2,6.2,6.2,6.2,6.2,6.2,6.2,6.2,6.2,6.2,6.2,6.2,6.2,6.2,6.2,6.2,6.3,6.3,6.3,6.3,6.3,6.3,6.3,6.3,6.3,6.480147534287232,6.5,6.5,6.5,6.6,6.600516491222038,7.008461158787912,7.1,7.1,7.1,7.234890012615392,7.4,7.6,7.7,8.714266596893355,8.901172155696093,9.2,9.2,9.2,9.4,9.4,9.4,11.7,11.7,12.605998684478935
1.695637320378997,1.7,1.7,1.7286373428261779,1.9,1.9,1.9,1.9,1.9,1.9,1.9,1.9824747633424777,2.0,2.0,2.0,2.0,2.0,2.0,2.030512947070702,2.1,2.2,2.2,2.2,2.2,2.2,2.2,2.3,2.3,2.4,2.5,2.556801156119795,2.6,2.6,2.6,2.6,2.7,2.7,2.7,2.8,2.8,2.8,2.8,2.8,2.8,2.8,2.8,2.8,2.8,2.8,2.8,2.8,2.8,2.9,2.9,2.9,2.9,2.9,2.9,2.9,2.9809998447173713,3.1,3.1,3.1,3.1,3.1,3.1,3.1575196044106635,3.2,3.3,3.3,3.3,3.3,3.3306801228393907,3.4,3.5862229635458163,3.6136342526696894,3.7,3.7,3.7,3.8,3.9,3.9,3.9,3.9,3.9,3.9,3.9,3.9,3.9,3.9,3.9,3.9,3.9,3.9,3.9,3.9,3.9,3.9,3.9,3.9,3.9,3.9,3.9,3.9,3.9,3.9,4.0,4.0,4.047129430757854,4.1,4.1,4.1,4.1,4.1,4.1,4.1,4.1,4.1,4.100269264184391,4.2,4.2,4.3,4.4,4.4,4.4,4.4,4.6,4.6,4.6,4.6,4.625893173330689,4.7,4.7,4.7,4.8,4.8,4.8,4.8,4.8,4.8,4.8,4.8,4.8,4.9,4.9,4.9,4.9,4.9,4.9,5.0,5.0,5.0,5.0,5.0,5.0,5.0,5.0,5.0,5.0,5.0,5.0,5.0,5.0,5.0,5.0,5.0,5.0,5.0,5.0,5.0,5.0,5.0,5.0,5.0,5.0,5.0,5.0,5.0,5.0,5.1,5.2,5.4,5.5,5.5,5.5,5.5,5.5,5.547944441110684,5.831224038735451,6.1,6.2,6.200390718565365,6.3,6.4,6.506829935472439,6.9,7.6,8.528175943042946,10.7,10.7,11.4
0.5,1.2442542340878282,1.7,1.7,1.7,1.8,1.8,1.8,1.8,1.8,1.8,1.9,1.9,1.9,1.9,1.9,1.9,1.9,1.9,1.9,1.9,1.9,2.0,2.0,2.0,2.0,2.0,2.0,2.1,2.1,2.2,2.2,2.2,2.2,2.2,2.3,2.3,2.3,2.3,2.3,2.3,2.3757947415640417,2.5,2.5,2.5,2.5400675399524983,2.6,2.6,2.6,2.6,2.7,2.7,2.7,2.7,2.7,2.707654785822831,2.8,2.8,2.8,2.8,2.8,2.8,2.8,2.8,2.8,2.8,2.8,2.8,2.8,2.8,2.8,2.8025276233258665,2.9,2.9,2.9,2.9,2.9,2.9,2.9,2.9,2.9,2.9,2.9,3.0,3.05133322763466,3.1,3.1,3.1,3.1,3.1,3.1,3.1,3.1,3.2,3.3,3.3,3.4,3.4,3.4,3.4,3.55,3.6,3.699111378456269,3.7,3.8,3.8,3.8,3.9,3.9,3.9,3.9,3.9,3.9,3.9,3.9,3.9,3.9,3.9,3.9,3.9,3.9,3.9,3.9,3.9,3.9,3.9,3.9,3.9,3.9,3.9,3.9,3.9,3.9,3.9,3.9,3.9,3.9,3.9,3.9,3.9956215100637165,4.0,4.059500077641303,4.1,4.1,4.1,4.1,4.2,4.2,4.2968948881851645,4.3327652811957815,4.4,4.4,4.5,4.6,4.6,4.6,4.6,4.6,4.6820773739873065,4.7,4.7,4.8,4.8,4.8,4.8,4.8,4.8,4.8,4.8,4.89121831144011,4.9,5.0,5.0,5.0,5.0,5.0,5.0,5.0,5.0,5.0,5.0,5.0,5.0,5.0,5.0,5.089518608039906,5.2,5.5,5.5,5.5,5.5,5.501562874261458,6.0954334674467985,6.299273738951649,6.413659870944878,6.7,6.9,7.4,9.772572430304233,11.245110180692603,11.403817344668415
0.2,0.2,0.2,0.2,0.2,0.2,0.2,0.2,0.2,0.2,0.2,0.2,0.2,0.2,0.2,0.2,0.2,0.2,0.2,0.2,0.401329193546151,0.5,0.5,0.5,0.5,0.5,0.5,0.5,0.5,0.5,0.5,0.5,0.5,0.5,0.5,0.5,0.5,0.5,0.5,0.5,0.6329201988926882,0.7,0.8,0.8,0.8,0.8,0.8,0.8,0.8,0.8,0.8,0.8,0.8,0.8,0.8,0.807654785822831,0.9,0.9,0.9,0.9,0.9,0.9,0.9,0.9,0.9,0.9,0.9,0.9,1.0,1.0,1.0,1.0,1.0,1.0,1.0,1.0,1.0,1.1,1.1,1.1,1.1,1.1736966480707367,1.2,1.2,1.2,1.2,1.2,1.2,1.2,1.2,1.2,1.2,1.2528705692421482,1.3,1.3,1.3,1.3,1.3,1.3,1.3,1.3,1.3,1.3,1.3,1.3,1.3,1.4,1.4,1.4,1.4,1.4,1.4,1.4,1.4,1.4,1.4,1.4,1.4,1.4,1.4,1.4,1.5,1.5,1.5,1.5,1.5863657473303137,1.6,1.6,1.6,1.6,1.7,1.7,1.7,1.7,1.7,1.7,1.7,1.7,1.7,1.7,1.7,1.7,1.7,1.8,1.8,1.8,1.8,1.9,1.9,1.9,1.9,2.0,2.0,2.0,2.0,2.0,2.0,2.0,2.0,2.0,2.1,2.1,2.1,2.1,2.1,2.1,2.1,2.2,2.2,2.3,2.3,2.3,2.4,2.4,2.5,2.5,2.5,2.5,2.6,2.6,2.7,2.8,2.8,2.9,3.0,3.1,3.1,3.195888882221368,3.3,3.4,3.5,3.5,3.6977167337233996,3.7,3.706829935472439,3.8,3.9,3.9,4.229028972121694,5.1,5.305453349526306
0.5,0.8,0.8854855139391493,0.9,0.9589391335881382,1.0,1.1,1.1,1.1,1.1,1.1,1.1,1.2,1.3,1.3,1.3,1.4,1.4,1.4,1.4,1.4,1.5,1.5,1.5,1.6,1.6,1.6,1.6,1.6,1.6,1.6,1.6,1.6,1.6,1.6,1.7,1.7,1.7,1.7,1.7,1.8,1.8,1.8,1.8,1.8,1.9,1.9,1.9,1.9,1.9,2.0,2.0,2.0,2.0,2.0,2.0,2.1,2.1,2.1,2.1404999223586856,2.2,2.2,2.235730053136092,2.3,2.397323051621021,2.5,2.5,2.5,2.5,2.545406826037424,2.748213653338604,2.8,2.8,2.85857505126975,2.9,2.9,2.9,2.9677877762521887,3.0,3.0,3.0,3.0,3.0,3.0,3.05133322763466,3.1,3.1,3.1,3.1,3.1,3.1,3.1,3.1,3.1,3.1,3.1,3.1,3.1,3.1,3.1,3.1,3.1,3.1,3.1,3.1,3.1,3.1,3.1,3.1,3.1,3.1,3.1,3.1,3.1,3.2,3.2,3.2,3.2,3.2,3.2,3.2,3.2,3.2,3.2,3.2,3.2,3.3,3.3,3.3,3.4,3.4,3.5,3.5,3.5,3.5,3.5,3.5,3.5,3.5,3.5,3.5,3.5,3.5,3.5,3.5,3.5,3.5,3.5,3.5,3.5,3.5,3.5,3.5,3.5,3.5,3.5,3.5,3.5,3.5,3.7,3.7,3.7,3.7,3.7,3.8,3.8,3.8415318772751785,3.9,3.9,3.9,3.9,3.9,3.9505417183933504,4.0,4.0,4.0,4.0,4.0,4.0,4.0,4.0,4.0,4.0,4.0,4.1,4.1,4.2,4.3,4.4,4.5,4.607133298446677,4.7,4.7,4.8,5.2273197418897555,6.1,6.3,6.6,7.058057944243387,7.4,8.002726674763153
0.5,0.5,0.6709710278782985,0.8,0.9,0.9,1.0,1.1,1.1,1.1,1.1,1.1,1.1,1.1,1.2325549936923017,1.3,1.3,1.3593119177487658,1.4,1.4,1.4,1.5,1.5,1.5,1.5,1.6,1.6,1.6,1.6,1.6,1.6,1.6,1.6,1.6,1.6,1.6,1.6,1.6,1.6,1.689273309875608,1.7,1.7,1.7,1.8,1.8,1.8,1.8,1.8,1.9,1.9,1.9,1.9,1.9,1.938454272860062,2.0,2.0,2.0,2.0,2.0,2.0,2.0726395696227597,2.1,2.1,2.1,2.2,2.2,2.257519604410663,2.3,2.5,2.5,2.5,2.5,2.6,2.8,2.8,2.8,2.8,2.8,2.9,2.9,2.9,2.9,2.9,2.925606498421527,3.0,3.0,3.0,3.0,3.0,3.0,3.0030739068521823,3.1,3.1,3.1,3.1,3.1,3.1,3.1,3.1,3.1,3.1,3.1,3.1,3.1,3.1,3.1,3.1,3.1,3.1,3.1,3.1,3.1,3.1,3.1,3.1,3.1,3.1,3.1,3.1,3.1,3.2,3.2,3.2,3.2,3.2,3.2,3.2,3.2,3.2,3.2,3.2,3.3,3.3,3.3,3.3424803955893423,3.4,3.4,3.5,3.5,3.5,3.5,3.5,3.5,3.5,3.5,3.5,3.5,3.5,3.5,3.5,3.5,3.5,3.5,3.5,3.5,3.5,3.5,3.5,3.5,3.5,3.5,3.5,3.5,3.7,3.7,3.7,3.7,3.7,3.7,3.8,3.8,3.896291420219933,3.9,3.9,3.9,3.9,4.0,4.0,4.0,4.0,4.0,4.0,4.0,4.0,4.0,4.089518608039906,4.1,4.147944441110684,4.2,4.317525236657525,4.4,4.500390718565365,4.6,4.7,4.8,4.960622823138511,6.3,6.514087971521473,7.058057944243387,7.4,8.002726674763153
0.5,0.5,0.7,0.8,0.8,0.9,0.9,0.9,0.9022832662765964,1.0,1.1,1.1,1.1,1.1,1.1,1.1,1.1,1.1,1.2,1.2,1.2,1.232717428414268,1.3,1.3,1.3,1.3,1.337286272143571,1.4,1.4,1.4,1.4,1.4,1.459693109019841,1.5,1.5,1.5,1.5,1.5,1.5,1.5,1.6,1.6,1.6,1.6,1.6,1.6,1.6,1.6,1.6,1.6,1.6,1.6,1.6,1.6,1.6,1.6,1.6,1.6,1.6,1.6,1.6,1.6,1.6,1.7,1.7,1.7,1.7,1.7,1.7,1.7,1.7,1.7,1.7,1.8,1.8,1.8,1.8,1.8677877762521888,1.9,1.9,1.9474948492296107,2.0,2.0,2.0,2.0,2.0,2.0023763191388553,2.1,2.1,2.1,2.1,2.1,2.1,2.177661541373567,2.2,2.3,2.3,2.3,2.3,2.4,2.45,2.5,2.5,2.5,2.5,2.6,2.6,2.7,2.7471294307578544,2.8,2.8,2.8,2.8,2.8,2.8,2.9,2.9,2.9,3.0,3.0,3.0,3.0,3.0,3.0,3.0,3.0,3.0,3.0,3.0,3.0,3.0,3.0,3.0,3.0,3.0,3.0,3.1,3.1,3.1,3.1,3.1,3.1,3.1,3.1,3.1,3.1,3.1,3.1,3.1,3.1,3.1,3.1,3.2,3.2,3.2,3.2,3.2,3.2,3.2,3.2,3.3,3.3,3.3,3.3,3.4,3.5,3.5,3.5,3.5,3.5,3.5,3.5,3.5,3.5,3.5,3.5,3.5,3.5,3.7,3.7,3.7,3.7,3.7,3.7406880822512334,3.9,3.9,3.9,3.9,3.9,4.0,4.0,4.1,4.1,4.1,4.2,4.4,4.482121732823714,4.771362657173825,5.1,5.511491531824345,6.604362679621044
0.49836399514212393,0.9663813511317425,1.5,1.7,1.7,1.8,1.8,1.8,1.8,1.8,1.8,1.8,1.8,1.8,1.8,1.8,1.8,1.9,1.9,1.9,1.9,1.9,1.9,1.9,1.9,1.9,1.9,1.9,1.9,1.9,1.9,1.9,1.9,1.9,1.9,1.9,1.9,1.9,1.9,1.9892733098756081,2.0,2.0,2.0,2.0,2.0,2.0,2.0,2.0,2.0,2.0,2.0,2.0,2.0,2.0,2.0,2.0,2.0,2.0749633088836164,2.1,2.1,2.1,2.1,2.1,2.1,2.1,2.1,2.1,2.2,2.2,2.2,2.2,2.3,2.3,2.3,2.3,2.3,2.3,2.3,2.3,2.3,2.3,2.3,2.3,2.325606498421527,2.4,2.4,2.5,2.5,2.5,2.5,2.5030739068521823,2.6,2.6,2.6,2.7,2.7,2.7,2.8,2.8,2.8,2.8,2.8,2.8,2.8236884075919986,2.9,2.9,2.9,2.9,2.9,2.9,2.9,2.9219492382639882,3.04706730690055,3.1,3.1,3.1,3.1,3.1,3.1,3.1,3.1,3.1788841473321954,3.2,3.2,3.2,3.2,3.3,3.341424948730241,3.4,3.4,3.4,3.4,3.4,3.5,3.6,3.6724102608103184,3.7,3.8,3.8,3.8,3.9,3.9,3.9,3.9,3.9,3.9,3.9,3.9,3.9,3.9,3.9,3.9,3.9,3.9,3.920554724647712,4.0,4.099964124280137,4.1,4.2,4.3,4.4,4.4,4.4,4.4,4.446576241885999,4.5,4.6,4.6,4.6,4.6,4.6,4.7,4.7,4.8,4.8,4.8,4.8,4.8,4.8,4.9,5.0,5.0,5.0,5.0,5.0,5.0,5.067445006307696,5.343833323332052,5.5,5.5,5.6,6.1,6.2,6.3,6.4,6.7,7.164243465647428,7.671362657173825,8.0,10.191076307989983,11.903272009715783
0.9,1.4,1.4,1.6,1.7,1.7,1.7,1.8,1.8,1.8,1.8,1.8,1.8687759612645443,1.9,1.9,1.9,1.9,1.9,1.9,1.9,1.9,1.9,1.9,1.9,1.9,1.9,1.9,1.9,1.9,1.9,1.9,1.9,1.9,1.9,1.9,1.9,1.953423758114002,2.0,2.0,2.0,2.0,2.0,2.0,2.0,2.0,2.0,2.0,2.0,2.0,2.0,2.0,2.0672347188042184,2.1,2.1,2.1,2.1,2.1,2.1,2.1,2.1,2.1,2.1,2.2,2.3,2.3,2.3,2.3,2.3,2.3,2.3,2.3741068266693017,2.4,2.5,2.5,2.5,2.5,2.6,2.6,2.6,2.721115852667802,2.8,2.8,2.8,2.8,2.8,2.8,2.802376319138855,2.9,2.9,2.9,2.9,2.9,2.9,3.0,3.0,3.1,3.1,3.1,3.1,3.1,3.1,3.1,3.1,3.1,3.2,3.2,3.2,3.3,3.3,3.3,3.4,3.4,3.4,3.4,3.4,3.4230798727574836,3.5,3.6,3.6,3.6,3.7,3.7,3.7,3.7,3.8,3.8,3.8,3.8,3.869319877160609,3.9,3.9,3.9,3.9,3.9,3.9,3.9,3.9,3.9,3.9,3.9,3.9,3.9,3.9,3.925036691116378,4.0,4.0,4.0,4.061545727139935,4.1,4.132765281195781,4.2,4.2,4.3,4.3,4.4,4.4,4.4,4.4,4.482077373987306,4.5,4.5,4.6,4.6,4.6,4.6,4.6,4.6,4.6,4.6,4.6,4.6,4.7,4.7,4.7,4.762713727856431,4.8,4.8,4.8,4.9,5.0,5.0,5.0,5.0,5.0,5.0,5.1,5.1,5.2,5.5,5.5,6.1,6.1003907185653645,6.2,6.3,6.4,6.420207607712837,6.6410608664118564,6.914087971521473,7.4,10.102567839814327,12.102181339810523
0.2,0.2,0.2,0.5,0.5,0.5,0.5,0.5,0.5,0.5,0.5,0.5,0.5,0.5,0.5,0.5,0.5,0.5,0.5,0.5,0.5,0.5,0.5,0.5,0.5,0.5,0.5,0.5,0.5,0.5,0.5,0.5,0.5,0.5,0.5,0.5,0.5,0.5,0.5,0.5,0.5,0.5,0.5,0.5,0.5,0.5,0.5,0.5,0.5,0.5,0.5,0.5,0.5,0.5,0.5,0.5,0.5,0.5,0.6,0.6,0.6,0.6,0.6,0.6,0.6,0.6,0.6,0.6,0.6,0.6,0.7,0.7,0.7,0.7,0.7,0.7,0.7,0.7,0.7,0.7,0.7,0.7,0.7997307358156036,0.8,0.8,0.8,0.8,0.8,0.8,0.8,0.8,0.8,0.8,0.8,0.8,0.8,0.8,0.8,0.8,0.8,0.8,0.8,0.8,0.8,0.8,0.8,0.8,0.8,0.8,0.8,0.8,0.8,0.8,0.8722891507838767,0.9,0.9,0.9,0.9,0.9,0.9,0.9,0.9,0.9,0.9,0.9,0.9,0.9,0.9,0.9,0.9,0.9,0.9,0.9,0.9128753795290436,1.0,1.1,1.1,1.1,1.1,1.1,1.1,1.1,1.1,1.1,1.1,1.1923452141771633,1.2,1.2,1.2,1.2,1.2,1.2,1.2,1.2,1.2,1.2,1.2,1.2,1.2,1.2,1.2,1.2,1.2,1.2004461397505906,1.3,1.3,1.3,1.3,1.3,1.3,1.3,1.3,1.3,1.3,1.3,1.3,1.3,1.3,1.3,1.3,1.3,1.3,1.3,1.3,1.3,1.3,1.3,1.347944441110684,1.4312240387354507,1.5,1.5071332984466779,1.6,1.6,1.7,1.8,1.8202076077128369,1.9,1.9713626571738245,2.0,2.1,3.3032720097157835
1.7,2.6221271170439144,3.0709710278782985,3.1,3.1,3.2797923922871655,3.4,3.6,3.704566532553193,3.9,3.9,4.082474763342478,4.1687759612645445,4.3,4.5,4.6,4.686014510074563,4.7,4.7,4.7,4.8,4.8,4.8,4.9,4.9,4.979256605514607,5.0,5.0,5.0,5.0,5.0,5.3,5.3,5.5,5.5,5.5,5.5,5.5,5.5,5.5,5.5,5.5,5.5,5.5,5.5,5.5,5.5,5.5,5.5,5.5,5.5,5.5,5.5,5.5,5.6,5.6,5.6,5.6,5.7,5.7,5.84527913924552,6.1,6.1,6.1,6.197323051621021,6.2,6.2,6.487124620470953,6.5,6.5,6.5,6.5,6.6,6.6,6.6,6.6,6.640819158515501,6.7,6.7,6.821115852667802,6.9,6.9,7.0,7.1,7.1,7.1,7.1,7.1,7.1,7.1,7.1,7.1,7.1,7.1,7.1,7.154144216898874,7.3,7.3,7.300888621543728,7.7,7.7,7.7,7.7,7.7,7.7,7.772927891550575,7.89760749012084,8.022338458626432,8.1,8.1,8.1,8.1,8.1,8.1,8.1,8.1,8.1,8.1,8.1,8.126303351929254,8.3,8.3,8.305449935582613,8.5,8.5,8.672731494660626,8.9,8.9,8.9,8.9,8.9,8.9,8.983583476287288,9.0,9.0,9.0,9.0,9.1,9.1,9.482486040254866,9.5,9.5,9.592054149709748,9.6,9.6,9.6,9.6,9.6,9.6,9.6,9.7,9.7,9.787355543348678,9.9,9.9,9.9,9.9,9.9,10.082077373987305,10.1,10.167079801107313,10.2,10.2,10.3,10.3,10.3,10.3,10.3,10.3,10.3,10.3,10.3,10.3,10.3,10.5,10.5,10.5,10.6,10.7,10.7,10.7,10.7,10.7,10.7,10.7,10.7,11.172115044153873,11.543833323332052,11.962448077470901,12.5,12.507133298446679,13.3,13.3,15.496368694758246,15.5,15.5,15.5,15.5,16.2,16.2,16.21145203400524
1.7,2.6,2.785485513939149,3.0,3.1,3.1,3.1,3.2,3.2,3.3,3.4,3.482474763342478,3.6,3.6,3.632554993692302,3.7,3.8720290201491268,3.9,3.930512947070702,4.0,4.1,4.132717428414268,4.2,4.2,4.2,4.279256605514607,4.3,4.3,4.3,4.3,4.3,4.3,4.4,4.5,4.5,4.50640601215474,4.6,4.699553860249409,4.7,4.8,4.9,4.9,5.0,5.0,5.000071751439711,5.2,5.358890550704576,5.5,5.5,5.5,5.5,5.5,5.5,5.5,5.5,5.5,5.5,5.5,5.5,5.5,5.5,5.5,5.5,5.5,5.5,5.5,5.5,5.5,5.5,5.5,5.5,5.5,5.5,5.5,5.5,5.5,5.5,5.5,5.5,5.5,5.5,5.5,5.5,5.5,5.5,5.5,5.5,5.5,5.5,5.5,5.5,5.5,5.5,5.5,5.6,5.6,5.6,5.6,5.6,5.6,5.6,5.6,5.6,5.647376815183997,6.0,6.072927891550575,6.1,6.1,6.147129430757855,6.343978147417784,6.496926093147823,6.5,6.5,6.5722891507838765,6.6,6.6,6.6,6.6,6.6,6.6,6.6,6.6,6.6,6.7,6.7,6.7,6.8,6.9,6.9,7.0,7.0,7.0,7.0,7.0,7.042480395589342,7.1,7.1,7.1,7.1,7.1,7.1,7.1,7.1,7.1,7.1,7.1,7.1,7.22309145427987,7.396894888185165,7.7,7.7,7.806138765668953,7.9,7.9,7.9,7.959932460047509,8.0,8.1,8.1,8.1,8.23415960221463,8.3,8.3,8.3,8.686304967543993,8.9,8.9,8.9,8.940306890980157,9.0,9.0,9.1,9.5,9.6,9.6,9.62074339448539,9.7,9.9,9.9,10.167282571585735,10.3,10.3,10.3,10.5,10.7,10.7,10.7,10.7,11.4,12.517525236657525,13.3,14.503907185653645,15.5,15.5,15.5,15.5,15.787426064882998,16.2,16.2,16.2,18.3
1.6,1.7,2.0,2.428637342826178,2.6,2.6,2.6,2.6,2.6,2.6,3.092866701553323,3.1,3.2,3.2,3.2,3.2,3.2,3.2,3.2,3.2,3.3,3.3,3.3,3.3,3.3,3.4,3.4,3.4,3.4,3.4,3.4,3.4,3.4,3.4,3.4,3.4,3.4,3.4,3.4,3.4,3.4,3.475794741564042,3.5,3.5,3.5,3.5400675399524983,3.6,3.6,3.6,3.6,3.6,3.6,3.6,3.6,3.6,3.6,3.7,3.7,3.7,3.780999844717371,3.9726395696227597,4.0,4.0,4.0,4.0,4.0,4.0,4.087124620470953,4.2,4.2,4.2,4.2,4.2,4.2,4.2,4.2,4.240819158515501,4.3,4.3,4.4,4.4,4.4,4.4,4.5,4.5,4.5,4.5,4.5,4.55293269309945,4.6,4.7,4.828010926291105,4.9,4.9,4.9,4.927072108449437,5.051708942177257,5.176311592408004,5.2,5.2,5.3,5.374551422189251,5.5,5.5,5.5,5.5,5.5,5.5,5.5,5.5,5.5,5.5,5.5,5.5,5.5,5.5,5.5,5.5,5.5,5.5,5.5,5.5,5.6,5.6,5.6,5.7,5.8,5.882849897460482,6.0,6.0,6.1,6.454593173962581,6.5,6.5,6.5,6.6,6.6,6.6,6.6,6.6,6.6,6.6,6.7,6.7,6.758462112967839,6.892345214177164,6.9,7.0,7.096894888185164,7.1,7.1,7.1,7.1,7.1,7.3,7.3,7.399964124280138,7.7,7.782077373987306,7.8,7.867079801107315,7.9,7.9,7.9,7.9,8.093593987845253,8.1,8.2,8.3,8.3,8.5,8.888874260659799,8.9,8.9,8.9,8.9,8.9,8.9,9.0,9.0,9.1,9.5,9.5,9.540688082251233,9.727970979850873,9.9,10.1,10.1,10.3,10.5,10.507133298446679,10.7,12.474884070957392,13.298184347379124,13.3,15.5,15.5,15.999538600216772,16.2,17.757457659121723,18.3
2.1929106456158705,2.2,3.0854855139391493,3.1,3.2,3.3797923922871655,3.4,3.6,3.6,3.7,3.7,3.8,3.9,3.9520555588893194,4.0,4.0,4.0,4.0,4.1,4.2,4.2,4.2,4.2,4.259009029819024,4.4,4.4,4.4,4.4,4.5,4.5,4.5,4.608781688559887,4.7,4.7,4.7,4.8,4.9,4.9,4.9,4.9,5.0,5.0,5.0,5.1,5.100035875719855,5.3,5.3,5.318190088503163,5.4,5.4,5.430825981018876,5.5,5.5,5.5,5.5,5.5,5.5,5.5,5.6,5.6,5.6,5.7,5.7,5.8,5.8,5.827589739189688,5.9,5.9,6.0,6.0,6.0,6.0,6.0306801228393905,6.1,6.1,6.1,6.1,6.1,6.1,6.1,6.1,6.1,6.199730735815604,6.2,6.2,6.2,6.2,6.2,6.2,6.2,6.2,6.2,6.2,6.2,6.2,6.2,6.2,6.2,6.3,6.3,6.3,6.4,6.4,6.4236884075919995,6.5,6.5,6.5,6.5,6.5,6.5,6.5,6.6,6.6,6.6,6.6,6.6,6.6,6.6,6.6,6.6,6.6,6.6,6.6,6.6,6.759180841484493,6.8,6.8,6.8,6.8,6.8,6.8,6.9,6.9,6.9,6.9,6.9,6.9,6.9,6.964269946863908,7.1,7.1,7.1,7.1,7.1,7.1,7.1,7.1,7.1,7.3,7.3,7.3,7.3,7.4,7.4,7.5,7.6,7.7,7.7,7.782077373987306,8.1,8.1,8.1,8.1,8.10044613975059,8.246576241885998,8.393593987845254,8.4,8.4,8.480613781960312,8.6,8.6,8.6,8.7,8.7,8.7,8.7,8.7,8.940990970180975,9.6,9.9,10.032890268817948,10.1,10.1,10.1,10.1,10.1,10.3,10.395888882221369,10.63122403873545,11.4,11.4,11.4,11.7,11.7,11.7,11.7,11.7,11.9,12.6,12.6,16.21145203400524
1.7994546650473746,2.4,2.5,2.628637342826178,2.7,2.7,2.7,2.8,2.8,2.8,2.8,2.8,2.8,2.8520555588893193,2.9,2.9,2.9,2.9,2.9,2.9,2.9671097311820502,3.032717428414268,3.1,3.1,3.1,3.1,3.1,3.1,3.1,3.2,3.2,3.3,3.3,3.3,3.3,3.3,3.3,3.3,3.3,3.3,3.3,3.3,3.3,3.3,3.3,3.340067539952498,3.4,3.4,3.4,3.4,3.430825981018876,3.5,3.6,3.6,3.673298795838568,3.7,3.7,3.7,3.8,3.8,3.8,3.8,3.8,3.8,3.8,3.8,3.8,3.8,3.9,3.9,3.9,3.9,3.9,3.9,3.9,3.9,3.9,3.9,3.9,3.9,3.9,3.9,3.9,3.9,3.9,3.9,3.9,3.9,3.9,3.9,3.9,3.928010926291105,4.0,4.0,4.0,4.0,4.0,4.0,4.0,4.0,4.0,4.0,4.0,4.0,4.0,4.0,4.0,4.0,4.0,4.0,4.1,4.1,4.2,4.2,4.2,4.2,4.2,4.2,4.2,4.2,4.2,4.2,4.3,4.3,4.3,4.3,4.313777036454177,4.4,4.4,4.4,4.4,4.4,4.4,4.4,4.4,4.5,4.5,4.5,4.5,4.5,4.5,4.6,4.6,4.6,4.6,4.6,4.6,4.6,4.6,4.6,4.6,4.7,4.7,4.7,4.7,4.7,4.8,4.8,4.8,4.8,4.8,4.9,4.9,4.9,4.9,4.9,5.0,5.0,5.0,5.0,5.0,5.0,5.0,5.1,5.1,5.1,5.1,5.1,5.1,5.1,5.1,5.2,5.3,5.3,5.3,5.3,5.4,5.5,5.5,5.5,5.6,5.9,6.097716733723399,6.199636869475825,6.2,6.2,6.341060866411857,6.6,6.9,7.333618648868259,11.7
0.6989093300947492,0.7221271170439142,0.8,0.8,0.8589391335881382,0.9,0.9,0.9,0.9,0.9,0.9,0.9,0.9,1.0,1.1,1.1,1.1,1.1,1.1,1.2,1.2,1.2,1.2,1.2,1.2,1.2,1.2,1.2,1.2,1.2,1.2,1.2,1.2,1.2,1.2,1.2,1.2,1.2,1.2,1.2,1.2,1.2,1.2,1.2,1.2,1.2,1.2,1.2,1.2,1.2,1.2308259810188757,1.3,1.3,1.3,1.3,1.3,1.3,1.3,1.3,1.3,1.3,1.3,1.3,1.3,1.3,1.3,1.3,1.3,1.3,1.3,1.3,1.3,1.3,1.3,1.3,1.3,1.3,1.3,1.3,1.3,1.3474948492296108,1.4,1.4,1.4,1.4,1.4,1.5,1.5,1.5,1.5780507617360144,1.6,1.6,1.6,1.6,1.6,1.6270721084494368,1.7,1.7,1.7,1.7,1.7,1.8,1.8,1.8,1.8,1.8,1.8,1.8,1.8,1.8,1.8,1.8,1.8,1.8,1.8,1.8,1.8,1.8,1.8,1.8,1.8,1.8,1.9,1.9,1.9,1.9,1.9,1.9,2.0,2.0,2.0,2.0545931739625813,2.1,2.1,2.1,2.1,2.1,2.1,2.1,2.1,2.1,2.1,2.1,2.1,2.2,2.2,2.3,2.3,2.3,2.3,2.3,2.3,2.3,2.3,2.3,2.3,2.4,2.4,2.4,2.4,2.4,2.4,2.4,2.4004461397505907,2.5,2.5,2.5,2.5,2.540306890980156,2.6,2.6,2.6,2.6,2.6,2.6,2.8,2.8,2.8,2.8,2.8,2.8,2.8,2.869487052929304,2.9,3.0,3.0,3.0,3.047944441110684,3.1,3.1,3.1,3.2003907185653646,3.3,3.3,3.3,3.5,3.741060866411857,3.9,3.9,3.977872882956086,4.4
1.7,1.7,1.885485513939149,2.728637342826178,2.8,2.9,2.9931700645275616,3.1,3.1,3.1,3.1,3.1,3.2,3.3,3.4,3.4104813919600963,3.6,3.6,3.7,3.7,3.86710973118205,3.9,3.9,3.9,3.9,3.9,3.9,3.9,4.0,4.0,4.0,4.208781688559887,4.3,4.3,4.3,4.4,4.453423758114002,4.5,4.5,4.589273309875608,4.6,4.6,4.6,4.6,4.6,4.6,4.6,4.7,4.7,4.793861234331038,4.8,4.8,4.9,4.9,4.9,4.9,5.0,5.0,5.0,5.0,5.0,5.0,5.0,5.0,5.0,5.0,5.0,5.087124620470953,5.216416523712721,5.3,5.3,5.3,5.3,5.3,5.3,5.3,5.3,5.4,5.4,5.5,5.5,5.5,5.5,5.5,5.5,5.5,5.5,5.5,5.55293269309945,5.6,5.603073906852182,5.7,5.752870569242148,5.8,5.9,5.927072108449437,6.0,6.0,6.000888621543728,6.1,6.1,6.1,6.1,6.1,6.1,6.172927891550574,6.2,6.2,6.2,6.2,6.2,6.2,6.3,6.3,6.3,6.4,6.4,6.4,6.4,6.4,6.5,6.5,6.505449935582613,6.6,6.6,6.6,6.6,6.6,6.6,6.6,6.6,6.7,6.7,6.7,6.842480395589343,6.9,6.9,6.9,6.9,6.9,7.0,7.0,7.0,7.0,7.0,7.0,7.1,7.1,7.1,7.1,7.3,7.3,7.3,7.4,7.6,7.6,7.7,7.7,7.7,7.7,7.7,7.7,7.7,7.8,7.8,7.8,8.0,8.1,8.1,8.1,8.1,8.1,8.150541718393349,8.2,8.3,8.3,8.3,8.381981940361948,8.5,8.7,9.032890268817948,9.1,9.377948211717216,9.5,9.6,9.6,9.667445006307695,9.795888882221368,10.0,10.2,10.3,10.3,10.5,10.5,10.7,10.7,10.7,11.4,11.9,12.733618648868259,13.306544019431568
1.6983639951421239,2.5221271170439143,2.8,2.8,2.9,2.9,3.0,3.1,3.1,3.1,3.1,3.1,3.1,3.1,3.132554993692302,3.2,3.2,3.2593119177487657,3.3,3.3,3.3,3.3,3.4,3.4,3.419852465712776,3.579256605514607,3.7,3.7,3.7,3.7,3.7568011561197947,3.8,3.8,3.8095758604413756,3.9,3.9,3.9,3.9,3.9,3.9,3.9,3.975794741564042,4.0,4.0,4.0,4.0,4.0,4.0,4.0,4.0,4.0,4.0,4.0,4.0,4.0,4.007654785822831,4.1,4.174963308883616,4.2,4.3,4.3,4.3,4.4,4.4,4.4,4.5,4.5,4.5,4.5,4.5,4.5,4.5,4.5,4.55857505126975,4.6,4.6,4.6,4.6,4.6,4.7,4.7,4.7,4.7,4.7,4.7,4.7,4.7,4.7,4.8,4.8,4.9,4.9,5.0,5.077661541373566,5.3,5.3,5.3,5.3,5.3,5.3,5.35,5.4,5.4,5.4,5.4,5.4,5.4,5.5,5.5,5.5,5.5,5.5,5.5,5.5,5.5,5.5,5.5,5.5,5.5,5.6,5.6,5.6,5.6,5.7,5.7,5.7,5.7,5.7,5.7,5.7,5.8,5.8,5.8,5.9,5.9,5.9,5.9,5.933292681424257,6.064269946863908,6.1,6.1,6.1,6.1,6.1,6.1,6.1,6.2,6.2,6.2,6.2,6.2,6.206138765668953,6.3,6.4,6.4,6.4,6.5,6.5,6.5,6.6,6.6,6.6,6.6,6.6,6.6,6.6,6.6,6.6,6.6,6.6,6.7,6.7,6.7,6.805998456065578,6.9,6.9,6.9,6.9,6.9,6.9,7.0,7.0,7.0,7.1,7.1,7.3,7.6,7.6,7.7,7.7,7.8,7.8,7.997716733723399,8.1,8.2,8.2,8.3,8.54272531434765,8.7,9.411491531824344,10.5
0.49836399514212393,0.5221271170439141,0.6,0.8,0.8,0.8,0.9,0.9003631305241729,1.0,1.1,1.1,1.1,1.2,1.2,1.2325549936923017,1.3,1.3,1.3,1.3,1.3997417543889865,1.4,1.4,1.4,1.4,1.4,1.4,1.4,1.4,1.4,1.5,1.5,1.5,1.5,1.5,1.5,1.6,1.6,1.6,1.6,1.6,1.6,1.7,1.7,1.7,1.7000358757198555,1.8,1.8,1.8,1.8,1.8,1.8,1.8,1.8,1.8,1.8,1.8,1.8,1.8,1.8,1.8,1.8726395696227598,1.9,1.9,1.9,1.9,1.9275897391896877,2.0,2.0,2.0,2.0,2.0,2.0,2.0,2.0,2.0,2.0,2.0,2.0,2.1,2.1,2.1,2.1,2.1,2.2,2.2,2.3,2.3,2.3,2.3,2.3,2.3,2.3,2.3,2.3,2.3023925098791604,2.4,2.4,2.4,2.4,2.4,2.4,2.4,2.4,2.4,2.4,2.4,2.4,2.4,2.4,2.4,2.5,2.5,2.5,2.5,2.5,2.5,2.5,2.5,2.5,2.5,2.5,2.5,2.5,2.532212223747814,2.6,2.6,2.613777036454178,2.7,2.7,2.7,2.8,2.8,2.8,2.8,2.8,2.8,2.8,2.8,2.8,2.8,2.8,2.8,2.8,2.8,2.9,2.9,2.9,2.9,2.9,2.9,2.9,2.9,2.9,2.9818099114968333,3.0,3.0,3.0,3.0,3.0,3.0,3.0,3.1,3.1,3.100446139750591,3.2,3.2,3.3,3.3,3.3,3.3,3.3,3.3,3.4,3.4,3.4,3.5,3.5,3.5,3.6,3.6,3.6,3.7,3.7,3.7406880822512334,3.8,3.8,3.9,3.9,4.0,4.1,4.107133298446677,4.2,4.2,4.299636869475824,4.4,4.4,4.441060866411857,4.771362657173825,4.914514486060847,5.2,5.701090669905262
0.49836399514212393,0.5,0.5854855139391493,0.6,0.6,0.6,0.7,0.7,0.7,0.7,0.7,0.7,0.7,0.7,0.7325549936923018,0.8,0.8,0.8,0.8,0.8997417543889867,0.9,0.9,0.9,0.9,0.9,0.9,0.9372862721435709,1.0940015439344208,1.1,1.2,1.2,1.2,1.2,1.2,1.358468122724821,1.4,1.4,1.4,1.4,1.4892733098756081,1.5,1.5757947415640416,1.6,1.6,1.7000358757198555,1.8,1.9794452753522875,2.0,2.0,2.0,2.0,2.0,2.0,2.0,2.0,2.1,2.1,2.1,2.1,2.1,2.1,2.1,2.1,2.1,2.1,2.1,2.1,2.1,2.1,2.1,2.1,2.1,2.1,2.1,2.1,2.1,2.140819158515501,2.2,2.2945500644173844,2.3,2.3,2.3,2.3,2.3,2.3,2.3,2.4,2.4,2.4,2.4,2.5,2.5,2.5,2.6,2.6,2.6,2.6,2.676311592408004,2.7,2.7,2.7,2.7,2.8,2.8,2.8,2.8,2.8,2.8,2.8,2.8,2.8,2.9,2.9,2.9,2.9,2.9,2.9,2.9,3.0,3.0,3.0,3.0,3.0,3.0,3.0,3.0,3.0,3.0,3.0,3.0,3.1,3.1,3.1,3.1,3.1,3.1,3.1,3.1,3.1,3.1956215100637166,3.3,3.3,3.3,3.6,3.6,3.6923452141771635,3.7,3.7,3.7,3.7,3.8,3.8,3.8,3.8,3.8,3.8,3.8999641242801375,3.9,3.9,3.9,3.9,3.9107266901243976,4.055172771262977,4.1,4.2,4.2,4.2,4.2,4.2,4.2,4.2,4.2,4.2,4.2,4.2,4.2,4.2,4.2,4.2,4.2,4.2,4.2,4.2,4.2,4.2,4.3,4.367445006307697,4.4,4.493672116206352,4.7,4.907133298446678,5.000390718565365,5.1,5.5992737389516485,5.6,5.820207607712836,6.282121732823714,6.6,6.8,6.8,6.904362679621045
0.49836399514212393,0.7,0.7,0.8,0.8,0.9,0.9,1.1,1.3,1.4,1.4,1.4824747633424777,1.6,1.6,1.6,1.6,1.6,1.6,1.7,1.8,1.8,2.0,2.0,2.0,2.0,2.0,2.1,2.1,2.1,2.1,2.1,2.1,2.1,2.1,2.1,2.1,2.1,2.1,2.1,2.1,2.1,2.1,2.1,2.1,2.1,2.1,2.1,2.1,2.1,2.1,2.1,2.1,2.2,2.238454272860062,2.3,2.3,2.3,2.3,2.4,2.4,2.4,2.5,2.5,2.6,2.6,2.6,2.6,2.6,2.616416523712721,2.7,2.7,2.7,2.7,2.7,2.7,2.7,2.740819158515501,2.8,2.8,2.8,2.8474948492296104,2.9,2.9,2.9,3.0,3.0,3.0,3.0,3.0,3.0,3.0,3.0,3.0,3.077661541373567,3.1,3.1,3.1,3.1,3.1,3.1,3.1,3.1,3.1,3.2,3.2,3.2,3.297607490120839,3.3,3.3,3.3,3.3,3.4219492382639882,3.5,3.6,3.6,3.6,3.6,3.6,3.6,3.7,3.7,3.7,3.7,3.7,3.7591808414844934,3.8,3.8,3.8,3.8,3.8,3.8,3.8,3.8,3.8,3.8424803955893423,3.9,3.9,3.9,3.9,4.0,4.0,4.0,4.1,4.2,4.2,4.2,4.2,4.2,4.2,4.2,4.2,4.2,4.3,4.381809911496833,4.420554724647713,4.7,4.9,4.940671534142251,5.0,5.0,5.1,5.1,5.2,5.300446139750591,5.5,5.5,5.6,5.6,5.6,5.6,5.6,5.696291420219933,5.95054171839335,6.2,6.3,6.420743394485391,6.5801475342872315,6.6,6.6,6.6,6.8,6.8,6.8,6.8,6.8,6.8,6.8,6.8,6.8,6.8,6.8,6.8,6.8,6.8,6.8,6.9,7.182121732823713,7.7,8.714514486060846,10.1,11.708725359242088
0.2,0.5,0.5,0.5286373428261779,0.6,0.6,0.6,0.7,0.7,0.7,0.7,0.7,0.7,0.7,0.7,0.7104813919600964,0.8,0.8,0.8,0.8,0.8,0.8,0.9,0.9,0.9,0.9,0.9,0.9,0.9,0.9,0.9,1.0087816885598868,1.1,1.2,1.2,1.2,1.2,1.2,1.3,1.3,1.4,1.4,1.4,1.4,1.4,1.4,1.4794452753522875,1.5,1.5,1.6,1.6,1.6,1.7031051118148355,1.8,1.8,1.9,2.0,2.0,2.0,2.0,2.0,2.0,2.0,2.0,2.0,2.1,2.1,2.1,2.1,2.1,2.1,2.1,2.1,2.1,2.1,2.1,2.2,2.2677877762521885,2.3,2.3,2.3,2.3,2.3,2.325606498421527,2.4,2.4,2.5,2.5,2.6,2.6,2.6,2.6,2.6,2.6,2.7,2.8,2.8,2.8,2.8,2.8,2.8,2.8,2.8,2.8,2.8,2.8729278915505745,2.9,2.9,2.9,2.9,2.9,2.9,2.9,2.9,2.9,2.9230798727574836,3.0,3.0,3.0,3.0,3.0,3.0,3.0,3.0,3.0,3.0,3.0,3.0,3.0,3.0,3.1,3.1,3.1,3.1,3.1,3.1,3.1,3.133292681424257,3.264269946863908,3.3,3.3,3.3,3.3,3.425036691116378,3.6,3.6,3.6267012041614293,3.7,3.7,3.7,3.8,3.8,3.8,3.8,3.820554724647712,3.9,3.9,3.9,3.9,4.024205258435956,4.167079801107315,4.2,4.2,4.2,4.2,4.2,4.2,4.2,4.2,4.2,4.2,4.2,4.2,4.2,4.2,4.2,4.2,4.2,4.2,4.2,4.3,4.300258245611019,4.4,4.4,4.4,4.679037216079815,4.9,5.1,5.3,5.6,5.6,5.6,5.6,6.6,6.8,6.8,6.8,6.8,6.814514486060847,9.568949190946068,13.302181339810524
1.5989093300947494,1.6,1.6854855139391491,2.0,2.0,2.0,2.4,2.6,2.9,3.0,3.092866701553323,3.2,3.2,3.2520555588893196,3.3,3.3,3.3,3.3,3.3,3.3,3.5,3.5,3.5,3.5,3.5,3.5,3.6,3.6,3.6,3.6,3.6,3.6,3.6,3.609575860441376,3.7,3.7,3.7,3.7,3.8,3.8,3.9,3.9,3.9,3.9,3.900035875719855,4.0,4.0,4.0,4.0,4.0,4.0,4.0,4.003105111814835,4.138454272860062,4.2,4.2,4.2,4.2,4.2,4.2,4.3,4.3,4.3,4.3,4.3,4.4,4.4,4.5,4.5,4.5,4.5,4.5,4.5,4.5,4.5,4.5,4.5,4.5,4.5,4.6,4.6,4.673696648070736,4.7,4.8,4.8,4.8,4.9,4.9,5.0,5.0,5.1,5.128010926291105,5.2,5.2,5.2,5.2,5.2,5.2,5.2,5.2,5.2,5.2,5.3,5.3,5.3,5.3,5.3,5.3,5.3,5.4,5.4,5.5,5.5,5.5,5.5,5.5,5.5,5.5,5.5,5.5,5.6,5.6,5.6,5.6,5.6,5.6863657473303135,5.7,5.7,5.769319877160609,5.8,6.0,6.0,6.0,6.0,6.0,6.0,6.0,6.0,6.0,6.1,6.2,6.459500077641303,6.5,6.5,6.6,6.6,6.6,6.6,6.696894888185165,6.7,6.86917401898113,7.0,7.043677771674339,7.1,7.3,7.3,7.3,7.3,7.3,7.3,7.3,7.3,7.3,7.6,7.7,7.8,7.8,7.890424139558622,8.0,8.0,8.1,8.2,8.2,8.2,8.2,8.2,8.2,8.2,8.2,8.2,8.2,8.2,8.2,8.6,8.727970979850873,9.5,9.5,9.5,9.53122403873545,9.6,9.6,9.6,10.097716733723399,10.1,10.1,10.3,10.3,10.3,10.459659346669316,12.645110180692603,14.5
1.5989093300947494,1.6,1.7,2.0,2.0,2.5595847845743314,2.8795101935826843,3.0,3.0022832662765966,3.2,3.2,3.2,3.3,3.3,3.3,3.3,3.3,3.3,3.3,3.4,3.4671097311820502,3.5,3.5,3.5,3.5,3.5,3.5,3.6,3.6,3.6,3.6,3.6,3.659693109019841,3.7,3.7,3.7,3.7,3.799553860249409,3.8,3.9,3.9,3.9,3.917922626012691,4.0,4.0,4.0,4.0,4.0,4.0,4.0,4.030825981018876,4.2,4.2,4.2,4.2,4.2,4.2,4.3,4.3,4.3,4.3,4.304378489936286,4.435730053136092,4.5,4.5,4.5,4.5,4.5,4.5,4.5,4.5,4.5,4.5,4.5,4.5,4.6,4.6,4.667787776252188,4.7,4.8,4.8,4.8,4.8,4.9,4.9,5.0,5.0,5.1,5.1,5.1780507617360145,5.2,5.2,5.2,5.2,5.2,5.2,5.2,5.2,5.200888621543728,5.3,5.3,5.3,5.3,5.3,5.3,5.3729278915505745,5.497607490120839,5.5,5.5,5.5,5.5,5.5,5.5,5.5,5.5,5.5,5.5,5.5,5.5,5.526303351929255,5.6,5.6,5.6,5.6,5.6,5.6,5.613777036454177,5.7,5.7,5.7,5.8,5.8,5.983583476287288,6.0,6.0,6.0,6.1,6.1,6.2,6.4956215100637165,6.5,6.559500077641303,6.6,6.6,6.6,6.6,6.7,6.761545727139935,6.896894888185165,7.0,7.0,7.1,7.187355543348678,7.3,7.3,7.3,7.3,7.3,7.3,7.3,7.3,7.3,7.3,7.3,7.6,7.7,7.8,7.9904241395586215,8.0,8.09121831144011,8.2,8.2,8.2,8.2,8.2,8.2,8.2,8.2,8.2,8.2,8.2,8.200258245611018,8.6,8.6,8.9,9.1,9.5,9.5,9.5,9.5,9.507133298446679,9.6,9.6,10.1,10.1,10.1,10.3,10.3,10.3,12.1,14.5
1.6,2.0,2.0,2.6,2.9,3.0,3.2,3.2,3.2022832662765968,3.3,3.3,3.3,3.3,3.3,3.3,3.5,3.5,3.5,3.5,3.5,3.5671097311820503,3.6,3.6,3.6,3.6,3.6,3.6,3.694001543934421,3.7,3.7,3.7,3.7,3.8,3.8,3.858468122724821,3.9,3.9,3.9,3.9,4.0,4.0,4.0,4.0,4.159328465857746,4.2,4.2,4.2,4.3,4.3,4.3,4.3,4.4,4.4,4.5,4.5,4.5,4.5,4.5,4.5,4.5,4.5,4.504378489936286,4.6,4.666707318575743,4.797323051621021,4.8,4.9,4.9,4.916416523712721,5.0,5.0,5.1,5.2,5.2,5.2,5.2,5.2,5.2,5.2,5.2,5.2,5.2,5.2,5.3,5.3,5.3,5.3,5.3,5.3,5.4,5.5,5.5,5.5,5.5,5.5,5.5,5.5,5.5,5.500888621543728,5.6,5.6,5.6,5.6,5.6,5.6,5.6,5.69760749012084,5.7,5.7,5.771989073708892,5.993852186295646,6.0,6.0,6.0,6.0,6.0,6.0,6.0,6.1,6.1,6.1,6.2,6.5,6.5,6.5,6.6,6.6,6.6,6.6,6.697472376674125,6.7,6.7,6.7,6.7,6.8,6.872410260810319,7.0,7.033292681424257,7.1,7.1,7.1,7.3,7.3,7.3,7.3,7.3,7.3,7.3,7.3,7.3,7.4,7.606138765668953,7.7,7.8,7.820554724647712,7.959932460047509,8.0,8.1,8.1,8.1,8.1,8.2,8.2,8.2,8.2,8.2,8.2,8.2,8.2,8.2,8.2,8.2,8.3,8.6,8.6,8.9,8.9,8.9,9.1133755544731,9.5,9.5,9.5,9.5,9.540688082251233,9.6,9.6,9.6,9.6,9.9,10.1,10.1,10.1,10.1,10.2,10.3,10.3,10.3,10.3,10.3,12.011491531824344,14.5
2.3961826553316223,2.9,3.1709710278782985,3.3286373428261777,3.4,3.5,3.693170064527562,3.900363130524173,4.102283266276596,4.5,4.792866701553323,5.082474763342478,5.1687759612645445,5.252055558889319,5.3,5.4,5.5,5.8,5.8,5.8,6.0,6.0,6.0,6.059009029819024,6.1,6.2,6.2,6.294001543934421,6.3,6.3,6.356801156119795,6.5,6.5,6.5,6.558468122724821,6.6,6.6,6.6,6.6,6.6,6.6,6.6,6.6,6.659328465857746,6.7000358757198555,6.8,6.8,6.8,6.8,6.8,6.8,6.8,6.8,6.8,6.8,6.8,6.8,6.8,6.9,6.9,6.9,6.9,6.9,6.9,6.9,6.9,7.0,7.087124620470953,7.1,7.1,7.1,7.1,7.1,7.1,7.1,7.1,7.1,7.1,7.1,7.1,7.3,7.3,7.3,7.3,7.3,7.3,7.3,7.3,7.3,7.3,7.3,7.5,7.5,7.5,7.5,7.5,7.5,7.5,7.5,7.5,7.5,7.5,7.5,7.5,7.5,7.5,7.5,7.5,7.5,7.5,7.5,7.5,7.5,7.5,7.5,7.5,7.5,7.5,7.5,7.5,7.5,7.5,7.5,7.5322122237478135,7.6,7.6,7.6,7.6,7.6,7.6,7.7,7.7,7.7,7.7,7.7,7.7,7.7,7.7,7.7,7.7,7.7,7.7,7.792054149709747,7.8,7.8,7.8,7.8,7.8,7.896894888185165,7.9,7.9,8.0,8.0,8.0,8.120554724647713,8.2,8.299964124280137,8.540671534142252,8.6,8.6,8.6,8.6,8.710345542525955,8.8,8.8,8.9,8.9,8.9,8.9,8.9,8.9,8.9,8.9,8.9,8.9,8.9,8.9,8.9,8.9,8.9,8.9,9.1,9.1,9.1,9.1,9.1,9.369780025230785,9.5,9.5,9.5,9.7,9.7,9.7,9.7,9.7,9.7,9.782121732823713,10.1,10.129028972121693,10.5,12.605998684478935
1.4,2.5885084681756565,2.985485513939149,3.2,3.3,3.4797923922871656,3.5,3.7,3.7,3.7,3.8928667015533227,4.0,4.068775961264544,4.1520555588893195,4.2,4.220962783920193,4.486014510074563,4.559311917748766,4.8305129470707024,5.0,5.1,5.2,5.2,5.2,5.3,5.3,5.4,5.4,5.549458281606652,5.603708579780069,5.8,5.8,5.8,5.809575860441376,5.9,5.90640601215474,6.0,6.0,6.0,6.0,6.0,6.1,6.117922626012691,6.2,6.2,6.2,6.3,6.3,6.3,6.3,6.3,6.3,6.5,6.5,6.5,6.5,6.5,6.5,6.507945850290253,6.6,6.6,6.6,6.6,6.6,6.6,6.6,6.6,6.6,6.6,6.6,6.6,6.6,6.6,6.6,6.686222963545816,6.7,6.7,6.7,6.7,6.8,6.8,6.8,6.8,6.8,6.8,6.8,6.8,6.8,6.8,6.8,6.8,6.8,6.8,6.8,6.8,6.8,6.8,6.8,6.8,6.8,6.9,6.9,6.9,6.9,6.9,6.9,6.9,6.9,6.9,6.9,6.9,6.9,6.9,6.972289150783877,7.1,7.1,7.1,7.1,7.1,7.1,7.1,7.1,7.1,7.1,7.1,7.1,7.1,7.1,7.1,7.29494475334825,7.3,7.3,7.3,7.3,7.3,7.3,7.3,7.3,7.3,7.3,7.3,7.459500077641303,7.5,7.5,7.5,7.5,7.5,7.5,7.5,7.5,7.5,7.5,7.5,7.6,7.6,7.6,7.6,7.6,7.6,7.6,7.7,7.7,7.7,7.7,7.7,7.7,7.8,7.8,7.8,7.8,7.8,7.8,7.9,7.9,7.9,8.02074339448539,8.2,8.540990970180975,8.6,8.6,8.665780537635897,8.8,8.8,8.8,8.9,8.9,8.9,8.9,8.9,9.1,9.1,9.1,9.5,9.699273738951648,9.7,9.7,9.7,9.84272531434765,10.129028972121693,12.322983063648689,13.7
0.5,0.5,0.9,1.1,1.2,1.2,1.2,1.2,1.2,1.2,1.3,1.3,1.3,1.3,1.4,1.4,1.4,1.4,1.4,1.5,1.5,1.5,1.5,1.5,1.5,1.6,1.6,1.6,1.6,1.7,1.7,1.7,1.7,1.7,1.8,1.8,1.8,1.8,1.8,1.8,1.8,1.8,1.8,1.8,1.8,1.8,1.8,1.8,1.8,1.8,1.8,1.8,1.8,1.8,1.8,1.8,1.8,1.8,1.8,1.9,1.9,1.9,1.9,1.9,1.9,1.9,1.9,1.9,1.9,1.9,1.9,1.9,1.9,1.9585750512697502,2.0,2.0,2.1,2.1,2.1,2.1,2.1,2.1,2.1,2.1,2.1,2.1,2.1,2.1,2.1,2.1,2.1,2.1,2.1,2.1,2.1,2.2,2.2,2.2,2.2,2.2,2.3,2.3,2.3,2.3,2.3,2.3,2.3,2.4,2.4,2.4,2.4,2.4,2.4,2.4,2.4,2.4,2.4,2.4,2.5,2.5,2.6,2.778884147332195,2.8,2.8,2.8,2.9,2.9,2.9,2.9,2.9,2.9,2.9,2.9,2.9,2.9,2.9,2.9,2.9,3.0,3.0,3.0,3.0,3.1,3.1,3.1,3.1,3.1,3.1,3.1,3.1,3.1,3.1,3.1,3.1,3.1,3.1,3.1,3.1,3.1,3.1,3.1,3.2,3.2,3.2,3.2,3.2,3.2,3.290424139558621,3.3,3.3,3.5,3.5,3.5,3.5,3.625427455712861,3.7,3.7,3.7,3.7,3.7,3.7,3.7,3.769487052929304,3.9,3.9139854899254374,4.0,4.1,4.2958888822213686,4.4,4.4,4.4,4.4,4.5954334674467985,4.6,5.006829935472439,5.2,5.6,6.0,6.1,6.3,6.8
0.49836399514212393,0.9,1.2,1.3,1.4,1.4,1.6,1.6,1.6,1.6996092814346326,1.7,1.7,1.7,1.7,1.7,1.7,1.7,1.7,1.8305129470707022,1.9,1.9,1.9,1.9,2.0,2.0,2.0,2.0,2.0,2.0,2.0,2.0,2.0,2.0,2.0,2.0,2.0,2.0,2.0,2.0,2.0,2.0,2.0,2.017922626012691,2.1,2.1,2.1,2.1,2.1,2.1,2.1,2.1,2.1,2.106210223629671,2.3,2.3,2.3,2.4,2.5,2.5,2.5,2.5,2.5,2.5,2.5,2.5,2.5,2.5,2.5,2.6,2.6,2.6,2.7,2.7,2.7,2.7,2.7,2.7,2.7,2.7,2.7,2.7474948492296107,2.8,2.8,2.9,2.9,2.9769201272425163,3.0,3.0277108492161204,3.1,3.1,3.1,3.1,3.1,3.1,3.1,3.1,3.1,3.1,3.1,3.1,3.2,3.3,3.3,3.3,3.3,3.3,3.3,3.3,3.3,3.3,3.396926093147823,3.4,3.4,3.4,3.5,3.5,3.5,3.5,3.5,3.5,3.6,3.6,3.6,3.6,3.6,3.6,3.6,3.6,3.7,3.7,3.7,3.7,3.7,3.7,3.7,3.7,3.702676948378985,3.8,3.8,3.8,3.8,3.8,3.8,3.8,3.8,3.9,3.9,3.9,3.9,3.9,3.9,3.9,3.9,3.9,3.9,4.0,4.0,4.0,4.0,4.0,4.0,4.1,4.2,4.2,4.2,4.2,4.2,4.2,4.2,4.2,4.2,4.2,4.2,4.2,4.2,4.2,4.360295068574465,4.5,4.6,4.6,4.6,4.6,4.738974105858608,4.8,4.9,4.9,4.967445006307696,5.047944441110684,5.1,5.2,5.2,5.200390718565365,5.3,5.3,5.3,5.9,5.941060866411857,6.1,6.3,6.689364414780431,7.425630742773638
0.8978186601894985,1.2,1.2,1.2,1.3,1.3,1.3,1.4,1.4022832662765963,1.5,1.6,1.6,1.6,1.6,1.7,1.7,1.7,1.7,1.7,1.7,1.7,1.7,1.7,1.7,1.7,1.8,1.9,1.9,1.9,1.9,1.9,1.9,1.9,1.9,1.9,2.0,2.0,2.0,2.0,2.0,2.0,2.0,2.0,2.0,2.0,2.0,2.079445275352288,2.1,2.1,2.1,2.1,2.1,2.2,2.2,2.3,2.3,2.3,2.3,2.3,2.3404999223586853,2.4,2.5,2.5,2.5,2.5,2.5,2.5,2.5,2.5,2.5,2.5,2.5,2.5,2.5,2.6,2.6,2.6,2.6,2.6,2.6,2.6,2.6,2.6,2.7,2.7,2.7,2.7,2.7,2.7,2.7,2.8,2.8,2.8,2.8,2.8,2.9,2.9,2.976311592408004,3.0008886215437287,3.1,3.1,3.1,3.1,3.1,3.1,3.1,3.1,3.1,3.1,3.2,3.2,3.3,3.3,3.3,3.3,3.3,3.3,3.4,3.4,3.4,3.5,3.5,3.5,3.532212223747814,3.6,3.6,3.6,3.6,3.6,3.6,3.6,3.6545931739625814,3.7,3.7,3.7,3.7,3.7,3.7,3.764269946863908,3.8,3.8,3.8,3.8,3.9,3.9,3.9,3.9,3.9,3.9,3.9,3.9,3.9,3.9,3.9,3.9,3.9,3.9999641242801376,4.0,4.0,4.0,4.0,4.0,4.0,4.0,4.0,4.0,4.041531877275179,4.1,4.2,4.2,4.2,4.2,4.2,4.2,4.2,4.2,4.2,4.3409909701809735,4.403343888618275,4.5,4.6,4.6,4.669487052929304,4.7,4.8,4.9,4.9,4.9479444411106845,5.1,5.117525236657525,5.2,5.2,5.297716733723399,5.3,5.3,5.3,5.3,5.9,6.014514486060847,6.277872882956086,6.841990791352555
0.5,0.5,0.5,0.8,0.8,0.8,0.8,0.9,0.9,0.9,0.9,0.9,0.9,0.9,0.9,0.9,0.9,0.9,0.9,0.9,0.9,0.9,0.9,0.9590090298190248,1.0,1.1,1.1,1.1,1.1,1.1,1.1,1.2,1.2,1.2,1.2,1.2,1.2,1.2,1.2,1.2,1.2,1.2,1.2,1.2,1.2,1.2,1.3,1.3,1.3,1.3,1.3,1.3,1.3,1.3,1.3,1.3,1.3,1.3,1.3,1.3,1.3,1.3,1.3,1.3,1.3,1.3,1.3,1.3,1.3,1.3,1.3,1.3,1.3,1.35857505126975,1.4,1.4,1.5,1.5,1.5,1.5,1.5,1.5,1.5,1.6,1.6,1.6,1.6,1.6,1.6,1.6,1.7,1.7,1.7,1.7,1.7,1.7,1.7,1.7,1.7,1.8,1.8,1.8,1.8,1.8236884075919988,1.9,1.9,1.9,1.9,1.9,1.9,1.9,1.9,1.9,1.9,1.9,1.9,1.9,1.9,1.9,1.9,1.9,1.9,1.9,1.9,1.9,1.9,1.9,1.9,1.9,1.9,1.9,1.9,2.0,2.0,2.0,2.0,2.1,2.1,2.1,2.1,2.1,2.1,2.1,2.1,2.1,2.2,2.2,2.3,2.3,2.3,2.3,2.3,2.3,2.3,2.3,2.3,2.3,2.3,2.3,2.3,2.4,2.4,2.4,2.4,2.4,2.4,2.4,2.4,2.4,2.49121831144011,2.543198843880208,2.6,2.6,2.6,2.6,2.6,2.6,2.8,2.903343888618275,3.0,3.1,3.1,3.269487052929304,3.3813761645024667,3.5,3.5,3.5,3.5,3.5,3.5,3.5,3.7,3.7,3.7,3.9,3.9,3.9,3.9,4.0,4.9778728829560865,5.10054533495263
1.1978186601894985,1.2,1.3,1.4286373428261778,1.6,1.6797923922871658,1.7,1.9,1.9,1.9996092814346327,2.0,2.0,2.0,2.0,2.1,2.1104813919600964,2.2860145100745632,2.3,2.3,2.3,2.4,2.5,2.5,2.5,2.5,2.5,2.5,2.5,2.5,2.5,2.5,2.5,2.5,2.5,2.5,2.5,2.6,2.6,2.6,2.6,2.6,2.6,2.6,2.6,2.6000358757198554,2.7,2.7,2.7,2.7,2.7,2.7,2.7,2.7,2.7,2.7,2.7,2.7415378870321603,2.8,2.8,2.8,2.8,2.8,2.8,2.8,2.8,2.8,2.857519604410663,3.0,3.0,3.0,3.0,3.0,3.0,3.1,3.1,3.1,3.1,3.1,3.1,3.1,3.1,3.1,3.1,3.1,3.1,3.1,3.1,3.2,3.2,3.2,3.3,3.3,3.3,3.3,3.3,3.3,3.3517089421772566,3.4,3.5,3.5,3.5,3.5,3.5,3.5,3.5,3.5,3.5,3.5,3.5471294307578547,3.6,3.6,3.6,3.6,3.6,3.6,3.6,3.6,3.67439350157847,3.7,3.7,3.7,3.7,3.7,3.7,3.7591808414844934,3.8,3.8,3.8,3.8,3.9,3.9,3.9,3.9,3.9128753795290434,4.0,4.0,4.0,4.0,4.0,4.1,4.2,4.2,4.2,4.2,4.2,4.2,4.2,4.4,4.4,4.5,4.5,4.5,4.5,4.5,4.520554724647712,4.6,4.6,4.6,4.6,4.6,4.6,4.7,4.7,4.8,4.8,4.9,4.9,4.9904241395586215,5.0,5.09121831144011,5.1,5.1,5.1,5.1,5.16271372785643,5.2,5.2,5.2,5.2,5.267282571585736,5.3,5.3,5.3,5.3,5.3,5.3,5.3,5.3,5.3,5.5,5.507133298446678,5.6003907185653645,5.897716733723399,6.1,6.2,6.2,6.3,6.3,6.6145144860608465,7.555745765912172,7.902726674763153
0.6989093300947492,0.9,1.1854855139391491,1.2,1.2,1.2,1.2,1.2,1.2,1.2,1.2,1.2,1.2,1.2520555588893196,1.3,1.3,1.3,1.3,1.3,1.3,1.3,1.4,1.5933122227634613,1.6,1.6,1.6,1.6,1.7,1.7,1.7,1.7,1.7,1.7,1.8,1.8,1.8,1.8,1.8,1.9,1.9,1.9,1.9,1.9,1.959328465857746,2.0,2.0,2.0,2.0,2.0,2.0,2.1,2.1,2.1,2.1,2.1,2.1,2.1,2.1749633088836164,2.2,2.2404999223586857,2.3,2.3,2.3,2.3,2.3,2.3,2.3,2.3,2.3,2.345406826037424,2.4,2.4,2.4,2.4,2.4,2.4,2.4,2.4,2.4,2.4,2.447494849229611,2.5,2.5,2.5,2.5,2.5,2.5,2.5,2.5,2.5,2.5,2.5,2.5,2.5,2.5,2.5,2.5,2.5,2.5,2.5,2.5,2.5,2.5,2.5,2.5,2.5,2.5,2.5,2.5,2.5,2.5,2.5,2.5,2.5,2.5,2.5,2.5,2.5,2.5,2.5,2.5,2.5,2.5,2.532212223747814,2.6,2.6,2.6,2.6,2.6,2.6,2.6,2.6,2.6,2.6,2.6,2.6724102608103184,2.7,2.7,2.7,2.7,2.7,2.7,2.7,2.7,2.7,2.7,2.7,2.7,2.7968948881851645,2.8,2.8,2.8,2.8,2.8,2.8,2.8,2.8,2.8,2.8,2.8,2.8,2.9,2.9,2.9,2.9,2.993593987845253,3.0,3.0,3.1,3.1,3.1,3.1,3.1,3.1,3.1,3.1,3.1,3.2,3.2033438886182752,3.3,3.3,3.3,3.3,3.4,3.4,3.5,3.6,3.6,3.7,3.7,3.8,3.9,3.9,4.0,4.0,4.1,4.2,4.2,4.5,4.6,5.303817344668414
0.5,0.7,0.7,0.7286373428261779,0.8,0.8,0.8,0.9,0.9,0.9,0.9,0.9,0.9,0.9,1.0325549936923017,1.1,1.1,1.1,1.1,1.1,1.1,1.1,1.1,1.1,1.1,1.1,1.1,1.1,1.1,1.1,1.1,1.1,1.1,1.1,1.1,1.1,1.1,1.1,1.1,1.1,1.1,1.1,1.1,1.1,1.1,1.1,1.1,1.1,1.1,1.1,1.1,1.1,1.1,1.1,1.1,1.1,1.1,1.1,1.2,1.2,1.2,1.2,1.2,1.2,1.2,1.2,1.2,1.2,1.2,1.2,1.2,1.2,1.2,1.2,1.2,1.2,1.2,1.2,1.3,1.3,1.3,1.3,1.3,1.3,1.3,1.3,1.3,1.3,1.3,1.3,1.3,1.3,1.3,1.3,1.3,1.3,1.3,1.3,1.3,1.3,1.3,1.3,1.3,1.3,1.3,1.3,1.3,1.3,1.3,1.3,1.3,1.3,1.3,1.3,1.3,1.3,1.3,1.3,1.3,1.3,1.3,1.3,1.3,1.3,1.3,1.3,1.3,1.3,1.3,1.3,1.3,1.3,1.3,1.3,1.3,1.3,1.3,1.3,1.3,1.3,1.3,1.3,1.3,1.325036691116378,1.4,1.4,1.5,1.5,1.5,1.5,1.5,1.5,1.6,1.6,1.6,1.6599324600475085,1.7,1.7,1.7,1.7,1.7,1.7,1.7,1.7,1.7,1.7,1.8,1.8,1.8,1.8,1.8,1.8,1.8505417183933504,1.9,1.9,1.9,1.9801475342872323,2.0,2.0,2.0,2.0328902688179484,2.1,2.1,2.1,2.1,2.1,2.1,2.1,2.1,2.2,2.207133298446678,2.3,2.3,2.3,2.4,2.4,2.4,2.571362657173825,3.1,3.2557457659121725,3.5
0.5,0.5,0.5,0.7,0.8,0.8,0.8,0.9,0.9,0.9,0.9,0.9,0.9,0.9,0.9,0.9,0.9,0.9,0.9305129470707023,1.0997417543889867,1.1,1.1,1.1,1.1,1.1,1.1792566055146068,1.2,1.2,1.2,1.2,1.2,1.2,1.2,1.2,1.2,1.2,1.2,1.2,1.2,1.2,1.2,1.2,1.2,1.259328465857746,1.3,1.3,1.3,1.3,1.3,1.3,1.3,1.3,1.3031051118148356,1.438454272860062,1.5,1.6,1.6,1.6,1.6,1.6,1.6,1.6,1.6,1.7,1.7,1.7,1.7,1.7,1.7,1.8,1.8,1.8,1.8,1.8,1.8,1.8,1.9,1.9,1.9,1.9,1.9,1.9,1.9,1.9,1.9,1.9,1.9,1.9,1.95293269309945,2.0,2.0,2.0,2.0,2.0,2.0,2.027072108449437,2.1,2.1,2.1,2.1,2.1,2.1,2.1,2.1,2.1,2.1,2.1,2.1,2.1,2.1,2.196926093147823,2.2,2.2,2.2722891507838767,2.3,2.3,2.3,2.3,2.3,2.3,2.3,2.3,2.3,2.3,2.3,2.3,2.3,2.3,2.369319877160609,2.4,2.4,2.4,2.4,2.4,2.4,2.4,2.4,2.4,2.4,2.4,2.4,2.4,2.4,2.4,2.4,2.4,2.4,2.4,2.5,2.5,2.5,2.6,2.6,2.6,2.6,2.6,2.6,2.6,2.6,2.6,2.6,2.6,2.6,2.6,2.6,2.6,2.6,2.6,2.7403068909801562,2.8,2.8,2.8,2.9,2.9,2.9,2.9,2.9,3.0,3.1,3.1,3.1328902688179485,3.2,3.2,3.3,3.3,3.3,3.3,3.5,3.5,3.5,3.5,3.5,3.6977167337233996,3.7,3.7,3.8202076077128364,3.9,3.9,4.1145144860608465,4.4,4.802726674763153
0.5,0.7221271170439142,0.8,0.9,0.9,0.9,0.9,0.9,0.9,0.9,1.0928667015533229,1.1,1.1,1.1,1.1,1.1,1.1,1.1,1.1,1.1,1.2,1.2,1.2,1.2,1.2,1.2,1.2,1.2,1.2,1.2,1.2,1.2,1.2,1.2,1.2,1.2,1.2,1.2,1.2,1.2,1.2329201988926883,1.3,1.3,1.3,1.3,1.3,1.3,1.3,1.3,1.3,1.3,1.3,1.3,1.3,1.3,1.3,1.3,1.3,1.3,1.3,1.3,1.3,1.3,1.3,1.3,1.3,1.3,1.3,1.3164165237127208,1.4,1.4,1.5,1.5,1.5,1.5,1.5,1.5408191585155009,1.6,1.6,1.6,1.6,1.6,1.6,1.6,1.6,1.6,1.6,1.6,1.6,1.6,1.7,1.7,1.7,1.7,1.7,1.7,1.7,1.7,1.7,1.7,1.8,1.8,1.8,1.8,1.8,1.8,1.8,1.8,1.8,1.8,1.8,1.9,1.9,1.9,1.9,1.9,1.9,1.9,1.9,1.9,1.9,1.9,1.9,1.9,1.9,1.9,2.0,2.0,2.0,2.0,2.0258931733306893,2.1,2.1,2.1,2.1,2.1,2.1,2.1,2.1,2.1,2.1,2.1,2.1,2.1,2.1,2.2,2.2,2.3,2.3,2.3,2.3,2.3,2.3,2.3,2.3,2.3,2.3,2.3,2.3,2.4,2.4,2.4,2.4,2.4,2.4,2.4,2.4,2.4,2.4,2.4,2.4,2.4,2.4,2.4,2.4,2.4,2.4,2.4409909701809736,2.5,2.5672825715857357,2.6,2.6,2.6,2.6,2.6,2.6,2.6674450063076964,2.8,2.8312240387354506,2.9,3.0,3.1,3.1,3.1,3.206829935472439,3.5,3.7,3.7,3.9,3.9,4.4
0.5,0.5221271170439141,0.7854855139391493,0.8,0.8589391335881382,0.9,0.9,0.9,0.9,0.9,0.9,0.9,0.9,0.9,0.9,0.9,0.9,0.9,0.9,0.9,0.9,0.9,0.9,0.9,0.9,0.9,0.9,0.9,1.0,1.00370857978007,1.1,1.1,1.1,1.1,1.1,1.1,1.1,1.1,1.1,1.1,1.1,1.1,1.1,1.1,1.1,1.1,1.1794452753522875,1.2,1.2,1.2,1.2,1.2,1.2,1.2,1.2,1.2,1.2,1.2,1.2,1.2,1.2,1.2,1.2,1.2,1.2,1.2,1.2,1.2,1.2,1.2,1.2,1.2,1.3,1.3,1.3,1.3,1.3,1.3,1.3,1.3,1.3,1.3,1.3,1.3,1.3,1.3,1.3,1.3,1.3,1.3,1.3,1.3,1.3,1.3,1.3,1.3,1.3,1.3,1.3,1.3,1.3,1.3,1.3,1.3,1.3,1.3,1.3,1.3,1.3,1.3,1.3,1.3,1.3,1.4,1.4,1.5,1.5,1.5,1.5,1.5,1.5,1.5,1.5,1.6,1.6,1.6,1.6,1.6,1.6,1.6,1.6,1.6,1.6,1.6,1.6424803955893423,1.7,1.7,1.7,1.7,1.7,1.7,1.7,1.7,1.8,1.8,1.8,1.8,1.8,1.8,1.8,1.8,1.8,1.8,1.8,1.8,1.8599324600475085,1.9,1.9,1.9,1.9,1.9,2.0,2.0,2.0,2.1,2.1,2.1,2.1,2.1,2.1,2.1,2.1,2.1,2.1,2.2,2.2,2.3,2.3,2.3,2.3,2.3,2.3,2.3,2.3,2.4,2.4,2.4,2.4,2.4,2.4,2.6,2.6,2.6,2.6,2.706829935472439,2.8,3.0,3.1,3.1,3.477872882956086,3.9
1.7994546650473746,2.3,2.3,2.5,2.5,2.7,2.8,2.8,2.9,2.9,2.9,3.0,3.1,3.1,3.1,3.1,3.1860145100745636,3.2593119177487657,3.3,3.4,3.4,3.4,3.4,3.4,3.4,3.4,3.4372862721435706,3.594001543934421,3.6,3.6,3.6,3.6,3.6,3.6,3.6,3.6,3.6,3.6,3.7,3.7,3.7,3.7,3.7,3.7,3.7,3.7,3.8,3.8,3.8,3.8,3.8,3.867234718804218,3.9,3.9,3.9,3.9,3.9,3.9,3.9,3.9,3.9,3.9,4.0,4.0,4.097323051621021,4.1,4.1,4.1,4.1,4.1,4.1,4.1,4.1,4.1,4.1,4.1,4.1,4.1,4.1,4.1,4.14749484922961,4.2,4.2,4.3,4.3,4.3,4.3,4.3,4.3,4.3,4.3,4.3,4.3,4.3,4.3,4.3,4.351708942177257,4.4,4.4,4.4,4.4,4.4,4.4,4.4,4.4,4.4,4.4,4.4,4.4,4.4,4.4,4.4,4.4,4.4,4.4,4.4,4.4,4.4,4.4002692641843915,4.5,4.5,4.5,4.5,4.5,4.5,4.5,4.5,4.5,4.5,4.5,4.5,4.5,4.5,4.6,4.6,4.6,4.6,4.6,4.6,4.6,4.6,4.6,4.6,4.6,4.6,4.6,4.6,4.6,4.6,4.6,4.6,4.6,4.6,4.6,4.6,4.6,4.799964124280137,4.840671534142251,5.0,5.0,5.0,5.0,5.0,5.1,5.1,5.1,5.1,5.2,5.3,5.3,5.3,5.4,5.45054171839335,5.9,5.9,5.9,5.9,5.9,5.9,5.9,6.2,6.3,6.4,6.4,6.5,6.5,6.5,6.5,6.7,6.7,6.7,6.7,6.895433467446799,7.298547477903298,7.4,7.4,7.6,7.6,7.6145144860608465,8.3,12.5
1.4,1.5221271170439141,1.8,2.0,2.0,2.0797923922871657,2.193170064527562,2.200363130524173,2.3,2.3,2.3928667015533227,2.4,2.4,2.4520555588893194,2.5,2.5,2.5,2.5,2.7,2.7,2.7,2.732717428414268,2.8,2.8,2.8,2.9,2.9,2.9,2.9,2.9,2.9,3.0,3.0,3.1,3.1,3.2,3.2,3.2,3.3,3.3,3.3,3.3,3.317922626012691,3.4,3.4,3.4,3.4,3.4,3.4,3.4,3.4,3.4,3.4,3.4,3.4,3.507654785822831,3.6,3.6,3.6,3.6,3.6,3.6,3.6,3.6,3.6,3.6,3.6,3.6,3.6,3.6,3.6,3.6,3.6,3.6,3.6,3.6,3.6,3.6,3.6,3.7,3.7,3.7,3.7,3.7,3.7,3.7,3.7,3.7,3.7,3.7,3.7,3.7,3.8,3.8,3.8,3.8,3.8,3.8,3.9,3.9,3.9,3.9,3.9,3.9,3.9,3.9,3.9,3.9,3.9,3.9719890737088916,4.0,4.1,4.1,4.1,4.1,4.1,4.1,4.1,4.1,4.1,4.1,4.1,4.1,4.1,4.1,4.1,4.1,4.1,4.1,4.1,4.1,4.1,4.1,4.2,4.2,4.2,4.2,4.2,4.264269946863908,4.3,4.3,4.3,4.3,4.3,4.3,4.3,4.3,4.3,4.3,4.3,4.3,4.306138765668953,4.4,4.4,4.4,4.4,4.4,4.4,4.4,4.4,4.4,4.4,4.4,4.4,4.4,4.4,4.4,4.4904241395586215,4.5,4.5,4.5,4.5,4.5,4.5,4.5,4.5,4.5801475342872315,4.6,4.6,4.6,4.6,4.6,4.6,4.6,5.0,5.1,5.1,5.2,5.2312240387354505,5.3,5.3,5.6,5.893150201170198,5.9,5.9,6.120207607712836,6.3,6.471362657173825,6.514514486060847,6.7,7.401636004857892
0.5,0.8,0.9,1.1,1.2589391335881381,1.3,1.3,1.3,1.3,1.3,1.3,1.3,1.3,1.3,1.3,1.4,1.4,1.4,1.4,1.4,1.4,1.4,1.4,1.4,1.4,1.4,1.4,1.4,1.4,1.4,1.4,1.4,1.4,1.4,1.4,1.4,1.4,1.4,1.4,1.4,1.4,1.4,1.4,1.4,1.4,1.4,1.4,1.4,1.4,1.4,1.4,1.4,1.4,1.4,1.4,1.4,1.4,1.4,1.4,1.4,1.4,1.4,1.4,1.4,1.4,1.4,1.4575196044106633,1.5,1.5,1.5,1.5,1.5,1.5,1.5,1.5,1.5,1.6,1.6,1.6,1.6,1.6,1.6,1.6,1.6,1.7,1.7,1.7,1.7,1.7,1.7,1.7,1.7,1.7,1.7,1.7,1.7,1.7,1.7,1.7,1.7,1.7,1.7,1.7,1.7,1.7,1.7,1.7,1.7,1.7,1.7719890737088917,1.8,1.8,1.8,1.8,1.8,1.8,1.8,1.8,1.8,1.8,1.8,1.8,1.8,1.8,1.8,1.8,1.8,1.8,1.9,1.9,1.9,2.0,2.0,2.0,2.0,2.0,2.1,2.1,2.1,2.1,2.1,2.1,2.1,2.2,2.2,2.2,2.2,2.2,2.2,2.2,2.2,2.2,2.2,2.2,2.2,2.2,2.2999641242801374,2.3,2.3,2.4,2.4,2.4,2.4,2.5,2.5,2.693593987845253,2.7,2.7,2.7,2.7,2.7,2.7,2.7,2.7,2.7,2.7,2.7,2.7,2.7033438886182752,2.8,2.8,2.8,2.8,2.9,3.0,3.0,3.0,3.0,3.1,3.1,3.2,3.3,3.4977167337233994,3.5,3.5,3.5,3.5,3.5,3.5,3.9,4.101636004857891
0.5,0.9,1.0,1.4,1.5178782671762765,1.6,1.7,1.8,1.9,2.0,2.0,2.0,2.0687759612645444,2.1,2.2,2.2,2.2,2.2,2.2,2.2997417543889864,2.3,2.3,2.4,2.5,2.5,2.6,2.7,2.7,2.7,2.8,2.8,2.8,2.8,2.8,2.8,2.8,2.8,2.8,2.9,2.9,2.9,2.9,3.0,3.0,3.1,3.1,3.1,3.1,3.1,3.1,3.1,3.1,3.1,3.1,3.1,3.1,3.1,3.1,3.2,3.2,3.2,3.2,3.235730053136092,3.3,3.3,3.3275897391896874,3.4,3.4,3.4,3.4,3.4,3.4,3.4,3.4,3.4,3.4,3.4,3.5,3.5,3.521115852667802,3.6,3.6,3.6,3.6,3.6,3.6769201272425165,3.7,3.7,3.7,3.7,3.7030739068521825,3.8,3.8,3.8,3.8,3.8,3.8,3.8,3.8,3.8,3.8,3.8,3.8,3.8,3.8,3.8,3.8,3.8,3.8,3.8719890737088916,3.9,3.9,3.9,3.9,3.9,3.9,3.948666772365334,4.0,4.0,4.0,4.0,4.0,4.1,4.1,4.1,4.1,4.1,4.141424948730241,4.2,4.2,4.2,4.2,4.2,4.3,4.3,4.3,4.4,4.4,4.4,4.4,4.4,4.4,4.4,4.4,4.4,4.4,4.4267012041614295,4.5,4.5,4.5,4.5,4.5,4.5,4.6,4.620554724647712,4.7,4.7,4.7,4.7,4.8,4.8,4.8,4.8,4.9,4.9,4.9,4.9,4.9,4.9,4.9,5.0,5.0,5.0,5.1,5.1,5.1,5.1,5.1,5.1,5.1,5.132890268817948,5.3,5.3,5.3,5.313985489925437,5.4,5.5,5.6,5.631224038735451,5.7,5.7,5.9,5.997716733723399,6.1,6.2,6.3,6.3,6.3,6.514514486060847,6.755745765912172,7.412542703910503
0.2,0.5,0.6709710278782985,0.9,0.9,1.0,1.0,1.0,1.0,1.0,1.0,1.1649495266849554,1.2,1.3,1.4,1.4,1.4,1.5593119177487658,1.6,1.6,1.7,1.7,1.7,1.7,1.8,1.8,1.8,1.8,2.0,2.0,2.0,2.0,2.1,2.109575860441376,2.2,2.2,2.2,2.2,2.2,2.2,2.2,2.2,2.3,2.3,2.3,2.3,2.3,2.3,2.3563222283256664,2.4,2.430825981018876,2.5,2.5,2.5,2.5,2.6,2.6,2.6,2.7,2.7,2.7,2.7,2.735730053136092,2.8,2.8,2.8,2.8,2.8,2.8,2.8,2.8,2.8,2.8,2.8,2.8,2.8,2.8,2.8677877762521886,2.9,2.9,2.9,2.9,2.9,2.9,2.9513332276346604,3.0,3.0,3.0277108492161204,3.1,3.1,3.1,3.1,3.1,3.1,3.1,3.1,3.1,3.1,3.2,3.2,3.2,3.2,3.2,3.223688407591999,3.3,3.3,3.3,3.4,3.4,3.4,3.4,3.4,3.5,3.5,3.5,3.6,3.6,3.6,3.6,3.6,3.7,3.7,3.7,3.7,3.8,3.8,3.8,3.8,3.8,3.8,3.8,3.8,3.8,3.8,3.8,3.8,3.8,3.8,3.8,3.8956215100637164,3.9,3.9,3.9,3.9,3.9,3.9,3.9,3.9,3.9,3.9,4.0,4.0,4.0,4.0,4.1,4.1,4.1,4.1,4.2,4.2,4.2,4.2,4.2,4.3,4.3,4.4,4.4,4.4,4.4,4.4,4.5,4.5962914202199325,4.650541718393351,4.7,4.7,4.7,4.8,4.8,4.9,4.9,4.9,4.9,5.0,5.1,5.1,5.1,5.1,5.1,5.1,5.1,5.1,5.3,5.3,5.499273738951649,5.6068299354724385,5.9,6.1,6.3,6.3,6.5,6.804362679621044
0.2,0.2,0.2,0.5,0.5,0.5,0.5,0.5,0.5,0.5,0.6928667015533229,0.7824747633424778,0.8,0.8,0.8,0.8,0.8,0.8593119177487658,0.9,0.9,0.9,0.9,0.9,0.9,0.9,1.0,1.0,1.0,1.0,1.0,1.0,1.0,1.0,1.0,1.0,1.0,1.0,1.0,1.0,1.0,1.0,1.0,1.0,1.0,1.0,1.1,1.1,1.2,1.2,1.2,1.2,1.2,1.2,1.2,1.2,1.3,1.3,1.3,1.3,1.3,1.3,1.3,1.3,1.3,1.3,1.4,1.4,1.4,1.4,1.4,1.4,1.4,1.4306801228393908,1.5,1.5,1.6,1.6,1.6,1.6,1.6,1.6,1.6,1.6,1.6,1.6,1.6,1.6,1.6,1.6,1.6,1.6,1.6,1.6,1.6,1.6,1.6,1.6,1.6,1.6,1.6,1.6,1.6,1.6,1.6,1.6,1.6,1.6,1.7,1.7,1.7,1.7,1.7,1.7,1.7,1.7,1.7,1.7,1.7,1.7,1.7,1.7,1.7,1.7,1.7322122237478141,1.8,1.8,1.8,1.8,1.8,1.8,1.8,1.8,1.8835834762872876,1.9128753795290434,2.0,2.0,2.0,2.0,2.0,2.1,2.1,2.2,2.2,2.2,2.2,2.2,2.3,2.3,2.3,2.3327652811957815,2.4,2.4,2.4,2.4,2.5,2.5,2.5,2.5,2.5820773739873064,2.6,2.6,2.6,2.6,2.6,2.6465762418859984,2.7,2.7,2.8,2.8,2.8,2.8,2.8,2.8,2.8,2.8,2.8,2.8,2.8409909701809735,2.9,2.9,2.9,2.9,2.9,3.0,3.0,3.0,3.0,3.0,3.1,3.1,3.2,3.2,3.3,3.5996368694758245,3.7,3.9,3.9,3.9,4.1145144860608465,4.4,4.9
1.6994546650473745,2.0,2.1,2.1,2.258939133588138,2.3,2.4,2.5,2.5,2.5,2.6,2.6,2.7,2.7,2.7,2.7104813919600965,2.8,2.8,2.8,2.8,2.8,2.8,2.9,2.9,2.9,3.0,3.0372862721435707,3.1,3.1,3.1,3.1,3.1,3.1,3.109575860441376,3.2,3.3,3.3,3.3,3.3,3.3,3.3,3.3,3.3,3.3,3.3,3.3,3.3,3.3181900885031634,3.4,3.5,3.5,3.5,3.5,3.5,3.5,3.5,3.5415378870321605,3.6,3.6,3.6,3.6,3.6,3.6,3.6,3.7,3.7,3.757519604410663,3.8,3.8,3.8,3.8,3.8,3.8,3.8,3.8,3.8,3.8,3.8,3.9,3.9,3.9,3.9,3.9,3.9,3.9,3.9,3.9,3.9,3.9,3.9,3.9,3.9,3.9,3.9,3.9023925098791605,4.0,4.0,4.0,4.0,4.0,4.0,4.0,4.0,4.0,4.0,4.0,4.0,4.0,4.0,4.0,4.0,4.0,4.0,4.0,4.097623680861141,4.123079872757484,4.2,4.2,4.2,4.226303351929255,4.3,4.3,4.3,4.332212223747814,4.4,4.4,4.4,4.4,4.5,4.5,4.525893173330689,4.6,4.6,4.6,4.6,4.6,4.6,4.6,4.6,4.6,4.6,4.6,4.6,4.6,4.6,4.6,4.6,4.7,4.7,4.7,4.7,4.8,4.8,4.881809911496833,4.9,4.9,4.9,5.0,5.0,5.0,5.0,5.0,5.1,5.1,5.1,5.1,5.1,5.1,5.1,5.2,5.2,5.2,5.3,5.3,5.3,5.3,5.3,5.3,5.3,5.467282571585736,5.5,5.5,5.5,5.5,5.5,5.589518608039906,5.734890012615392,5.9,5.9,6.2,6.2,6.2,6.2,6.3,6.4,6.520207607712837,6.682121732823713,6.9,7.3,7.533618648868258,7.701090669905262
1.8983639951421238,2.1,2.1,2.3,2.4,2.5,2.5,2.500363130524173,2.6,2.6,2.7,2.7,2.8,2.8,2.8,2.8,2.9,2.9,2.9,2.9,3.0,3.0,3.0,3.1,3.1,3.1,3.1,3.1,3.1,3.2,3.3,3.3,3.3,3.3,3.3,3.3,3.3,3.3,3.3,3.3,3.3,3.3,3.4,3.5,3.5,3.5,3.5,3.5181900885031636,3.6,3.6,3.6,3.6,3.6,3.7,3.7,3.7,3.7,3.7,3.7,3.7,3.7,3.7043784899362864,3.8,3.8,3.8,3.8,3.8,3.8,3.8,3.8,3.8,3.8,3.8,3.9,3.9,3.9,3.9,3.9,3.9,3.9,3.9,3.9,3.9,3.9,3.9,3.9,3.9,3.9,3.9,3.9,3.9,3.9,3.9,3.9,3.9,3.9,4.0,4.0,4.0,4.0,4.0,4.0,4.0,4.0,4.0,4.0,4.0,4.0,4.0,4.0,4.0,4.0,4.0,4.0,4.0,4.0,4.1,4.1,4.100269264184391,4.2,4.2,4.2,4.2,4.232212223747814,4.3,4.3,4.3,4.3,4.3,4.397472376674125,4.4,4.4,4.483583476287288,4.512875379529044,4.6,4.6,4.6,4.6,4.6,4.6,4.6,4.6,4.6,4.6,4.6,4.6,4.6,4.6,4.6,4.6,4.6,4.6,4.6,4.6,4.6,4.6,4.6,4.640671534142251,4.7,4.7,4.7,4.7,4.7,4.7,4.7465762418859985,4.8,4.8,4.8,4.8,4.9,5.0,5.0,5.0,5.0,5.0,5.0,5.0,5.0,5.003343888618275,5.1,5.1,5.1,5.1,5.1,5.1,5.1,5.167445006307696,5.3,5.3,5.3,5.3,5.300390718565365,5.5,5.5,5.5,5.6,5.723182599235571,6.0,6.4,6.755745765912172,7.702181339810522
0.5,0.7,0.8,0.8,0.8,0.8,0.8,0.9,0.9,0.9,0.9,0.9,1.1,1.2,1.2,1.2,1.2,1.2,1.2,1.2,1.2,1.2,1.2,1.3,1.3,1.3,1.3,1.3,1.3,1.3,1.3568011561197948,1.4,1.4,1.4,1.4,1.40640601215474,1.5,1.5,1.5,1.5,1.5,1.6,1.6,1.6,1.6,1.6,1.6794452753522875,1.7,1.7,1.7,1.7,1.7,1.7,1.7,1.7,1.7,1.7,1.7,1.7,1.7,1.7,1.7,1.7,1.7,1.7,1.7,1.7,1.7,1.7,1.7,1.7,1.8,1.8,1.8,1.8,1.8,1.8,1.8,1.8,1.8,1.8,1.8,1.8,1.8,1.8,1.8,1.8,1.8,1.8,1.8780507617360143,1.9,1.9,1.9,1.9,1.9,1.9,1.9,2.0,2.0,2.0,2.0,2.0,2.0,2.0,2.0,2.0,2.0,2.0,2.0,2.0,2.0,2.1,2.1,2.1,2.1,2.1,2.1,2.1,2.1,2.1,2.1,2.1,2.2,2.2,2.2,2.2863657473303136,2.3,2.3,2.3,2.3,2.3,2.3,2.3,2.3,2.3,2.3,2.3,2.3,2.3,2.3,2.3,2.3,2.3,2.3,2.3,2.3,2.3,2.3,2.3,2.3,2.3,2.3,2.3,2.3,2.3,2.3,2.3,2.340671534142251,2.4,2.4,2.4,2.4,2.4,2.4004461397505907,2.6,2.6,2.6,2.6,2.8,2.8,2.8,2.896291420219933,2.9,2.9,2.9,3.0,3.0,3.0,3.1,3.1,3.1,3.1,3.1,3.1,3.1,3.1,3.1,3.247944441110684,3.3,3.33505047331505,3.5,3.7,3.7,3.8,3.8,3.8,3.9,3.9,3.9,3.977872882956086,4.2
2.0,2.2442542340878284,2.5,2.5,2.5589391335881384,2.6,2.786340129055123,3.0,3.1,3.3,3.3,3.3,3.4687759612645443,3.6,3.6,3.6,3.6,3.659311917748766,3.7,3.8,3.8,3.8,3.8,3.8,3.819852465712776,3.9,3.9,3.9,4.0,4.0,4.0,4.008781688559887,4.1,4.1,4.1,4.1,4.153423758114002,4.2,4.2,4.2,4.2,4.275794741564042,4.3,4.359328465857746,4.4,4.5,4.5,4.5,4.556322228325667,4.6,4.6,4.6,4.6,4.6,4.6,4.8,4.84153788703216,4.974963308883616,5.1,5.1,5.1,5.1,5.1,5.2,5.2,5.2,5.2,5.2,5.2,5.2,5.2,5.2,5.230680122839391,5.3,5.3,5.3,5.3,5.4,5.5,5.8,6.0,6.0,6.0,6.0,6.05133322763466,6.1,6.1,6.1,6.15293269309945,6.278050761736014,6.3,6.3,6.3,6.3,6.3,6.3,6.3,6.3,6.3,6.3254485778107465,6.45,6.5,6.599111378456268,6.6,6.6,6.6,6.6,6.7,6.7,6.7,6.7,6.7,6.7,6.7,6.7,6.8,6.8,6.9,6.9,6.9,6.9,6.9,6.9,6.9,7.0,7.086365747330313,7.1,7.182849897460482,7.3,7.3,7.3,7.4,7.4,7.4,7.4,7.4,7.4,7.433292681424257,7.5,7.5,7.527360430377234,7.6,7.6,7.6,7.6,7.6,7.6,7.6,7.696894888185165,7.7,7.7,7.7,7.7,7.7,7.7,7.7,7.7,7.7,7.7,7.7,7.7,7.8,7.8,7.8,7.8,7.8,7.9,7.9,7.9,8.17365493432033,8.386397687760416,8.5,8.5,8.5,8.5,8.6,8.6,8.6,8.6,8.667282571585735,8.8,8.8,8.8,8.8,8.8,8.8,8.8,8.8,8.8,8.817525236657525,8.907133298446679,9.101562874261457,9.7,10.1,10.5,10.94249129255404,12.5,12.5,12.5,12.5,12.510906699052612
2.0,2.222127117043914,2.5,2.5,2.5,2.5797923922871657,2.6,2.8003631305241727,3.0,3.0996092814346325,3.2,3.3,3.3,3.3,3.3,3.310481391960096,3.4,3.559311917748766,3.6,3.6,3.6,3.6,3.6,3.7,3.7,3.7792566055146066,3.8,3.8,3.8,3.8,3.8,3.8,3.8,3.8,3.8,3.9,3.9,3.9,4.0,4.0,4.0,4.0,4.017922626012691,4.1,4.1,4.1,4.1,4.1,4.1,4.1,4.130825981018876,4.2,4.2,4.2,4.2,4.2,4.3,4.374963308883617,4.4,4.440499922358685,4.5,4.5,4.535730053136092,4.6,4.6,4.6,4.6,4.6,4.6,4.7,4.774106826669302,4.8,5.0,5.0,5.1,5.1,5.140819158515501,5.2,5.2,5.2,5.2,5.2,5.2,5.2,5.2,5.2,5.3,5.3,5.3,5.4,5.5,5.5,5.658611707726445,5.8,5.9,6.0,6.0,6.0,6.0,6.0,6.05,6.1,6.1,6.1,6.1,6.272927891550575,6.3,6.3,6.3,6.3,6.3,6.3,6.4,6.472289150783877,6.5,6.6,6.6,6.6,6.6,6.6,6.6,6.7,6.7,6.7,6.7,6.7,6.7,6.7,6.7,6.7,6.7258931733306895,6.8,6.8,6.9,6.9,6.9,6.9,6.9,6.9,6.9,6.9,6.9,6.992054149709747,7.025036691116378,7.216924225935679,7.3,7.4,7.4,7.4,7.4,7.4,7.4,7.5,7.5,7.5,7.6,7.6,7.6,7.6,7.6,7.6,7.7,7.7,7.7,7.7,7.7,7.7,7.7,7.7,7.7,7.7,7.8,7.8,7.805998456065578,7.9,7.9,7.9,7.9,8.203343888618274,8.5,8.5,8.5,8.5,8.540688082251233,8.6,8.779037216079814,8.8,8.8,8.8,8.8,8.8,8.8,8.8,8.8,8.9,9.221245646277021,10.205304332059285,10.5,10.903202804851855,12.5,12.5
2.0,2.1,2.1,2.2,2.258939133588138,2.5,2.5,2.5,2.5,2.5,2.5,2.6,2.6,2.6,2.6,2.6104813919600964,2.8,2.9,2.9,2.9,2.9,3.0,3.0,3.0,3.1,3.1,3.137286272143571,3.2,3.3,3.3,3.3,3.3,3.3,3.3,3.3,3.3,3.4,3.4,3.4,3.4,3.4,3.475794741564042,3.5,3.5,3.5,3.5400675399524983,3.6,3.6,3.6,3.6,3.6,3.6,3.6,3.6,3.6,3.7,3.7,3.7,3.7,3.7,3.7,3.8,3.8,3.8,3.8,3.8,3.8,3.8,3.8,3.8,3.8,3.8,3.8,3.85857505126975,3.9,3.9136342526696892,4.0,4.0,4.0,4.0,4.0,4.0,4.0,4.1,4.1,4.1,4.1,4.1,4.1,4.1,4.1,4.1,4.1,4.1,4.1,4.127072108449437,4.2,4.2,4.2,4.2,4.2,4.2,4.2,4.2,4.2,4.2,4.297607490120839,4.3,4.3,4.371989073708892,4.4,4.4,4.4,4.4,4.4,4.423079872757484,4.5,4.6,4.6,4.6,4.6,4.6,4.6,4.6,4.6,4.6,4.6,4.6,4.6,4.6,4.6,4.6,4.7,4.7,4.7,4.8,4.8,4.8,4.964269946863908,5.0,5.0,5.1,5.1,5.1,5.1,5.1,5.1,5.1,5.1,5.2,5.2,5.2,5.2,5.2818099114968335,5.3,5.4198649200950175,5.5,5.681343068284502,5.9,5.9,5.9,6.0,6.0,6.0,6.0,6.0,6.041531877275179,6.1,6.1,6.1,6.1,6.1,6.3,6.3,6.3,6.3,6.3,6.3409909701809735,6.4,6.534565143171471,6.7,6.7,6.7,6.740688082251234,6.813985489925437,6.9,6.9,6.995888882221368,7.3,7.4,7.4,7.400781437130729,7.7,7.7,7.9,8.1,8.641060866411857,8.8,8.8,11.200855946604776,12.5
0.7967279902842479,1.4,1.4,1.4286373428261778,1.6,1.6,1.6,1.7,1.8,2.0,2.0,2.0,2.0,2.0,2.032554993692302,2.1,2.2,2.2593119177487657,2.330512947070702,2.4,2.4,2.432717428414268,2.5,2.5,2.6,2.6,2.7,2.7,2.8,2.8,2.8,2.8,2.8,2.8,2.8,2.8,2.8,2.8,2.8,2.8,2.8,2.8,2.8,2.8,2.8,2.9,2.9,2.9,3.0126444566513326,3.1,3.1,3.1,3.1,3.1,3.1,3.2,3.2,3.3,3.3,3.3,3.3,3.3,3.3,3.3,3.397323051621021,3.4,3.4,3.4,3.4,3.4,3.474106826669302,3.5,3.5,3.5,3.5,3.5,3.5,3.5,3.5,3.5,3.5,3.5,3.5,3.5,3.5,3.5,3.6,3.6,3.7,3.7,3.7,3.7,3.7,3.7,3.7,3.7,3.7,3.7,3.7,3.7,3.7,3.7,3.7,3.7,3.7,3.7,3.7,3.7,3.7,3.7,3.7,3.7,3.7,3.7,3.7,3.7,3.7,3.7,3.7,3.7,3.8,3.8,3.8,3.8,3.8,3.8,3.8,3.8,3.8,3.8,3.8,3.8,3.8,3.8,3.8,3.8,3.8,3.8,3.8,3.8,3.8,3.8,3.8,3.8,3.8,3.8,3.8,3.8,3.9,3.9,3.9,4.0,4.0,4.0,4.0,4.0,4.0,4.1,4.1,4.1,4.167079801107315,4.2,4.2,4.2,4.2,4.2,4.2,4.2,4.2,4.2,4.2,4.2,4.2,4.2,4.2,4.2,4.2,4.2,4.3,4.3,4.332890268817948,4.4,4.5,4.540688082251234,4.6,4.689518608039907,4.767445006307696,4.9479444411106845,5.1,5.1,5.2,5.2,5.297716733723399,5.3,5.413659870944878,5.6,5.9,5.971362657173825,6.2,6.455745765912172,7.805453349526306
1.0989093300947494,1.3221271170439142,1.4,1.4,1.4,1.4797923922871656,1.6931700645275616,1.8,2.0,2.0,2.0,2.0,2.0,2.0,2.0,2.1,2.1,2.1,2.3,2.3,2.3,2.3,2.3966561113817306,2.4,2.4,2.4,2.4,2.4,2.4494582816066526,2.5,2.5,2.5,2.5,2.5,2.5584681227248214,2.6,2.6,2.6,2.7,2.7,2.8,2.8,2.8,2.8,2.8,2.8,2.8,2.8,2.8,2.8,2.8,2.8,2.8,2.8,2.8,2.8,2.8,2.8,2.8,2.8,2.8,2.8,2.8,2.8,2.897323051621021,2.9,2.9575196044106633,3.0,3.1,3.1,3.1,3.2,3.2,3.2,3.2862229635458164,3.3,3.3,3.3,3.3,3.3,3.3,3.4,3.4,3.425606498421527,3.5,3.5,3.5,3.5,3.5,3.5,3.5,3.5,3.552870569242148,3.6,3.6023925098791607,3.7,3.7,3.7,3.7,3.7,3.7,3.7,3.7,3.7,3.7,3.7,3.7,3.7,3.7,3.7,3.7,3.7,3.7,3.7,3.7,3.7,3.7,3.7,3.7,3.7,3.7,3.7,3.7,3.7,3.8,3.8,3.8,3.8,3.8,3.8,3.8,3.8,3.8,3.8,3.8,3.8,3.8,3.8,3.8,3.8,3.8,3.8,3.8,3.8,3.9,3.9,3.9,3.9,3.9,3.9,4.0,4.0,4.043677771674339,4.1,4.1,4.1,4.1,4.1,4.1,4.1,4.2,4.2,4.2,4.2,4.2,4.2,4.2,4.2,4.2,4.2,4.2,4.2,4.2,4.2,4.2,4.2,4.2,4.2,4.2,4.2,4.3,4.4,4.4,4.4,4.5,4.6,4.667445006307696,4.8,4.9,5.0,5.1,5.1,5.197716733723399,5.299636869475824,5.3,5.420207607712837,5.6,5.814087971521474,6.0,6.3,7.805453349526306
0.49836399514212393,0.5,0.7854855139391493,0.8,0.8,1.0,1.1,1.1,1.1,1.1,1.1,1.1,1.1,1.1,1.1,1.1,1.1,1.1,1.1,1.1,1.1,1.1,1.1,1.1,1.1,1.1,1.1,1.1,1.1,1.1,1.1,1.1,1.1,1.1,1.1,1.1,1.1,1.1,1.1,1.1,1.1,1.1,1.1,1.1,1.1,1.1,1.1,1.1,1.1,1.1,1.1308259810188759,1.2,1.2,1.2,1.2,1.2,1.2,1.2,1.3,1.3,1.3,1.3,1.3,1.3,1.3,1.3,1.3,1.3,1.3,1.3,1.3,1.3,1.3,1.3,1.3,1.3,1.3,1.3,1.3,1.3,1.3,1.3,1.3,1.3,1.3,1.3,1.3,1.3,1.3,1.3,1.3,1.3,1.3,1.3,1.3,1.3,1.3,1.3,1.3,1.3,1.3,1.4,1.4,1.4,1.4,1.4,1.4,1.4,1.4,1.4719890737088916,1.5,1.5,1.5,1.5722891507838768,1.6,1.6,1.6,1.6,1.6,1.6,1.6,1.6,1.6,1.6,1.6,1.6,1.6,1.6,1.6,1.6,1.6,1.6,1.6,1.6,1.6,1.6,1.6,1.6,1.6,1.6,1.6,1.6,1.6,1.6,1.6,1.6,1.6,1.6,1.6,1.6,1.6,1.6,1.6,1.6,1.7,1.7,1.7,1.7,1.7,1.7,1.7,1.7107266901243974,1.8,1.8,1.8,1.8,1.8,1.8,1.8,1.8,1.8,1.8,1.9505417183933502,2.0,2.0,2.0,2.0,2.1,2.103343888618275,2.2,2.3,2.3,2.3,2.3,2.3,2.389518608039907,2.4,2.4,2.4,2.4,2.4,2.4,2.5977167337233995,2.8,2.8,2.8,3.041060866411857,3.1,3.214514486060847,3.777872882956086,3.9054533495263057
1.3978186601894984,1.8885084681756568,2.6,2.728637342826178,2.8,2.8,2.8931700645275615,3.1,3.1,3.1996092814346326,3.2,3.4,3.5687759612645444,3.6,3.6,3.6,3.6860145100745636,3.7,3.8,3.8,4.0,4.1,4.1,4.2,4.2,4.2,4.3,4.4,4.4,4.4,4.4,4.408781688559888,4.5,4.6095758604413755,4.7,4.7,4.7,4.7,4.7,4.7,4.7,4.7,4.7,4.7,4.7,4.7,4.7,4.7,4.812644456651333,4.9,4.9,4.9,4.9,4.9,4.9,4.9,4.9,4.974963308883616,5.0,5.0,5.0,5.0,5.0,5.1,5.1,5.1,5.1,5.1,5.216416523712721,5.3,5.374106826669302,5.4,5.4,5.4,5.4,5.4,5.4,5.4,5.4,5.4,5.4,5.4,5.4,5.5,5.5,5.5,5.5,5.5,5.6,5.6,5.6,5.6,5.6,5.6,5.6,5.6,5.6,5.6,5.6,5.6,5.6,5.6,5.6,5.6,5.7,5.7,5.7,5.7,5.7,5.7,5.7,5.7,5.7,5.844578301567754,5.9,5.9,5.9,5.9,6.000269264184391,6.1,6.1,6.1,6.1,6.1,6.1,6.1,6.1,6.141424948730241,6.2,6.2,6.2,6.3,6.3,6.312875379529044,6.4,6.4,6.402676948378986,6.5,6.5,6.5,6.6,6.6,6.6,6.6,6.6,6.6,6.6,6.6,6.6,6.6,6.6,6.6,6.6,6.6,6.6,6.6,6.6,6.6,6.6,6.6,6.6,6.6,6.6,6.6,6.6,6.6,6.6,6.790424139558621,6.8,6.8,6.843198843880208,6.9,6.9,6.9,6.9,6.9414867889707805,7.1,7.1,7.1,7.1,7.1,7.1,7.1,7.1,7.1,7.279037216079814,7.3,7.4,7.4,7.5,7.764199686020101,8.6,8.6,8.6,8.7,9.121245646277021,10.041060866411858,10.1,10.503202804851856,11.7,15.503817344668414
1.1989093300947493,1.422127117043914,1.8,1.8,1.8,1.9797923922871656,2.0,2.1,2.1,2.2,2.3,2.3,2.3687759612645443,2.4,2.432554993692302,2.6,2.6,2.6,2.6,2.6,2.6,2.6,2.6,2.6,2.6,2.6,2.6,2.6,2.6,2.6,2.6,2.6,2.6,2.6,2.6,2.6,2.6,2.6,2.6,2.6,2.6,2.6,2.6,2.6,2.7,2.7,2.7,2.7,2.8,2.8,2.8,2.8,2.8,2.8,2.8,2.8,2.8,2.8,2.8,2.8,2.8,2.8,2.835730053136092,2.9,2.9,2.9,2.9,2.9,2.9,2.9,2.9,3.0,3.0,3.0,3.0,3.0,3.0,3.0,3.0,3.0,3.0,3.0,3.0,3.0,3.0,3.0,3.0,3.0,3.0,3.0,3.0,3.0,3.0,3.0,3.0,3.0,3.0,3.0,3.0,3.0,3.0,3.0,3.0,3.0,3.0,3.1,3.1,3.1,3.1,3.1,3.1,3.2,3.2,3.2722891507838767,3.3,3.3,3.3,3.3,3.4,3.4,3.4525051507703894,3.5,3.5,3.6,3.6,3.6,3.7,3.7,3.8,3.8,3.8,3.8,3.8,3.8128753795290433,3.9,3.9,3.9,3.933292681424257,4.1,4.1,4.1,4.1,4.1,4.1,4.1,4.1,4.1,4.2,4.2,4.2,4.2,4.2,4.2,4.2,4.320554724647712,4.4,4.4,4.4,4.4,4.4,4.4,4.4,4.4,4.4,4.4,4.4,4.4,4.4,4.5,4.68243662288022,4.7,4.796291420219933,4.9,5.0,5.0,5.0,5.1,5.1,5.203343888618275,5.3672825715857355,5.4,5.5,5.6,5.6,5.6,5.6,5.7,5.7,6.0,6.1,6.6,6.6,6.6,6.6,6.8,6.8,6.982121732823714,7.671362657173825,8.730630374547621,10.1,10.101090669905261
0.5,1.0221271170439141,1.2,1.3,1.4,1.4,1.4,1.500363130524173,1.6,1.7,1.7928667015533228,1.8,1.8,2.0,2.0,2.0,2.0,2.0,2.0,2.0,2.0,2.0,2.0,2.0,2.0,2.0,2.0372862721435707,2.1,2.1,2.1,2.1,2.1,2.1,2.1,2.1584681227248215,2.2,2.3,2.3,2.3,2.389273309875608,2.4,2.4,2.4,2.4,2.4,2.4,2.4,2.4,2.4,2.4,2.4,2.4,2.4,2.4,2.4,2.4,2.4,2.4,2.4,2.4,2.4,2.4,2.4,2.4,2.4,2.4,2.4,2.4,2.4,2.4,2.4,2.4,2.4,2.4,2.5,2.5,2.6,2.6,2.6,2.6,2.6,2.6,2.6,2.6,2.6,2.6,2.6,2.6,2.6,2.6,2.6,2.6,2.6,2.6,2.6,2.6,2.6,2.6,2.6,2.6,2.6,2.6,2.6,2.6,2.6,2.6,2.6,2.6,2.6,2.6,2.6,2.6219492382639884,2.7,2.7,2.8,2.8,2.8,2.8,2.8,2.8,2.8,2.8,2.8,2.8,2.8,2.8,2.8,2.8,2.8,2.8,2.8,2.8,2.8,2.8,2.8,2.8,2.8,2.8,2.8,2.8,2.8,2.8,2.8,2.8,2.8,2.8,2.8,2.8,2.8,2.8,2.8,2.9,2.9,2.9,2.9,2.9,2.9999641242801376,3.0,3.0,3.0,3.0,3.0,3.0,3.0,3.0,3.0,3.0,3.090424139558621,3.1,3.1,3.2,3.2,3.2505417183933503,3.3,3.3,3.5,3.5,3.5,3.5,3.6345651431714714,3.8,3.8,3.8,3.981376164502467,4.1,4.1,4.1,4.1,4.1,4.1,4.107133298446677,4.2,4.297716733723399,4.4,4.4,4.4,4.4,4.4,5.0,5.7,6.804362679621044
1.4994546650473746,1.922127117043914,2.1854855139391494,2.4,2.5,2.5,2.5,2.5,2.6,2.6,2.7,2.7,2.8,2.8,2.8,2.8,2.8,2.8,2.8,2.8,2.9,2.9,2.9,2.9,3.0,3.0,3.0,3.0,3.0,3.0,3.0,3.0,3.0,3.1,3.1,3.1,3.1,3.1,3.1,3.1892733098756083,3.2329201988926886,3.3,3.3,3.3,3.3,3.3,3.3,3.3,3.3,3.3,3.3,3.3,3.3,3.3,3.3,3.3,3.3,3.3,3.3,3.3,3.4,3.5,3.5,3.5,3.5,3.6,3.6,3.6,3.6,3.645406826037424,3.7,3.7,3.7,3.7,3.7,3.7,3.7,3.7,3.7,3.7,3.7,3.8,3.8,3.8,3.8,3.8,3.8,3.9,3.9,3.9,3.9,3.9,3.9,3.9,3.9,3.9,3.9,3.9,3.9,3.9,3.9,3.9,3.9,3.9,3.9,3.9,3.9,3.9,4.0,4.0,4.0,4.0,4.0,4.0,4.0,4.0,4.0,4.0,4.0,4.0,4.0,4.0,4.0,4.0,4.0,4.0,4.0,4.0,4.0,4.0,4.0,4.0,4.0,4.0,4.0,4.0,4.0,4.0,4.0,4.0,4.0,4.0,4.0,4.0,4.1,4.1,4.2,4.2,4.2,4.232765281195782,4.3,4.3,4.3,4.3,4.3,4.3,4.399964124280138,4.5,4.582077373987306,4.6,4.6,4.6,4.6,4.6,4.6,4.6,4.641531877275178,4.7,4.7,4.7,4.7,4.7,4.7,4.7,4.7,4.8,4.8,5.0,5.1,5.1,5.1,5.1,5.1,5.2,5.3,5.479037216079814,5.567445006307696,5.9479444411106845,6.131224038735451,6.2,6.2,6.2,6.2,6.798547477903298,6.806829935472439,6.9,7.523182599235572,7.7,8.1,8.633618648868259,11.7
1.8978186601894984,1.9,2.1,2.228637342826178,2.5,2.5,2.5931700645275617,2.6,2.6022832662765967,2.7,2.8,2.8,2.8,2.8,2.8,2.9,2.9,2.959311917748766,3.0,3.0,3.0,3.032717428414268,3.1,3.1,3.1,3.1,3.1,3.1,3.1,3.10370857978007,3.2568011561197947,3.3,3.3,3.3,3.3,3.3,3.3,3.3,3.3,3.3,3.3,3.3,3.3,3.3,3.3,3.3,3.3,3.3,3.3,3.3,3.5,3.5,3.5,3.5,3.5,3.6,3.6,3.6,3.6,3.6,3.6,3.6043784899362863,3.7,3.7,3.7,3.7,3.7,3.7,3.7,3.7,3.7,3.7,3.7,3.7,3.7,3.7,3.740819158515501,3.8,3.8,3.8,3.8,3.8736966480707364,3.9,3.9,3.9,3.9,3.9,3.9,3.9,3.9,3.9,3.9,3.9,3.9,3.9,3.9,3.9,3.9,3.9008886215437286,4.0,4.0,4.0,4.0,4.0,4.0,4.0,4.0,4.0,4.0,4.0,4.0,4.0,4.0,4.0,4.0,4.0,4.0,4.07439350157847,4.1,4.2,4.2,4.2,4.2,4.232212223747814,4.3,4.3,4.3,4.3,4.3,4.3,4.3,4.3,4.3,4.3,4.3,4.3,4.5,4.533292681424257,4.6,4.6,4.6,4.6,4.6,4.6,4.6,4.6,4.6,4.661545727139935,4.7,4.7,4.7,4.7,4.7,4.7,4.7,4.7,4.7,4.8,4.8,4.8,4.8,5.0,5.0,5.0,5.1,5.1,5.1,5.1,5.140306890980156,5.3,5.5,5.9,5.95054171839335,6.0,6.1,6.2,6.2,6.4,6.6,6.6,6.8,6.9,6.9,6.9,7.3,7.389518608039907,7.7,7.7,7.7,7.7,7.7,7.7,8.090866934893597,8.1,8.1,8.440415215425674,8.7,11.614087971521473,11.7,11.7,11.7
0.6989093300947492,0.8221271170439142,0.9,0.9,0.9,0.9,0.9,0.9,0.9,0.9,1.1,1.1,1.1,1.2,1.2,1.2,1.2,1.2,1.2,1.2,1.2,1.3,1.3,1.3,1.3,1.3,1.3,1.3,1.3,1.4,1.4,1.4,1.4,1.409575860441376,1.5,1.5,1.5,1.5995538602494095,1.7,1.7,1.7,1.7,1.7,1.7,1.7,1.7,1.7,1.7,1.8,1.8,1.8,1.8,1.8,1.9,1.9,1.9,1.9,1.9,2.0,2.0,2.0,2.0,2.0,2.0,2.0,2.0,2.0,2.0,2.0,2.0,2.0,2.0,2.0,2.0,2.0,2.0,2.0,2.0,2.0,2.0,2.0,2.0736966480707366,2.1,2.1,2.1,2.1,2.1,2.1277108492161205,2.2,2.2,2.2,2.2,2.2,2.2,2.3,2.3,2.3,2.3,2.3,2.3,2.3,2.3,2.3,2.3,2.3,2.3,2.3,2.3,2.3,2.3,2.3,2.3,2.3,2.3,2.3,2.3,2.3,2.3,2.3,2.3,2.3,2.3,2.4,2.4,2.4,2.4,2.6,2.6,2.7386397543212184,2.8,2.8,2.8,2.9,2.9,2.9,2.9,2.9,2.933292681424257,3.0,3.0,3.1,3.1,3.1,3.1,3.1,3.1,3.1,3.1,3.1,3.1,3.1,3.1,3.1,3.1,3.1,3.1,3.1,3.1,3.1,3.1,3.1,3.1,3.1,3.1,3.1,3.1,3.1,3.2,3.2403068909801562,3.3,3.3,3.3,3.3,3.3,3.3,3.5,3.5,3.6409909701809737,3.7,3.7,3.7,3.7,3.7,3.8,3.8,3.8,3.8,3.9,3.9,3.9,3.9,3.9,3.9,3.9,3.9,3.9,3.9,3.9,4.0,4.377872882956086,6.00927069419472
2.5,2.5221271170439143,3.485485513939149,3.628637342826178,3.7,3.8,3.8931700645275615,3.9,3.9,3.9,4.0,4.0,4.0,4.052055558889319,4.132554993692302,4.2,4.2,4.2,4.2,4.2,4.2,4.232717428414268,4.3,4.3,4.3,4.3,4.3,4.3,4.3,4.3,4.3,4.3,4.3,4.3,4.3,4.5,4.6,4.6,4.7,4.7,4.7,4.7,4.817922626012691,4.9,4.900035875719856,5.0,5.0,5.0,5.0,5.0,5.0,5.0,5.0,5.0,5.0,5.0,5.0,5.0,5.0,5.0,5.0,5.004378489936286,5.1,5.1,5.1,5.1,5.1,5.1,5.11641652371272,5.3,5.3,5.3,5.3,5.3,5.486222963545816,5.5,5.5,5.5,5.5,5.5,5.5,5.5,5.5,5.5,5.6,5.6,5.6,5.6,5.6,5.6,5.803073906852182,5.9,5.9,5.9,5.9,5.9,5.9,5.9,5.9,5.9,5.9,5.9,5.999111378456268,6.2,6.2,6.2,6.2,6.2,6.2,6.271989073708892,6.3,6.3,6.3,6.3,6.3,6.3,6.3,6.3,6.4,6.4,6.5,6.5,6.5,6.5,6.5,6.6,6.6,6.6,6.6,6.6,6.6,6.6,6.6,6.6,6.6,6.6,6.6,6.6,6.6,6.791243020127433,6.8,6.8,6.8,6.825036691116378,6.9,6.9,6.9,6.9,6.9,6.9,6.9,6.9,7.1,7.381809911496833,7.4,7.659932460047509,7.7,7.7,7.7,7.7,7.7,7.7,7.7,7.7,7.7,7.7,7.7,7.7,7.7,7.8824366228802205,8.1,8.7,8.850541718393352,11.417995368196733,11.7,11.7,11.7,11.7,11.7,11.7,11.7,11.7,11.7,11.7,11.7,11.7,11.7,11.7,11.7,11.7,11.7,11.7,11.7,11.7,11.713659870944877,12.741453253989857,13.7,13.7,13.7,15.10171189320955,18.20054533495263
1.6983639951421239,2.5442542340878282,3.3,3.4,3.5589391335881384,3.679792392287166,3.7,3.8,3.9,3.9,3.9,3.9,3.9,3.9520555588893194,4.0,4.0,4.0,4.0,4.1,4.199741754388987,4.2,4.2,4.2,4.2,4.2,4.2,4.2,4.2,4.2,4.20370857978007,4.3,4.3,4.3,4.3,4.3,4.3,4.3,4.3,4.3,4.3,4.3,4.3,4.3,4.3,4.4,4.440067539952499,4.5,4.5,4.5,4.6,4.6,4.6672347188042185,4.7,4.7,4.773298795838568,4.8,4.8,4.874963308883617,4.9,4.9,4.9,5.0,5.0,5.0,5.0,5.0,5.0,5.0,5.0,5.0,5.0,5.0,5.0,5.0,5.0,5.0,5.0,5.067787776252189,5.1,5.1,5.1,5.1,5.199730735815604,5.2,5.3,5.3,5.3,5.3,5.3,5.3,5.5,5.5,5.5,5.5,5.5,5.5,5.5,5.5,5.6,5.6,5.6,5.6,5.799111378456268,5.9,5.9,5.9,5.9,5.9,6.094258861515709,6.2,6.2,6.2,6.2,6.272289150783877,6.3,6.3,6.3,6.3,6.4,6.4,6.4,6.5,6.5,6.5,6.5,6.5,6.5,6.6,6.6,6.6,6.6,6.6,6.6,6.6,6.684960791178685,6.8,6.8,6.8,6.8,6.9,6.9,6.9,6.9,6.9,6.9,6.9,6.9,6.9,6.9,6.9,6.9,6.9,6.9,6.9,6.9,7.019864920095017,7.1,7.2220146024267535,7.664154747974613,7.7,7.7,7.7,7.7,7.7,7.7,7.7,7.7,7.7,7.7,7.9,8.1,8.388874260659799,8.7,8.7,8.7,9.74148678897078,10.1,11.4,11.7,11.7,11.7,11.7,11.7,11.7,11.7,11.7,11.7,11.7,11.7,11.7,11.7,11.7,11.7,11.7,11.947809548307072,13.3,13.7,13.7,13.7,13.7,18.10109066990526
0.49836399514212393,0.9,0.9,0.9572746856523559,1.1,1.1,1.1,1.1,1.1,1.1,1.2,1.3,1.3,1.3,1.3,1.3,1.3,1.3593119177487658,1.5305129470707024,1.6,1.6671097311820504,1.7,1.7,1.7,1.7,1.7,1.7,1.7,1.7,1.7,1.7,1.8,1.8,1.8,1.8,1.8,1.8,1.8,1.8,1.8,1.8,1.8,1.8,1.8,1.8,1.8,1.8,1.8,1.8,1.8,1.9,1.9,1.9,1.9,2.0,2.0,2.0,2.0,2.0,2.0,2.0,2.0,2.0,2.0,2.0,2.0,2.0,2.0,2.0,2.0,2.1,2.2,2.2,2.2,2.2,2.2,2.2,2.2,2.2,2.2,2.2,2.2,2.2,2.2,2.2,2.2,2.2,2.2,2.2,2.2,2.2,2.3,2.3,2.3,2.3,2.3,2.3,2.3,2.3,2.3,2.3,2.3,2.3,2.3,2.4,2.4,2.4,2.4,2.4,2.4,2.5938521862956465,2.6,2.6941346138010998,2.8,2.8,2.8,2.9,2.9,3.0,3.0,3.0,3.0,3.0,3.0,3.0591808414844937,3.1,3.1,3.1,3.1,3.1,3.1,3.1,3.1,3.1,3.1,3.1,3.202676948378985,3.3,3.428539893727816,3.5,3.5,3.5,3.5,3.7,3.7,3.7,3.7,3.8,3.8,3.8,3.8,3.8,3.8,3.8,3.8,3.8,3.8,3.8,3.8,3.8,3.8,3.8,3.8,3.8004461397505906,3.9,3.9,3.9,3.9,3.9,3.9,3.9,3.9,3.9,3.9,3.9,3.9,3.9,3.9,3.9,3.9,3.9,3.9,3.9,3.9,3.9,3.9,3.9,3.9,3.9,3.9,3.9,3.9,3.9,3.9,3.9,3.9,3.9,4.14272531434765,4.4,5.089364414780431,7.732720097157835
0.2,0.8,0.8,0.9286373428261779,1.0,1.1797923922871658,1.2,1.3,1.5022832662765964,1.6,1.6,1.6824747633424777,1.7,1.8,1.8325549936923018,2.0,2.0,2.1,2.1,2.1,2.1,2.1,2.1,2.2,2.2,2.2,2.3,2.3,2.3,2.3,2.3,2.3087816885598866,2.4,2.4,2.4,2.5,2.5,2.5,2.5,2.5,2.5329201988926884,2.6,2.6,2.659328465857746,2.7,2.7,2.7794452753522876,2.8,2.8,2.8,2.8,2.8,2.8,2.8,2.8732987958385676,2.9,2.9,2.9,2.9,2.9,3.0,3.0,3.0,3.0,3.0,3.0,3.0,3.1,3.1,3.1,3.1,3.1,3.1,3.1,3.2,3.2136342526696895,3.3,3.3,3.3,3.3,3.3,3.3,3.3,3.4,3.4,3.4,3.5,3.5,3.5,3.5,3.5030739068521823,3.6,3.6,3.6,3.7,3.7,3.7,3.7,3.7,3.7,3.7,3.7745514221892504,3.8,3.8,3.8,3.8,3.8,3.8,3.8,3.8,3.8,3.8,3.8,3.8,3.8976236808611415,3.9,3.9,3.9,3.9,3.9,3.9,3.9,3.9,3.9,3.9,3.9,3.9,3.9,3.969319877160609,4.0,4.0,4.0,4.0,4.1,4.1,4.1,4.1,4.1332926814242565,4.2,4.2,4.2,4.2,4.2,4.225036691116378,4.3,4.3,4.326701204161429,4.4,4.4,4.4,4.4,4.4061387656689535,4.5,4.5,4.6,4.6,4.6,4.7,4.7,4.7,4.7670798011073146,4.8107266901243975,4.9,4.9,4.9,4.9,5.0,5.0,5.040306890980156,5.1,5.1,5.1,5.1,5.1,5.1,5.1,5.1,5.1,5.1,5.1,5.2,5.3,5.3,5.3,5.3,5.4,5.5,5.5,5.53122403873545,5.717525236657525,5.907133298446678,6.1007814371307285,6.497716733723399,6.6,6.8,6.8,6.9,7.1,7.4,7.577872882956086,10.705453349526305
0.6972733252368731,0.8,0.9,1.028637342826178,1.2,1.2,1.3,1.6,1.6,1.6996092814346326,1.8,1.9824747633424777,2.0,2.0,2.032554993692302,2.1,2.1,2.1,2.1305129470707023,2.2,2.2,2.3,2.3,2.3,2.3,2.3,2.3,2.3,2.3,2.4,2.4,2.4087816885598867,2.5,2.5,2.5,2.6,2.6,2.6,2.6,2.7,2.7,2.7,2.717922626012691,2.8,2.8,2.8,2.8,2.8,2.8,2.8,2.8,2.8,2.8,2.8,2.8,2.8,2.8,2.8,2.8079458502902526,2.9,2.9,2.9,2.9,2.966707318575743,3.0,3.0,3.0,3.0,3.0,3.0,3.0,3.0,3.030680122839391,3.1,3.1,3.1,3.1,3.1,3.1,3.1,3.1,3.1,3.1997307358156037,3.2,3.2,3.2,3.2023763191388555,3.3,3.3,3.3,3.3,3.3,3.3,3.3,3.4,3.4,3.4,3.5,3.5,3.5,3.55,3.6,3.6,3.6,3.6,3.7,3.7,3.7,3.7,3.7,3.7,3.7,3.7,3.7,3.7,3.7,3.7,3.8,3.8,3.8,3.8,3.8,3.8,3.8,3.8,3.8,3.8,3.841424948730241,3.9,3.9,3.9,3.9,3.9,3.9,3.9,3.9,3.9,3.9,3.9,3.9,3.9,3.9,3.9,3.9,3.9,3.9,3.9,4.0,4.0,4.0,4.0,4.1,4.1,4.1,4.1,4.2,4.2,4.240671534142251,4.3,4.4,4.4,4.4,4.4,4.4,4.4,4.493593987845253,4.5,4.6,4.6,4.69121831144011,4.7,4.7,4.8,4.9,4.9,4.9,4.9,4.9,5.0,5.1,5.1,5.1,5.1,5.1,5.1,5.1,5.1,5.147944441110684,5.2,5.3,5.3,5.3,5.4,5.4,5.806829935472439,6.3,6.6,6.8,7.14354345818254,7.4,7.6
0.5,0.5,0.5,0.5572746856523558,0.7,0.7,0.7,0.7003631305241729,0.8,0.8,0.8,0.8,0.8,0.8,0.8,0.8,0.8,0.8,0.8,0.8,0.9,0.9,0.9,0.9,0.9,0.9,0.9,0.9940015439344208,1.0,1.0,1.1,1.1,1.1,1.1,1.1,1.1,1.1,1.1,1.2,1.2,1.2,1.2,1.2,1.2,1.2,1.2,1.2,1.2,1.2,1.2,1.2,1.2672347188042181,1.3,1.3,1.3,1.3,1.3,1.3,1.3,1.3,1.3,1.3043784899362862,1.4,1.4,1.4,1.5,1.5,1.5,1.5,1.5,1.5,1.5,1.5,1.5,1.5,1.5,1.5,1.5,1.5,1.5,1.6,1.6,1.6,1.6,1.6,1.6,1.6,1.6,1.6,1.6,1.6,1.6,1.6,1.6,1.6,1.6270721084494368,1.7,1.7,1.7,1.7,1.7,1.7,1.7,1.7,1.7,1.7,1.7,1.8,1.8,1.8,1.8,1.8,1.8,1.8,1.8,1.8,1.8,1.8,1.8,1.8,1.8,1.8,1.8,1.8,1.8,1.8,1.8,1.9,1.9,1.997472376674125,2.0,2.0,2.0,2.0,2.0,2.0,2.002676948378985,2.1,2.1,2.1,2.1,2.1,2.1,2.1,2.1,2.2,2.3,2.3,2.3,2.3,2.3,2.3,2.3,2.3,2.3,2.4,2.4,2.4,2.4,2.4,2.4670798011073147,2.5,2.5551727712629773,2.6,2.6,2.6,2.6,2.7,2.7403068909801562,2.8,2.8,2.8,2.9,3.0,3.0,3.0,3.0,3.0,3.1,3.1,3.1,3.2,3.2,3.3,3.4139854899254374,3.5,3.6348900126153922,3.7,3.7,3.7175252366575253,3.8071332984466775,3.9,3.9,3.9,3.9,3.9,4.1,4.4,4.4,5.1,5.307089354384197
0.5,1.4,1.4,1.4,1.6,1.8,1.986340129055123,2.2,2.3,2.3,2.3,2.3,2.3,2.4,2.4,2.4104813919600963,2.5,2.5,2.6,2.6,2.6,2.6,2.6,2.8,2.8,2.8,2.8,2.8,2.8,2.8,2.8,2.8,2.8,3.0,3.0,3.0,3.0,3.0,3.1,3.1,3.1,3.1,3.2,3.2,3.2000358757198555,3.3,3.3794452753522877,3.4,3.4,3.4,3.5,3.5,3.5,3.5,3.5,3.7,3.7,3.7,3.8,3.8,3.8,3.8,3.8,3.8,3.8,3.8,3.8,3.8,3.8,3.8,3.8741068266693017,4.0,4.0,4.0,4.0,4.0,4.0,4.067787776252189,4.1,4.1,4.1,4.1,4.1,4.225606498421527,4.3,4.376920127242516,4.4,4.4,4.4,4.4,4.4,4.4,4.4,4.4,4.4,4.4,4.4,4.4,4.4,4.4,4.4,4.4,4.4,4.4,4.4,4.4,4.4,4.4,4.447129430757855,4.6,4.7,4.7,4.7,4.7,4.7,4.7,4.8,4.8,4.9,5.0,5.0,5.0,5.1,5.1,5.1,5.1,5.1,5.1,5.1,5.1,5.1,5.1,5.1,5.1,5.184960791178685,5.3,5.3,5.3,5.3,5.3,5.3,5.3,5.3,5.3,5.3,5.3,5.3,5.3,5.396894888185165,5.432765281195782,5.5,5.6,5.6,5.6,5.6,5.6,5.7,5.740671534142251,5.8,6.0,6.0,6.0,6.0,6.0,6.046576241885998,6.1,6.2,6.2,6.3,6.3,6.3,6.3,6.401083436786701,6.5,6.5,6.5,6.5801475342872315,6.6,6.6,6.6,6.6,6.8,6.8,6.8,6.8,6.8,6.8,6.9,6.9,6.935050473315051,7.3,7.4,7.4,7.4,7.6,7.680830430851347,8.3,8.671362657173823,9.5,10.233618648868259,11.401636004857892
0.5,0.8885084681756567,1.3,1.3,1.3,1.3,1.4,1.4,1.4,1.4,1.4,1.4,1.4,1.4,1.4,1.4,1.4,1.5,1.5,1.5,1.6,1.6,1.6,1.6,1.6,1.7,1.7,1.7,1.7,1.70370857978007,1.8,1.8,1.8,1.8,1.8,1.8,1.8,1.8,1.8896544574740404,2.0,2.1,2.1,2.1,2.1,2.1,2.1400675399524984,2.2,2.3,2.3,2.3,2.3,2.3,2.3,2.3,2.3,2.3,2.3,2.3,2.3,2.3,2.3726395696227596,2.4,2.4,2.4,2.4,2.4,2.4,2.4,2.4,2.4,2.4,2.4,2.4,2.4,2.4,2.4,2.4,2.4,2.4,2.4,2.4,2.4,2.4,2.4,2.4,2.4,2.4,2.4,2.4,2.4,2.4,2.4,2.4528705692421484,2.5,2.5,2.5,2.5,2.5,2.5,2.5,2.5,2.6,2.6,2.6,2.6,2.6,2.6976074901208396,2.7,2.8,2.8,2.8,2.8,2.8,2.8,2.8,2.8,2.8,2.8,2.8,2.8,2.8,2.8,2.8,2.8,2.8,2.8,2.8,2.8,2.8,2.8,2.8,2.8,2.8,2.8,2.8,2.8,2.8,2.8,2.864269946863908,2.9,3.0,3.0,3.0,3.0,3.0,3.0,3.0,3.0,3.0,3.0,3.0,3.006138765668953,3.1,3.1,3.1,3.159932460047509,3.2,3.2,3.2,3.2,3.2,3.2,3.2,3.2,3.2,3.2,3.2,3.3,3.3,3.3,3.3,3.396291420219933,3.4505417183933504,3.5,3.5,3.5,3.5,3.5,3.503343888618275,3.667282571585736,3.7,3.8,3.8,3.8,3.8,3.9,3.9,3.9,3.9,4.017525236657525,4.1,4.200390718565365,4.4,4.4,4.4,4.4,4.7,5.1,5.1,5.1,5.403817344668415
0.5,0.8,0.8,0.9,0.9,0.9,0.9,0.9,1.0,1.1,1.1,1.1,1.1,1.1520555588893195,1.2,1.2,1.2,1.3,1.3,1.3,1.3,1.3,1.3,1.3,1.3,1.3,1.3,1.3,1.3,1.3,1.3,1.3,1.3,1.3,1.3,1.3,1.3,1.3,1.3,1.3,1.3,1.3,1.3,1.3,1.3,1.3,1.3,1.3,1.3,1.3,1.3,1.3,1.3,1.3,1.3,1.3,1.3,1.3,1.3,1.3,1.3,1.3,1.3,1.3,1.3,1.3,1.3,1.3,1.3,1.3,1.3,1.3,1.3,1.3,1.3,1.3,1.3,1.3,1.3,1.3,1.3474948492296108,1.4,1.4,1.4,1.4,1.4,1.4,1.4,1.4,1.4,1.4,1.4,1.4,1.5,1.5,1.5,1.5,1.5,1.5,1.5,1.6,1.6,1.6,1.6,1.6,1.6,1.6,1.6,1.6,1.6,1.6,1.6,1.6,1.6,1.6,1.6230798727574836,1.7,1.7,1.7,1.7,1.7,1.7,1.7,1.7,1.7,1.7,1.7,1.7,1.7,1.7,1.7,1.7,1.7,1.7,1.7,1.7,1.7,1.7,1.7,1.7,1.7,1.7,1.7,1.7,1.7584621129678397,1.8,1.8,1.8,1.8,1.8,1.8,2.0,2.0,2.0,2.0,2.0,2.0999641242801377,2.2,2.2,2.3242052584359554,2.4,2.4,2.4,2.4,2.4,2.4,2.4,2.4,2.4,2.4,2.4,2.4,2.4,2.4,2.4,2.4,2.4,2.4,2.5,2.5,2.5328902688179484,2.8,2.8,2.8,2.8,2.8,2.8,2.8,2.8,2.8,2.8,2.8,2.8,2.8,2.9068299354724387,3.0,3.1,3.1,3.2435434581825406,3.7336186488682586,3.906544019431567
0.8994546650473747,1.1221271170439142,1.5709710278782987,2.0,2.1,2.1,2.1,2.2,2.2,2.2,2.3,2.4,2.4,2.5,2.5,2.5,2.5,2.6,2.6,2.6,2.7,2.8,2.8,2.8,2.8,2.9,2.9372862721435706,3.0,3.0,3.0,3.0,3.0,3.059693109019841,3.1,3.1,3.1,3.1,3.1,3.1,3.1,3.2329201988926886,3.3,3.3,3.3,3.5,3.5,3.5,3.5,3.5,3.5,3.5,3.5,3.5031051118148353,3.6,3.6,3.6,3.6,3.6,3.6,3.6,3.67263956962276,3.7,3.7,3.7,3.7,3.7,3.7,3.7,3.7,3.7,3.7,3.7,3.7,3.7,3.7,3.7,3.7,3.7,3.7,3.7,3.7,3.7,3.7,3.8,3.8,3.8,3.8,3.8,3.8,3.8,3.9,3.9,3.9,3.9,3.9,3.9,3.9,3.9,3.9,3.9,3.9,3.9,3.9,3.9,3.9,3.9,3.9,3.9,4.0,4.0,4.0,4.0,4.0,4.0,4.0,4.0,4.0,4.0,4.0,4.0,4.0,4.1,4.2,4.2,4.2,4.2,4.2,4.2,4.2,4.2,4.2258931733306895,4.3,4.3,4.3,4.3,4.3,4.3,4.3,4.364269946863908,4.4,4.4,4.4,4.4,4.5,4.558462112967839,4.6,4.7,4.7,4.7,4.7,4.7,4.806138765668953,4.9,4.9,5.0,5.0,5.0,5.0,5.0,5.0,5.0,5.0,5.0,5.0,5.1,5.1,5.1,5.1,5.1,5.1,5.1,5.1,5.1,5.2,5.262713727856431,5.3,5.3,5.5,5.5,5.5,5.5,5.500258245611019,5.6,5.6,5.6,5.9,5.9,5.995888882221368,6.2,6.3,6.3071332984466775,6.5,6.6,6.6,6.6,6.640415215425673,6.8,6.9,6.9,7.611491531824345,11.710906699052611
0.7994546650473747,0.9,1.0,1.1,1.1,1.2,1.2,1.2,1.2022832662765963,1.3,1.3,1.4824747633424777,1.6,1.6520555588893195,1.7,1.7,1.7,1.7,1.8,1.8,1.8,1.8,1.8,1.8,1.8,1.8,1.8,1.8,1.8,1.9,1.9,2.0,2.0,2.0,2.0,2.0,2.0,2.0995538602494093,2.1,2.1,2.1,2.1,2.1,2.1,2.1000358757198554,2.2,2.2,2.2,2.2,2.2,2.2,2.2,2.2,2.238454272860062,2.3,2.3,2.3,2.3,2.3,2.3,2.3,2.3,2.3,2.3,2.4,2.4,2.4,2.4,2.4,2.4,2.4,2.4,2.4,2.4,2.4,2.4,2.440819158515501,2.6,2.6,2.6,2.8,2.8,2.8,2.8,2.85133322763466,2.9,3.0,3.0,3.0,3.0,3.0,3.0,3.0,3.0,3.0,3.0,3.0,3.0,3.0,3.0,3.05,3.1,3.1,3.1,3.1,3.1,3.1,3.1,3.1,3.1,3.1,3.1,3.1,3.1,3.1,3.1,3.1,3.1,3.3,3.3,3.3,3.3,3.3,3.3,3.4183616829689867,3.5,3.5,3.5,3.5,3.5,3.5,3.5,3.5,3.5,3.5,3.5724102608103183,3.7,3.7,3.7,3.7,3.7,3.7,3.7,3.7,3.7,3.7,3.7,3.7,3.7,3.7,3.7,3.7,3.7,3.7,3.7,3.7,3.7,3.7,3.7,3.8,3.8,3.8,3.8,3.8,3.8,3.8,3.8,3.8,3.8,3.8,3.8,3.896291420219933,3.9,3.9,3.9,3.9,3.9,3.9,3.9,3.9,3.9,3.9,3.9,3.9,3.9,3.9,3.9,3.9,3.9,3.9,3.9,3.9003907185653643,4.0,4.0,4.0,4.2,4.2,4.371362657173825,4.4,4.4778728829560865,5.203817344668415
0.5,0.8,0.8,0.9,0.9,0.9,0.9,0.9,0.9,0.9,0.9,0.9,0.9,0.9,1.0325549936923017,1.1,1.1,1.1,1.1,1.1,1.1,1.1,1.1,1.1,1.1,1.1,1.1,1.1,1.1,1.1,1.1,1.1,1.1,1.1,1.1,1.1,1.1,1.1,1.1,1.1,1.1,1.1,1.1,1.1,1.1,1.1,1.1794452753522875,1.2,1.2,1.2,1.2,1.2,1.2,1.2,1.2,1.2,1.2,1.3,1.3,1.3,1.3,1.3,1.3,1.3,1.3,1.3,1.3,1.3,1.3,1.3,1.3,1.3,1.3,1.3,1.3,1.3,1.3,1.3,1.3,1.3,1.3,1.3,1.3,1.3,1.3,1.3,1.3,1.3,1.3,1.3,1.3,1.3,1.3,1.3,1.3,1.3270721084494368,1.4,1.4,1.5,1.5254485778107465,1.6,1.6,1.6,1.6,1.6,1.6,1.6,1.6,1.6,1.7,1.7,1.7,1.7,1.7,1.7,1.7,1.7,1.7,1.7,1.7,1.7,1.7,1.7,1.7,1.7,1.7,1.8,1.8,1.8,1.8,1.8,1.8,1.8,1.8,1.8,1.8,1.8,1.8,1.8,1.8,1.8,1.8,1.8,1.8,1.8,1.8,1.8,1.8,1.8,1.8,1.8,1.9,1.9,1.9,1.9205547246477124,2.0,2.0,2.0,2.0,2.0242052584359556,2.1,2.1,2.1,2.1,2.1465762418859984,2.2,2.2,2.2,2.2403068909801562,2.3,2.3,2.3,2.3,2.3,2.3,2.3,2.3,2.3,2.4,2.4,2.4,2.4,2.4,2.4,2.4,2.4,2.4,2.4,2.6,2.817525236657525,3.0,3.1,3.1,3.1,3.5,3.8,3.9,3.9,3.9,3.9,3.9054533495263057
0.8994546650473747,1.1,1.3,1.4572746856523557,1.6,1.7797923922871657,1.8,1.800363130524173,1.9,1.9,1.9,1.9,2.0,2.0,2.1,2.2,2.2,2.2,2.2305129470707024,2.3,2.3,2.3,2.3,2.3,2.3,2.3,2.3,2.394001543934421,2.4,2.4,2.4,2.4,2.4,2.4,2.4,2.4,2.4,2.499553860249409,2.54482722873702,2.6,2.8,2.8757947415640417,2.9,2.959328465857746,3.0,3.0,3.0,3.0,3.0,3.0,3.0,3.0,3.1,3.1,3.1,3.1,3.1,3.2,3.2,3.3,3.3,3.3,3.5,3.5,3.5,3.5,3.5,3.5,3.5,3.5,3.5,3.5,3.5,3.5,3.5,3.5,3.5,3.5,3.5,3.5,3.5,3.5,3.5,3.5,3.5,3.5,3.5,3.5,3.5,3.5,3.5,3.5,3.5,3.5,3.5,3.5,3.5,3.5,3.5,3.5,3.6,3.6,3.6,3.623688407591999,3.7,3.7,3.7,3.7,3.7,3.7,3.7,3.7,3.7,3.7,3.7,3.7,3.7,3.7,3.7,3.7,3.8,3.8,3.8,3.9,3.9,3.9,3.9,3.9,3.9,3.9,3.9,3.9,3.9,3.9,3.9,3.9,3.9,3.9,3.9,3.9,3.9,3.9,3.9,3.9,3.9,3.9,3.9,3.9,3.9,3.9,4.0,4.0,4.087355543348679,4.2,4.2,4.3,4.4,4.4,4.4,4.4,4.4,4.4,4.4,4.4,4.4,4.6935939878452535,4.7,4.7,4.7,4.99121831144011,5.0,5.0,5.0,5.0,5.0,5.0,5.0,5.0,5.0,5.0,5.1,5.100258245611019,5.2,5.2,5.2,5.2,5.567445006307696,5.6,5.6,5.6,5.6,5.9,5.9,5.9,5.9,5.960622823138511,6.241060866411857,6.4,6.629028972121693,7.055745765912172,11.7
0.8978186601894985,1.1,1.1854855139391491,1.2286373428261779,1.3,1.3,1.3,1.3,1.3,1.3,1.3,1.3,1.3,1.3,1.3,1.3,1.3,1.3,1.3305129470707022,1.4,1.4671097311820502,1.5,1.5,1.6590090298190248,1.7,1.7,1.7,1.7,1.7,1.7,1.7,1.7,1.7,1.7,1.7,1.7,1.7,1.7,1.7,1.7,1.8,1.8,1.8,1.8,1.8,1.8,1.9,1.9,1.9,1.9,1.9,1.9,1.9,1.9,1.9,1.9,1.9,1.9,1.9,1.9,1.9,1.9,1.9,1.9,1.9,1.9,1.9,1.9871246204709536,2.0,2.1,2.1,2.1,2.1,2.1,2.1,2.2,2.2,2.2,2.2,2.2,2.2,2.2,2.2,2.2,2.2,2.2,2.2,2.2,2.2,2.2,2.2,2.2,2.2,2.2,2.2,2.2,2.2,2.2,2.2,2.2,2.2,2.2,2.2,2.2,2.2,2.2,2.2,2.2,2.3,2.3,2.3,2.3,2.3,2.3,2.3,2.3,2.3,2.3,2.3,2.3,2.3,2.3,2.3,2.3,2.3,2.3,2.3,2.3,2.3,2.3,2.3,2.3,2.3,2.3,2.3,2.3,2.3,2.3,2.364269946863908,2.4,2.4,2.4,2.4,2.4,2.4,2.4,2.4,2.4,2.4,2.4,2.4,2.4,2.4,2.4,2.4,2.4,2.4,2.4,2.4,2.4,2.4670798011073147,2.6,2.8,2.8004461397505906,2.9,3.0,3.0,3.0,3.0,3.0,3.0,3.0,3.1,3.1,3.1,3.2,3.3,3.3,3.5,3.5,3.5,3.5,3.5,3.5,3.5,3.5,3.5674450063076963,3.6479444411106843,3.7,3.7,3.7,3.7,3.7977167337233992,3.9,3.9,3.9,3.9,3.9713626571738248,4.358057944243387,4.933618648868259,5.102726674763153
0.798363995142124,0.9,1.1,1.1,1.2,1.3,1.3,1.3,1.3,1.3,1.3,1.3,1.3,1.3,1.3,1.3,1.3,1.3,1.3,1.3,1.3,1.4,1.4,1.5,1.5,1.579256605514607,1.7,1.7,1.7,1.7,1.7,1.7,1.7,1.7,1.7,1.7,1.7,1.7,1.7,1.7,1.7,1.7,1.7,1.7,1.7,1.7,1.7,1.7,1.7,1.7,1.7,1.7,1.7,1.738454272860062,1.8,1.8,1.8,1.8,1.8,1.8,1.8,1.8,1.8,1.8,1.8,1.8,1.8,1.9,1.9,1.9,1.9,1.9,1.9,1.9,1.9,1.9,1.9,1.9,1.9,1.9,1.9,1.9,1.9,1.9,1.9,1.9,1.9,1.9,1.9,1.9,1.9,1.9,1.9,1.9,1.9,2.0,2.0,2.0,2.1,2.1,2.1,2.1,2.1,2.2,2.2,2.2,2.2,2.2,2.2,2.2,2.2,2.2,2.2,2.2,2.2,2.2,2.2,2.2,2.2,2.2,2.2,2.2,2.2,2.2,2.2,2.2,2.2,2.2,2.2,2.2,2.2,2.2,2.2,2.2,2.2,2.2,2.2,2.2,2.2,2.2,2.2,2.2,2.2,2.2,2.2,2.2,2.2,2.3,2.3,2.3,2.3,2.3,2.3,2.3,2.3,2.3,2.3,2.3,2.3,2.3,2.3,2.3,2.3,2.4,2.4,2.4,2.4,2.4,2.4,2.4,2.4,2.4,2.4,2.4,2.4,2.4,2.4,2.4,2.4,2.4,2.4,2.4,2.6,2.681376164502467,2.9,2.989518608039907,3.0,3.047944441110684,3.1,3.1,3.207133298446678,3.5,3.5,3.5,3.7,3.7,3.7,3.8,3.9,3.9,5.000545334952631
1.6983639951421239,2.0,2.485485513939149,2.5,2.6,2.679792392287166,2.8,3.200363130524173,3.3,3.3996092814346324,3.4,3.5,3.5,3.5520555588893195,3.6,3.7,3.7,3.7593119177487657,3.8,3.8,3.9,3.9,3.9966561113817307,4.0,4.0,4.0,4.0,4.0,4.0,4.2,4.2,4.2,4.2,4.2,4.2,4.2,4.2,4.2,4.2,4.2,4.2,4.2,4.2,4.2,4.2,4.2,4.3,4.3,4.3,4.393861234331038,4.5,4.5,4.5,4.538454272860062,4.746597591677135,4.8,4.84153788703216,4.9,4.9,4.9,4.9,5.0,5.0,5.1,5.1,5.2,5.2,5.2,5.3,5.3,5.4,5.5,5.5,5.5,5.586222963545816,5.613634252669689,5.7,5.7,5.8,5.8,5.8,5.8,5.9,5.925606498421527,6.0,6.0,6.0,6.0,6.0,6.0,6.0,6.0,6.0,6.077661541373566,6.1,6.1,6.1,6.1,6.1,6.1,6.1,6.1,6.1,6.1,6.1,6.172927891550574,6.2,6.2,6.2,6.2,6.2,6.2,6.2,6.2,6.2,6.2,6.2,6.3,6.3,6.3,6.3,6.3,6.3,6.3,6.3,6.3,6.3,6.3,6.3,6.497472376674125,6.5,6.5,6.5,6.5,6.5,6.5,6.5,6.5,6.5,6.5,6.5,6.5,6.5,6.5,6.5,6.592345214177163,6.6,6.6,6.6,6.6,6.6,6.606138765668953,6.7,6.8,6.8,6.8,6.899964124280138,6.9,6.9,6.9,6.9,6.9,6.9,6.9,6.9,6.9,6.9,6.9,6.9,6.9,6.9,7.1,7.1,7.1,7.1,7.1,7.1,7.1,7.1,7.1,7.1,7.1,7.1,7.1,7.1,7.1,7.1,7.1,7.1,7.3,7.3,7.3,7.3,7.3,7.6,7.740415215425673,8.1,8.7,9.317717290912702,11.4,12.605998684478935
1.295637320378997,1.4,1.7709710278782986,2.0,2.4,2.4797923922871656,2.5,2.5,2.6,2.6,2.6,2.8,2.8,2.9,3.032554993692302,3.1104813919600964,3.2860145100745632,3.3,3.3,3.3,3.36710973118205,3.4,3.5,3.5,3.5,3.5,3.5,3.5,3.6,3.6,3.6,3.6,3.6,3.6,3.6,3.60640601215474,3.7,3.7,3.7,3.7,3.8,3.8,3.8,3.8,3.8,3.8,3.8,3.9,3.9,3.9,3.9,3.9,3.9,3.9,3.9,3.9,4.0,4.0,4.0,4.0,4.0,4.0,4.0,4.0,4.0,4.1,4.1,4.1,4.2,4.2,4.2,4.2,4.2,4.2,4.2,4.2,4.2,4.2,4.2,4.2,4.2,4.2,4.2,4.2,4.3,4.3,4.3,4.3,4.3,4.3,4.4,4.5,4.5,4.5,4.6,4.627072108449437,4.7,4.7,4.8,4.8,4.9,4.9,4.9,4.9,4.948291057822746,5.0,5.0,5.0,5.0,5.0,5.0,5.0,5.0,5.0722891507838765,5.1,5.1,5.1,5.1,5.2,5.2,5.2,5.2,5.2,5.232212223747814,5.3,5.3,5.3,5.382849897460482,5.5,5.5,5.5,5.5,5.5,5.5,5.5,5.5,5.6,5.6,5.6,5.6,5.6,5.6,5.6,5.6,5.65846211296784,5.8,5.826701204161429,5.9,5.9,5.9,5.9,5.9,5.94367777167434,6.1,6.1,6.1,6.2,6.2,6.2,6.2,6.2,6.3,6.3,6.3,6.3,6.3,6.441531877275179,6.5,6.5,6.5,6.5,6.5,6.5,6.505998456065578,6.6,6.6,6.6,6.8,6.8,6.8,6.9,6.9,6.9,6.9,6.9,6.9,6.9,6.9,6.9,6.9,6.9,6.9,7.1,7.1,7.1,7.1,7.1,7.371362657173825,7.6145144860608465,8.333618648868258,8.7
1.0989093300947494,1.1,1.1,1.1,1.1,1.2797923922871657,1.3,1.3,1.3,1.3,1.3,1.3,1.3,1.4,1.5,1.6,1.6,1.6,1.6,1.6,1.6,1.7,1.7,1.7,1.7,1.7,1.7,1.7,1.7,1.7,1.7,1.7,1.7,1.7,1.7,1.7,1.7,1.7,1.7,1.7,1.7,1.7,1.7,1.7,1.7,1.7,1.7,1.7,1.8,1.8,1.8,1.8,1.8,1.8,1.8,1.8,1.8,1.8,1.8,1.8,1.8,1.8,1.8,1.8,1.9,1.9,1.9,1.9,1.9,1.9,1.9,2.0,2.0,2.0,2.0,2.0,2.0,2.0,2.0,2.1,2.1,2.1,2.2,2.2,2.2,2.2,2.2,2.2,2.2,2.2,2.2,2.2,2.2,2.2,2.2,2.2,2.2,2.2,2.2,2.2,2.2,2.2,2.2,2.2,2.2,2.2,2.2,2.2,2.2,2.2,2.2,2.2,2.2,2.2,2.2,2.2,2.2,2.2,2.200269264184391,2.3,2.3,2.3,2.3,2.3,2.3,2.3,2.3,2.3,2.3,2.3,2.3,2.3,2.3,2.3,2.3,2.3,2.3,2.4,2.4,2.4,2.4,2.4,2.4,2.4,2.4,2.4,2.4,2.4,2.4,2.4,2.4,2.4,2.4,2.4,2.4,2.559932460047509,2.8,2.8,2.9820773739873063,3.0,3.0,3.0,3.1,3.1,3.1,3.1,3.1,3.1,3.1,3.1,3.1,3.1,3.1,3.1119969121311555,3.3,3.3,3.5,3.5,3.5,3.5,3.5,3.6002582456110193,3.7,3.7,3.7,3.8,3.8,3.8,3.8312240387354506,3.9,3.9,3.9,3.9,3.9,3.9,3.9,3.9,3.9,4.029028972121694,4.3557457659121726,5.102726674763153
0.8989093300947493,1.1,1.1,1.1,1.1,1.2,1.2,1.2,1.2,1.3,1.3,1.3,1.3,1.3,1.3,1.3,1.4,1.5,1.6,1.6,1.6,1.6327174284142678,1.7,1.7,1.7,1.7,1.7,1.7,1.7494582816066526,1.8,1.8,1.8,1.8,1.8,1.8,1.8,1.8,1.8,1.9,1.9,2.0,2.0,2.0,2.1,2.1,2.1,2.1,2.1,2.1563222283256667,2.2,2.2,2.2,2.2,2.2,2.2,2.3,2.3,2.3,2.3,2.3,2.3,2.3,2.3,2.3,2.4,2.4,2.4,2.4,2.4,2.4,2.4,2.4,2.4,2.4,2.4,2.4,2.4,2.4,2.4,2.421115852667802,2.5474948492296106,2.6,2.6,2.6,2.6,2.6,2.8,2.8,2.8,2.8,2.9,2.9,2.9528705692421484,3.0,3.0,3.0,3.0,3.0,3.0,3.0,3.0,3.1,3.1,3.1,3.1,3.1,3.1,3.1,3.1,3.1,3.1,3.1,3.1,3.1,3.1,3.1,3.2,3.2743935015784698,3.3,3.3,3.3,3.3,3.3108998711652244,3.5,3.5,3.5,3.5,3.5,3.5,3.5,3.5,3.6,3.7,3.7,3.7,3.7,3.7,3.7,3.7,3.7,3.7,3.7,3.7,3.7,3.8,3.8,3.8,3.8,3.8,3.8,3.8,3.8,3.8,3.8,3.8,3.8,3.8,3.9,3.9,3.9,3.9,3.9,3.9,3.9,3.9,3.9,3.9,3.9,3.9,3.9,3.9,3.9,3.9,3.9,3.9,3.9,3.9,3.9,3.9,3.9,3.9,3.9,3.9,4.0,4.0,4.0,4.0,4.047944441110684,4.1,4.2,4.2,4.3,4.4,4.4,4.4,4.4,4.6,4.84272531434765,5.1,5.2,5.604362679621044
0.8994546650473747,0.9,1.1,1.1,1.1,1.1797923922871658,1.2,1.2003631305241729,1.3,1.3,1.3,1.4824747633424777,1.6,1.6,1.6325549936923018,1.7,1.7,1.7,1.8,1.8,1.8,1.8,1.8,1.8,1.8,1.8,1.837286272143571,1.9,2.0,2.0,2.0,2.0,2.059693109019841,2.1,2.1,2.1,2.2,2.2,2.2,2.2,2.2,2.2,2.2,2.2,2.2,2.2400675399524985,2.3,2.3,2.3,2.3,2.3,2.3,2.3,2.4,2.4,2.4,2.4,2.4,2.4,2.4,2.4,2.4,2.4,2.4,2.4,2.4,2.4,2.4,2.4,2.5,2.574106826669302,2.6,2.6,2.6,2.6,2.8,2.8,2.8,2.8,2.8,2.8,2.8,2.9,2.9,2.9,2.9,3.0,3.0,3.0,3.0,3.0,3.0,3.0,3.0,3.0,3.1,3.1,3.1,3.1,3.1,3.1,3.1,3.1,3.1,3.1,3.1,3.1,3.1,3.1,3.1,3.1,3.1,3.14706730690055,3.2722891507838767,3.3,3.3,3.3,3.3,3.300538528368781,3.5,3.5,3.5,3.5,3.5,3.5,3.5,3.5,3.5,3.5,3.5,3.7,3.7,3.7,3.7,3.7,3.7,3.7,3.7,3.7,3.7,3.7,3.7,3.7,3.7,3.7,3.7,3.8,3.8,3.8,3.8,3.8,3.8,3.8,3.8,3.8,3.8,3.8999641242801375,3.9,3.9,3.9,3.9,3.9,3.9,3.9,3.9,3.9,3.9,3.9,3.9,3.9,3.9,3.9,3.9,3.9,3.9,3.9,3.9,3.9,3.9,3.9,3.9,3.9,3.9,3.9,3.9,4.0,4.0,4.0,4.03122403873545,4.1,4.1,4.2,4.2,4.2,4.4,4.4,4.4,4.4,4.414514486060847,4.7,5.102181339810522
0.5994546650473747,0.9,0.9,0.9,1.1,1.1,1.1,1.1,1.1,1.1,1.1,1.1,1.1,1.2,1.3,1.3,1.3,1.3,1.3,1.3,1.3,1.3,1.4,1.5,1.6,1.6,1.7,1.7,1.7,1.7,1.7,1.7,1.7,1.7,1.7,1.7,1.7,1.7,1.7,1.7,1.7,1.7,1.717922626012691,1.8,1.8,1.8,1.8,1.8,1.8,1.8,1.8,1.8,1.8,1.8,1.8,1.8,1.8,1.8,1.8,1.8,1.8,1.8,1.8,1.8,1.8,1.8,1.8,1.8,1.8,1.8,1.8,1.8,1.8,1.8,1.8,1.8,1.8,1.8,1.8,1.8,1.8,1.9,1.9,1.9,1.9,1.9,1.9,1.9277108492161203,2.0,2.0,2.0,2.0,2.0,2.0,2.0,2.0,2.0,2.1,2.1,2.125448577810747,2.2,2.2,2.2,2.2,2.2,2.2,2.2,2.2,2.2,2.2,2.2,2.2,2.2,2.2,2.2,2.2,2.2,2.2,2.2,2.2,2.2,2.2,2.3,2.3,2.3,2.3,2.3,2.3,2.3,2.3,2.3,2.3,2.3,2.3,2.3,2.3,2.3,2.3,2.3,2.3,2.3,2.3,2.3,2.4,2.4,2.4,2.4,2.4,2.4,2.4,2.4,2.6,2.6436777716743394,2.8,2.920554724647712,3.0,3.1,3.1,3.1,3.1,3.1,3.1,3.1,3.1,3.1,3.1,3.3,3.480848279117242,3.7,3.79121831144011,3.8,3.8,3.8,3.8,3.8,3.8,3.8,3.8,3.8,3.8,3.8,3.8,3.8,3.9,3.9,3.9,3.9,3.9,3.9,3.9,3.9,3.9,3.9,3.9,3.9,3.9,3.9,3.9,4.0,4.3557457659121726,4.4
2.198363995142124,2.5,2.6,2.7,2.8,2.8797923922871655,3.1,3.1,3.1,3.299218562869265,3.3,3.3,3.3,3.3,3.3,3.3,3.3,3.3,3.3,3.3,3.3,3.3,3.3,3.3590090298190245,3.5,3.5,3.5,3.5,3.5,3.5,3.5,3.6,3.6,3.6,3.6,3.6,3.6,3.6,3.6,3.6,3.7,3.7,3.7,3.7,3.7,3.7,3.7,3.718190088503164,3.8,3.8,3.8,3.8,3.8,3.838454272860062,3.9,3.9,3.9,3.9,3.9,3.9,3.9,3.9,3.9,3.9,3.9,3.9,3.9,3.9,3.9,3.9,3.9,3.9,3.9,3.9,3.9,3.9,3.9,3.9,3.9,3.9,3.9,3.9736966480707365,4.0,4.0,4.0,4.0,4.0,4.0,4.0,4.0,4.0,4.0,4.0,4.0,4.0,4.0,4.0,4.0,4.0,4.0,4.0,4.0,4.0,4.0,4.0,4.0,4.0,4.0,4.0,4.0,4.0,4.0,4.0,4.0,4.0,4.0,4.0,4.0,4.0,4.0,4.0,4.0,4.105449935582612,4.2,4.2,4.2,4.2,4.2,4.3,4.3,4.3,4.3,4.3,4.3,4.3,4.4,4.4,4.433292681424257,4.5,4.6,4.6,4.6,4.6,4.6,4.6,4.6,4.6,4.6,4.6,4.6,4.6,4.7,4.7,4.7,4.7,4.7,4.7,4.7,4.7,4.7,4.7,4.7,4.7,4.7,4.7,4.7,4.7,4.7,4.7,4.7,4.7,4.7,4.7,4.705998456065578,4.8627137278564305,5.0,5.0,5.0,5.0,5.0,5.0,5.0,5.1,5.1,5.1,5.1,5.1,5.2,5.3,5.5,5.5,5.901172155696094,6.2,6.2,6.6,6.6,6.9,6.9,7.3,7.611491531824345,8.716360048578917
1.4929106456158703,1.922127117043914,2.1,2.5,2.5589391335881384,2.6,2.6,2.6,2.7,2.7996092814346323,2.8,2.8,2.8,2.8,2.9,3.0,3.0,3.059311917748766,3.1,3.1,3.1,3.1,3.1,3.3,3.3,3.3,3.3,3.3,3.3,3.3,3.3,3.3,3.3,3.3,3.3,3.3,3.3,3.3,3.3,3.3,3.3,3.3,3.4,3.5,3.5,3.5,3.5,3.5,3.6,3.6,3.6,3.6,3.6031051118148354,3.7,3.7,3.7,3.7,3.7,3.7,3.7,3.7,3.7,3.7,3.766707318575743,3.8,3.8,3.8,3.8,3.8,3.9,3.9,3.9,3.9,3.9,3.9,3.9,3.9,3.9,3.9,3.9,3.9,3.9,3.9,3.9,3.9,3.9,3.9,3.9,3.9,3.9,3.9,3.9,3.9,3.9,3.9,3.9,3.9,3.9,3.9,3.9,3.9,3.9,3.9,3.9,3.9,4.0,4.0,4.0,4.0,4.0,4.0,4.0,4.0,4.0,4.0,4.0,4.0,4.0,4.0,4.0,4.0,4.0,4.0,4.0,4.0,4.0,4.0,4.0,4.0,4.0,4.0,4.0,4.0,4.0,4.0,4.0,4.0,4.033292681424257,4.1,4.195621510063717,4.2,4.2,4.2,4.2,4.2,4.2,4.3,4.3,4.3,4.3,4.3,4.3,4.3,4.3,4.4,4.6,4.6,4.6,4.6,4.6,4.6,4.6,4.6,4.6,4.7,4.7,4.7,4.7,4.7,4.7,4.7,4.7,4.7,4.7,4.7,4.7,4.7,4.7,4.703343888618275,4.8,4.832890268817948,5.0,5.0,5.0,5.1,5.1,5.1,5.1,5.1,5.1,5.2,5.3,5.495433467446799,5.999636869475824,6.2,6.2,6.482121732823714,6.6,6.9,7.611491531824345,8.716360048578917
0.9,0.9,0.9,0.9,1.1,1.1,1.1,1.2,1.2,1.2996092814346327,1.3,1.3,1.3,1.3,1.3,1.4,1.4,1.4,1.5,1.5,1.5,1.6,1.6966561113817307,1.7,1.7,1.7,1.7,1.7,1.7,1.7,1.7,1.7,1.7,1.7,1.7,1.8,1.8,1.8,1.8,1.8,1.9,1.9,1.9,1.9,1.9,2.0,2.0,2.0,2.0,2.0,2.0,2.0,2.0,2.0,2.0,2.0,2.0,2.0,2.0,2.0,2.0,2.0,2.0,2.0,2.0,2.0,2.0,2.0,2.0,2.0,2.0,2.0,2.0,2.0,2.0,2.0,2.0,2.0,2.0,2.0,2.0,2.0,2.0,2.0,2.0,2.0,2.0023763191388553,2.1,2.1,2.1,2.1,2.1,2.1,2.1,2.1,2.1,2.2,2.2,2.2,2.2,2.2,2.2,2.2,2.2,2.2,2.2,2.2,2.2,2.2,2.2,2.296926093147823,2.3,2.3,2.3,2.3,2.3,2.3,2.3,2.3,2.3,2.3,2.3,2.3,2.3,2.3,2.3,2.3,2.3,2.3,2.3,2.3,2.3,2.3,2.3,2.3,2.3,2.3,2.3,2.3,2.3,2.3,2.3,2.3,2.3,2.3,2.3,2.3,2.3,2.3,2.3,2.3,2.306138765668953,2.4,2.4,2.4,2.4,2.4999641242801376,2.8,2.8,2.9,2.9,2.9,2.9,3.0,3.1,3.1,3.1,3.1,3.1,3.1,3.1,3.1,3.1,3.1,3.1,3.1,3.1,3.1,3.1,3.1,3.1,3.1,3.1,3.1,3.1,3.1,3.1674450063076964,3.3,3.3,3.3,3.7,3.7,3.7,3.8,3.8,3.8,3.9,3.9,3.9,3.9,4.417996053436809
0.49836399514212393,0.9,0.9,1.028637342826178,1.3,1.5,1.6,1.7,1.7,1.7,1.7,1.7,1.8,1.8,1.8325549936923018,1.9,1.9,1.9,1.9305129470707023,2.0,2.0,2.0,2.0,2.0,2.0,2.0,2.0,2.0,2.0,2.0037085797800698,2.1,2.1,2.1,2.1,2.1,2.2,2.3,2.3,2.3,2.3,2.4,2.4,2.4,2.4,2.4,2.4,2.4794452753522878,2.5,2.5,2.5,2.5,2.5,2.5,2.5,2.5,2.6,2.6,2.6,2.607945850290253,2.7,2.7,2.7,2.7,2.7,2.7,2.7275897391896877,2.8,2.8,2.8,2.8,2.8,2.8,2.8,2.8,2.8,2.8,2.8,2.8677877762521886,2.9,2.9,2.9,2.9,2.9,2.9,2.9,2.9,2.9,2.9277108492161203,3.0,3.0,3.0,3.0,3.0,3.0,3.1,3.1,3.1,3.1,3.1,3.1,3.1,3.1,3.1,3.1,3.1,3.1,3.1,3.1,3.1,3.1,3.1,3.1,3.1,3.1,3.1,3.1,3.1,3.1,3.1,3.1,3.1,3.1,3.1,3.1,3.1,3.1,3.1,3.1,3.1,3.1,3.1,3.1,3.1,3.1,3.1,3.1,3.1,3.1,3.1,3.1,3.1,3.1,3.1,3.2,3.2,3.292345214177163,3.3,3.3,3.3,3.3,3.3,3.3,3.3,3.3,3.3,3.3,3.4,3.6,3.6,3.6,3.6,3.6,3.6,3.6,3.6,3.6,3.7,3.7,3.7,3.7,3.8,3.8,3.8,3.8,3.9,3.9,4.0,4.0,4.0,4.0,4.0,4.1,4.2,4.2,4.2,4.2,4.2,4.2,4.2,4.2,4.2,4.2,4.2,4.2,4.213659870944878,4.420207607712837,4.6,4.742725314347649,5.1,5.255745765912172,5.702181339810522
0.49836399514212393,0.7221271170439142,0.9,0.9,1.1178782671762764,1.3,1.3931700645275615,1.5,1.6,1.6,1.6,1.6824747633424777,1.7,1.7,1.7,1.7104813919600963,1.8,1.8,1.8305129470707022,1.9,1.9,1.9,1.9966561113817307,2.0,2.0,2.0,2.0,2.0,2.0,2.0,2.0,2.0,2.0,2.0,2.1,2.1,2.1,2.1,2.1,2.1,2.2,2.2757947415640416,2.3,2.3,2.300035875719855,2.4,2.4,2.4,2.4,2.4,2.5,2.5,2.5,2.5,2.5,2.5,2.5,2.5,2.5079458502902527,2.6,2.6,2.6,2.6,2.6,2.697323051621021,2.7,2.7,2.7,2.7,2.7,2.7,2.7,2.7,2.7585750512697502,2.8,2.8,2.8,2.8,2.8,2.8,2.8,2.8,2.8,2.8,2.8,2.8,2.9,2.9,2.9,2.9,2.9,2.9,2.9,2.9,2.9,2.9,2.9517089421772567,3.0,3.0,3.0,3.0,3.0,3.1,3.1,3.1,3.1,3.1,3.1,3.1,3.1,3.1,3.1,3.1,3.1,3.1,3.1,3.1,3.1,3.1,3.1,3.1,3.1,3.1,3.1,3.1,3.1,3.1,3.1,3.1,3.1,3.1,3.1,3.1,3.1,3.1,3.1,3.1,3.1,3.1,3.1,3.1,3.1,3.1,3.1,3.1,3.1,3.1,3.1,3.2,3.2,3.3,3.3,3.3,3.3,3.3,3.3,3.3,3.3,3.3,3.3,3.3670798011073146,3.4107266901243976,3.5,3.6,3.6,3.6,3.6,3.6,3.6,3.6,3.7,3.7,3.7505417183933503,3.8,3.8,3.9,3.9,4.0,4.0,4.0,4.0,4.0,4.0,4.140688082251233,4.2,4.2,4.2,4.2,4.2,4.2,4.2,4.2,4.2,4.2,4.2,4.4,4.5,4.6,4.6,5.033618648868258,5.5010906699052615
0.2,0.5,0.5,0.5,0.5,0.6,0.6,0.6003631305241729,0.7,0.7,0.8,0.8,0.8,0.8,0.8,0.8104813919600965,0.9,0.9,0.9,0.9,0.9,0.9,0.9,0.9,0.9,0.9,0.9,0.9,0.9,0.9,0.9,0.9,0.9,0.9,0.9,0.9,1.0,1.0,1.0,1.0,1.0,1.1,1.1,1.1,1.1,1.1,1.1,1.1,1.1,1.1,1.1308259810188759,1.2,1.2,1.2,1.2,1.2,1.2,1.2,1.2,1.2,1.2,1.2,1.2,1.2,1.2,1.2,1.2,1.2,1.2,1.2,1.2,1.2,1.2,1.2,1.2,1.2,1.2,1.2,1.2,1.2,1.2,1.2,1.2,1.2,1.2,1.2,1.2,1.2,1.2,1.2,1.2,1.2,1.2,1.2,1.2,1.2,1.2,1.2,1.2,1.2,1.2,1.3,1.3,1.3,1.3,1.3,1.3,1.3,1.3,1.3,1.3,1.3,1.3,1.3,1.3,1.3,1.3,1.3,1.3,1.3,1.3,1.3,1.3,1.3,1.3591808414844933,1.4,1.4,1.4,1.4,1.4,1.5,1.5,1.5,1.6,1.6,1.6,1.6,1.6,1.6,1.6,1.6,1.6,1.7,1.7,1.7,1.7,1.7,1.7,1.7,1.8,1.8,1.8,1.8,1.8,1.9,1.9,1.9,1.9,1.9,1.9,1.9670798011073145,2.0,2.0,2.0,2.1,2.1,2.1,2.1904241395586213,2.340306890980156,2.4,2.4,2.4,2.4,2.4,2.4,2.4,2.5,2.5,2.5,2.5,2.5,2.5,2.5,2.5,2.6,2.6,2.6,2.6479444411106843,2.7,2.8,2.8,2.8,2.8,2.8996368694758243,3.0,3.1,3.1,3.6,3.714514486060847,3.977872882956086,4.503817344668414
0.49836399514212393,1.4,1.5,1.7,1.7,1.9,2.0,2.0,2.0,2.0,2.0,2.0,2.3,2.3520555588893193,2.5,2.6,2.6,2.7,2.7,2.7,2.8,2.8,2.8,2.8,2.8,2.8,2.8,2.8,2.8,2.8,2.8,2.8,2.9,2.9,2.9,3.0,3.053423758114002,3.1,3.1,3.1,3.1,3.1,3.1,3.1,3.1,3.1,3.1,3.1,3.1,3.1,3.1,3.1,3.2,3.2,3.2,3.2,3.3,3.3,3.3,3.3,3.3,3.3,3.3,3.366707318575743,3.4,3.5,3.5575196044106634,3.6,3.6,3.6,3.6,3.6,3.6,3.6,3.6,3.6,3.6,3.6,3.6,3.7,3.7,3.7,3.7,3.7,3.7,3.7,3.7,3.7,3.7,3.7,3.7,3.7,3.7528705692421482,3.8,3.8,3.8,3.8,3.8,3.8,3.8,3.8,3.8,3.8,3.8,3.8,3.8,3.9,3.9,3.9,3.9,3.9,3.9,3.94706730690055,4.0,4.0,4.0,4.0,4.0,4.000269264184391,4.1,4.1,4.1,4.1,4.1,4.1,4.1,4.1,4.1,4.169319877160609,4.2,4.2,4.2,4.2,4.2,4.2,4.2,4.2,4.2,4.2,4.2,4.2,4.2,4.2,4.4,4.4584621129678395,4.5,4.5,4.661545727139935,4.7,4.7,4.7,4.7,4.7,4.8,4.8,4.8,4.8,4.9,4.9,4.9,4.967079801107315,5.0,5.0,5.000446139750591,5.146576241885998,5.2,5.2,5.2,5.2,5.39121831144011,5.4,5.4,5.5,5.505998456065578,5.6,5.6,5.6,5.740990970180974,5.803343888618275,5.967282571585736,6.0,6.0,6.0,6.0,6.0,6.089518608039906,6.1,6.1,6.2,6.2,6.3,6.400390718565365,6.5,6.6,6.6,6.820207607712836,6.9,7.042725314347649,7.3,7.6,9.2
0.5,0.9,1.1854855139391491,1.4,1.4,1.4,1.4,1.5007262610483458,1.7,1.7996092814346327,1.9,1.9,2.0,2.0,2.0,2.0,2.0,2.159311917748766,2.2,2.3,2.3,2.4,2.5,2.5590090298190247,2.7,2.7,2.7,2.7,2.8,2.8,2.8,2.8,2.8,2.8,2.8,2.8,2.8,2.8,2.8,2.8,2.8,2.8,2.8,2.8,2.8,2.8,2.8,2.8,2.8,2.8,2.9,2.9,2.9,2.9,2.9,2.9,2.9,3.0,3.0,3.0,3.1,3.1,3.1,3.1,3.1,3.1,3.1,3.1,3.1,3.1,3.1,3.1,3.1,3.1,3.1,3.1,3.1,3.1,3.1,3.1,3.1,3.1,3.2,3.2,3.2,3.3,3.3,3.3,3.3,3.3,3.3,3.3,3.352870569242148,3.4,3.5,3.6,3.6,3.6,3.6,3.6,3.6,3.6,3.6,3.7,3.7,3.7,3.7,3.7,3.7,3.7,3.7,3.7,3.7,3.7,3.7976236808611414,3.8,3.8,3.8,3.8,3.8,3.8,3.8,3.8,3.9,3.9,3.9,3.9,3.9,3.9,3.9,3.9,4.0,4.0,4.0,4.042480395589342,4.1,4.1,4.1,4.1,4.1,4.1,4.159500077641303,4.2,4.2,4.2,4.2,4.2,4.2,4.2,4.3327652811957815,4.4,4.5,4.5,4.5,4.5,4.6,4.699964124280138,4.7,4.7,4.7,4.7,4.8,4.8,4.9,4.9,4.9,5.0,5.0,5.0,5.0,5.0,5.1,5.2,5.2,5.2,5.32074339448539,5.4,5.5,5.503343888618275,5.6,5.7,5.7,5.769487052929304,5.8,5.9,6.0,6.067445006307696,6.1,6.2,6.2,6.2,6.200781437130729,6.5,6.6,6.6,6.6,6.841060866411857,6.9,7.6,7.777872882956086,8.408725359242089
0.2,0.2,0.2,0.2,0.2,0.2,0.2,0.2,0.2,0.4988278443038979,0.5,0.5,0.5,0.5,0.5,0.5,0.5,0.5,0.5,0.5,0.5,0.5,0.5,0.5,0.5,0.5,0.5,0.5,0.5,0.5,0.5,0.5,0.5,0.5,0.5,0.5,0.5,0.5,0.5,0.5,0.5,0.6,0.6,0.6,0.6,0.6,0.6,0.6,0.6,0.6,0.6,0.6,0.6,0.6,0.6,0.6,0.6,0.6,0.6,0.6,0.6,0.6,0.6,0.6,0.6,0.6,0.6,0.6,0.6164165237127207,0.7,0.7,0.7,0.7,0.7,0.7,0.7,0.7,0.8,0.8,0.8,0.9,0.9,0.9,0.9,0.9,1.0,1.0,1.1,1.1,1.1,1.1,1.1,1.1,1.1,1.1,1.1,1.2,1.2,1.2,1.2,1.2,1.2,1.2,1.2,1.2,1.3,1.3,1.3,1.4,1.4,1.4,1.4,1.4,1.4,1.4,1.4,1.5,1.5,1.5,1.5,1.5,1.5,1.5,1.5,1.5,1.5,1.5,1.5,1.5,1.5,1.6,1.6,1.6,1.7,1.7,1.7,1.7,1.7,1.7,1.7,1.7273604303772345,1.8,1.8,1.825036691116378,1.9,1.9,2.0,2.0,2.0,2.0,2.0,2.0,2.1,2.1,2.1205547246477123,2.2599324600475086,2.3,2.3,2.3820773739873062,2.4,2.4,2.4,2.4,2.4,2.446576241885998,2.5,2.5,2.590424139558621,2.6,2.6,2.7,2.8,2.8,2.8,2.8,2.8,2.8,2.8,2.9,2.9,2.9,2.9,2.9,3.0,3.0,3.0,3.0,3.0,3.1,3.1,3.1,3.1,3.2954334674467987,3.3996368694758243,3.606829935472439,3.9,4.0,4.1,4.2,5.2451101806926035,6.207634689336828
0.9,1.1221271170439142,1.2854855139391492,1.3,1.3589391335881382,1.4,1.4,1.4,1.4,1.4,1.4,1.4,1.4,1.4,1.4,1.4,1.4,1.4,1.4,1.4,1.4,1.4,1.4,1.4,1.4397049314255526,1.7,1.7,1.7,1.7,1.7,1.7,1.7,1.7,1.7,1.7,1.70640601215474,1.9,1.9,1.9,1.9,1.9,1.9,2.0,2.0,2.0,2.0,2.0,2.0,2.0,2.0,2.0,2.0,2.0,2.0,2.0,2.0,2.0,2.0,2.0,2.0,2.0,2.0,2.0,2.0,2.0,2.0,2.0,2.0,2.0164165237127207,2.1,2.1,2.1025276233258667,2.230680122839391,2.3,2.3,2.4136342526696892,2.5,2.5,2.5,2.5,2.5,2.5,2.5,2.5,2.5,2.6,2.6,2.6,2.6,2.7,2.7,2.7,2.7,2.7,2.7,2.7,2.7,2.8,2.8,2.8,2.8,2.8,2.8,2.8,2.8,2.8,2.8,2.8,2.8,2.8,2.8,2.8,2.8,2.8,2.8,2.8,2.848666772365334,2.9,2.9,2.9,2.9,2.9,2.9,2.9,2.9,2.9863657473303133,3.013777036454178,3.1,3.1,3.1,3.1,3.1,3.1,3.1,3.1,3.1,3.1,3.1,3.1,3.1,3.1,3.159500077641303,3.292054149709747,3.3,3.3,3.3,3.3,3.3,3.4,3.4327652811957816,3.5,3.5,3.5,3.6,3.6,3.6,3.6,3.640671534142251,3.7,3.7,3.7,3.7,3.7,3.7,3.746576241885998,3.8,3.8,3.8,3.8,3.8,3.8,3.8,3.8,3.8059984560655775,3.9,3.9,3.9,4.0,4.0,4.0,4.0,4.0,4.0,4.1,4.2,4.2,4.2,4.2,4.2,4.2,4.2,4.300390718565365,4.497716733723399,4.5,4.6,4.7,4.8,4.971362657173825,5.3290289721216935,5.577872882956086,5.901636004857892
0.5,0.9442542340878284,1.1854855139391491,1.2,1.2,1.3,1.3,1.3,1.3,1.3,1.4,1.4,1.4,1.4,1.4,1.4,1.4,1.4,1.4,1.4,1.4,1.4,1.4,1.4,1.4,1.5,1.5,1.5,1.6,1.7,1.7,1.7,1.7,1.7,1.7,1.7,1.7,1.7,1.7,1.7,1.7,1.7,1.7,1.7,1.7,1.7,1.7,1.7,1.7,1.8,1.8,1.8,1.8,1.8384542728600621,1.9,1.9,1.9,1.9,1.9,1.9,1.9,2.0,2.0,2.0,2.0,2.0,2.0,2.0,2.0,2.0,2.0,2.0,2.0,2.0,2.0,2.0,2.0,2.0,2.0,2.0,2.0,2.0,2.0,2.0,2.0,2.0,2.0,2.0,2.0,2.0,2.0,2.0,2.0,2.0,2.0,2.0,2.0,2.1,2.1,2.1,2.1,2.1,2.1,2.1,2.1,2.1,2.295214980241678,2.3,2.3,2.3,2.396926093147823,2.4,2.4,2.4,2.4,2.5,2.5,2.5,2.5,2.5,2.5,2.5,2.5,2.5,2.5,2.5,2.5,2.5,2.5,2.5,2.6,2.6,2.6,2.7,2.7,2.7,2.7,2.7,2.7,2.7,2.7,2.7,2.7,2.7,2.8,2.8,2.8,2.8,2.8,2.8,2.8,2.8,2.8,2.8,2.8,2.8599324600475087,2.9,2.9,2.9,2.9,2.9,2.9,2.9,2.9004461397505907,3.0465762418859983,3.1,3.1,3.1,3.1,3.1,3.1,3.1,3.1,3.1,3.1,3.1,3.1,3.1,3.2,3.3,3.3,3.3,3.369487052929304,3.5,3.5139854899254375,3.6,3.6674450063076964,3.7,3.7,3.7175252366575253,3.8,3.8,3.9,3.9,4.0,4.0,4.2,4.2,4.2,4.5,5.305453349526306
0.49836399514212393,0.5,0.5,0.5,0.5,0.5,0.5,0.5,0.5,0.5,0.5,0.5,0.5,0.5,0.5,0.5,0.5,0.5,0.5,0.6,0.6,0.6,0.6,0.6,0.6,0.6,0.6,0.6,0.6,0.6,0.6,0.6,0.6,0.6,0.6,0.6,0.6,0.6,0.6,0.6,0.6,0.6,0.6,0.6,0.6,0.6,0.6,0.6,0.7,0.7,0.7,0.7,0.7,0.7,0.7,0.7,0.7,0.7,0.7,0.7,0.7,0.7,0.7,0.7,0.7,0.7,0.7,0.7,0.7,0.7,0.7,0.8,0.8,0.8,0.8,0.8,0.8,0.8,0.8,0.8,0.8,0.8,0.8,0.8,0.8,0.8,0.8,0.8,0.8,0.8,0.8,0.8,0.8,0.8,0.8,0.8,0.8,0.8,0.8,0.8,0.8,0.8,0.8,0.8,0.8,0.8,0.8,0.8,0.8,0.8,0.8,0.8,0.8,0.8,0.8,0.8,0.8,0.8,0.8,0.8,0.8,0.8,0.8,0.8,0.8,0.8,0.8,0.8,0.8,0.8,0.8,0.8,0.8,0.8,0.8,0.8,0.8,0.8,0.864269946863908,0.9,0.9,0.9,0.9,0.9,0.9,0.9,0.9,0.9,0.9,0.9,0.9,0.9,0.9,0.9,0.9,0.9,0.9,0.9,0.9,0.9,0.9,0.9107266901243974,1.0,1.0,1.0,1.0,1.0,1.0904241395586212,1.1,1.1,1.1,1.1,1.1,1.1,1.1,1.1,1.1,1.1,1.1,1.1672825715857358,1.2,1.2,1.2,1.2,1.2,1.2,1.2,1.247944441110684,1.3,1.3,1.3,1.3,1.3,1.3,1.3,1.3,1.4,1.4,1.5435434581825405,1.9557457659121724,2.1
2.2967279902842477,3.1221271170439144,3.4,3.6145493713047117,4.0,4.319169569148663,4.5,4.5,4.5,4.5,4.6,4.6,4.7,4.752055558889319,4.9,4.910481391960097,5.0,5.1,5.2,5.3,5.3,5.3,5.3,5.4,5.4,5.4,5.4,5.4,5.4,5.4,5.4,5.5,5.5,5.5,5.5,5.5,5.5,5.5,5.5,5.5,5.6,5.6,5.6,5.6,5.6,5.6,5.6,5.6,5.7,5.7,5.7,5.7,5.7,5.7,5.7,5.8,5.8,5.8,5.807945850290253,5.9,5.9,5.9,6.0,6.0,6.0,6.0,6.0,6.0,6.1,6.1,6.1,6.1,6.1,6.1,6.186222963545816,6.2,6.2,6.2,6.2,6.2,6.2,6.2,6.2,6.2,6.2,6.2,6.2,6.2,6.2,6.2,6.2,6.2,6.252870569242148,6.3,6.5,6.5,6.5,6.5,6.5,6.5,6.5,6.5,6.5,6.6,6.6,6.6,6.6,6.6,6.6,6.6,6.6,6.6,6.6,6.6,6.7,6.7,6.7,6.7,6.7,6.7,6.7,6.7,6.8,6.8,6.859180841484494,6.9,6.9,6.9,6.9,6.9,6.9,6.9,6.9,6.912875379529044,7.0,7.0,7.0,7.0,7.0,7.0,7.0,7.0,7.1,7.4,7.4,7.4,7.6,7.6,7.6,7.6,7.6,7.6,7.6,7.6,7.6,7.6,7.799964124280137,7.940671534142251,8.0,8.1,8.1,8.1,8.155172771262976,8.2,8.2,8.2,8.2,8.2,8.3,8.3,8.3,8.3,8.5,8.5,8.5,8.5,8.580147534287232,8.6,8.6,8.7,8.8,8.9,9.038974105858609,9.1,9.1,9.1,9.5,9.691777764442737,10.0,10.0,10.0,10.0,10.0,10.0,10.0,10.1,10.241060866411857,11.699077200433544,12.5,12.5,12.5
2.8994546650473745,3.3,3.556456541817448,3.7,3.8,3.8797923922871655,3.9,4.1,4.3,4.3,4.4,4.5,4.5,4.5,4.5,4.5,4.5,4.559311917748766,4.6,4.6,4.6,4.6,4.7,4.7,4.7,4.7,4.8,4.8,4.8,4.9,4.9,4.9,4.9,4.909575860441376,5.0,5.0,5.0,5.0,5.04482722873702,5.1,5.1329201988926885,5.275794741564042,5.3,5.3,5.3,5.3,5.3,5.318190088503163,5.4,5.4,5.4,5.4,5.4,5.4,5.4,5.4,5.4,5.4,5.4,5.4,5.5,5.5,5.5,5.5,5.5,5.5,5.5,5.5,5.5,5.5,5.5,5.5,5.5,5.5,5.5,5.5,5.5,5.567787776252189,5.6,5.6,5.6,5.6,5.6,5.6,5.6,5.6,5.6,5.6,5.6,5.6,5.6,5.6,5.6,5.6,5.6,5.6,5.6,5.6,5.600888621543728,5.7,5.7,5.7,5.7,5.8,5.8,5.8,5.8,5.8,5.8,5.8,5.8,5.8,5.9,5.9,6.0,6.0,6.0,6.0,6.0,6.0,6.0,6.0,6.0,6.0,6.1,6.1,6.1,6.1,6.1,6.2,6.2,6.2,6.2,6.2,6.2,6.2,6.2,6.2,6.2,6.2,6.2,6.2,6.2,6.2,6.258462112967839,6.3,6.3,6.3,6.3,6.3,6.5,6.5,6.5,6.5,6.5,6.5,6.5,6.6,6.6,6.6,6.6,6.610726690124397,6.7,6.7,6.7,6.7,6.7,6.7,6.7,6.7,6.743198843880208,6.8,6.8,6.9,6.9,6.9,6.9,6.9,6.9,6.9,6.9,6.9,7.0,7.0,7.0,7.1,7.367445006307697,7.495888882221368,7.6,7.6,7.6,7.6,7.6,7.6,7.6068299354724385,7.8,8.1,8.2,8.329028972121694,9.690220361385206,10.113088038863134
1.2,1.3,1.4,1.4,1.4,1.4,1.4,1.4,1.4,1.4,1.4,1.4,1.4,1.4,1.4,1.4,1.4,1.4,1.5,1.5997417543889867,1.6,1.6,1.6,1.7,1.7,1.7,1.8,1.8,1.8,1.8,1.8,1.8,1.8,1.8,1.8,1.9,1.953423758114002,2.0,2.1,2.1,2.1,2.1,2.1,2.1,2.100071751439711,2.3,2.3,2.3181900885031634,2.4,2.4,2.5,2.5,2.5,2.5,2.5,2.5,2.5,2.5,2.6,2.6,2.6,2.7,2.7,2.7,2.7,2.7,2.7,2.7871246204709537,2.8,2.8,2.8,2.8,2.8,2.8,2.8,2.8,2.8,2.8,2.8,2.8,2.8,2.8,2.8,2.8,2.9,2.9,2.9,2.9277108492161203,3.0,3.0,3.0,3.0,3.0,3.0,3.0023925098791606,3.1,3.1,3.1,3.100888621543729,3.2,3.2,3.2,3.2,3.2,3.2,3.2,3.2,3.3,3.3,3.3,3.3,3.3,3.3,3.3,3.3,3.3,3.3,3.3,3.3,3.3,3.3,3.3,3.3,3.3,3.3,3.3,3.3,3.3,3.3,3.4,3.4,3.4,3.4835834762872877,3.5,3.5,3.5,3.5,3.5,3.5,3.5,3.5,3.559500077641303,3.6,3.6,3.6,3.6,3.6,3.661545727139935,3.7,3.7,3.7691740189811296,3.8,3.8,3.8,3.8,3.8,3.8,3.8,3.8,3.8242052584359554,3.9,3.9,3.9,4.0,4.046576241885998,4.1,4.1,4.1,4.1,4.1,4.1,4.1,4.2,4.2,4.2,4.32074339448539,4.4,4.4,4.4,4.4,4.4,4.4,4.4694870529293045,4.5,4.6,4.7,4.7,4.847944441110684,5.03122403873545,5.1,5.1,5.1,5.2,5.3,5.506829935472439,5.8,6.0,6.214087971521473,6.5,7.555745765912172,7.805453349526306
1.6,1.7,1.7,2.5,2.7,2.7,2.8,2.9,3.0,3.0,3.0,3.1,3.1,3.1520555588893195,3.2325549936923017,3.3,3.3,3.3,3.4,3.4,3.4,3.6,3.6,3.6590090298190248,3.7,3.7,3.8,3.9,3.9,3.9,3.9,3.9,3.9,3.9,3.9,3.9,3.9,3.9,4.0,4.0,4.0,4.0,4.0,4.0,4.0,4.0,4.0,4.0,4.0,4.0,4.0,4.0,4.003105111814835,4.2,4.2,4.2,4.2,4.2,4.2,4.2,4.2,4.2,4.2,4.2,4.2,4.3,4.3,4.3,4.3,4.3,4.3,4.3,4.3,4.4,4.4,4.4,4.4,4.467787776252189,4.5,4.5,4.5,4.5,4.5,4.5,4.5,4.5,4.5,4.5,4.5,4.5,4.5,4.5,4.5,4.5,4.5,4.5,4.5,4.5,4.5,4.5,4.5,4.5,4.5,4.5,4.5,4.5,4.5,4.5,4.5,4.5,4.5,4.5,4.5,4.5,4.5,4.5,4.5,4.5,4.5,4.526303351929255,4.6,4.6,4.7,4.7,4.7,4.7,4.8,4.9,4.9,4.9,4.9,4.9,5.0,5.0,5.0,5.0,5.0,5.0,5.0,5.1,5.1,5.1,5.192054149709747,5.2,5.2,5.2,5.2,5.2,5.3,5.3,5.3,5.3,5.3,5.4,5.5,5.5,5.5,5.5,5.5,5.5,5.5,5.6,5.6,5.6,5.6,5.6,5.6,5.6,5.6,5.7,5.8,5.896291420219933,6.150541718393351,6.2,6.2,6.5,6.5,6.5,6.5,6.5,6.532890268817948,6.6,6.6,6.640688082251233,6.7,6.9,7.0,7.195888882221368,7.3,7.417525236657525,7.7,7.8,7.897716733723399,7.9,8.006829935472439,8.2,8.241060866411857,8.5,8.9,9.055745765912173,10.0
1.6,1.7,2.3709710278782983,2.5,2.5,2.679792392287166,2.7,2.8,2.9022832662765965,3.0,3.092866701553323,3.182474763342478,3.2,3.2,3.2,3.2,3.3,3.3,3.3,3.3,3.3,3.4,3.4,3.4,3.519852465712776,3.6,3.6,3.6,3.6,3.6,3.6,3.608781688559887,3.7,3.9,3.9,3.9,3.9,3.9,3.9,3.9,3.9,3.9,3.917922626012691,4.0,4.0,4.0,4.0,4.0,4.0,4.0,4.0,4.0,4.0,4.0,4.0,4.0,4.0415378870321605,4.1,4.2,4.2,4.2,4.2,4.2,4.2,4.2,4.2,4.2,4.287124620470953,4.3,4.3,4.3,4.3,4.3,4.3,4.3,4.313634252669689,4.4,4.4,4.4,4.4,4.4,4.4,4.4,4.4,4.4,4.4,4.5,4.5,4.5,4.5,4.5,4.5,4.5,4.5,4.5,4.5,4.5,4.5,4.5,4.5,4.5,4.5,4.5,4.5,4.5,4.5,4.5,4.5,4.5,4.5,4.5,4.5,4.5,4.5,4.5,4.5,4.5,4.5,4.5,4.5,4.5,4.5,4.5,4.5,4.5,4.586365747330313,4.6,4.7,4.7,4.7,4.7,4.8,4.8,4.9,4.9,4.9,4.9,4.9,4.9,4.9,5.0,5.0,5.0,5.0,5.058462112967839,5.1,5.126701204161429,5.2,5.2,5.2,5.2,5.2,5.3,5.3,5.3,5.3,5.3,5.3,5.382077373987307,5.5,5.5,5.5,5.5,5.6,5.6,5.6,5.6,5.6,5.7,5.7,5.7,5.8,6.0,6.1,6.2,6.2,6.280147534287232,6.5,6.5,6.5,6.5,6.5,6.5,6.6,6.6,6.879037216079815,6.967445006307696,7.0,7.1,7.3,7.3071332984466775,7.700390718565365,7.9,7.999636869475824,8.0,8.120207607712837,8.2,8.414087971521473,8.587086916365081,9.577872882956086,10.00054533495263
1.6,1.6,1.6854855139391491,1.7,2.4589391335881383,2.5,2.5,2.7,2.7,2.7,2.7,2.8,2.9,3.0,3.0,3.0,3.0,3.1,3.1,3.199741754388987,3.2,3.2,3.2,3.2,3.3,3.3,3.3,3.4,3.4,3.4,3.556801156119795,3.6,3.6,3.6,3.6,3.6,3.6,3.6,3.7,3.7,3.7,3.7,3.817922626012691,3.9,3.9,3.9,3.9,3.9,3.9,3.9,3.9,3.9,3.9,3.938454272860062,4.0,4.0,4.0,4.0,4.0,4.0,4.0,4.0,4.0,4.0,4.0,4.0,4.0,4.0,4.0,4.0,4.0,4.002527623325866,4.1,4.1,4.2,4.2,4.2,4.2,4.2,4.2,4.2,4.2,4.2,4.2,4.2,4.2,4.3,4.3,4.3,4.3,4.3,4.3,4.3,4.4,4.4,4.4,4.4,4.476311592408004,4.5,4.5,4.5,4.5,4.5,4.5,4.5,4.5,4.5,4.5,4.5,4.5,4.5,4.5,4.5,4.5,4.5,4.5,4.5,4.5,4.5,4.5,4.5,4.5,4.505449935582613,4.632212223747814,4.7,4.7,4.8,4.8,4.9,4.9,4.9,4.9,4.9,5.0,5.0,5.0,5.0,5.0,5.0,5.0,5.1,5.1,5.192054149709747,5.2,5.2,5.2,5.3,5.3,5.3,5.3,5.3,5.3,5.343677771674339,5.481809911496834,5.5,5.5,5.5,5.5,5.5,5.6,5.6,5.6,5.6,5.6,5.6,5.6,5.741531877275179,5.8,6.0,6.1,6.243198843880208,6.4,6.5,6.5,6.5,6.5,6.5,6.5,6.5,6.5,6.532890268817948,6.6,6.6,6.740688082251234,6.9,7.0,7.0,7.195888882221368,7.3,7.317525236657525,7.707133298446678,7.9,7.997716733723399,8.0,8.1,8.120207607712837,8.2,8.5,9.158057944243387,9.5,9.9
4.291274640757994,4.3,4.470971027878298,5.385912028478534,6.5,6.579792392287166,6.979510193582684,7.1,7.1,7.1,7.1,7.1,7.643879806322722,8.20411111777864,8.49532996215381,8.9,8.9,9.377935753246296,9.5,9.5,9.6,9.6,9.6,9.6,9.7,9.7,9.7,9.7,9.7,9.9,9.9,9.9,9.9,9.9,9.9,9.9,9.9,9.9,10.0,10.1,10.1,10.1,10.11792262601269,10.2,10.3,10.3,10.3,10.3,10.3,10.3,10.3,10.3,10.3,10.3,10.519896387515704,10.6,10.6,10.6,10.6,10.6,10.6,10.7,10.7,11.4,11.4,11.4,11.9,11.9,11.9,11.9,11.9,11.9,11.9,11.9,11.9,11.9,11.9,12.1,12.1,12.184463410671208,12.6,12.6,12.6,12.6,12.6,12.6,12.6,12.6,12.6,12.6,12.6,12.6,12.6,12.6,12.6,12.6,12.6,12.6,12.6,12.6,12.6,12.6,12.6,12.6,12.6,12.6,12.6,12.6,12.6,12.6,12.6,12.643898476527976,12.8,12.8,12.8,12.8,12.8,12.8,12.8,12.8,12.8,12.8,12.8,12.8,12.8,13.577291725972822,13.7,14.03139958984193,14.5,14.5,14.5,14.5,14.5,14.5,14.5,14.5,14.5,14.5,14.5,14.5,14.5,14.5,14.5,14.5,14.5,14.5,14.5,14.5,14.5,14.5,14.5,14.5,14.5,14.5,14.5,14.5,14.5,15.964175229121043,18.1,18.1,18.1,18.1,18.1,18.1,18.1,18.1,18.1,18.1,18.1,18.1,18.1,18.1,18.1,18.1,18.1,18.1,18.1,18.1,18.1,18.1,18.13289026881795,18.2,18.2,18.2,18.2,18.2,18.2,18.2,18.2,18.2,18.2,18.2,18.2,18.2,18.2,18.2,18.2,18.2,18.2,18.2,18.2
1.7,3.4,4.256456541817448,4.3,4.3,4.3,4.3,4.300363130524173,4.5,4.5,4.9,5.229899053369911,5.5,5.552055558889319,5.6976649810769056,6.2,6.5,6.5,6.530512947070702,6.799741754388987,6.967109731182051,7.0,7.1,7.1,7.1,7.1,7.1,7.1,7.1,7.1,7.1,7.1,7.1,7.119151720882751,7.916936245449643,8.0,8.053423758114002,8.1,8.1,8.2,8.332920198892689,8.4,8.6,8.659328465857746,8.7,8.7,8.7,8.9,8.9,8.9,8.9,8.9,8.9,8.9,8.9,8.9,8.9,8.9,8.915891700580506,9.2,9.47263956962276,9.5,9.5,9.5,9.59732305162102,9.6,9.6,9.6,9.6,9.6,9.7,9.7,9.7,9.8171501025395,9.9,9.9,9.9,9.96778777625219,10.0,10.0,10.0,10.0,10.099730735815603,10.1,10.1,10.1,10.1,10.1,10.1,10.1,10.103073906852183,10.228010926291105,10.3,10.3,10.3,10.3,10.3,10.3,10.3,10.6,10.6,10.7,11.4,11.4,11.9,11.9,11.9,11.9,11.9,11.9,11.9,11.9,11.9,11.9,11.9,11.946159745514967,12.1,12.1,12.6,12.6,12.6,12.6,12.6,12.6,12.6,12.6,12.6,12.6,12.6,12.6,12.6,12.6,12.6,12.6,12.6,12.6,12.6,12.6,12.6,12.6,12.6,12.6,12.6,12.6,12.6,12.6,12.6,12.6,12.6,12.8,12.8,12.8,12.8,12.8,12.8,12.8,12.8,12.8,12.8,13.0178473259236,13.7,14.5,14.5,14.5,14.5,14.5,14.5,14.5,14.5,14.5,14.5,14.5,14.5,14.5,14.5,14.5,14.5,14.5,14.620379990257902,18.1,18.1,18.1,18.1,18.1,18.1,18.1,18.1,18.1,18.1,18.1,18.10713329844668,18.2,18.2,18.2,18.2,18.2,18.2,18.2,18.2,18.2,18.2
2.6994546650473747,3.1221271170439144,3.5854855139391493,4.357274685652356,4.658939133588138,4.8797923922871655,5.0,5.100363130524173,5.2,5.2,5.485733403106646,5.5,5.637551922529089,5.85205555888932,6.032554993692302,6.1,6.186014510074563,6.2,6.230512947070702,6.399741754388987,6.467109731182051,6.5,6.5,6.5,6.519852465712776,6.6,6.6,6.6,6.6,6.6,6.6,6.7,6.759693109019841,6.8,6.858468122724822,6.9,6.9,6.9,6.9,6.9,6.9,6.975794741564042,7.0,7.059328465857746,7.1,7.1,7.1,7.3,7.3,7.3,7.4,7.4,7.4,7.5,7.5,7.6,7.64153788703216,7.7,7.7,7.7,7.7,7.7,7.7,7.7,7.7,7.8,7.8,7.8,7.8,8.0,8.0,8.0,8.0,8.0,8.0,8.1,8.1,8.1,8.1,8.2,8.2,8.2,8.299730735815604,8.3,8.4,8.4,8.5,8.5,8.5,8.5,8.5,8.5,8.5,8.5,8.5,8.5,8.5,8.5,8.5,8.5,8.5,8.6,8.6,8.6,8.6,8.6,8.7,8.7,8.7,8.7,8.7,8.7,8.7,8.772289150783877,8.8,8.8,8.848666772365334,8.9,8.9,8.9,8.9,8.9,8.9,8.9,9.1,9.1,9.1,9.324274846190724,9.5,9.597472376674125,9.6,9.7,9.7,9.7,9.7,9.7,9.7,9.7,9.7,9.7,9.7,9.7,9.884108299419495,9.9,9.9,9.9,9.92670120416143,10.0,10.0,10.1,10.1,10.1,10.1,10.1,10.1,10.1,10.1,10.1,10.1,10.1,10.1,10.110726690124396,10.2,10.2,10.246576241885998,10.3,10.3,10.3,10.6,10.6,10.643198843880208,10.7,10.7,10.7,10.7,10.7,10.7,10.7,10.7,10.7,10.7,10.7,10.7,10.7,10.7,10.7,10.7,10.7,11.4,11.4,11.4,11.4,11.4,11.4,11.9,12.180830430851346,12.5,12.5,12.6,12.8,13.7
1.7,3.5,3.985485513939149,4.2,4.3,4.3,4.3931700645275615,4.5,5.0,5.0,5.3,5.3,5.3,5.3,5.3,5.3,5.472029020149127,5.5,5.6,5.6,5.6,5.832717428414268,6.189968334145192,6.5,6.5,6.5,6.6,6.694001543934421,6.7,6.7,6.7,6.7,6.819386218039682,7.1,7.1,7.1,7.1,7.1,7.1,7.1,7.1,7.1,7.1,7.1,7.1,7.180135079904996,7.3,7.3,7.3,7.393861234331038,7.761651962037752,7.9,8.0,8.038454272860061,8.1,8.1,8.1,8.1,8.207945850290251,8.3,8.3,8.3,8.3,8.3,8.3,8.3,8.3,8.3,8.3,8.3,8.448213653338604,8.502527623325866,8.6,8.7,8.9,8.9,8.9,8.9,8.9,8.9,9.1,9.1,9.1,9.5,9.5,9.5,9.5,9.5,9.5,9.5,9.5,9.5,9.5,9.5,9.5,9.5,9.5,9.5,9.5,9.5,9.5,9.5,9.5,9.5,9.5,9.5,9.5,9.5,9.5,9.5,9.5,9.5,9.5,9.5,9.5,9.5,9.5,9.5,9.5,9.5,9.5,9.5,9.5,9.5,9.5,9.5,9.5,9.5,9.5,9.5,9.52589317333069,9.6,9.6,9.6,9.6,9.6,9.6,9.6,9.6,9.6,9.6,9.6,9.6,9.6,9.6,9.7,9.7,9.7,9.7,9.7,9.7,9.7,9.9,9.9,9.9,9.9,9.9,9.9,9.9,9.9,9.9,9.9,9.9,9.9,9.9,9.9,9.9,9.9,10.1,10.1,10.143198843880208,10.2,10.3,10.3,10.3,10.3,10.3,10.3,10.3,10.3,10.3,10.3,10.3,10.3,10.3,10.3,10.3,10.6,10.7,10.7,10.7,10.7,10.7,10.7,10.747809548307071,11.4,11.4,11.756813285869123,13.816115888486774,17.303423786419103,18.2
1.6994546650473745,1.9212711704391416,2.8709710278782983,3.028637342826178,3.1,3.4,3.6,3.6,3.704566532553193,3.9,3.9,3.9,3.9,3.9520555588893194,4.0,4.0,4.172029020149127,4.2,4.2,4.2,4.2,4.3,4.3,4.3,4.3,4.3,4.437286272143571,4.5,4.5,4.5,4.5,4.5,4.5,4.5,4.5,4.5,4.553423758114001,4.7,4.7,4.7,4.7,4.9,4.9,4.9,4.9,4.940067539952499,5.0,5.0,5.0,5.0,5.0,5.0,5.0,5.0,5.0,5.0,5.0,5.0,5.0,5.0,5.0,5.004378489936286,5.135730053136092,5.2,5.2,5.2,5.2,5.2,5.2,5.2,5.2,5.2,5.230680122839391,5.3,5.3,5.3,5.3,5.3,5.3,5.3,5.3,5.3,5.3,5.3,5.3,5.3,5.3,5.3,5.3,5.3,5.3,5.3,5.352870569242149,5.5,5.5,5.5,5.5,5.5,5.5,5.5,5.5,5.5,5.5,5.523688407591999,5.6,5.6,5.6,5.6,5.647129430757855,5.7,5.7,5.743898476527977,5.94706730690055,6.1,6.197623680861142,6.2,6.2,6.2,6.2,6.3,6.5,6.5,6.5,6.6,6.659180841484494,6.7,6.7,6.7,7.0,7.0,7.151786346661378,7.3,7.3,7.512875379529044,7.7,7.8,7.8,7.8,7.864269946863908,8.0,8.1,8.1,8.1,8.1,8.1,8.1,8.12670120416143,8.2,8.2,8.232765281195782,8.3,8.312277531337907,8.5,8.5,8.5,8.5,8.5,8.5,8.6,8.8,8.8,8.810726690124397,8.9,9.1,9.1,9.1,9.1,9.1,9.5,9.5,9.5,9.5,9.5,9.5,9.5,9.5,9.5,9.5,9.6,9.6,9.6,9.6,9.6,9.6,9.6,9.6,9.6,9.6,9.6,9.6,9.6,9.601172155696093,9.9,10.1,10.2,10.3,10.3,10.7,10.801601402425927,12.055745765912173,12.605998684478935
3.092365310663245,3.4,3.5709710278782985,3.6,3.6,3.7595847845743315,3.9,4.0,4.0,4.0,4.185733403106646,4.2,4.2,4.2,4.3,4.3,4.3,4.4,4.4,4.4,4.4,4.4,4.5,4.5,4.5,4.5,4.5,4.5,4.5,4.50370857978007,4.81360231223959,4.9,4.9,4.9,4.958468122724821,5.2,5.2,5.2,5.2,5.289273309875608,5.3,5.3,5.3,5.3,5.3,5.3,5.3,5.3,5.3,5.3,5.3,5.3,5.403105111814836,5.5,5.5,5.6,5.6,5.774963308883616,6.007945850290253,6.2,6.2,6.5,6.5,6.566707318575743,6.6,6.7,6.7,6.7,6.7,6.7,6.7,6.7,6.7,6.7,6.7,6.9,6.9408191585155015,7.067787776252189,7.1,7.1,7.1,7.1,7.1,7.151212996843054,7.3,7.3,7.3,7.3,7.3,7.478050761736014,7.706147813704365,7.928010926291106,8.0,8.0,8.1,8.1,8.1,8.1,8.2,8.2,8.2,8.2,8.2,8.2,8.2,8.2,8.3,8.3,8.3,8.3,8.3,8.3,8.3,8.3,8.3,8.3,8.3,8.3,8.3,8.3,8.3,8.478884147332195,8.5,8.532212223747814,8.659180841484492,8.7,8.9,8.9,8.9,8.9,8.9,8.9,8.9,9.1,9.1,9.1,9.1,9.1,9.1,9.1,9.1,9.159500077641303,9.2,9.5,9.5,9.5,9.5,9.5,9.5,9.5,9.5,9.5,9.5,9.5,9.5,9.5,9.5,9.5,9.5,9.5,9.5,9.5,9.5,9.5,9.5,9.5,9.5,9.5,9.5,9.5,9.5,9.5,9.5,9.6,9.6,9.6,9.6,9.7,9.7,9.9,9.9,9.9,9.9,9.9,10.1,10.1,10.2,10.3,10.3,10.3,10.3,10.3,10.3,10.3,10.7,10.7,10.7,11.4,12.6,13.7,18.1
2.3983639951421236,2.7,2.8,2.8286373428261777,3.0,3.0,3.1,3.1,3.1,3.1,3.1,3.382474763342478,3.4687759612645443,3.5,3.6,3.6,3.6,3.6,3.6,3.6,3.6,3.6,3.6,3.6,3.6,3.6,3.6,3.6,3.7494582816066524,3.8,3.8,3.8,3.9,4.0,4.0,4.1,4.1,4.1,4.1,4.189273309875609,4.3,4.3,4.3,4.3,4.4,4.4,4.4,4.4,4.5,4.5,4.5,4.5,4.5,4.5,4.5,4.5,4.5,4.5,4.5,4.5,4.5,4.604378489936286,4.7,4.7,4.7,4.7,4.7,4.787124620470953,4.9,4.9,4.9,4.9,4.9,4.9,4.9,4.9,4.9,4.9,4.9,4.9,4.9,4.9,4.9,4.9,4.9,4.9,4.9,4.9,4.9,4.9,4.9,5.0,5.052870569242148,5.1,5.202392509879161,5.3,5.3,5.3,5.3,5.3,5.35,5.4,5.4,5.4,5.4,5.4,5.4,5.4,5.4,5.4,5.4,5.4,5.4,5.4,5.4,5.4,5.4,5.4,5.4,5.4,5.4,5.4,5.5,5.5,5.5,5.5,5.5,5.5,5.5,5.597472376674125,5.6,5.6,5.6,5.6,5.6,5.6,5.6,5.6,5.6,5.6,5.6,5.6,5.692054149709747,5.7,5.7,5.7,5.7,5.7,5.7,5.7,5.7,5.7,5.7,5.7,5.7,5.7,5.7,5.7,5.7,5.748410516871911,5.9,5.9,5.9,5.900446139750591,6.0,6.0,6.041531877275179,6.1,6.1,6.1,6.1,6.1,6.1,6.1,6.1,6.1,6.1,6.1,6.1,6.2,6.232890268817949,6.4002582456110195,6.6,6.6,6.6,6.689518608039907,6.867445006307697,6.9,6.9,7.1,7.114266596893355,7.6,7.893150201170198,7.9,7.9,7.9,7.9,8.256813285869123,8.6,8.7,9.602726674763153
1.5989093300947494,2.1,2.385485513939149,2.4,2.5589391335881384,2.7,2.7,2.8,2.8,2.8,2.8928667015533227,2.9,2.9687759612645443,3.0,3.0,3.0,3.0,3.0,3.1,3.1,3.1,3.1,3.1,3.1,3.1,3.2,3.2,3.294001543934421,3.3,3.3037085797800696,3.456801156119795,3.6,3.6,3.6,3.6,3.6,3.6,3.6,3.6,3.6,3.6,3.6,3.6,3.6,3.6,3.6,3.6,3.6,3.6563222283256667,3.7,3.7,3.7,3.8,3.8,3.8,3.8,3.8,3.874963308883616,3.9079458502902527,4.1,4.1,4.1,4.1,4.1,4.1,4.1,4.1,4.2,4.2,4.3,4.3,4.3,4.330680122839391,4.4,4.4,4.41363425266969,4.5,4.5,4.5,4.5,4.5,4.5,4.699730735815604,4.7,4.7,4.7,4.7,4.7,4.9,4.9,4.9,4.9,4.9,4.9,4.9,4.9,4.9,4.9,4.9,4.9,4.9,4.9,5.0,5.1,5.3,5.3,5.3,5.3,5.4,5.4,5.4,5.4,5.4,5.4,5.4,5.4,5.4,5.4,5.4,5.4,5.4,5.5,5.5,5.5,5.5,5.5,5.6,5.6,5.6,5.6,5.6,5.6,5.6,5.6,5.7,5.7,5.7,5.7,5.7,5.7,5.7,5.7,5.7,5.7,5.7,5.7,5.7,5.7,5.7,5.7,5.7,5.806138765668953,5.9,5.9,5.9,5.9,5.999964124280138,6.0,6.0,6.0,6.1,6.1,6.1,6.1,6.1,6.1,6.1,6.1,6.1,6.1,6.2,6.2,6.3,6.505998456065578,6.6,6.6,6.6,6.7,6.7,6.8,6.9,6.9,6.9,6.9,6.9,6.9,6.9,6.9,7.1,7.3,7.414266596893356,7.6,7.893150201170198,7.9,7.9,7.920207607712837,8.6,8.6,9.24354345818254,9.655745765912172,10.3
1.3,1.4,1.4,1.4,1.4,1.6,1.6,1.6,1.7,1.7,1.7928667015533228,1.8,1.8,1.8520555588893195,2.0,2.0,2.0,2.0,2.0,2.0,2.0,2.0,2.096656111381731,2.1,2.1,2.1,2.137286272143571,2.2,2.3,2.3,2.3,2.3,2.4,2.4,2.4,2.4,2.4,2.4,2.4,2.4,2.4,2.4,2.4,2.4,2.4,2.4,2.4,2.4,2.4,2.4,2.4,2.4,2.4,2.4,2.4,2.4,2.4,2.4,2.4,2.4,2.4,2.5,2.5,2.6,2.6,2.6,2.6,2.6,2.6,2.6,2.6,2.6,2.6,2.6,2.6,2.6,2.6,2.6,2.6,2.6,2.6,2.6,2.6,2.6,2.6,2.6,2.6,2.6,2.6,2.6,2.6,2.6280109262911053,2.7,2.7,2.7,2.8,2.8,2.8,2.8,2.8,2.8,2.8,2.8,2.8,2.8,2.8,2.8,2.8,2.8,2.8,2.8,2.8,2.8,2.872289150783877,2.9,2.9,2.9,2.9,2.9,2.9,2.9,2.9,2.9,2.9,2.9,2.9,3.0,3.0,3.0,3.0,3.0,3.0,3.0,3.0128753795290435,3.1,3.1,3.1,3.1,3.1,3.1,3.2,3.2,3.2,3.2,3.2,3.2,3.2,3.2,3.2,3.2,3.2,3.3,3.3,3.3,3.4,3.4,3.4,3.4,3.4,3.5,3.5,3.5,3.5,3.500446139750591,3.6,3.6,3.6,3.6,3.6,3.6,3.6,3.6,3.6,3.7,3.8,3.8,3.8,3.8,3.803343888618275,3.9,4.0,4.0,4.0,4.1,4.1,4.1,4.1,4.1,4.1,4.1,4.1,4.1,4.1,4.2,4.206829935472439,4.4,4.4,4.471362657173825,4.84354345818254,5.433618648868259,5.8
1.4,2.0,2.0,2.1,2.3178782671762765,2.5,2.6,2.8,2.8,2.8,2.8,2.882474763342478,2.9,2.9,2.9651099873846034,3.1,3.1,3.2,3.2,3.2,3.3,3.3,3.3,3.3,3.3,3.479256605514607,3.5,3.5,3.5,3.5,3.5,3.5,3.5,3.5,3.6,3.6,3.6,3.6,3.6,3.6,3.7,3.7,3.7,3.7,3.7,3.7,3.7794452753522876,3.8,3.8,3.8,3.8,3.8,3.8,3.8,3.8,3.8,3.8,3.874963308883616,3.9,3.9,3.9,4.0,4.0,4.0,4.0,4.0,4.0,4.0,4.0,4.0,4.0,4.0,4.0,4.0,4.0,4.0,4.0,4.0,4.0,4.0,4.0,4.073696648070737,4.1,4.125606498421527,4.2,4.2,4.2,4.2,4.2,4.2,4.2,4.2,4.2,4.2,4.2,4.2,4.2,4.2,4.2,4.2,4.2,4.2,4.3,4.3,4.3,4.3,4.3,4.3,4.3,4.4,4.4,4.5,4.5,4.5722891507838765,4.6,4.6,4.6,4.6,4.7,4.8,4.905010301540779,5.0,5.005449935582613,5.1,5.1,5.1,5.1,5.1,5.1,5.197472376674125,5.2,5.2,5.2,5.2,5.2,5.2,5.2,5.3,5.3,5.3,5.3,5.3,5.392054149709748,5.425036691116379,5.5,5.684690428354327,5.8,5.8,5.8,5.8,5.8,5.806138765668953,5.9,5.981809911496834,6.0,6.059932460047508,6.1,6.1,6.1,6.1,6.167079801107315,6.2,6.2,6.200446139750591,6.3,6.3,6.3,6.3,6.3,6.3,6.343198843880208,6.4,6.45054171839335,6.505998456065578,6.6,6.6,6.6,6.7,6.7,6.7,6.7,6.7,6.7,6.740688082251234,6.8,6.9,6.9,6.9,7.162448077470901,7.4,7.4,7.400390718565365,7.597716733723399,7.6,7.6,7.6,7.7,7.8,7.914514486060847,8.655745765912172,9.11854138838944
1.096727990284248,1.2,1.3,1.3,1.4,1.4,1.4,1.5,1.5,1.5,1.5,1.6,1.6,1.6520555588893195,1.7,1.7,1.7,1.8,1.8,1.8,1.8,1.9,1.9,1.9,1.9,1.9,1.9,1.9,1.9,1.9,1.9,1.9,1.9,1.9,1.9,2.0,2.0,2.0,2.0,2.089273309875608,2.1,2.1,2.1,2.1,2.1,2.1,2.1,2.1,2.1,2.1,2.1,2.1672347188042185,2.2,2.2,2.2,2.3,2.3,2.3,2.3079458502902526,2.4,2.4,2.4,2.4,2.4,2.4,2.4,2.4575196044106633,2.5,2.5,2.5,2.5,2.5,2.5,2.5,2.5,2.5,2.5,2.5,2.5,2.521115852667802,2.6,2.6,2.6,2.7,2.7,2.7,2.8,2.8,2.8,2.8,2.8,2.8,2.8,2.8,2.8,2.8,2.8,2.8,2.9,2.9,2.9,2.9,2.9,2.9,2.9,2.9,2.9,2.9,2.9,3.0,3.0,3.0,3.0,3.0,3.0976236808611417,3.1,3.1,3.1,3.1,3.1,3.1,3.1,3.2,3.2,3.2,3.2,3.2,3.2,3.2,3.2,3.2,3.3,3.3,3.3,3.3,3.3,3.4,3.5,3.5,3.5,3.5,3.5,3.5,3.6,3.6,3.6,3.6,3.6,3.6,3.6,3.6,3.6,3.6436777716743394,3.7,3.7,3.7,3.7,3.7,3.7,3.7,3.7,3.7,3.8,3.8,3.8,3.8,3.8,3.8,3.8,3.8,3.9,3.9,3.9,3.9,3.9,3.9207433944853904,4.0,4.0,4.0,4.0,4.0,4.0,4.0,4.0,4.0,4.0,4.0,4.0,4.1,4.2,4.2,4.2,4.2,4.2,4.2,4.3,4.4,4.6,5.1145144860608465,5.2,6.202181339810522
1.6994546650473745,1.7,1.7,1.7,2.8,2.9,2.9,2.9,2.9,2.9,2.9,2.9,3.0,3.1,3.3,3.3,3.4,3.559311917748766,3.6305129470707023,3.7,3.7,3.7,3.7,3.8,3.8,3.9,3.9,3.9,3.9,3.9,3.9,3.9,3.9,3.9,3.9,3.9,4.0,4.0,4.0,4.0,4.2,4.3,4.3,4.3,4.300035875719855,4.4,4.5,4.5,4.5,4.5,4.5,4.6,4.6,4.7,4.7,4.7,4.7,4.7,4.7,4.7,4.7,4.7,4.7,4.7,4.797323051621021,4.8,4.8,4.8,4.9,4.9,4.9,4.9,5.0,5.0,5.0,5.0,5.0,5.0,5.0,5.121115852667802,5.247494849229611,5.3,5.3,5.3,5.3,5.376920127242516,5.5,5.5,5.5,5.5,5.5,5.5,5.5,5.5,5.5,5.5,5.5,5.5,5.5,5.5,5.5,5.57455142218925,5.6,5.6,5.6,5.6,5.7,5.7,5.7,5.7,5.796926093147823,5.8,5.8,5.8,5.9,5.9,6.048666772365334,6.1,6.1,6.1,6.1,6.1,6.105449935582612,6.2,6.2,6.2,6.2,6.2,6.2,6.2,6.2,6.2,6.3,6.3,6.4,6.4,6.5,6.5,6.5,6.5,6.5,6.559500077641303,6.6,6.6,6.6,6.6,6.6,6.7,6.7968948881851645,6.8,6.8,6.806138765668953,6.9,6.9,6.9,7.0,7.0,7.1,7.2641547479746125,7.4,7.534159602214629,7.6,7.6,7.6004461397505905,7.7,7.7,7.8,7.8,7.8,7.8,7.8,7.8,7.85054171839335,7.9,7.9,8.0,8.0,8.1,8.1,8.1,8.1,8.1,8.2,8.2,8.413985489925437,8.5,8.5,8.5,8.5,8.63505047331505,8.8,8.9,9.1,9.5,9.506829935472439,9.6,9.7,9.985450628695299,10.214514486060846,10.7,12.5
1.6,1.7,1.7,1.9431867141308896,2.6768174007644148,2.9,2.9,2.9,2.9,2.9,2.9,2.9,2.9,2.9,2.9,2.9,2.9,2.9,2.9,2.9,3.0,3.1,3.1,3.259009029819025,3.3,3.3792566055146067,3.5372862721435707,3.6,3.6,3.60370857978007,3.7,3.7,3.7,3.7,3.7,3.7,3.7,3.7,3.7,3.7,3.7,3.7,3.7,3.7,3.7,3.8,3.8,3.8,3.8,3.8,3.830825981018876,3.9,3.9,3.9,3.9,3.9,3.9,3.9,3.9,3.9,3.9,3.9,3.9,3.9,3.9,3.9,3.9,4.0,4.0,4.0,4.0,4.0,4.0,4.0,4.0,4.0,4.0,4.0,4.094550064417384,4.121115852667802,4.2,4.2,4.299730735815603,4.3,4.3,4.3,4.4,4.4,4.4,4.4,4.4,4.4,4.452870569242148,4.5,4.5,4.5,4.5,4.5,4.5,4.525448577810747,4.6,4.6,4.6,4.6,4.6,4.6,4.6,4.6,4.6,4.6,4.6,4.6,4.6,4.6,4.6,4.6,4.648666772365334,4.7,4.7,4.7,4.7,4.7,4.7,4.7,4.759180841484493,4.8,4.8,4.8,4.8,4.8,4.8,4.8,4.8,4.8,4.8,4.8,4.8,4.8,4.8,4.8,4.8,4.8,4.8,4.9,4.9,4.992345214177163,5.0,5.0,5.0,5.0,5.0,5.0,5.0,5.0,5.0,5.0,5.099964124280137,5.1,5.1,5.2,5.3,5.321453380248795,5.5,5.5,5.5,5.5,5.5,5.6,5.6,5.6,5.7,5.7,5.75054171839335,5.8,5.8,5.82074339448539,6.0801475342872315,6.1,6.1,6.167282571585735,6.2,6.2,6.2,6.2,6.3,6.3,6.3,6.4,6.53122403873545,6.6,6.6,6.7,6.7,6.899273738951649,7.306829935472439,7.4404152154256735,7.6,7.742725314347649,7.8,8.255745765912172,9.50054533495263
1.6,1.7,1.7,2.057274685652356,2.3589391335881382,2.7595847845743315,2.9,2.9,2.9,2.9,2.9,2.9,2.9,2.9,2.9,2.9,2.9,2.9,3.0,3.0,3.0671097311820503,3.1,3.1,3.3,3.3,3.4,3.4,3.594001543934421,3.6,3.7,3.7,3.7,3.7,3.7,3.7,3.7,3.7,3.7,3.7,3.7,3.7,3.7,3.7,3.759328465857746,3.8,3.8,3.8,3.8,3.8,3.9,3.9,3.9,3.9,3.9,3.9,3.9,3.9,3.9,3.9,3.9,3.9,3.904378489936286,4.0,4.0,4.0,4.0,4.0,4.0,4.0,4.0,4.0,4.0,4.1,4.15857505126975,4.2,4.3,4.3,4.367787776252189,4.4,4.4,4.4,4.4,4.5,4.5,4.5,4.5,4.5,4.5,4.5,4.5,4.5,4.5,4.6,4.6,4.6,4.6,4.6,4.6,4.6,4.6,4.6,4.6,4.6,4.6,4.6,4.6,4.6,4.6,4.6,4.6,4.6,4.7,4.7,4.7,4.7,4.7,4.7,4.7,4.700269264184391,4.8,4.8,4.8,4.8,4.8,4.8,4.8,4.8,4.8,4.8,4.8,4.8,4.8,4.8,4.8,4.8,4.8,4.9,4.933292681424257,5.0,5.0,5.0,5.0,5.0,5.0,5.0,5.0,5.0,5.1,5.1,5.2,5.2,5.206138765668953,5.3,5.4636198229936666,5.5,5.5,5.5,5.540671534142251,5.6,5.6,5.667079801107315,5.8,5.8,5.8,5.846576241885998,5.9,5.941531877275179,6.1,6.1,6.1,6.1,6.2,6.2,6.2,6.2,6.2,6.2,6.3,6.3,6.434565143171471,6.6,6.6,6.6,6.6,6.6,6.6,6.667445006307696,6.747944441110684,6.8,6.9,6.9,6.9,6.9,7.3989106084274745,7.4,7.4,7.6,7.771362657173825,8.1,8.92298306364869,10.70981602914735
1.7,1.7,2.8709710278782983,3.1,3.1,3.2797923922871655,3.4,3.400363130524173,3.6,3.7,3.9,3.9,3.9,3.9,3.932554993692302,4.0,4.0,4.0,4.2,4.2,4.3,4.3,4.3,4.359009029819025,4.4,4.4,4.4,4.5,4.5,4.5,4.5,4.5,4.5,4.6,4.6584681227248215,4.7,4.8,4.9,4.9,4.9,4.9,4.9,5.0,5.0,5.0,5.0,5.0,5.036380177006327,5.2,5.2,5.230825981018876,5.3,5.3,5.3,5.3,5.3,5.3,5.3,5.3,5.3,5.3,5.5,5.5,5.5,5.5,5.5,5.557519604410663,5.6,5.6,5.6,5.6,5.6,5.6,5.65857505126975,5.7,5.7,5.7,5.7,5.894550064417385,5.942231705335604,6.1,6.1,6.1,6.2,6.2,6.2,6.2,6.2831325476483615,6.5,6.5,6.5,6.5,6.552870569242148,6.6,6.6,6.6,6.651708942177256,6.7,6.7,6.7,6.75,6.874551422189251,6.999111378456268,7.0,7.0,7.0,7.1,7.1,7.1,7.3,7.3,7.3,7.64706730690055,7.772289150783877,7.8,7.8,7.8,7.8,7.9,8.0,8.0,8.1,8.1,8.1,8.1,8.1,8.113777036454177,8.2,8.2,8.297472376674126,8.3,8.3,8.3,8.3,8.3,8.5,8.5,8.6,8.6,8.6,8.6,8.659500077641303,8.7,8.7,8.8,8.8,8.8,8.8,8.9,8.9,8.9,8.9,8.9,8.9,8.9,8.9,9.1,9.1,9.446232121961918,9.5,9.5,9.5,9.5,9.5,9.5,9.5,9.5,9.5,9.5,9.5,9.5,9.5,9.6,9.6,9.6,9.6,9.6,9.6,9.6,9.6,9.632890268817947,9.700516491222038,9.9,9.940688082251233,10.013985489925437,10.1,10.1,10.2,10.2,10.2,10.2,10.2,10.3,10.3,10.3,10.3,10.956973862589713,12.385450628695299,12.5,12.5,14.5196320582947
1.7,2.8663813511317424,3.3,3.4,3.6,3.8595847845743316,4.0,4.0,4.1,4.2,4.2,4.3,4.3,4.3,4.332554993692302,4.410481391960097,4.5,4.5,4.5,4.5,4.5,4.5,4.5,4.5,4.719852465712776,4.8,4.937286272143571,5.0,5.2,5.2,5.2,5.3,5.3,5.3,5.3,5.3,5.3,5.3,5.3,5.3,5.3,5.3,5.3,5.4,5.5,5.5,5.5,5.5,5.5,5.5,5.5,5.567234718804218,5.6,5.6,5.6,5.6,5.64153788703216,5.7,5.9,5.9,6.1,6.1,6.1,6.166707318575743,6.2,6.2,6.257519604410663,6.5,6.5,6.5,6.5741068266693015,6.6,6.6,6.6,6.6,6.613634252669689,6.7,6.7,6.9,6.9,6.9,6.973696648070737,7.0,7.0,7.1,7.1,7.1,7.1,7.1,7.2561015234720285,7.3,7.3,7.3,7.3,7.6,7.727072108449437,7.8,7.8,7.9,7.9,8.0,8.0,8.0,8.0,8.0,8.0,8.1,8.1,8.2,8.2,8.2,8.3,8.3,8.3,8.3,8.3,8.3,8.3,8.3,8.3,8.3,8.3,8.4,8.5,8.5,8.5,8.5,8.6,8.6,8.6,8.6,8.6,8.683583476287287,8.712875379529043,8.8,8.9,8.9,8.9,8.9,8.9,8.9,8.9,8.9,8.9,8.9,8.9,8.9,9.02309145427987,9.1,9.1,9.1,9.5,9.5,9.5,9.5,9.5,9.5,9.5,9.5,9.5,9.5,9.5,9.5,9.6,9.6,9.6,9.6,9.7,9.7,9.7,9.786397687760415,9.9,9.9,9.9,9.96271372785643,10.1,10.1,10.1,10.1,10.1,10.1,10.2,10.2,10.2,10.2,10.2,10.2,10.2,10.23122403873545,10.3,10.3,10.3,10.3,10.3,10.3,10.3,10.3,10.3,10.358057944243388,10.7,12.601090669905261
1.4994546650473746,1.6663813511317425,2.0,2.3286373428261777,2.4,2.4797923922871656,2.6863401290551234,2.8003631305241727,2.9,2.9,2.9,2.9,2.9,2.9520555588893194,3.0,3.0,3.0860145100745635,3.1,3.1,3.1,3.2,3.2,3.2,3.3,3.3,3.3,3.3,3.3,3.3,3.3,3.3,3.3,3.3,3.3,3.3,3.3,3.3,3.3,3.3,3.3,3.3,3.3,3.3,3.3,3.4,3.5,3.5,3.5,3.5,3.593861234331038,3.6,3.6,3.6,3.6,3.7,3.7,3.7,3.7,3.7,3.7404999223586857,3.8,3.8,3.8,3.8,3.8,3.8,3.9,3.9,3.9,3.9,3.9,3.9,3.9,3.9,3.9,3.9,3.9,3.9,3.9945500644173846,4.021115852667802,4.14749484922961,4.2,4.2,4.2,4.25133322763466,4.3,4.3,4.3,4.35293269309945,4.4,4.4,4.4,4.4,4.4,4.5,4.5,4.5,4.5,4.5,4.5,4.55,4.6,4.6,4.6,4.6,4.6,4.6,4.6,4.6,4.6,4.6,4.6,4.6,4.6,4.7,4.7,4.7,4.7,4.700269264184391,4.8,4.8,4.8,4.8,4.8,4.8,4.8,4.8,4.8,4.8,4.8,4.9,4.954593173962581,5.0,5.1,5.1,5.1,5.1,5.1332926814242565,5.2,5.2,5.2,5.2,5.2,5.3,5.3,5.3,5.3,5.3,5.3,5.3,5.3,5.3,5.343677771674339,5.4,5.5,5.5,5.5,5.6,5.6,5.6,5.6,5.7,5.7,5.7,5.7,5.7,5.741531877275179,5.8,5.8,5.8,5.8,5.8,5.8,5.8,5.8,5.920743394485391,6.0,6.1,6.1,6.1,6.1,6.1,6.2,6.2,6.2,6.2,6.2,6.3,6.331224038735451,6.5,6.5,6.5,6.6,6.7,6.7,6.7,6.982121732823714,7.371362657173825,7.6,7.8,8.503272009715783
1.5989093300947494,2.5,2.8,2.8,2.9,3.1,3.1,3.2,3.2,3.2,3.3,3.3,3.3,3.4,3.4651099873846034,3.6,3.6,3.6,3.6,3.6,3.7,3.7,3.7,3.7,3.7198524657127763,3.8,3.8,3.8,3.8,3.8,3.8,3.9,3.9,3.9,3.9,3.9,3.9,3.9,4.0,4.0,4.1,4.1,4.117922626012691,4.259328465857746,4.3,4.3,4.379445275352288,4.4,4.4,4.4,4.4,4.4,4.4,4.4,4.4,4.4,4.5,4.5,4.5,4.5,4.5,4.5,4.5,4.5,4.5,4.6,4.6,4.6,4.6,4.6,4.6,4.6,4.6,4.6,4.6,4.6,4.6,4.6,4.6,4.6,4.6,4.6,4.7,4.725606498421527,4.8,4.8,5.0,5.0,5.0,5.078050761736014,5.1,5.1,5.1,5.1,5.1,5.1,5.1,5.1,5.1,5.1,5.1,5.1,5.1,5.123688407591999,5.2,5.2,5.3,5.3,5.3,5.3,5.3,5.3,5.3,5.4,5.4,5.4,5.4,5.4,5.4,5.4,5.4,5.4,5.4,5.4,5.5,5.5,5.5,5.5,5.5,5.597472376674125,5.6,5.6,5.6,5.6,5.7,5.7,5.702676948378985,5.8,5.8,5.8,5.8,5.8,5.8,5.8,5.8,5.8,5.826701204161429,5.9,5.9,5.9,5.9,6.0,6.0,6.0,6.0,6.059932460047508,6.1,6.1,6.1,6.2,6.2,6.2,6.2,6.3,6.3,6.3,6.441531877275179,6.5,6.5,6.5,6.5,6.5962914202199325,6.650541718393351,6.7,6.7,6.7,6.7,6.7,6.7,6.7,6.7,6.800258245611019,6.9,7.040688082251234,7.3,7.389518608039907,7.4,7.4,7.431224038735451,7.6,7.6,7.6,7.6,7.7,7.8,7.9,8.241060866411857,8.3,8.8,9.411491531824344,10.7
1.3972733252368732,1.4,1.741942055756597,1.9286373428261778,2.0,2.2595847845743315,2.5,2.500726261048346,2.7,2.8,2.8,2.882474763342478,2.9,2.9,3.0,3.0,3.0,3.1,3.1,3.1,3.1,3.1,3.1,3.2,3.3,3.3,3.3,3.3,3.3,3.4,3.4,3.4,3.4,3.4,3.4,3.5,3.5,3.5995538602494093,3.6,3.6,3.6,3.6,3.6,3.6,3.6,3.6,3.6,3.6,3.6,3.6,3.7,3.7,3.7,3.7,3.7,3.7,3.7,3.7,3.8,3.8,3.8,3.8,3.8,3.8,3.8,3.8,3.8,3.8,3.8,3.8,3.8,3.8,3.8,3.8,3.8,3.8,3.8,3.9,3.9,3.9,3.9,3.9,3.9,3.9,3.9,3.9,3.9,3.9,4.0,4.1,4.1,4.1,4.1,4.1,4.1,4.127072108449437,4.2,4.2,4.2,4.2,4.25,4.3,4.3,4.3,4.348291057822746,4.4,4.4,4.4,4.4,4.4,4.4,4.4,4.4,4.4,4.4,4.4,4.4,4.4,4.4,4.4,4.4,4.4,4.5,4.5,4.5,4.5,4.5,4.5,4.5,4.5,4.5,4.5,4.5,4.6,4.6,4.6,4.6,4.6,4.6,4.6,4.6,4.6,4.6,4.7,4.758462112967839,4.8,4.8,4.8,4.996894888185165,5.0,5.0,5.1,5.1,5.1,5.1,5.1,5.1,5.1,5.1,5.1,5.1,5.2,5.2,5.2,5.2,5.293593987845253,5.3,5.3,5.3,5.3,5.4,5.4,5.5,5.5,5.6,5.8,5.8,5.8,5.8,5.8,5.8,5.8,5.8,5.8,5.8,5.889518608039907,5.967445006307696,6.047944441110684,6.2,6.3,6.3,6.400390718565365,6.5,6.5,6.7,6.7,7.3,7.4,7.429028972121694,7.8,10.703817344668414
0.5,0.5,0.6854855139391492,0.7,0.7,0.7,0.7,0.7,0.7,0.7,0.7,0.7824747633424778,0.8,0.8,0.8,0.8,0.8,0.8,0.8,0.8,0.8,0.8,0.8,0.8,0.8,0.8792566055146068,0.9,0.9,1.0494582816066527,1.1,1.1,1.108781688559887,1.2,1.2,1.2,1.2,1.2,1.2995538602494094,1.3,1.3,1.3,1.3,1.3,1.3,1.3,1.3,1.3,1.3,1.3,1.3,1.3,1.3,1.3,1.3,1.3,1.3,1.3,1.3,1.3,1.3,1.3,1.3,1.4,1.4,1.4,1.4,1.4,1.4,1.4,1.4,1.4,1.4,1.4,1.4,1.4,1.4,1.4,1.4,1.4,1.4,1.4,1.4,1.4,1.4,1.4,1.4,1.4,1.4,1.4,1.4,1.4,1.4,1.4,1.4,1.4,1.4,1.4,1.4,1.4,1.4,1.4,1.4,1.4,1.4,1.4,1.4,1.5,1.5,1.5,1.5,1.5,1.5,1.5,1.5,1.5,1.5,1.5,1.5,1.5,1.6,1.6,1.6,1.6,1.6,1.6,1.7,1.7,1.7,1.7,1.7,1.7,1.7,1.7,1.7128753795290435,1.8,1.8,1.8,1.8,1.8,1.8,1.8,1.859500077641303,1.9,2.0,2.0,2.0,2.0,2.0,2.1,2.1,2.1,2.1,2.1,2.2,2.2,2.2,2.2,2.2,2.2,2.2,2.2,2.3,2.3,2.3004461397505906,2.4,2.4,2.4,2.4,2.4,2.4,2.5,2.5,2.5,2.6,2.7,2.7,2.7,2.7,2.7,2.7,2.7,2.7,2.7,2.8,2.8,2.8,2.8,2.847944441110684,3.0,3.0,3.0,3.0,3.0,3.0996368694758245,3.3,3.3,3.641060866411857,4.1,4.14354345818254,4.555745765912172,5.1
1.6934559805684957,2.8,3.385485513939149,3.5,3.6178782671762764,3.9,4.1,4.3,4.4,4.4,4.492866701553323,4.5,4.5,4.5,4.7,4.7,4.886014510074563,5.0,5.1,5.1,5.16710973118205,5.2,5.2,5.2,5.2,5.3,5.5,5.594001543934421,5.6,5.70370857978007,5.856801156119795,5.9,5.9,5.9,5.9,6.0,6.053423758114001,6.1,6.1,6.189273309875609,6.2,6.2,6.2,6.2,6.2,6.3,6.3,6.4,6.4,6.4,6.430825981018876,6.5,6.5,6.5,6.5,6.5,6.5,6.5,6.5,6.540499922358685,6.6,6.608756979872572,6.8,6.8,6.8,6.9,6.9,6.9,6.9,6.9,6.9,6.9,6.9,6.9,7.1,7.1,7.1,7.1,7.3,7.3,7.3,7.3,7.3,7.3,7.3,7.4,7.402376319138856,7.5,7.5,7.5,7.5,7.5,7.6,7.7,7.9,7.927072108449437,8.1,8.1,8.6,8.6,8.7,8.774551422189251,9.199111378456267,9.247376815183998,9.596582115645491,9.991711566202298,10.1,10.622338458626432,10.7,11.4,11.884630465739116,11.9,11.9,11.9,11.9,11.9,11.9,11.9,11.9,11.9,11.9,11.9,11.9,11.9,11.9,11.9,11.9,11.9,11.9,11.9,11.9,11.9,11.9,11.9,11.9,11.9,11.9,11.9,11.9,11.9,12.1,12.1,12.1,12.1,12.1,12.6,12.6,12.6,12.6,12.6,12.6,12.6,12.6,12.6,12.6,12.6,12.6,12.6,12.6,12.6,12.6,12.6,12.6,12.6,12.6,12.787187975690507,12.8,12.8,12.8,12.8,13.188789594921872,13.7,14.5,14.5,14.5,14.5,14.5,18.1,18.1,18.1,18.1,18.1,18.1,18.1,18.1,18.1,18.1,18.1,18.1,18.1,18.1,18.2,18.2,18.2,18.2,18.2,18.2,18.2,18.2,18.2,18.2
2.0961826553316225,2.4,2.5,2.8,2.9,2.9,2.9,2.9,3.0022832662765966,3.1996092814346326,3.3,3.5,3.5,3.5,3.5,3.5,3.5,3.5,3.5,3.5,3.5,3.5,3.5,3.5,3.5,3.5,3.6,3.6,3.6,3.6,3.6,3.7,3.7,3.7,3.7,3.7,3.7,3.799553860249409,3.8,3.8,3.832920198892688,3.9,3.9,3.9,3.9,3.9,3.9794452753522878,4.0,4.1,4.1,4.2,4.2,4.2,4.2,4.2,4.2076547858228315,4.3,4.3,4.3,4.3,4.3,4.3,4.3,4.3,4.4,4.4,4.4,4.4,4.4,4.4,4.4,4.5,4.5,4.5,4.5,4.613634252669689,4.7,4.7,4.7,4.7,4.7,4.7,4.8,4.8,4.8,4.8,5.0,5.0,5.0,5.0,5.1,5.1,5.1,5.1,5.1,5.1,5.2,5.2,5.2,5.2,5.2,5.2,5.2,5.2,5.2,5.2,5.2,5.2,5.2,5.2,5.2,5.2,5.2,5.272289150783877,5.3,5.3,5.448666772365335,5.5,5.6,5.6,5.6,5.6,5.6,5.6,5.6,5.6,5.713777036454178,5.8,5.8,5.8,5.9,5.9,5.983583476287288,6.012875379529044,6.1,6.1,6.1,6.1,6.164269946863908,6.2,6.2,6.2,6.2,6.2,6.2,6.2,6.3,6.3,6.3,6.3,6.3,6.306138765668953,6.4,6.4,6.4,6.4,6.5,6.5,6.5,6.6,6.6,6.6,6.6,6.6,6.646576241885998,6.7,6.7,6.8,6.8,6.8,6.9,6.9,6.9,6.9,6.9,6.9,6.9,6.9,6.9,6.9,6.9,6.900516491222039,7.238974105858608,7.3,7.4,7.4,7.5,7.5,7.6,7.652575709972575,7.9,8.40078143713073,8.7977167337234,8.8,9.2,9.4,9.4,9.642725314347649,10.18708691636508,12.367237297736517,13.723994737915746
0.6972733252368731,0.9442542340878284,1.1,1.3,1.3,1.3,1.3,1.3,1.3022832662765964,1.4,1.4,1.4,1.4,1.5,1.5,1.5,1.5,1.5,1.5,1.6,1.7,1.7,1.7,1.7,1.7,1.7,1.7,1.7,1.7,1.7,1.7,1.7,1.7,1.7,1.7,1.7,1.7,1.7,1.7,1.7,1.7329201988926883,1.8,1.8,1.8,1.8,1.8,1.8794452753522874,1.9,1.9,1.9,1.9,1.9,1.9,1.9,2.0,2.0,2.0415378870321605,2.1,2.1,2.1,2.1,2.1,2.1,2.1,2.1,2.1,2.1,2.1,2.1,2.1,2.1,2.1,2.1,2.1,2.1,2.2,2.2,2.2,2.2,2.2,2.2,2.2,2.2,2.2,2.2,2.2,2.2,2.2,2.25293269309945,2.3,2.3,2.3,2.3,2.3,2.3023925098791604,2.4,2.4,2.4,2.4,2.4,2.4,2.4,2.4,2.4,2.4,2.4,2.4,2.4,2.4,2.4,2.4,2.4,2.4,2.4,2.4,2.4,2.4,2.4,2.4,2.4,2.4,2.4,2.4,2.4,2.4,2.4,2.4,2.4,2.4,2.4,2.5,2.6,2.6,2.6128753795290436,2.7,2.772410260810318,2.8,2.8,2.8,2.9,2.9,2.9,2.9,2.9,2.9,2.9,2.9,2.9,2.9,2.9,2.9,3.0,3.0,3.0,3.1,3.1,3.1,3.1,3.1,3.1,3.1,3.2,3.2,3.3,3.3,3.3,3.3,3.3,3.3,3.4,3.4,3.4,3.4505417183933504,3.5,3.5,3.5,3.5,3.5,3.5,3.5,3.5,3.500258245611019,3.6,3.7,3.7,3.8,3.8,3.9,3.9,3.9,3.9,3.9,3.9977167337233994,4.0,4.1,4.320207607712836,4.7,4.8,5.1145144860608465,5.2,6.10054533495263
2.0,2.1,2.3,2.5,2.8,2.8797923922871655,2.9931700645275616,3.100363130524173,3.3,3.3,3.3,3.4,3.5,3.5,3.5,3.5,3.5,3.5,3.5,3.5997417543889867,3.6,3.6,3.6,3.7,3.7,3.7,3.7,3.7,3.8,3.8,3.8,3.8,3.8,3.8,3.858468122724821,3.9,3.9,3.9,3.9,3.9,3.9,4.0,4.0,4.0,4.0,4.0,4.0,4.0,4.0,4.0,4.1,4.1,4.2,4.2,4.2,4.2,4.2,4.2,4.2,4.2,4.2,4.2,4.2,4.266707318575743,4.3,4.3,4.3,4.3,4.3,4.3,4.3,4.3,4.330680122839391,4.4,4.4,4.5,4.540819158515501,4.6,4.6,4.6,4.64749484922961,4.7,4.7,4.8,4.8,4.8,5.0,5.0,5.1,5.1,5.1,5.1,5.1,5.1,5.1,5.1,5.1,5.1,5.2,5.2,5.2,5.2,5.2,5.2,5.2,5.2,5.2,5.2,5.2,5.2,5.2,5.2,5.2,5.2,5.2,5.2,5.2,5.2,5.2,5.226303351929255,5.3,5.3,5.3,5.3,5.3,5.3,5.4,5.5,5.5,5.5,5.5,5.5,5.583583476287288,5.6,5.7,5.772410260810318,5.8,5.8,5.8,5.8,5.8,5.859500077641303,5.9,6.0,6.1,6.1,6.1,6.1,6.1,6.1,6.1,6.1,6.1,6.1,6.1,6.1,6.2,6.2,6.2,6.2,6.2,6.2,6.255172771262977,6.3,6.3,6.3,6.3,6.3,6.3,6.3,6.3,6.4,6.4,6.4,6.4,6.420743394485391,6.5,6.5,6.5,6.6,6.6,6.6,6.7,6.7,6.7,6.789518608039907,6.867445006307697,6.9,6.9,6.9,7.1,7.1,7.1,7.4,7.4,7.520207607712837,7.782121732823714,7.9,8.429028972121694,9.633618648868259,11.903272009715783
1.4,1.6221271170439142,2.3274275696957463,2.6,2.6,2.7797923922871655,2.8,2.8003631305241727,2.9,3.0,3.1,3.1,3.1687759612645445,3.3,3.3,3.3,3.3,3.3,3.3,3.3997417543889865,3.5,3.5,3.5,3.5,3.5,3.5,3.6,3.6,3.6,3.6,3.6,3.6,3.6,3.6,3.6,3.6,3.6,3.6,3.6,3.7,3.7,3.7,3.7,3.759328465857746,3.8,3.8,3.8,3.8,3.8563222283256664,3.9,3.9,3.9,3.9,3.9,3.9,3.9,3.9,3.9,3.9,3.9,3.9,3.9,3.9,3.966707318575743,4.0,4.0,4.0,4.0,4.0,4.0,4.0,4.0,4.0,4.0,4.0,4.0,4.0,4.0,4.0,4.0,4.0,4.0,4.0,4.0,4.0,4.0,4.0,4.0,4.05293269309945,4.1,4.1,4.1,4.2,4.2,4.2,4.2,4.2,4.2,4.2,4.3,4.3,4.3,4.3,4.3,4.3,4.3,4.3,4.4,4.4,4.4,4.496926093147823,4.5,4.5,4.5,4.597623680861141,4.6,4.6,4.6,4.6,4.6,4.6,4.6,4.6,4.6,4.659180841484494,4.7,4.7,4.7,4.7,4.7,4.7,4.7,4.7,4.7,4.742480395589342,4.8,4.8,4.8,4.8,4.9,5.0,5.1,5.1,5.1,5.1,5.1,5.1,5.1,5.1,5.2,5.2,5.2,5.2,5.2,5.2,5.2,5.2,5.2,5.2,5.2,5.2,5.2,5.2,5.3,5.3,5.3,5.3,5.3,5.3,5.3,5.5,5.5,5.6,5.6,5.66271372785643,5.7,5.7,5.8,5.8,5.8,5.9,6.1,6.1,6.1,6.1,6.189518608039907,6.2,6.2,6.2,6.2,6.3,6.4,6.4,6.6,6.706829935472439,6.9404152154256735,7.1,7.4,7.729028972121694,8.311491531824345,18.2
1.6983639951421239,1.922127117043914,2.0854855139391493,2.4,2.7178782671762765,2.8,2.8,2.9,2.9,2.9996092814346325,3.0,3.1,3.3,3.3,3.3651099873846033,3.5,3.5,3.5,3.5,3.5,3.5,3.5,3.5,3.5,3.5,3.5,3.5,3.5,3.6,3.6,3.6,3.7,3.7,3.7,3.758468122724821,3.8,3.8,3.899553860249409,3.9,3.9,3.9,3.9,3.9,3.9,4.0,4.0,4.0,4.0,4.0,4.093861234331038,4.1,4.1672347188042185,4.2,4.2,4.3,4.3,4.3,4.3,4.4,4.5,4.572639569622759,4.6,4.635730053136092,4.8,4.897323051621021,5.0,5.0,5.0,5.1,5.1,5.1,5.1,5.2,5.2,5.2,5.2,5.2,5.2,5.2,5.2,5.2,5.2,5.2,5.2,5.2,5.2,5.2,5.2,5.25293269309945,5.3,5.3,5.3,5.3,5.3,5.3,5.3,5.351708942177257,5.5,5.5,5.5,5.6,5.674551422189251,5.7,5.723688407591999,5.8,5.8,5.8,5.8,5.8,5.9,5.9,6.0,6.0,6.1,6.1,6.1,6.2,6.2,6.2,6.2,6.2,6.2,6.2,6.2,6.2,6.4,6.4,6.4,6.4,6.4,6.42589317333069,6.5,6.5,6.512875379529044,6.6,6.6,6.6,6.6,6.664269946863908,6.7,6.7,6.7,6.792054149709747,6.8,6.8,6.892345214177164,6.9,6.9,6.9,6.9,6.9,6.9,6.9,6.9,6.9,6.9,7.1,7.1,7.2641547479746125,7.3,7.3,7.3,7.3,7.3,7.3,7.393593987845254,7.4,7.4,7.440306890980156,7.5,7.5,7.6,7.7,7.805998456065578,8.0,8.1,8.1,8.4,8.4,8.4,8.6,8.6,8.7,8.781376164502467,8.9,9.189518608039906,9.402335018923088,9.7,10.1,10.7,11.4,11.4,11.9,11.9,12.127319741889755,12.6,13.051669530530427,13.7,15.022521498190486,18.177872882956088,18.2
1.998363995142124,2.0,2.3,2.4,2.4,2.4,2.5,2.7,2.8,2.8,2.8,2.8,2.8,2.8,2.8,2.8,2.9,2.9,2.9,2.9,2.9,2.9,2.9,2.9,2.9,2.9,2.974572544287142,3.1,3.1,3.1,3.1,3.1,3.1,3.1,3.1584681227248215,3.2,3.2,3.2,3.2,3.289273309875608,3.3,3.3,3.3,3.3,3.3,3.3,3.3,3.3,3.3563222283256664,3.4,3.5,3.5672347188042184,3.6,3.6,3.6,3.6,3.6,3.6749633088836164,3.7,3.7,3.7,3.7,3.7,3.7,3.7,3.7,3.7,3.7,3.8,3.8,3.8,3.8,3.8,3.8,3.8,3.8,3.8,3.8,3.8,3.8,3.8,3.8,3.8,3.8,3.8,3.8,3.8,3.8,3.8,3.8,3.8,3.828010926291105,3.9,3.9,3.9,3.9,3.9,3.9,3.9,3.9,3.9,4.0,4.0,4.0,4.0,4.0,4.0,4.0,4.0,4.0,4.0,4.0,4.0,4.0,4.0,4.0,4.1,4.2,4.2,4.2,4.2,4.2,4.2,4.2,4.2,4.2,4.3,4.4,4.4,4.4,4.4,4.4,4.4,4.4,4.5,4.5,4.5,4.5,4.5,4.5,4.5,4.5,4.5,4.6,4.6,4.6,4.6,4.6,4.6,4.6,4.6,4.6,4.643677771674339,4.7,4.7,4.7,4.8,4.8,4.8,4.8,4.8,4.9,4.9,4.9,4.9,5.0,5.0,5.0,5.0,5.0,5.0,5.0962914202199325,5.1,5.2,5.2,5.3,5.3,5.3,5.3,5.3,5.3,5.4,5.4,5.5,5.6,5.689518608039907,5.8,5.8,5.831224038735451,5.917525236657525,6.107133298446677,6.2,6.2,6.2,6.2,6.3,6.382121732823713,6.571362657173824,6.7,6.8557457659121726,7.301636004857891
1.9989093300947494,2.1442542340878283,2.3,2.4,2.4589391335881383,2.5,2.6,2.600363130524173,2.7,2.7,2.8,2.8,2.8,2.8,2.8,2.8,2.8,2.9,2.9,2.9,2.9,2.9,2.9,2.9,2.9,2.9,2.9,2.9,2.9,3.0,3.0,3.0,3.0,3.1,3.1,3.1,3.1,3.1,3.1,3.1,3.1,3.2,3.2,3.2,3.3,3.3,3.3,3.3,3.3,3.3,3.3,3.3,3.3,3.3,3.3,3.4,3.4,3.4,3.4079458502902527,3.5,3.5,3.6,3.6,3.6,3.6,3.6275897391896876,3.7,3.7,3.7,3.7,3.7,3.7,3.7,3.7,3.7,3.8,3.8,3.8,3.8,3.8,3.8,3.8,3.8,3.8,3.8,3.8,3.8,3.8,3.8,3.8,3.8,3.8,3.8,3.8,3.9,3.9,3.9,3.9,3.9,3.9,3.9,3.9,3.9,3.9,3.9,3.9,3.9976074901208394,4.0,4.0,4.0,4.0,4.0,4.0,4.0,4.0,4.0,4.0,4.0,4.0,4.0,4.0,4.0,4.0,4.0,4.1,4.2,4.2,4.2,4.2,4.2,4.2,4.2,4.2,4.212875379529044,4.3,4.3,4.4,4.4,4.4,4.4,4.4,4.4,4.4,4.4,4.4,4.492345214177163,4.5,4.5,4.5,4.5,4.56917401898113,4.6,4.6,4.6,4.6,4.6,4.6,4.6,4.6,4.6,4.6,4.6,4.6,4.6,4.6,4.6,4.7,4.8,4.8,4.8,4.8,4.8,4.8,4.9,4.9,4.920743394485391,5.0,5.0,5.0,5.0,5.0,5.2,5.2,5.2,5.3,5.3,5.3,5.3,5.3,5.3,5.3,5.3,5.397716733723399,5.5,5.5,5.620207607712836,5.8,5.9427253143476495,6.2,6.533618648868258,6.9
0.5,0.6,0.6854855139391492,0.7,0.7,0.7797923922871658,0.8,0.8,0.8,0.8,0.8,0.8,0.8,0.8,0.8,0.8,0.8,0.8,0.8,0.8,0.8,0.8,0.8,0.8,0.8,0.8,0.8,0.8,0.9,0.9,0.9,0.9,0.9,0.9,0.9,0.9,0.9,0.9,0.9,0.9,0.9,0.9,0.9,0.9,0.9,0.9,0.9,0.9,0.9,0.9938612343310382,1.0,1.0,1.0031051118148355,1.1,1.1,1.1,1.1,1.1,1.1,1.1,1.1,1.1,1.1,1.1,1.1,1.1,1.1,1.1,1.1,1.1,1.1,1.1,1.1,1.1,1.1,1.1,1.1,1.1,1.1,1.121115852667802,1.2,1.2,1.2,1.2,1.2,1.2,1.2,1.2,1.2,1.2780507617360144,1.3,1.3,1.3,1.3,1.3,1.3,1.3,1.3,1.3,1.3,1.3,1.3,1.3,1.3,1.3,1.3,1.3,1.3,1.3,1.3,1.3,1.4,1.4,1.4,1.4,1.4,1.4,1.4,1.4002692641843906,1.5,1.5,1.5,1.5,1.5,1.5,1.5,1.5,1.5,1.5,1.5,1.5,1.5,1.5,1.5,1.5,1.5,1.5,1.5,1.5,1.5,1.5,1.5,1.5,1.5,1.5,1.6,1.6,1.6,1.6,1.6,1.6,1.6,1.6436777716743394,1.7,1.7,1.7,1.7,1.7,1.7,1.7,1.7,1.7,1.7,1.8,1.8,1.8,1.8,1.8,1.8,1.8,1.8,1.8,1.8,1.8,1.8,1.8,1.8,1.8,1.9,1.9,1.9,1.9,1.9,2.0,2.0,2.0,2.0,2.0,2.0,2.0,2.0071332984466776,2.1,2.1,2.1,2.1,2.1,2.3,2.3713626571738247,2.4,2.5,2.601090669905261
3.390729305805369,3.7327627022634853,4.3,5.0,5.5,5.579792392287166,6.065850322637807,6.201089391572519,6.5,6.5,6.5,6.6,6.6687759612645445,6.85205555888932,7.1,7.1,7.1,7.1,7.1,7.1,7.1,7.1,7.1,7.1,7.1,7.1,7.3,7.3,7.59783312642661,8.00370857978007,8.1,8.108781688559887,8.3,8.3,8.3,8.3,8.5,8.6,8.9,8.9,8.9,8.9,9.11792262601269,9.2,9.5,9.5,9.5,9.5,9.556322228325666,9.6,9.6,9.6,9.6,9.6,9.6,9.607654785822831,9.7,9.7,9.7,9.7,9.7,9.7,9.7,9.7,9.7,9.7,9.7,9.7,9.7,9.7,9.7,9.7,9.7,9.9,9.9,9.9,9.9,9.9,9.9,9.9,9.9,9.9,9.9,9.9,9.9,9.9,9.9,9.9,9.9,9.9,9.9,9.928010926291106,10.1,10.1,10.1,10.1,10.1,10.1,10.1,10.1,10.1,10.1,10.299111378456269,10.3,10.3,10.3,10.3,10.3,10.3,10.3,10.3,10.3,10.3,10.3,10.3,10.3,10.3,10.3,10.3,10.3,10.3,10.3,10.3,10.3,10.6,10.6,10.6,10.6,10.6,10.6,10.6,10.6,10.6,10.6,10.6,10.6,10.6,10.6,10.6,10.6,10.6,10.7,10.7,10.7,10.7,10.7,10.7,10.7,10.7,10.7,10.7,10.7,10.7,10.7,10.7,10.7,10.7,11.4,11.4,11.4,11.4,11.4,11.4,11.4,11.4,11.4,11.4,11.4,11.4,11.4,11.4,11.4,11.4,11.4,11.9,11.9,11.9,11.9,11.9,11.9,12.09734161290769,12.500258245611018,12.6,12.6,12.6,12.6,12.6,12.6,12.6,12.6,12.8641996860201,13.7,13.7,13.7,14.5,14.5,14.5,18.1,18.2,18.2,18.2
3.092365310663245,3.5221271170439143,4.3,5.0,5.294695667940691,5.6,6.193170064527561,6.5,6.5,6.5,6.5,6.5,6.6,6.752055558889319,6.9,7.010481391960097,7.1,7.1,7.1,7.1,7.1,7.1,7.1,7.1,7.1,7.1,7.1,7.3,7.3,7.5074171595601396,7.8,8.0,8.1,8.109575860441376,8.3,8.3,8.353423758114003,8.59955386024941,8.6,8.689273309875608,8.9,8.9,8.9,8.9,8.9,8.9,8.9,9.118190088503164,9.2,9.2,9.2,9.4,9.5,9.5,9.5,9.5,9.5,9.6,9.6,9.6,9.6,9.6,9.6,9.6,9.6,9.7,9.7,9.7,9.7,9.7,9.7,9.7,9.7,9.7,9.7,9.7,9.7,9.7,9.88910012883477,9.9,9.9,9.9,9.9,9.9,9.9,9.9,9.9,9.9,9.9,9.9,9.9,9.9,9.9,9.9,9.9,9.9,9.9,9.9,9.9,9.9,9.9,9.9,9.9,9.9,9.948291057822747,10.0,10.1,10.1,10.1,10.1,10.1,10.1,10.1,10.1,10.1,10.1,10.1,10.1,10.3,10.3,10.3,10.3,10.3,10.3,10.3,10.3,10.3,10.3,10.3,10.3,10.3,10.3,10.3,10.3,10.3,10.3,10.3,10.3,10.3,10.58686453019115,10.6,10.6,10.6,10.6,10.6,10.6,10.6,10.6,10.6,10.6,10.6,10.6,10.6,10.6,10.6,10.6,10.6,10.7,10.7,10.7,10.7,10.7,10.7,10.7,10.7,10.7,10.7,10.7,10.7,10.7,11.4,11.4,11.4,11.4,11.4,11.4,11.4,11.4,11.4,11.4,11.4,11.4,11.4,11.4,11.9,11.9,11.9,12.547944441110683,12.6,12.6,12.6,12.6,12.6,12.79927373895165,13.7,13.7,13.7,14.5,14.5,18.1,18.2
2.5989093300947492,2.722127117043914,3.3274275696957463,3.528637342826178,3.7,3.7,3.8,3.900363130524173,4.0,4.0,4.092866701553323,4.2,4.2,4.2,4.3,4.4,4.486014510074563,4.5,4.5,4.6,4.7,4.7,4.8,4.8,4.8,4.8,4.9,4.9,4.9,5.0,5.0,5.0,5.0,5.0,5.1,5.1,5.1,5.1,5.1,5.1,5.1,5.1,5.1,5.159328465857746,5.2,5.2,5.2,5.2,5.256322228325667,5.3,5.3,5.3,5.3,5.3,5.3,5.3,5.4,5.4,5.407945850290253,5.5,5.5,5.5,5.5,5.5,5.5,5.5,5.5,5.5,5.6,5.6,5.6,5.6,5.7,5.75857505126975,5.8,5.8,5.8,5.8,5.8,5.8,5.8,5.8,5.8,5.8,5.8,5.876920127242516,5.902376319138856,6.0,6.0,6.0,6.1,6.1,6.1,6.1,6.1,6.1,6.1,6.1,6.1,6.1,6.1,6.1,6.1,6.1,6.1,6.1,6.19760749012084,6.2,6.2,6.2,6.2,6.2,6.2,6.2,6.2,6.3,6.3,6.37439350157847,6.4,6.4,6.4,6.4,6.4,6.4,6.5,6.5,6.5,6.5,6.5,6.6,6.6,6.6,6.6,6.6,6.6,6.6,6.6,6.6,6.6,6.6,6.7,6.7,6.7,6.8,6.8,6.8,6.8,6.861545727139935,6.9,6.9,6.9,6.9,6.9,6.9,6.9,6.9,6.9,6.940671534142251,7.1,7.1,7.1,7.1,7.1,7.100892279501181,7.3,7.4,7.4,7.4,7.5,7.6,7.6,7.6,7.7,7.7,7.7,7.8,7.8,7.940990970180974,8.0,8.067282571585736,8.1,8.1,8.1,8.1,8.3,8.4,8.467445006307695,8.5,8.5,8.5,8.6,8.6,8.6,8.89927373895165,8.9,8.9,9.141060866411857,9.985450628695299,10.7,12.367237297736517,12.601090669905261
1.6,2.9,3.1854855139391494,3.657274685652356,3.8,4.0,4.093170064527561,4.200726261048346,4.5,4.5,4.5,4.582474763342478,4.6,4.7,4.8,4.8,4.8,4.859311917748766,5.0,5.0,5.0,5.0,5.09665611138173,5.1,5.1,5.179256605514607,5.2,5.2,5.2,5.2,5.2,5.2,5.2,5.2,5.2,5.2,5.2,5.3,5.3,5.4,5.5,5.5,5.5,5.5,5.5,5.5,5.579445275352287,5.6,5.712644456651333,5.8,5.8,5.8,5.8,5.8,5.8,5.9,5.9,5.9,5.907945850290253,6.0,6.0,6.0,6.035730053136092,6.1,6.1,6.1,6.1,6.1,6.11641652371272,6.2,6.2,6.2,6.2,6.25857505126975,6.3,6.3,6.3,6.3,6.3,6.3,6.3,6.3,6.3,6.4,6.4,6.4,6.4,6.427710849216121,6.5,6.5,6.5,6.5,6.5,6.5,6.5,6.5,6.6,6.6,6.6,6.6,6.6,6.674551422189251,6.7,6.7,6.7,6.7,6.7,6.7,6.7,6.7,6.7,6.7,6.7,6.7,6.7,6.723079872757483,6.848666772365334,6.9,6.9,6.9,6.9,6.9,6.9,6.9,6.9,6.9,6.9,6.9,7.038639754321218,7.1,7.1,7.3,7.3,7.3,7.4,7.4,7.4,7.4,7.4,7.4,7.4,7.4,7.4,7.4,7.4,7.4,7.4,7.461545727139935,7.5,7.5,7.5,7.5,7.543677771674339,7.6,7.6,7.6,7.6,7.6,7.6,7.6,7.6,7.6,7.655172771262977,7.7,7.7,7.7,7.7,7.7,7.740306890980156,7.8,7.8,7.8,7.8,7.8,7.8,7.8,7.9,7.9,8.0,8.0,8.0,8.0,8.0,8.0,8.0,8.0,8.067445006307695,8.1,8.1,8.33505047331505,8.5,8.5,8.5,8.5,8.5,8.5,8.682121732823713,9.04272531434765,9.172572430304234,9.7,10.70981602914735
1.5994546650473747,2.0885084681756565,2.985485513939149,3.3572746856523557,3.7,3.8,3.8931700645275615,4.000363130524173,4.3,4.5,4.592866701553323,4.6,4.7,4.752055558889319,4.8,5.0,5.0,5.1,5.1,5.1,5.16710973118205,5.2,5.2,5.2,5.3,5.479256605514607,5.5,5.594001543934421,5.6,5.8,5.8,5.8,5.8,5.9,5.9,6.0,6.0,6.1,6.1,6.1,6.1,6.1,6.1,6.159328465857746,6.2,6.2400675399524985,6.3,6.3,6.3,6.3,6.330825981018876,6.4,6.4,6.4,6.4,6.4,6.441537887032161,6.5,6.5,6.5,6.5,6.5,6.5,6.5,6.5,6.5,6.5,6.5,6.6,6.6,6.6,6.6,6.6,6.6,6.6,6.6,6.6,6.6,6.6,6.6,6.6,6.6,6.6,6.7,6.7,6.7,6.7,6.7,6.7,6.7,6.7,6.7,6.7,6.7,6.7,6.727072108449437,6.9,6.9,6.9,6.9,6.9,6.9,6.9,6.9,6.9,6.9,6.9,6.9,6.9,6.9,6.996926093147823,7.1,7.1,7.1,7.295247361722283,7.323079872757484,7.4,7.4,7.4,7.4,7.4,7.478884147332195,7.5,7.5,7.5,7.5,7.5,7.5,7.569319877160609,7.6,7.6,7.6,7.6,7.6,7.642480395589343,7.7,7.7,7.7,7.7,7.7,7.7,7.7,7.7,7.7,7.7,7.7,7.8,7.8,7.8,7.8,7.8,7.8,7.8,7.8,7.8,7.859932460047509,7.9,8.0,8.0,8.0,8.0,8.0,8.0,8.0,8.0,8.0,8.0,8.0,8.0,8.0,8.0,8.0,8.0,8.0,8.0,8.0,8.0,8.0,8.0,8.0,8.1,8.100258245611018,8.2,8.3,8.327970979850875,8.5,8.5,8.5,8.5,8.5,8.5,8.5,8.5,8.5,8.8,8.9,9.1,9.1,9.614514486060846,10.478728829560861,11.405998684478936
1.1,2.0,2.5,2.9,2.9,3.1,3.2,3.200363130524173,3.3,3.3996092814346324,3.5,3.682474763342478,3.7,3.7520555588893196,3.8,3.9,3.9,4.0,4.1,4.1,4.2671097311820505,4.4,4.5,4.6,4.7,4.7,4.8,4.8,4.849458281606653,5.0,5.0,5.1,5.1,5.1,5.1,5.1,5.1,5.2,5.2,5.2,5.2,5.2,5.2,5.2,5.2,5.2,5.2,5.2,5.256322228325667,5.3,5.5,5.5,5.5,5.5,5.5,5.6,5.7,5.8,5.8,5.8,5.8,5.8,5.8,5.8,5.8,5.8,5.857519604410664,5.9,5.9,5.945406826037424,6.0,6.1,6.1,6.1,6.1,6.1,6.1,6.1,6.1,6.2,6.2,6.2,6.299730735815603,6.3,6.3,6.3,6.3,6.3,6.3,6.3,6.3,6.3,6.3,6.3,6.3,6.4,6.4,6.4,6.4,6.4,6.4,6.4,6.5,6.5,6.5,6.5,6.5,6.6,6.6,6.6,6.6,6.7,6.7,6.7,6.7,6.7,6.7,6.7,6.7,6.7,6.7,6.7,6.7,6.7,6.7,6.7,6.7,6.8,6.869319877160609,6.9,6.9,6.9,6.9,6.9,6.9,6.972410260810318,7.1,7.1,7.3,7.4,7.4,7.4,7.4,7.4,7.4,7.4,7.4,7.4,7.4,7.4,7.5,7.5,7.6,7.6,7.6,7.6,7.6,7.6,7.6,7.6,7.6,7.6,7.6,7.7,7.7,7.7,7.8,7.8,7.8,7.8,7.8,7.9,7.9,7.9,7.9,7.9,7.9,8.0,8.0,8.0,8.032890268817948,8.1,8.2,8.3,8.413985489925437,8.5,8.5,8.595888882221368,8.8,8.8,8.8,8.8,8.8,8.8,8.80682993547244,9.1,9.7,10.7,11.4,12.5,12.5
0.6989093300947492,1.4,1.4,1.628637342826178,1.7,2.0,2.1,2.100363130524173,2.2,2.2996092814346323,2.4,2.4,2.4,2.5,2.6,2.6,2.6,2.659311917748766,2.7,2.7,2.8,2.8,2.8,2.8,2.8,2.8792566055146067,2.9,2.9,3.0,3.0,3.0,3.0,3.0,3.0,3.0,3.0,3.1,3.1,3.1,3.1,3.1,3.1,3.1,3.1,3.1,3.1,3.1,3.1,3.1,3.1,3.1,3.1,3.2,3.3,3.3,3.3,3.3,3.3,3.4,3.5404999223586855,3.6,3.6,3.6,3.6,3.6,3.6275897391896876,3.7,3.7,3.7,3.7,3.7,3.7,3.7,3.7,3.8,3.8,3.8,3.8,3.8,3.8,3.8,3.8,3.8,3.9,3.9,3.9,3.9,3.9277108492161203,4.0,4.0,4.0,4.028010926291105,4.1,4.1,4.1,4.1,4.1,4.1,4.1,4.1,4.15,4.2,4.2,4.2,4.2,4.2,4.2,4.4,4.447129430757855,4.5,4.5,4.521949238263988,4.64706730690055,4.7,4.7,4.7,4.748666772365334,4.87439350157847,4.9,4.9,5.0,5.0,5.0,5.1,5.1,5.1,5.2,5.2,5.369319877160609,5.4,5.4,5.4,5.4,5.4,5.4,5.4,5.4,5.4,5.4,5.4,5.4,5.4,5.4,5.4,5.4584621129678395,5.5,5.5,5.6,5.6,5.6,5.6,5.6,5.6,5.6,5.6,5.6,5.6,5.6,5.7,5.7,5.867079801107315,5.910726690124398,6.0,6.0,6.0,6.1,6.2,6.2,6.2,6.5,6.5,6.5,6.5,6.505998456065578,6.6,6.6,6.6,6.6,6.6,6.6,6.6,6.6,6.6,6.6,6.9,6.9,6.9,7.1,7.1,7.1,7.1,7.3,7.497716733723399,7.5,7.927319741889756,8.3,9.282121732823713,9.571362657173824,10.117717290912703,12.6,13.7
0.5,0.5,0.5,0.7,0.7589391335881382,0.8797923922871658,0.9931700645275615,1.100363130524173,1.2,1.2,1.2,1.2,1.2,1.2520555588893196,1.3,1.3,1.3,1.4,1.4,1.4,1.4,1.4,1.5,1.5,1.5198524657127763,1.6,1.6,1.6,1.6,1.7,1.7,1.7087816885598868,1.8,1.8,1.858468122724821,1.9,1.953423758114002,2.0,2.0,2.0,2.0,2.0,2.0,2.0,2.0,2.0,2.0,2.0,2.0,2.0,2.0,2.0,2.0,2.0,2.0,2.0,2.0,2.0,2.0,2.1,2.1,2.1,2.1,2.1,2.1,2.2,2.2,2.3,2.3,2.3,2.3741068266693017,2.4,2.4,2.4,2.486222963545816,2.5,2.6,2.6,2.6945500644173848,2.7,2.7,2.8,2.8,2.8,2.8,2.8,2.802376319138855,2.9,2.9,2.9,2.9,2.9,2.9,2.9,2.9,2.9,2.9,2.976311592408004,3.0,3.0,3.0,3.0,3.0,3.0,3.0,3.0,3.0,3.0,3.0,3.0,3.0,3.0,3.0,3.0,3.1,3.1,3.1,3.1,3.1,3.1,3.1,3.1,3.3,3.3,3.3,3.4,3.5,3.6,3.6,3.6,3.6258931733306894,3.7,3.7,3.7,3.7,3.7,3.702676948378985,3.8,3.8,3.8,3.8273604303772344,3.9,3.9,3.9,3.9584621129678395,4.0,4.0,4.0,4.0,4.1,4.1,4.1,4.1,4.1,4.1,4.1,4.1,4.1,4.1,4.1,4.1,4.1,4.1,4.1,4.1,4.1,4.1,4.1,4.1,4.2,4.243198843880208,4.396291420219933,4.4,4.4,4.5,4.7,4.780147534287232,4.940990970180974,5.1,5.1,5.1,5.1,5.1,5.1,5.1,5.1,5.1,5.1,5.1,5.1,5.107133298446677,5.4,5.4,5.4,5.4,5.4,5.6,5.6,5.729028972121694,6.667237297736517,7.8
0.2,0.2663813511317425,0.5,0.5,0.5,0.5,0.5,0.5,0.5,0.5,0.6,0.6,0.6,0.6,0.6,0.7,0.7,0.7,0.8,0.8,0.8,0.9,0.9,0.9,0.9,0.9,0.9,0.9,0.9,1.0,1.1,1.1,1.1,1.1,1.158468122724821,1.2,1.2,1.2,1.2,1.2,1.2,1.2,1.3,1.3,1.3,1.3,1.4,1.4,1.4,1.4,1.4,1.4,1.4,1.4,1.4,1.4,1.4,1.4,1.4079458502902524,1.5,1.5,1.5,1.535730053136092,1.6,1.6,1.6,1.6,1.6,1.7,1.7,1.7,1.7,1.7,1.7,1.7,1.7,1.8,1.8,1.8,1.8,1.8,1.8,1.9,1.9,1.9,1.9,1.9,1.9277108492161203,2.0,2.0,2.0,2.0,2.0,2.0,2.0,2.0,2.0,2.0,2.0,2.0,2.0,2.0,2.0,2.0,2.0,2.0,2.0,2.0,2.0,2.0,2.0,2.0,2.0,2.0,2.0,2.0,2.0,2.0,2.0,2.0,2.0,2.0,2.0,2.0,2.0,2.0,2.0,2.0,2.0,2.0,2.0,2.0,2.0,2.1,2.1,2.1,2.1,2.1,2.2,2.2,2.2,2.2595000776413032,2.3,2.3,2.3,2.3,2.4,2.4,2.4,2.4,2.4,2.4,2.5,2.5,2.5205547246477122,2.6,2.7999282485602746,2.8,2.8820773739873062,2.9,2.9,2.9,2.955172771262977,3.0,3.0,3.0,3.0,3.0,3.040306890980156,3.1,3.1,3.1,3.1,3.1119969121311555,3.3,3.4414867889707805,3.7,3.7,3.803343888618275,3.9672825715857356,4.1,4.1,4.1,4.1,4.1,4.1,4.1,4.1,4.1,4.1,4.1,4.401172155696094,5.1,5.1,5.1,5.1,5.1,5.1,5.1,5.177872882956086,5.4
1.5989093300947494,2.5221271170439143,3.0,3.2,3.258939133588138,3.619169569148663,3.7931700645275614,3.9,3.9,3.9,3.992866701553323,4.082474763342478,4.2,4.252055558889319,4.5,4.5,4.5,4.5,4.530512947070702,4.7,4.8,4.9,4.99665611138173,5.0,5.0,5.0792566055146064,5.1,5.194001543934421,5.2,5.2,5.2,5.2,5.2,5.3,5.3,5.4,5.4,5.4,5.5,5.5,5.5,5.5,5.5,5.5,5.6,5.6,5.6,5.6,5.756322228325667,5.8,5.8,5.8,5.8,5.8,5.8,5.9,5.9,5.9,6.0,6.040499922358685,6.1,6.1,6.135730053136092,6.2,6.2,6.2,6.3,6.3,6.3,6.3,6.3,6.302527623325866,6.4,6.4,6.4,6.5,6.5,6.5,6.5,6.5,6.5,6.5,6.5,6.6,6.6,6.6,6.6,6.6,6.6,6.6,6.603073906852182,6.7,6.7,6.7,6.7,6.7,6.7,6.7,6.7,6.7,6.7,6.8,6.8,6.9,6.9,6.9,6.9,6.9,6.9,6.9,6.9,6.9,6.9,6.9,6.9,6.9,6.9,6.9,6.9,6.9,6.9,6.978884147332195,7.005449935582613,7.1,7.1,7.1,7.1,7.182849897460482,7.3,7.4,7.4,7.4,7.483583476287288,7.5,7.5,7.572410260810318,7.6,7.6,7.6,7.6,7.6,7.6,7.6,7.6,7.6,7.7,7.7,7.7,7.7,7.7,7.8,7.8,7.8,7.8,7.8,7.8,7.8,7.8,7.8,7.8,7.8,7.8,7.8,7.8,7.8,7.9,7.9,7.9,8.0,8.0,8.0,8.0,8.0,8.0,8.0,8.0,8.0,8.1,8.1,8.167282571585735,8.2,8.200258245611018,8.3,8.3,8.5,8.5,8.5,8.5,8.53122403873545,8.717525236657524,8.9,9.1,9.1,9.1,9.1,9.7,9.7,9.7,9.7,10.545110180692603,12.501636004857891
1.4,1.8,1.9854855139391492,2.4,2.5,2.5,2.786340129055123,2.8,2.8,2.8996092814346324,2.9,2.9,2.9,2.9520555588893194,3.1,3.1,3.1,3.1,3.2,3.2,3.2,3.2,3.2966561113817305,3.3,3.3,3.3,3.5,3.6,3.6,3.7,3.7,3.7,3.7,3.7,3.7,3.7,3.7,3.7,3.7,3.7,3.7,3.7,3.7,3.7,3.8,3.8,3.8,3.8,3.9,3.9,3.9,3.9,3.9,3.938454272860062,4.0,4.0,4.0,4.074963308883616,4.1,4.2,4.2,4.2,4.2,4.2,4.3,4.4,4.4,4.4,4.4,4.445406826037424,4.5,4.5,4.5,4.5,4.5,4.5,4.5,4.6,4.6,4.6,4.6,4.6,4.7,4.7,4.7,4.776920127242517,4.902376319138856,5.0,5.0,5.0,5.0,5.0,5.052870569242148,5.1,5.10239250987916,5.2,5.2,5.2,5.2,5.2,5.2,5.2,5.2,5.2,5.2,5.2,5.2,5.2,5.2,5.2,5.3,5.321949238263988,5.4,5.472289150783877,5.5,5.5,5.5,5.5,5.5,5.5,5.5,5.5,5.5,5.5,5.5,5.5,5.5,5.5,5.5,5.5,5.5,5.5,5.5,5.512875379529044,5.6,5.7,5.702676948378985,5.8,5.8,5.8,5.8,5.8,5.892054149709748,5.9,5.9,6.0,6.1,6.1,6.1,6.2,6.2,6.206138765668953,6.3,6.3,6.3,6.3,6.3,6.3,6.3,6.4,6.5,6.5,6.5,6.5,6.5,6.5,6.5,6.5,6.5,6.6,6.7,6.7,6.7,6.7,6.7,6.7,6.7,6.7,6.7,6.7,6.7,6.7,6.7,6.7,6.7,6.7,6.7,6.7,6.7,6.717525236657525,6.9,6.9,6.9,7.1,7.3,7.4,7.4,7.6,7.714514486060847,7.8,8.820177393247333
0.6989093300947492,1.0221271170439141,1.2,1.2,1.3,1.3797923922871658,1.4,1.4,1.4,1.4,1.5,1.5,1.5687759612645444,1.6,1.6,1.6,1.6,1.7,1.7,1.7,1.7,1.732717428414268,1.8,1.8,1.8,1.8,1.8,1.8,1.8,1.8,1.8,1.8,1.8,1.9,1.9,1.9,1.9,1.9,1.9,1.9,1.9,1.9,1.9,1.9,2.0,2.0,2.0,2.0,2.1,2.1,2.1,2.1,2.1,2.1,2.1,2.1,2.1415378870321606,2.2,2.2,2.2,2.27263956962276,2.3,2.3,2.3,2.397323051621021,2.4,2.4,2.4,2.4,2.4,2.4,2.4,2.4,2.4,2.4,2.4,2.4,2.4,2.4,2.4,2.4,2.4,2.4,2.4,2.4,2.4,2.5,2.5,2.5,2.5,2.5,2.5,2.5,2.577661541373567,2.6023925098791607,2.7,2.7,2.7,2.700888621543729,2.8,2.8,2.8,2.8,2.8,2.8,2.8,2.8,2.8,2.8,2.8,2.8,2.9,2.9,2.9,2.9,3.0,3.0,3.0,3.0,3.0,3.0,3.0,3.0,3.0,3.0,3.0863657473303134,3.1,3.1,3.1,3.1,3.1258931733306894,3.2,3.2,3.2,3.2,3.2,3.2,3.2,3.2,3.2,3.2,3.2,3.2,3.2,3.2,3.2,3.2,3.2,3.2,3.2,3.2,3.3,3.3,3.3,3.3,3.3,3.3,3.3,3.3,3.3,3.3,3.3,3.4,3.5,3.5,3.5,3.5,3.5,3.6,3.6,3.6,3.6,3.7,3.7,3.7,3.7,3.7,3.7,3.7,3.7672825715857354,3.8,3.8,3.8,3.9,3.9139854899254374,4.0,4.134890012615393,4.2,4.2,4.2,4.2,4.4,4.6,4.799273738951649,5.1068299354724385,5.2,5.2,5.2,5.214514486060847,5.8,6.7
1.7,2.9106355852195707,3.841942055756597,4.0,4.1,4.279792392287166,4.3,4.3,4.4,4.4,4.4,4.4,4.5,4.5,4.5,4.5,4.5,4.5,4.5,4.5,4.56710973118205,4.7,4.7,4.8,4.9,4.9,4.9,4.9,5.0,5.0,5.1,5.208781688559887,5.3,5.309575860441376,5.458468122724821,5.5,5.5,5.5,5.54482722873702,5.6,5.6,5.7,5.7,5.8,5.8,5.9,5.979445275352288,6.0,6.1,6.1,6.1,6.1,6.1,6.1,6.173298795838567,6.2,6.2,6.2,6.2,6.2,6.2726395696227595,6.5,6.5,6.5,6.5,6.5,6.5,6.5,6.5,6.6,6.6,6.6,6.6,6.6,6.6,6.6,6.640819158515501,6.7,6.7,6.721115852667802,6.8,6.873696648070736,6.9,6.9,6.9,6.9,6.902376319138856,7.0,7.0,7.0,7.1,7.1,7.1,7.1,7.1,7.1,7.1,7.1,7.1,7.1,7.199999999999999,7.3,7.3,7.3,7.3,7.3,7.3,7.4,7.4,7.4,7.4,7.5,7.6,7.6,7.6,7.8,7.8,7.9,8.0,8.0,8.1,8.1,8.1,8.1,8.159180841484492,8.372731494660627,8.4,8.4,8.4,8.497472376674125,8.5,8.5,8.6,8.6,8.6,8.6,8.6,8.6,8.6,8.7,8.7,8.7,8.7,8.7,8.9,8.9,8.9,8.9,8.9,9.1,9.1,9.21841629700686,9.5,9.5,9.5,9.5,9.5,9.5,9.5,9.5,9.5,9.6,9.6,9.6,9.6,9.693593987845253,9.7,9.7,9.7,9.7,9.7,9.7,9.9,9.9,9.96271372785643,10.0,10.0,10.0,10.1,10.1,10.1,10.1,10.1,10.1,10.113985489925437,10.2,10.2,10.2,10.2,10.3,10.3,10.6,10.697716733723398,10.7,11.434149677362194,11.9,11.9,12.6,12.6,13.500855946604775,14.5196320582947
1.6994546650473745,2.9,3.256456541817448,3.3286373428261777,3.5,3.7595847845743315,3.9931700645275616,4.1,4.3,4.3,4.4,4.4,4.4,4.452055558889319,4.5,4.5,4.5,4.5,4.5,4.5,4.5,4.5327174284142675,4.6,4.759009029819024,4.8,4.9,4.9,4.9,5.0,5.0,5.0568011561197945,5.1,5.2,5.2,5.2,5.3,5.3,5.3,5.3,5.4,5.432920198892688,5.5,5.5,5.5,5.5,5.5,5.5,5.5,5.5,5.5,5.5,5.6,5.6,5.6,5.6,5.6,5.6,5.7,5.7,5.7,5.7,5.8,5.8,5.8,5.8,5.8,5.8,5.9,5.9,5.9,5.9,5.9,5.9,6.0,6.0,6.0,6.0,6.067787776252189,6.1,6.1,6.1,6.1,6.1,6.1,6.151333227634661,6.2,6.2,6.2,6.2,6.2,6.2,6.2,6.2,6.2,6.2,6.2,6.2,6.2,6.2,6.2,6.2,6.27455142218925,6.3,6.3,6.3,6.3729278915505745,6.4,6.5,6.5,6.5,6.5,6.5,6.5,6.5,6.5,6.5,6.5,6.6,6.6,6.6,6.6,6.6,6.7,6.7,6.7,6.7,6.7,6.741424948730241,6.8,6.8,6.8,6.854593173962582,6.9,6.9,6.9,6.9,6.9,6.9,6.9,6.9,6.9,6.9,6.9,7.0,7.0,7.0,7.0,7.061545727139935,7.1,7.1,7.1,7.1,7.1,7.263619822993666,7.3,7.3,7.399964124280138,7.4,7.4,7.4,7.4,7.510726690124398,7.6,7.6,7.6,7.6,7.6,7.6,7.6,7.6,7.6,7.696291420219933,7.75054171839335,7.8,7.8,7.920743394485391,8.080147534287232,8.1,8.2,8.267282571585737,8.332890268817948,8.5,8.5,8.5,8.6,8.6,8.6,8.6,8.6,8.7,8.914266596893356,9.101562874261457,9.597716733723399,9.7,9.720489806417316,10.0,10.0,10.171362657173823,10.214514486060846,11.245110180692603,12.605998684478935
1.3950919854263717,1.4,1.9709710278782986,2.028637342826178,2.6178782671762764,2.8,2.8,3.0,3.1,3.1,3.1,3.282474763342478,3.3,3.3,3.4,3.4,3.4,3.5,3.5,3.6,3.6,3.6,3.7,3.7,3.7198524657127763,3.8,3.8,3.8,3.8,3.8,3.8,3.8,3.8,3.8,3.8,3.80640601215474,3.9,3.9,4.0,4.089273309875608,4.1,4.1,4.1,4.2,4.2,4.2,4.2,4.318190088503163,4.4,4.4,4.4,4.4,4.4,4.5,4.5,4.5,4.5,4.5,4.5,4.540499922358685,4.6,4.604378489936286,4.7,4.7,4.7,4.7,4.7,4.7,4.8,4.8,4.8,4.8,4.9,4.9,4.9,4.9,4.9408191585155015,5.0,5.0,5.021115852667802,5.1,5.1,5.1,5.1,5.1,5.1,5.1,5.12771084921612,5.2,5.2,5.2,5.2,5.3,5.3,5.3,5.3,5.3,5.3,5.4,5.4,5.4,5.4,5.5,5.5,5.5,5.5,5.5,5.5,5.5,5.5,5.5,5.5,5.54706730690055,5.6,5.6,5.6,5.6,5.6,5.6,5.6,5.6,5.6,5.6,5.6,5.6,5.6,5.7,5.7,5.7,5.7,5.8,5.8,5.8,5.8,5.8,5.8,5.8,5.8,5.8,5.8,5.9,5.9,5.9,5.9,5.9,5.9,5.9,5.9,5.996894888185165,6.0,6.0,6.0,6.0,6.0,6.0,6.1,6.1,6.1,6.1,6.2,6.2,6.2,6.2,6.2,6.2,6.2,6.3,6.3,6.3,6.5,6.5,6.5,6.5,6.6,6.6,6.7,6.7,6.7,6.7,6.7,6.7,6.7,6.7,6.7,6.713985489925437,6.8,6.9,6.9,6.9,6.917525236657525,7.1,7.1,7.397716733723399,7.4,7.506829935472439,7.6,7.8,8.014087971521473,8.3,8.5,10.013633373815765
1.5989093300947494,2.1885084681756566,2.5,2.8286373428261777,3.0178782671762763,3.2,3.4795101935826844,3.6,3.7,3.7996092814346323,3.8,3.9,4.0,4.0,4.032554993692302,4.120962783920192,4.3,4.4,4.4,4.4,4.5,4.732717428414268,5.09665611138173,5.1,5.1,5.179256605514607,5.2,5.2,5.2,5.40370857978007,5.5,5.5,5.6,5.6,5.6,5.606406012154739,5.7,5.8,5.8,5.889273309875609,6.0,6.0,6.0,6.0,6.0,6.1,6.1,6.1,6.1,6.1,6.1,6.1,6.1,6.138454272860062,6.2,6.2,6.2,6.2,6.2,6.3,6.3,6.3,6.3,6.3,6.3,6.4,6.4,6.4,6.4,6.4,6.4,6.4,6.430680122839391,6.5,6.5,6.5,6.5,6.6,6.6,6.6,6.6,6.6,6.6,6.6,6.6,6.6,6.7,6.7,6.7,6.7,6.7,6.7,6.7,6.7,6.8,6.8,6.8,6.9,6.9,6.9,6.9,6.9,6.9,6.9,6.9,6.9,6.9,6.9,6.9,6.9,6.9,6.9,6.9,6.9,6.9,6.9,6.9,6.9,6.9,6.9,6.9,6.9,6.9,6.9,6.959180841484494,7.1,7.3,7.3,7.3,7.3,7.4,7.4,7.4,7.5,7.5,7.572410260810318,7.6,7.6,7.6,7.6,7.6,7.6,7.6,7.6,7.6,7.6,7.626701204161429,7.761545727139935,7.8,7.8327652811957815,7.9,7.9,7.9,7.9,7.9,7.9,7.9,7.9,7.9,7.9,7.9,7.9,7.9,7.9,7.9,7.9,7.9,7.9,7.9,7.9,7.9,7.9,7.9,7.9,7.9,7.9,7.9,7.9,7.9,7.9,7.9,7.9,7.9,7.9,8.0,8.0,8.0,8.047944441110683,8.1,8.2,8.5,8.5,8.5,8.798910608427475,8.8,8.820207607712838,8.9,9.314087971521474,9.78708691636508,12.367237297736517,18.10054533495263
1.3961826553316223,1.6,2.0,2.1,2.1,2.1,2.2931700645275614,2.5,2.5022832662765966,2.7,2.8,2.882474763342478,2.9,2.9,3.0,3.1,3.1,3.2,3.2,3.2997417543889864,3.3,3.3,3.4966561113817307,3.5,3.5,3.5,3.5,3.5,3.5,3.5,3.5,3.5,3.5,3.5,3.6,3.6,3.6,3.7,3.7,3.8,3.8,3.8,3.8,3.8,3.8,3.8,3.8794452753522877,3.9,3.9,3.9,3.9,3.9,3.9,3.9,3.9732987958385677,4.0,4.0,4.0,4.0,4.0,4.0,4.004378489936286,4.1,4.166707318575743,4.2,4.3,4.3,4.3,4.3164165237127206,4.4,4.4,4.4,4.430680122839391,4.5,4.5,4.613634252669689,4.7,4.7,4.989100128834769,5.1,5.1,5.1,5.1,5.1,5.2,5.2,5.2,5.355421698432241,5.5,5.6,5.606147813704364,5.8,5.8,5.8,5.804785019758321,6.0,6.0,6.0,6.0,6.0,6.1,6.1,6.1,6.1,6.1,6.2,6.2,6.2,6.2,6.2,6.2,6.2219492382639885,6.3,6.3,6.3,6.3,6.4,6.4,6.4,6.4,6.452505150770389,6.5,6.6,6.6,6.6,6.6,6.613777036454177,6.7,6.7,6.7,6.7,6.9,6.9,6.9,6.9,6.9,6.9,6.9,6.9,6.9,6.9,6.9,6.9,6.9,6.9,6.9,6.9,6.9,6.9,6.9,6.9,6.9,6.9,6.9,6.941109449295425,7.1,7.299928248560275,7.4,7.4,7.4,7.5,7.5,7.5,7.6,7.6,7.6,7.6,7.6,7.7,7.8,7.843198843880208,7.9,7.9,7.9,7.9,7.9,7.9,7.9,7.9,7.9,7.9,7.9,7.9,7.9,7.9,7.9,7.9,7.9,7.9,7.9,7.9,7.9,8.0,8.0,8.0,8.1,8.1,8.5,8.8,9.812347478429121,18.1
0.6989093300947492,0.8,0.8,0.9,0.9,0.9,1.1,1.1,1.1,1.1,1.1,1.1,1.1,1.1,1.2,1.2,1.2,1.2,1.2,1.2,1.2,1.3,1.3,1.3,1.3,1.3,1.3,1.3,1.3,1.3,1.3,1.3,1.3,1.3,1.3,1.3,1.3,1.3,1.3448272287370202,1.4,1.4,1.4,1.4,1.4,1.5,1.5,1.5,1.5,1.5,1.5,1.5,1.5,1.5,1.5,1.5,1.5,1.5,1.5,1.5,1.5,1.5,1.5,1.5,1.5,1.5,1.6275897391896876,1.7,1.7,1.7,1.7,1.7,1.7,1.7,1.7,1.7,1.7,1.7,1.7,1.7,1.7,1.7,1.7,1.7,1.7,1.7513332276346603,1.8,1.8,1.8,1.8,1.8,1.8,1.8,1.8,1.8,1.8,1.8,1.8,1.9,1.9,1.9,1.9,1.9,1.9,1.9,1.9,1.9,1.9,1.9,1.9,1.9,1.9,1.9,1.9,1.9,1.9,1.9230798727574836,2.0,2.0,2.0,2.026303351929255,2.1,2.1,2.1,2.1,2.1,2.1,2.1,2.1,2.1,2.1,2.1,2.1,2.1,2.1,2.1,2.1,2.1,2.2,2.2,2.2,2.2,2.2,2.2,2.2,2.2,2.2,2.2,2.2,2.2,2.2,2.2,2.2,2.2,2.2,2.3,2.3,2.3,2.3,2.3,2.3,2.3,2.3,2.3,2.3,2.3,2.3,2.4,2.4,2.4,2.4,2.4,2.4,2.4,2.4,2.4,2.4,2.4,2.4,2.4,2.4,2.4,2.5,2.5,2.6,2.6,2.7,2.8,2.847944441110684,3.0,3.1,3.1,3.1,3.1,3.2,3.206829935472439,3.3,3.3,3.3,3.4290289721216936,3.6778728829560863,3.9070893543841976
1.1961826553316224,1.4,1.5,1.528637342826178,1.6,1.6,1.6,1.7,1.7,1.7,1.7,1.8,1.8,1.8,1.8325549936923018,1.9,1.9860145100745634,2.0,2.030512947070702,2.1,2.1,2.1,2.1,2.1,2.1,2.1,2.237286272143571,2.3,2.3,2.3,2.3,2.3,2.3,2.4,2.4,2.4,2.4534237581140017,2.5,2.5,2.5,2.6,2.6,2.6,2.6,2.6,2.6,2.6,2.6,2.6,2.693861234331038,2.7,2.7,2.8,2.8,2.8,2.8,2.8,2.8,2.8,2.8,2.8,2.8,2.8,2.8,2.8,2.8,2.8,2.8,2.8,2.9,2.9,2.9,2.9,2.9,2.9,2.9,2.9,2.9677877762521887,3.0,3.0,3.0,3.0,3.0,3.0,3.0,3.0,3.0,3.0,3.0,3.0,3.0,3.0,3.0,3.0,3.0,3.0,3.1,3.1,3.1,3.1,3.1,3.1,3.1,3.2,3.2,3.2,3.2,3.2,3.2,3.2,3.2,3.2,3.2,3.2722891507838767,3.3,3.3,3.3,3.3,3.3002692641843905,3.4,3.4,3.5,3.5,3.5,3.5,3.5,3.5,3.5,3.5,3.5,3.5,3.5,3.5,3.5,3.5,3.6,3.6,3.6,3.6,3.6,3.6273604303772347,3.7,3.7,3.7,3.7,3.7,3.7,3.7,3.7,3.7,3.7,3.7,3.7,3.781809911496833,3.8,3.8,3.8,3.8,3.9,3.9,3.9,3.9107266901243976,4.0,4.0,4.0,4.0,4.0,4.1,4.1,4.19121831144011,4.2,4.2,4.3,4.3,4.4,4.4,4.4,4.4,4.403343888618275,4.5,4.6,4.6,4.669487052929304,4.940688082251234,5.0,5.0,5.1,5.2,5.2,5.2,5.2,5.3,5.3,5.3,5.513659870944878,5.720207607712837,6.1,6.2,6.358057944243387,7.311491531824345,9.4
0.49836399514212393,1.222127117043914,1.4,1.5,1.5589391335881382,1.6,1.6,1.6,1.7,1.7,1.7,1.7,1.7,1.8,1.8,1.8,1.8,1.9,2.0,2.0,2.1,2.1,2.1,2.1,2.1,2.1,2.1,2.1,2.2,2.2,2.3,2.3,2.3,2.3,2.3,2.3,2.3534237581140016,2.4,2.4,2.4,2.5,2.5,2.5,2.559328465857746,2.6,2.6,2.6,2.6,2.6,2.7,2.7,2.7,2.8,2.8,2.8,2.8,2.8,2.8,2.8,2.8,2.8,2.8,2.8,2.8,2.8,2.8,2.8,2.8,2.9,2.9,2.9,2.9,2.9,2.95857505126975,3.0,3.0,3.0,3.0,3.0,3.0,3.0,3.0,3.0,3.0,3.0,3.0,3.0,3.0,3.0,3.0,3.0,3.0,3.0,3.0,3.1,3.1,3.1,3.1,3.1,3.1,3.1,3.1,3.199111378456269,3.2,3.2,3.2,3.2,3.222338458626433,3.3,3.3,3.3,3.3,3.34706730690055,3.4,3.4,3.4230798727574836,3.5,3.5,3.5,3.5,3.5,3.5,3.5,3.5,3.5,3.5,3.5,3.5,3.5,3.5,3.5,3.5,3.6,3.6,3.6,3.6,3.6,3.633292681424257,3.7,3.7,3.7,3.7,3.7,3.7,3.7,3.7,3.7,3.8,3.8,3.8,3.8,3.8,3.9,3.9,3.9,3.9,3.9999641242801376,4.0,4.0,4.0,4.0,4.1,4.155172771262977,4.2,4.2,4.2,4.3,4.3,4.4,4.4,4.443198843880208,4.5,4.55054171839335,4.6,4.66271372785643,5.0,5.0,5.1,5.1,5.2,5.2,5.2,5.2,5.240688082251234,5.3,5.3,5.5,5.5,5.5,5.717525236657525,6.007133298446678,6.2,6.397716733723399,6.6,6.7,6.920207607712837,7.4,7.6,8.372572430304235,9.333618648868258,12.601090669905261
0.6989093300947492,0.8,1.0,1.1,1.1589391335881383,1.3,1.3,1.3,1.4,1.4,1.4,1.4,1.4,1.4520555588893196,1.5,1.5,1.5,1.5,1.5,1.6,1.6,1.6,1.6,1.6,1.6,1.6,1.6,1.6,1.6,1.6,1.6,1.6,1.6,1.6,1.6,1.6,1.7,1.7,1.7,1.7,1.7,1.7,1.7,1.7,1.7,1.7,1.7,1.7,1.8,1.8,1.8,1.8,1.8,1.8,1.8,1.8,1.8,1.8,1.8,1.8,1.8,1.8,1.8,1.8,1.8,1.8,1.8,1.9,2.0,2.0,2.0,2.0,2.0,2.0,2.0,2.1,2.1,2.1,2.1,2.1,2.2,2.2736966480707363,2.3,2.3,2.3,2.3,2.3,2.3,2.3,2.3780507617360143,2.4,2.4,2.4,2.4,2.4,2.427072108449437,2.5,2.5,2.5,2.5,2.5,2.5,2.5,2.6,2.6,2.6,2.6,2.6,2.6,2.6,2.6,2.6219492382639884,2.7,2.7,2.7,2.8,2.8,2.8,2.8,2.8,2.8,2.8,2.8,2.8,2.8,2.8,2.9,2.9,2.969319877160609,3.0,3.0,3.0,3.0,3.0,3.0,3.0,3.0,3.0,3.0,3.0,3.0,3.0,3.0,3.025036691116378,3.1,3.1,3.1,3.1,3.1,3.1,3.1,3.1,3.2,3.2,3.2,3.2,3.3,3.3,3.3,3.3,3.3,3.4,3.4,3.5,3.5,3.5,3.5,3.5,3.5,3.5,3.5,3.6,3.6,3.6,3.7,3.7,3.7,3.7,3.7,3.7,3.7,3.7,3.7,3.7,3.7139854899254376,3.8,3.8,3.8,3.9,4.0,4.0,4.1003907185653645,4.297716733723399,4.4,4.506829935472439,4.6,4.782121732823714,5.0,5.1145144860608465,5.277872882956086,6.202726674763153
1.3994546650473745,1.6,1.885485513939149,2.0,2.1,2.179792392287166,2.2,2.3,2.4,2.4996092814346325,2.5,2.5,2.5687759612645444,2.6,2.6,2.7,2.8,2.8,2.8,2.9,2.9,2.9,2.9,2.9,3.0,3.0,3.0,3.1,3.1,3.1,3.1,3.1,3.1,3.1,3.2,3.2,3.2,3.2,3.2,3.2,3.2,3.2,3.3,3.3,3.3,3.3,3.3,3.3,3.3,3.4,3.4,3.5,3.5,3.5,3.573298795838568,3.6,3.6,3.7,3.7,3.7,3.7,3.7,3.7,3.7,3.7,3.7,3.8,3.8,3.8,3.845406826037424,3.9,3.9,3.9,3.9,3.9,3.9,3.9,3.9,3.9,3.9,3.9,3.9,3.9,3.9,4.0,4.0,4.0,4.0,4.0,4.0,4.0,4.0,4.1,4.1,4.1,4.127072108449437,4.2,4.2,4.200888621543728,4.3,4.3,4.3,4.3,4.3,4.4,4.4,4.4,4.4,4.4,4.4,4.4,4.4,4.4,4.4,4.4,4.4,4.4,4.4,4.4,4.4,4.4,4.4,4.4,4.4,4.5,4.5,4.6,4.6,4.6,4.7,4.7,4.7,4.7,4.7,4.7,4.7,4.7,4.7,4.7,4.7,4.7,4.7,4.8,4.8,4.8,4.8,4.8,4.861545727139935,4.9,5.0,5.0,5.0,5.1,5.1,5.2,5.2,5.2,5.2,5.2,5.2,5.2,5.2,5.255172771262977,5.5,5.6,5.6,5.6,5.6,5.640306890980156,5.7,5.8,5.896291420219933,6.0,6.0,6.0,6.0,6.0,6.1,6.1,6.1,6.2,6.3,6.3,6.3,6.4,6.4,6.5,6.6,6.762448077470902,6.9,6.9,6.900781437130729,7.3,7.599636869475824,7.706829935472439,7.9,7.9,7.9,8.114514486060846,8.655745765912172,8.804908014573677
1.096727990284248,1.222127117043914,1.4,1.528637342826178,1.6589391335881383,1.7,1.7,1.8,1.8,1.9,1.9,1.9,1.9,1.9,1.9,2.0,2.0860145100745635,2.1,2.1,2.1,2.1,2.1,2.2,2.2,2.2,2.3,2.3,2.3,2.3,2.4,2.4,2.4,2.4,2.4095758604413757,2.5,2.5,2.5,2.5,2.5,2.6,2.7,2.8,2.8,2.8,2.8,2.8,2.8,2.9,2.9,2.9,2.9,2.9,2.903105111814835,3.0,3.0,3.0,3.0,3.0749633088836164,3.1,3.1,3.1,3.1,3.1,3.1,3.1,3.1275897391896876,3.2,3.2,3.2,3.2,3.3,3.3,3.3,3.3,3.3,3.3,3.3,3.3,3.3,3.4,3.4,3.4736966480707365,3.5997307358156037,3.6,3.6,3.6,3.6,3.6277108492161205,3.7,3.7,3.7,3.7,3.7,3.7,3.7,3.7,3.7,3.7,3.8,3.8,3.8499999999999996,3.9,3.9,3.9,3.9,3.9,3.9,3.9,3.9,3.9,3.9,3.9219492382639882,4.0,4.0,4.0,4.0,4.0,4.0,4.0,4.0,4.052505150770389,4.1,4.2,4.2,4.2,4.2,4.3,4.4,4.4,4.4,4.4,4.4,4.4,4.4,4.4,4.4,4.4,4.4,4.4,4.4956215100637165,4.6,4.6,4.692054149709747,4.7,4.7,4.7,4.7,4.7,4.7,4.7,4.76917401898113,4.8,4.8,4.8,4.8,5.0,5.0,5.0,5.0,5.1,5.1,5.1,5.2,5.2,5.2,5.2,5.241531877275179,5.390424139558622,5.6,5.6,5.643198843880207,5.7,5.75054171839335,5.9,6.0,6.0,6.0,6.040990970180974,6.1,6.1,6.132890268817948,6.200258245611019,6.3,6.3,6.4,6.4,6.5,6.6,6.6,6.717525236657525,6.8071332984466775,6.9,6.9,7.1,7.406829935472439,7.540415215425673,7.9,7.9,8.1,8.433618648868258,9.715269378673655
0.5,0.9,1.1,1.2,1.2589391335881381,1.3,1.3,1.3,1.4,1.4996092814346327,1.5,1.5,1.5,1.5,1.5,1.5,1.5,1.6,1.7,1.7,1.7,1.7,1.7,1.7,1.7,1.7,1.7,1.7940015439344208,1.8,1.8,1.8,1.8,1.8,1.9,1.9,1.9,1.9,1.9,1.9,1.9,1.9,1.9,1.9,1.9,1.9000358757198554,2.0,2.0,2.0,2.0,2.0,2.030825981018876,2.1,2.1,2.1,2.1,2.1,2.1,2.1,2.2,2.2,2.2,2.2,2.2,2.2,2.2,2.3,2.3,2.3,2.3,2.3,2.3,2.3,2.3,2.3,2.3,2.3,2.3,2.3,2.3,2.3,2.3,2.3736966480707364,2.4,2.4,2.4,2.4,2.4,2.4,2.4,2.4,2.4,2.5,2.5,2.5,2.5,2.6,2.6,2.6,2.700888621543729,2.8,2.8,2.8,2.8,2.8,2.8,2.8,2.8,2.8,2.9,2.9,2.9,2.9,2.94706730690055,3.0,3.0,3.0,3.0,3.0,3.0,3.1,3.1,3.1,3.1,3.1,3.1,3.1,3.1,3.1,3.1,3.1,3.1,3.1,3.1,3.1,3.1,3.1,3.2,3.2,3.2,3.2956215100637163,3.3,3.3,3.3,3.3,3.3,3.3923452141771633,3.4,3.4,3.4968948881851647,3.5,3.56917401898113,3.6,3.6,3.6818099114968335,3.7,3.7,3.7,3.840671534142251,3.9,3.9,3.9,3.9107266901243976,4.0,4.0,4.0,4.0,4.041531877275179,4.190424139558622,4.3,4.3,4.4,4.4,4.6,4.7,4.7,4.7,4.780147534287232,4.8,4.80668777723655,5.0,5.1,5.1,5.2,5.2,5.2,5.289518608039907,5.6,5.647944441110684,5.7312240387354505,6.1,6.2,6.200390718565365,6.3,6.4,6.6,6.640415215425673,6.9,7.5,7.9,8.077872882956086,8.720722728199961
0.5,0.5,0.8564565418174478,1.1859120284785338,1.4,1.4,1.4,1.4,1.4,1.4,1.4928667015533228,1.5,1.5,1.5,1.5,1.5,1.5,1.5,1.5,1.5997417543889867,1.6,1.6,1.6,1.7,1.7,1.7,1.7,1.7,1.7,1.7,1.7,1.7,1.7,1.7,1.7,1.7,1.7,1.7,1.7,1.7,1.7,1.7,1.7,1.7,1.7,1.7400675399524985,1.8,1.8,1.8,1.9,1.9,1.9,1.9,1.938454272860062,2.0,2.0,2.0,2.0,2.0,2.0,2.0,2.0,2.0,2.0,2.0,2.0,2.0,2.0,2.0,2.0,2.0,2.0,2.0,2.0,2.0,2.0,2.0,2.0,2.0,2.0,2.0,2.1736966480707367,2.2,2.2,2.3,2.3,2.3,2.3,2.35293269309945,2.4,2.4,2.4,2.4,2.4,2.4,2.427072108449437,2.5,2.5,2.5,2.5,2.5,2.6,2.6,2.6,2.6,2.7,2.7,2.7,2.7,2.7,2.796926093147823,2.8,2.8,2.8,2.8,2.8,2.8,2.8,2.8,2.8,2.8,2.8,2.8,2.8,2.8,2.8,2.8,2.8,2.8,2.8,2.8,2.8,2.8,2.8128753795290433,2.9,2.9,2.9,2.9,2.9,2.9,2.9,2.9,2.9,2.9,2.9,2.9,2.926701204161429,3.0,3.0,3.0,3.0,3.0,3.0,3.0,3.0,3.0,3.0,3.1,3.1,3.1,3.1,3.1,3.1,3.1,3.1465762418859984,3.2,3.2,3.2,3.2,3.2,3.3,3.3,3.3,3.3059984560655775,3.6,3.6,3.7,3.7,3.7,3.8,3.8,3.9,3.9,3.9,3.9139854899254374,4.089518608039906,4.1,4.1,4.131224038735451,4.2,4.2142665968933555,4.5,4.5,4.699273738951649,4.806829935472439,4.920207607712837,5.041060866411857,5.5,5.8290289721216935,6.5,8.810361364099982
0.5,1.4,1.5,1.628637342826178,1.7,1.7,1.7,1.800363130524173,1.9022832662765963,2.0,2.0,2.0,2.0,2.0,2.032554993692302,2.2,2.3860145100745633,2.4,2.4,2.4,2.4671097311820502,2.5,2.5,2.5,2.5,2.5,2.5372862721435707,2.6,2.6,2.6,2.6,2.6,2.6,2.6,2.6,2.7,2.7,2.7,2.7,2.7,2.7,2.7,2.7,2.7,2.7,2.7,2.7,2.8,2.8,2.8,2.8,2.8,2.8,2.8,2.8,2.8,2.8,2.8,2.8,2.8,2.8,2.8,2.8,2.8,2.8,2.8,2.8,2.8,2.8,2.8,2.8,2.8,2.8,2.8,2.8,2.8,2.9,2.9,2.9,2.9,2.9,2.9,2.9,3.0,3.0,3.0,3.0,3.0,3.0,3.0,3.1,3.1,3.1,3.1,3.1,3.1,3.1,3.1,3.1,3.1,3.1,3.1,3.1,3.1,3.1,3.2,3.2,3.2,3.2,3.2,3.2,3.2219492382639885,3.3,3.3,3.3,3.3,3.348666772365334,3.57439350157847,3.6,3.6,3.6,3.6,3.6,3.7,3.7,3.7,3.8,3.8,3.8,3.8,3.9,3.9,3.9,3.9,3.9,3.9,3.9,3.9,4.0,4.0,4.0,4.0,4.092054149709747,4.1,4.1,4.1,4.1,4.1,4.1,4.1,4.1691740189811295,4.2,4.2,4.2,4.2,4.2,4.2,4.2,4.2,4.2,4.2670798011073146,4.3,4.3,4.5,4.5,4.5,4.5,4.5,4.5,4.5,4.5,4.6,4.7,4.7,4.7,4.7,4.7,4.8,4.8,4.8672825715857355,4.9,5.0,5.0,5.040688082251234,5.2,5.2,5.4,5.5,5.6,5.617525236657525,5.7,5.800781437130729,6.1,6.1,6.2,6.420207607712837,6.723182599235571,7.0,7.7,7.8,8.907089354384198
0.2,0.5,0.5,0.5,0.5,0.5,0.5,0.6,1.0022832662765964,1.1,1.1,1.1,1.1,1.1,1.1325549936923018,1.2104813919600963,1.4,1.4,1.4,1.4,1.4,1.4,1.4,1.4,1.4,1.4,1.4,1.4,1.4,1.4,1.4,1.4,1.4,1.4,1.5,1.5,1.5,1.5,1.5,1.5,1.5,1.5,1.5,1.5,1.5,1.5,1.5,1.5,1.5,1.5,1.5,1.5,1.5,1.5,1.5,1.5,1.5,1.5,1.6,1.6,1.6,1.6,1.6,1.6,1.6,1.7,1.7,1.7,1.7,1.7,1.7,1.7,1.7,1.7,1.7,1.7,1.7,1.7,1.7,1.7,1.7,1.7,1.7,1.7,1.7,1.7,1.8,1.8,1.8,1.8,1.8030739068521826,1.9,1.9528705692421482,2.0,2.0,2.0,2.0,2.0,2.0,2.0,2.0,2.0,2.0,2.0,2.0,2.0,2.0,2.0,2.0,2.0,2.0,2.0,2.0,2.0,2.0,2.0,2.0,2.0,2.0,2.0,2.1,2.1,2.1054499355826124,2.232212223747814,2.3,2.3863657473303133,2.4,2.4,2.4,2.4,2.4,2.4,2.4,2.4,2.4,2.4724102608103182,2.5,2.5,2.5,2.5,2.5,2.5,2.6,2.6,2.6,2.6923452141771635,2.7,2.7,2.8,2.8,2.8,2.8,2.8,2.8,2.8,2.8,2.8,2.8,2.9,2.9,2.9,2.9,2.9,3.0,3.0,3.0,3.0,3.090424139558621,3.1,3.1,3.1,3.1,3.1505417183933506,3.2,3.2,3.2207433944853903,3.3,3.3,3.30668777723655,3.5,3.6,3.6,3.669487052929304,3.7,3.7,3.889518608039907,3.9,3.995888882221368,4.1,4.2,4.2,4.3,4.4,4.5,4.7,4.720207607712837,5.1410608664118564,5.3,5.6145144860608465,6.511491531824345,8.2
0.5,1.9442542340878284,2.3,2.5,2.6,2.8,2.8931700645275615,2.9,2.9,2.9,2.992866701553323,3.0,3.1,3.1,3.1,3.3,3.3,3.3,3.3,3.3,3.5,3.532717428414268,3.6,3.6,3.6,3.6,3.6,3.6,3.6,3.6,3.6,3.608781688559887,3.7,3.7,3.7,3.7,3.7,3.7,3.7,3.7,3.7,3.7757947415640416,3.817922626012691,3.9,3.9,3.9,3.9,3.9,3.9,3.9,3.9,3.9,3.9,3.938454272860062,4.0,4.0,4.0,4.0,4.0,4.0,4.0,4.0,4.0,4.0,4.0,4.0,4.0,4.0,4.0,4.0,4.0,4.1,4.1,4.1,4.1,4.113634252669689,4.2,4.2,4.2,4.2,4.2,4.2,4.299730735815603,4.3,4.4,4.6,4.6,4.6,4.6,4.6,4.603073906852182,4.7,4.7,4.7,4.7,4.7,4.7,4.7,4.7,4.7,4.7,4.7,4.7,4.8,4.8,4.8,4.8,4.8,4.8,4.8,4.9,5.0,5.0,5.0,5.0,5.0,5.0,5.0,5.0,5.0,5.0,5.078884147332195,5.1,5.1,5.1,5.1863657473303135,5.2,5.2,5.2,5.2,5.2,5.2,5.2,5.2,5.2,5.2,5.2,5.2,5.2,5.2,5.227360430377234,5.3,5.3,5.325036691116378,5.4584621129678395,5.5,5.5,5.5,5.6,5.6,5.6,5.6,5.6,5.6,5.6,5.6,5.6,5.6,5.6,5.6,5.6,5.6,5.6,5.6,5.6,5.6,5.641531877275178,5.7,5.8,5.8,5.8,5.9,6.0,6.1,6.1,6.1,6.180147534287232,6.2,6.2,6.2,6.2,6.2,6.2,6.3,6.3,6.3,6.4,6.5,6.53122403873545,6.6,6.6,6.6007814371307285,6.9,6.9,6.9,7.1,7.3,7.4,8.1,8.1,11.9
0.5,0.9442542340878284,1.4709710278782986,1.5,1.6,1.6,1.6,1.7,1.7,1.7,1.7,1.8,1.8,1.9,1.9,1.9,1.9,1.9,2.0,2.0,2.0,2.1,2.1,2.1,2.2,2.2,2.2,2.2,2.3,2.3,2.3,2.4,2.4,2.4,2.4,2.4,2.4,2.4,2.44482722873702,2.5,2.5329201988926884,2.6,2.8,2.8,2.8,2.8,2.8,2.8,2.9,2.9,2.9,2.9,2.903105111814835,3.0,3.0,3.0,3.0,3.0,3.0,3.0,3.0,3.0,3.0,3.0,3.0,3.0,3.0,3.0,3.0,3.0,3.0,3.0,3.0,3.0,3.0,3.0,3.0,3.0,3.0,3.0,3.0,3.0,3.0,3.0,3.05133322763466,3.1,3.1,3.1,3.1,3.1,3.1,3.156021852582211,3.3,3.3,3.3,3.3,3.3,3.3,3.3,3.3,3.3499999999999996,3.4745514221892506,3.6,3.6,3.6,3.6,3.6,3.6,3.6,3.6,3.6,3.7,3.7,3.7,3.7,3.7,3.7,3.7,3.7,3.7,3.7,3.7,3.7,3.7,3.7,3.7,3.7,3.7,3.7,3.7,3.7258931733306895,3.8,3.8,3.8,3.8,3.9,3.9,3.9,3.9,3.9,3.9,3.9,3.9,3.9,3.9584621129678395,4.0,4.0,4.0,4.0,4.0,4.0,4.0,4.0,4.081809911496833,4.1,4.1,4.1,4.1,4.1,4.1,4.167079801107315,4.2,4.2,4.2,4.2465762418859985,4.4,4.441531877275179,4.6,4.7,4.7,4.7,4.7,4.7,4.8,4.8,4.8,4.8,4.8,4.8,5.0,5.0,5.1,5.1,5.2,5.2,5.2,5.2,5.2,5.2,5.2,5.2,5.4,5.5954334674467985,5.6,5.6068299354724385,5.720207607712837,5.841060866411857,6.14272531434765,6.214514486060847,6.655745765912172,7.102181339810522
0.5,0.8,0.8,0.9572746856523559,1.1,1.1,1.2,1.2003631305241729,1.3,1.3,1.3,1.3,1.3,1.3,1.3,1.3,1.3,1.4593119177487657,1.5,1.5,1.6,1.6,1.6,1.6,1.7,1.7,1.7,1.7,1.7,1.7,1.7,1.7,1.7,1.7,1.7,1.7,1.7,1.7,1.7,1.7,1.7,1.7,1.7,1.7,1.7,1.7,1.7,1.7,1.7,1.8,1.8,1.8,1.8,1.8,1.8,1.8,1.8,1.8,1.8,1.8,1.8,1.9,1.9,1.9,1.9,1.9,1.9,1.9,1.9,1.9,1.9,1.9,1.9,1.9,1.9,1.9,1.9,1.9,1.9,1.9,1.9,1.9,1.9,1.9,1.9,1.9,1.9,1.9,1.9,1.9,1.9,1.9,1.9,1.9,1.9,1.9,1.9,1.9,1.9,1.9,1.9,1.9,1.9,1.9,1.9,1.9,1.9,1.9,1.9,1.9719890737088916,2.0,2.0,2.0,2.0,2.0,2.0,2.0,2.0,2.0,2.0,2.0,2.0,2.0,2.0,2.0,2.0,2.0,2.0,2.0,2.097472376674125,2.1,2.1,2.1,2.1,2.1,2.1,2.1,2.1,2.1,2.1956215100637166,2.2,2.2,2.2,2.2,2.2,2.2,2.2,2.2,2.2,2.2,2.2,2.2,2.2,2.2,2.2,2.2,2.2999641242801374,2.3,2.3,2.3,2.3,2.3,2.3,2.3,2.3,2.3,2.3,2.3,2.4,2.4,2.4,2.4,2.4,2.4,2.4,2.4,2.4,2.4,2.4,2.4,2.4,2.4,2.569487052929304,2.6,2.8,2.889518608039907,2.9,3.0,3.0,3.017525236657525,3.1,3.1,3.1,3.1,3.3,3.3202076077128364,3.4410608664118567,3.571362657173825,3.8,4.0,4.4021813398105225
1.7,4.066381351131742,4.3,4.614549371304712,5.0,5.3,5.6,5.7,6.1,6.199609281434633,6.5,6.5,6.5,6.6,6.7,6.73144417588029,7.0,7.0,7.1,7.1,7.1,7.1,7.1,7.1,7.1,7.1,7.1,7.1,7.1,7.107417159560139,7.356801156119795,7.526345065679661,7.9,8.0,8.1,8.206406012154739,8.3,8.3,8.3,8.3,8.5,8.5,8.6,8.6,8.7,8.780135079904996,8.9,8.9,8.9,8.9,8.9,8.9,8.9,8.9,8.9,8.9,8.9,8.9,8.9,8.9,8.9,8.9,8.9,8.9,9.1,9.1,9.37255881323199,9.5,9.5,9.5,9.5,9.5,9.5,9.5,9.5,9.5,9.5,9.5,9.5,9.5,9.5,9.5,9.5,9.5,9.5,9.576920127242516,9.6,9.6,9.6,9.6,9.6,9.6,9.6,9.6,9.6,9.6,9.6,9.6,9.6,9.6,9.6,9.6,9.6,9.7,9.7,9.7,9.7,9.7,9.7,9.843978147417783,9.9,9.9,9.9,9.9,9.9,9.9,9.9,9.9,9.9,9.9,9.9,9.9,9.9,9.9,9.9,9.9,9.9,9.9,9.9,9.9,9.9,9.9,9.9,9.9,9.9,10.0,10.1,10.1,10.1,10.1,10.1,10.1,10.1,10.1,10.2,10.2,10.2,10.2,10.2,10.2,10.2,10.2,10.3,10.3,10.3,10.3,10.3,10.3,10.3,10.3,10.3,10.3,10.3,10.3,10.3,10.3,10.3,10.3,10.3,10.3,10.3,10.3,10.3,10.3,10.3,10.3,10.3,10.3,10.3,10.3,10.3,10.3,10.3,10.3,10.3,10.3,10.3,10.3,10.3,10.3,10.3,10.3,10.3,10.3,10.3,10.3,10.6,10.671362657173823,10.7,11.4,12.605998684478935
1.6,1.6885084681756568,3.1854855139391494,3.3,3.3,3.3,3.3,3.4,3.4,3.5992185628692654,3.6,3.6,3.7,3.8520555588893193,3.9,4.0,4.0,4.0,4.0,4.0,4.0,4.2,4.2,4.2,4.319852465712776,4.479256605514607,4.5,4.5,4.5,4.5,4.6,4.7,4.8,4.8,4.8,4.9,4.9,4.9,4.9,4.9,4.9,4.9,4.9,5.0,5.1,5.1,5.1,5.1,5.1,5.1,5.1,5.1,5.1,5.1,5.1,5.1,5.1,5.1,5.1,5.1,5.1,5.1,5.1,5.1,5.1,5.1,5.1,5.1,5.1,5.2,5.2,5.2,5.2,5.3,5.3,5.3,5.3,5.3,5.394550064417385,5.4,5.4,5.4,5.4,5.4,5.4,5.4,5.5,5.5,5.6,5.6,5.6,5.6,5.7,5.7,5.7,5.7,5.7,5.7,5.7,5.7,5.7,5.77455142218925,5.8,5.823688407591999,5.9,5.9,5.9,6.0,6.0,6.071989073708892,6.1,6.1,6.14706730690055,6.2,6.2,6.2,6.2,6.2,6.3,6.3,6.3,6.3,6.4,6.4,6.459180841484494,6.5,6.5,6.5,6.569319877160609,6.6,6.6,6.6,6.6,6.6,6.6,6.6,6.6,6.6332926814242565,6.7,6.7,6.7,6.7,6.7,6.825036691116378,6.9,6.9,6.9,6.9,6.9,6.9,7.0,7.006138765668953,7.1,7.1,7.1,7.1,7.1,7.1,7.1,7.3,7.3,7.3107266901243975,7.555172771262977,7.6,7.6,7.6,7.6,7.6,7.6,7.7,7.8,7.8,7.8,7.8,7.8,7.8,7.8,7.8,7.8,7.8,7.832890268817948,7.9,7.9,7.940688082251234,8.0,8.0,8.1,8.1,8.1,8.1,8.2,8.2,8.2,8.2,8.5,8.6,8.9,9.04272531434765,9.5,9.911491531824344,10.00054533495263
2.9929106456158703,3.4221271170439143,3.5,3.8286373428261777,4.2,4.3797923922871655,4.5,4.700726261048346,4.9,5.099609281434632,5.1,5.382474763342478,5.5,5.5,5.6,5.610481391960096,5.7,5.8,5.9,5.9,5.9,6.1,6.1,6.1,6.1,6.179256605514607,6.2,6.2,6.4,6.5,6.5,6.5,6.5,6.5,6.5,6.5,6.5,6.5,6.5,6.6,6.6,6.6,6.6,6.6,6.7000358757198555,6.8,6.8,6.9,6.9,6.9,6.9,6.9,6.9,6.9,6.9,7.007654785822831,7.1,7.1,7.1,7.1,7.1,7.1,7.1,7.233414637151486,7.3,7.3,7.3,7.3,7.3,7.3,7.3,7.3,7.3,7.3,7.3,7.4,7.4,7.4,7.494550064417385,7.5,7.5,7.5,7.5,7.5,7.5,7.5,7.5,7.5,7.5,7.5,7.5,7.5,7.5,7.777661541373567,8.002392509879162,8.1,8.1,8.1,8.1,8.1,8.2,8.3,8.499111378456268,8.6,8.6,8.6,8.6,8.6,8.6,8.6,8.6,8.6,8.7,8.7,8.7,8.7,8.7,8.87439350157847,8.9,9.1,9.152505150770388,9.2,9.2,9.2,9.2,9.2,9.2,9.2,9.2,9.2,9.2,9.2,9.2,9.2,9.2,9.2,9.2,9.2,9.2,9.391243020127433,9.4,9.4,9.4,9.4,9.4,9.4,9.4,9.5,9.5,9.5,9.5,9.506138765668954,9.6,9.6,9.6,9.7,9.7,9.7,9.9,9.948410516871911,10.1,10.1,10.1,10.20044613975059,10.6,10.6,10.7,10.7,11.4,11.4,11.4,11.9,11.9,12.6,12.6,12.828177339339293,13.7,13.7,13.7,13.7,13.7,13.7,13.7,13.7,13.7,13.7,13.7,13.7,13.7,13.7,13.7,13.7,13.7,13.7,13.7,13.7,13.7,13.7,15.022521498190486,18.1,18.2
2.0972733252368734,2.9,2.9,2.9,3.0,3.1,3.3,3.4,3.5022832662765966,3.6,3.6,3.6,3.7,3.7,3.7,3.8,3.8,3.8,3.8,3.8,3.9,3.9,3.9,3.9,3.9,3.9,3.9,3.9,3.9,4.0,4.0,4.0,4.0,4.0,4.0,4.0,4.0,4.0,4.04482722873702,4.1,4.1,4.1,4.1,4.1,4.1,4.1,4.1,4.1,4.1,4.2,4.2,4.2,4.2,4.2,4.273298795838568,4.3,4.3,4.5,4.6,4.6,4.6,4.6,4.6,4.6,4.6,4.7,4.7,4.7,4.7,4.7,4.7,4.7,4.7,4.7,4.7,4.7,4.7,4.7,4.7,4.7,4.7,4.7,4.7,4.7,4.75133322763466,4.8,4.8,4.8,4.8,4.8,4.8,4.8,4.8,4.8,4.9,4.927072108449437,5.0,5.0,5.0,5.0,5.0,5.0,5.0,5.0,5.1,5.1,5.1,5.1,5.1,5.1,5.1,5.1,5.1,5.1,5.2,5.2,5.2,5.2,5.2,5.226303351929255,5.3,5.3,5.4,5.4,5.459180841484494,5.5,5.5,5.5,5.5,5.5,5.5,5.5,5.583583476287288,5.6,5.6,5.6,5.6,5.6,5.664269946863908,5.7,5.7,5.759500077641303,5.8,5.8,5.916924225935679,6.0,6.1,6.1,6.1,6.2,6.2,6.2,6.2,6.2,6.2,6.2,6.2,6.240671534142251,6.382077373987307,6.4,6.4,6.410726690124398,6.5,6.5,6.5,6.6,6.6,6.6,6.6,6.6,6.643198843880207,6.8,6.9,6.9,6.9,6.9,6.9,6.9,6.9,7.1,7.1,7.1,7.1,7.1,7.3,7.389518608039907,7.4,7.5,7.762448077470902,8.1,8.1,8.101562874261457,9.090866934893597,9.2,9.2,9.2,9.4,9.899538600216772,13.7,13.7,18.2
1.3,1.7,1.7,1.7,1.8,1.8,1.8,1.800363130524173,1.9,1.9,2.0,2.0,2.0,2.0,2.0,2.0104813919600963,2.1,2.1,2.1,2.2,2.2,2.2,2.2,2.2,2.2,2.2,2.237286272143571,2.3,2.3,2.3,2.3,2.3,2.4,2.4,2.4,2.4,2.4,2.4,2.4,2.4,2.4,2.4,2.6,2.6,2.6,2.680135079904997,2.8,2.8,2.8,2.8,2.8,2.9,2.9,3.0,3.0,3.0,3.1,3.1,3.1,3.1,3.1,3.1,3.1,3.1667073185757433,3.2,3.3,3.3,3.3,3.3,3.3,3.3,3.3,3.3,3.35857505126975,3.4,3.4,3.4,3.4,3.4,3.4,3.4,3.4,3.4,3.4,3.4,3.4,3.4,3.5,3.5,3.6,3.7,3.7,3.7,3.7,3.8,3.8,3.8,3.8,3.8,3.8,3.8,3.8,3.8,3.8,3.8,3.8,3.8,3.8,3.8,3.8,3.8,3.8,3.8,3.8,3.8,3.8,3.8,3.8,3.8,3.8,3.8,3.8,3.9,3.9,3.9,3.9,3.9,3.9,3.9,3.9,3.9,3.9,3.9,3.9,3.9,3.9,3.9,3.9,3.9,3.9,4.0,4.0,4.0,4.0,4.1,4.1,4.1,4.1,4.1,4.1,4.1,4.1,4.1,4.1,4.1,4.1,4.2,4.3,4.3,4.3,4.4,4.4,4.4,4.7,4.7,4.7,4.7,4.7,4.7,4.7,4.7,4.7,4.7,4.7,4.7,4.7,4.7,4.7,4.7,4.7,4.7,4.7,4.7,4.8,4.8,4.8,4.8,4.8,5.0,5.0,5.1,5.2,5.2,5.2,5.406829935472439,5.620207607712836,5.7,5.9,6.1145144860608465,6.577872882956086,9.4
0.5978186601894985,1.4,1.4,1.4572746856523557,1.6,1.6,1.7931700645275617,1.8,1.8022832662765964,1.9,1.9,1.9,2.0,2.0,2.0,2.0,2.0,2.0,2.0,2.0,2.0,2.0,2.0,2.0,2.0,2.0,2.0,2.0,2.0,2.0,2.0,2.0,2.0,2.0,2.1,2.1,2.1,2.1,2.3,2.3,2.5,2.575794741564042,2.6,2.6,2.6,2.6,2.6,2.6,2.6,2.6,2.6,2.6,2.6,2.6,2.6,2.707654785822831,2.8,2.8,2.8,2.9,2.9726395696227597,3.0,3.0,3.1,3.1,3.1,3.1,3.1,3.1,3.1,3.1,3.1,3.1,3.1,3.1,3.1,3.1,3.1,3.1945500644173848,3.3,3.3,3.3,3.3997307358156035,3.425606498421527,3.5,3.5,3.5,3.5,3.5,3.6,3.6,3.6,3.6,3.6,3.6,3.6,3.6,3.6,3.6,3.6,3.6,3.7,3.7,3.7,3.7,3.7,3.7,3.7,3.7,3.7719890737088915,3.8,3.8,3.8,3.8,3.8,3.8,3.8,3.87439350157847,3.9,3.9,3.9,3.9,3.9,3.9,3.9,3.9,3.9,3.9,3.9,3.9,3.9,3.9,3.9,3.9,3.9,3.9,3.9,3.9,3.9,3.9,4.0,4.0,4.0,4.0,4.0,4.0,4.0,4.0,4.0,4.1,4.2,4.2,4.2,4.2,4.2,4.2,4.2,4.2,4.2,4.2,4.2,4.2,4.2,4.2,4.2,4.2,4.2,4.2,4.2,4.2,4.2,4.2,4.2,4.2,4.2,4.2,4.2,4.2,4.2,4.3,4.3,4.4002582456110195,4.569487052929304,4.6,4.6,4.6,4.667445006307696,4.847944441110684,5.1,5.13505047331505,5.3,5.3,5.3,5.499273738951649,5.613659870944877,6.0,6.182121732823713,6.3,6.714514486060847,7.6,11.90763468933683
1.1967279902842478,1.4,1.4,1.4,1.6,1.6,1.6,1.600363130524173,1.7022832662765963,1.8,1.9,1.9,1.9687759612645443,2.0,2.0,2.0,2.0,2.0,2.0,2.0,2.0,2.0,2.0,2.0,2.0,2.0,2.0,2.0,2.0,2.0,2.0,2.1,2.1,2.1,2.1,2.1,2.3,2.3,2.3,2.5,2.5,2.6,2.6,2.6,2.6,2.6,2.6,2.6,2.6,2.6,2.6,2.6,2.6,2.6,2.6,2.6,2.6,2.6,2.615891700580505,2.8,2.8,2.8,2.8,2.8,2.897323051621021,2.9,2.9,2.9871246204709534,3.0,3.0,3.0,3.1,3.1,3.1,3.1,3.1,3.1,3.1,3.1,3.1,3.1,3.1,3.2,3.225606498421527,3.3,3.3,3.3,3.3,3.35293269309945,3.5,3.5,3.5,3.6,3.6,3.6,3.6,3.6,3.6,3.6,3.6,3.6,3.6,3.6,3.623688407591999,3.7,3.7,3.7,3.7,3.7,3.7,3.7,3.8,3.8,3.8,3.8,3.8,3.848666772365334,3.9,3.9,3.9,3.9,3.9,3.9,3.9,3.9,3.9,3.9,3.9,3.9,3.9,3.9,3.9,3.9,3.9,3.9,3.9,3.9,3.9,3.9,3.9,3.9,3.9,3.9,3.9,3.9,3.9923452141771634,4.0,4.0,4.0,4.0,4.0,4.1,4.1,4.2,4.2,4.2,4.2,4.2,4.2,4.2,4.2,4.2,4.2,4.2,4.2,4.2,4.2,4.2,4.2,4.2,4.2,4.2,4.2,4.2,4.2,4.2,4.2,4.2,4.2,4.2,4.2,4.2,4.2,4.2,4.3,4.3,4.467445006307696,4.6,4.6,4.617525236657525,4.8,5.1,5.1,5.3,5.3136598709448775,5.560622823138511,5.9,6.0,6.3,7.078728829560862,7.623449402963114
0.2,0.2,0.2,0.2,0.2,0.2,0.5,0.6,0.6,0.6,0.6,0.6,0.6,0.6,0.6,0.6,0.6860145100745633,0.8,0.8,0.8,0.9,0.9,0.9,0.9,0.9,0.9,0.9372862721435709,1.0,1.0,1.00370857978007,1.1,1.108781688559887,1.2,1.2,1.2,1.2,1.2,1.2,1.2,1.3,1.3,1.3,1.4,1.4,1.4,1.4,1.4,1.4,1.4,1.4,1.4,1.4,1.4,1.4,1.4732987958385677,1.5076547858228309,1.6,1.6,1.6,1.6,1.6,1.6,1.6,1.6,1.6,1.6,1.6,1.6,1.6,1.6,1.6,1.6,1.6,1.6585750512697501,1.7,1.7,1.7,1.7,1.7,1.7,1.7,1.7,1.7997307358156036,1.8,1.8,1.8769201272425164,1.9,1.9,1.9,1.9,1.9,1.9,1.9,1.9,1.9,1.9,1.9,1.976311592408004,2.0,2.0,2.0,2.0,2.0,2.0,2.0,2.0,2.0,2.0,2.0,2.0,2.0,2.0,2.0,2.0,2.0,2.0,2.0,2.0,2.0,2.0,2.0,2.0,2.0,2.0,2.0,2.0,2.0,2.0,2.0,2.0,2.0,2.0,2.0,2.0,2.0,2.0,2.1,2.1,2.1,2.1,2.1,2.1,2.1,2.1,2.1,2.1,2.1,2.1,2.196894888185165,2.3,2.3,2.3,2.343677771674339,2.4,2.5,2.5,2.5,2.540671534142251,2.6,2.6,2.6,2.6,2.6,2.6,2.6,2.6,2.8,2.8,2.8,2.8,2.8,2.8,2.8,2.8,2.8,2.8,2.8,2.9,2.9,2.9,2.9,3.0,3.1,3.1,3.1139854899254376,3.3,3.434890012615392,3.6,3.6,3.6,3.7,3.7,3.8977167337233993,3.9,3.9,4.0,4.082121732823714,4.2,4.2,4.833618648868259,5.301090669905261
1.5994546650473747,1.7,1.7,2.1718240569570675,2.7,2.7,2.7,2.8,2.8,2.8,2.8,3.0649495266849556,3.2,3.3,3.4,3.5104813919600963,3.6,3.6,3.6305129470707023,3.7,3.7,3.7,3.7,3.7,3.7,3.7,3.8,3.8,3.9,3.9,3.9,3.9,3.9,3.9,3.9,3.9,3.9,3.999553860249409,4.0,4.0,4.1,4.1,4.1,4.1,4.2,4.2,4.2,4.2,4.2,4.293861234331038,4.3,4.3,4.5,4.5,4.5,4.5,4.5,4.5,4.6,4.6,4.7,4.7,4.7,4.7,4.7,4.7,4.7,4.7,4.7,4.7,4.7,4.8,4.8,4.8,4.8,4.9,4.9,4.9,4.9,5.0,5.0,5.0,5.0,5.0,5.0,5.0,5.0,5.0,5.0,5.0,5.0,5.0,5.0,5.1,5.2,5.227072108449437,5.3,5.3,5.3,5.350897155621493,5.5,5.5,5.5,5.5,5.5,5.5,5.5,5.5,5.5,5.5,5.5,5.521949238263988,5.6,5.6,5.6,5.6,5.6,5.6,5.6,5.6,5.6,5.6,5.6,5.632212223747814,5.7,5.7,5.913777036454178,6.0,6.0,6.1,6.1,6.1,6.1,6.1,6.142480395589343,6.2,6.2,6.2,6.2,6.2,6.2,6.3,6.4,6.4,6.4,6.4,6.4,6.4,6.4,6.5,6.5,6.5,6.5,6.5,6.5,6.5,6.5,6.5,6.5,6.5,6.5,6.510726690124398,6.6,6.6,6.6,6.6,6.6,6.6,6.6,6.6,6.6,6.6,6.6,6.7,6.9,6.9,6.9,7.0,7.0,7.0,7.0,7.0,7.0,7.1,7.127970979850875,7.658074432159629,7.7,7.7,7.7,7.7,7.8,7.8,7.8,8.0,8.2,8.640415215425673,8.941060866411858,9.1,9.6,10.233618648868259,10.3
1.1961826553316224,1.422127117043914,1.6,1.7,1.7,1.8,1.9931700645275616,2.0,2.0045665325531927,2.2,2.4857334031066456,2.6,2.6,2.6,2.7,2.7,2.7,2.7,2.7,2.7,2.7,2.7,2.7,2.7,2.7,2.7792566055146066,2.8,2.8,2.8,2.8,2.8,2.8,2.8,2.8,2.8,2.8,2.8,2.8,2.8,2.8,2.8,2.8,2.8,2.8,2.8,2.8,2.8794452753522877,2.9,2.9,2.9,2.9,2.9,2.906210223629671,3.1,3.1,3.1,3.1,3.1749633088836164,3.2,3.2,3.2,3.2,3.3,3.3,3.397323051621021,3.4,3.4,3.4871246204709534,3.6,3.6,3.7,3.7,3.7,3.7,3.7,3.7,3.7,3.7,3.7,3.7,3.7,3.7,3.7997307358156034,3.8,3.85133322763466,3.9,3.9,3.9,3.9,3.9,3.9,3.9,3.9,3.9,3.9,3.9,3.9,3.9,3.9,3.9,3.9,3.9,4.0,4.0,4.0,4.0,4.1,4.1,4.1,4.1,4.1,4.1,4.2,4.2,4.297623680861141,4.3,4.3,4.37439350157847,4.4,4.5,4.5,4.5,4.5,4.5322122237478135,4.6,4.6,4.6,4.641424948730241,4.7,4.7,4.7,4.7,4.7,4.7,4.7,4.7,4.7,4.7,4.764269946863908,4.8,4.8,4.9,4.9,4.925036691116379,5.0,5.0,5.0,5.0,5.0,5.0,5.0,5.0,5.0,5.163619822993667,5.2,5.3,5.3,5.3,5.3,5.348410516871911,5.5,5.5,5.5,5.5,5.546576241885998,5.6,5.6,5.6,5.6,5.6,5.6,5.696291420219933,5.85162515518005,6.1,6.16271372785643,6.2,6.2,6.2,6.3,6.3,6.4,6.4,6.4694870529293045,6.5,6.5,6.5,6.5,6.547944441110684,6.6,6.6,6.7,6.9,6.9,7.0,7.134149677362194,7.720207607712837,7.882121732823713,8.0,8.6,8.877872882956087,9.502181339810523
1.096727990284248,1.2,1.2,1.2,1.2,1.4,1.4,1.5,1.5022832662765964,1.6,1.6,1.6,1.7,1.7,1.8,1.8,1.8,1.9,1.9,1.9,2.0,2.0,2.0,2.0,2.0,2.0,2.0,2.0,2.2,2.3037085797800696,2.5,2.5,2.5,2.6,2.6,2.60640601215474,2.7,2.7,2.7,2.7,2.7,2.7,2.7,2.7,2.7,2.7,2.7,2.7,2.7,2.7,2.8,2.8,2.8,2.8,2.8,2.8,2.8,2.8,2.8,2.8,2.8,2.8,2.8,2.8,2.8,2.8,2.8,2.8,2.8,2.8,2.8,2.8,2.8,2.8,2.8,2.8,2.8,2.9,2.9,2.9,2.9,2.9,2.9,2.9,2.9,2.9,3.1,3.1,3.1,3.1,3.1,3.1,3.1,3.1,3.2,3.2,3.2,3.2,3.2,3.2,3.2,3.2,3.2,3.2,3.2,3.2,3.2,3.2,3.3,3.3,3.3,3.321949238263988,3.4,3.4,3.4,3.5230798727574837,3.6486667723653343,3.7,3.7,3.7,3.7,3.7,3.7,3.8,3.8,3.8,3.9,3.9,3.9,3.9,3.9,3.9,3.9,3.9,3.9,3.9,3.9,3.9,3.9,3.9,4.0,4.0,4.0,4.1,4.1,4.1,4.1,4.1,4.2,4.2,4.2,4.3,4.3,4.381809911496833,4.4,4.5,4.5,4.540671534142251,4.6,4.624205258435955,4.7,4.7,4.8,4.8,4.8,4.8,4.941531877275179,5.0,5.0,5.0,5.0,5.0,5.150541718393351,5.205998456065578,5.3,5.3,5.3,5.5,5.503343888618275,5.6,5.6,5.600516491222038,5.938974105858608,6.1,6.1,6.1,6.167445006307696,6.247944441110684,6.3,6.4,6.5,6.5,6.5,6.5,6.6,6.720207607712837,7.041060866411857,7.585450628695298,7.714514486060847,7.8,8.501636004857891
0.8994546650473747,1.2,1.2854855139391492,1.4,1.4,1.4,1.4,1.4,1.4045665325531926,1.6,1.6,1.6,1.6,1.6,1.6,1.6,1.6,1.6,1.6,1.6,1.6671097311820504,1.7,1.7,1.7,1.7,1.7,1.7,1.7,1.7,1.7,1.7,1.7,1.7,1.7,1.7,1.7,1.7,1.7,1.7,1.7,1.7,1.7,1.7,1.7,1.7,1.7,1.7,1.7,1.8563222283256664,1.9,2.0,2.0,2.0,2.0,2.0,2.0,2.0,2.0,2.0,2.0,2.0,2.0,2.0,2.0,2.0,2.0,2.0,2.0,2.0,2.0,2.0,2.0,2.0,2.0,2.0,2.0,2.0,2.0,2.0,2.0,2.0,2.0,2.0,2.0,2.0,2.0,2.0,2.0,2.0,2.0,2.0,2.0,2.0,2.0,2.0,2.0,2.0,2.0,2.0,2.0,2.0,2.0745514221892507,2.1,2.1,2.1,2.1,2.1,2.222338458626433,2.3,2.4,2.496926093147823,2.5,2.5,2.5,2.5,2.5,2.5,2.5,2.5,2.5,2.5,2.5788841473321953,2.6,2.6,2.6,2.6,2.6,2.6,2.6,2.6,2.6,2.6,2.683583476287288,2.7,2.8,2.8,2.8,2.8,2.8,2.8,2.8,2.8,2.8,2.8,2.8,2.8,2.8,2.8,2.8,2.8,2.8,2.8,2.8,2.8,2.8,2.9,2.9,2.9,2.9,2.9,2.9,2.9,2.9,2.9,2.9,2.9,2.9,2.9,2.9,2.9,2.9,2.9,2.9505417183933504,3.0059984560655777,3.1,3.1,3.1,3.1,3.1,3.1,3.2,3.2,3.2,3.3,3.3,3.3,3.367445006307696,3.5,3.5,3.6,3.6,3.7,3.7,3.7996368694758242,3.8068299354724386,3.9,4.0,4.071362657173824,4.2,4.2,5.001636004857891
0.8,1.2,1.4,1.4,1.4,1.5,1.6,1.6,1.6,1.6,1.6,1.6,1.6,1.7,1.7,1.7,1.7,1.7,1.7,1.7,1.7,1.7,1.7,1.7,1.7,1.7,1.7,1.7,1.7,1.7,1.7,1.8,1.8,1.9,1.9,1.9,1.9,1.9,2.0,2.0,2.0,2.0,2.0,2.0,2.0,2.0,2.0,2.0,2.0,2.0,2.0,2.0,2.0,2.0,2.0,2.0,2.0,2.0,2.0,2.0,2.0,2.0,2.0,2.0,2.0,2.0,2.0,2.0,2.0,2.0,2.0,2.0,2.0,2.0,2.0,2.0,2.0,2.0,2.0,2.0,2.0,2.1,2.1,2.1,2.1,2.1,2.1023763191388554,2.2,2.3,2.3,2.3,2.4,2.4528705692421484,2.5,2.5,2.5,2.5,2.5,2.5,2.5,2.5,2.5,2.5,2.5,2.5,2.5,2.5,2.5,2.5,2.5,2.5,2.6,2.6,2.6,2.6,2.6,2.6,2.6,2.6,2.6,2.6,2.6,2.7,2.7,2.7,2.8,2.8,2.8,2.8,2.8,2.8,2.8,2.8,2.8,2.8,2.8,2.8,2.8,2.8,2.8,2.8,2.8,2.8,2.8,2.8,2.8923452141771633,2.9,2.9,2.9,2.9,2.9,2.9,2.9,2.9,2.9,2.9,2.9,2.9,2.9,2.9,2.9,2.9,2.9,2.9,2.9,2.9,3.0,3.090424139558621,3.1,3.1,3.1,3.1,3.1,3.1,3.162713727856431,3.2,3.2,3.3,3.3,3.3,3.3,3.3,3.3,3.5,3.5,3.5,3.6,3.6,3.6,3.7,3.7,3.8,3.8,3.9,4.0,4.0,4.1,4.2,4.3,4.4,5.008180024289459
0.5,0.6,0.7,0.7,0.8,0.8,0.8,0.8,0.8,0.8,0.8,0.8,0.8,0.8,0.8,0.8,0.8,0.8,0.9,0.9,0.9,0.9,0.9,0.9,0.9,0.9,0.9,0.9,0.9,0.9,0.9,0.9,0.9,0.9,0.9,0.9,0.9,0.9,0.9448272287370202,1.0,1.0,1.0757947415640416,1.1,1.1,1.1,1.1,1.1,1.1,1.1,1.1,1.1,1.1,1.1,1.1,1.1,1.1,1.1,1.1,1.1,1.1,1.1,1.1,1.1,1.1,1.1,1.1275897391896876,1.2,1.2,1.2,1.2,1.2,1.2,1.2,1.2,1.2,1.2,1.2,1.2,1.2,1.2,1.2,1.2,1.2,1.2,1.2,1.2,1.2,1.2,1.2,1.2,1.2,1.2,1.2,1.2,1.2,1.2,1.2,1.2,1.2,1.2,1.2,1.2,1.2,1.2,1.2,1.2,1.2,1.2,1.2,1.2,1.2,1.2,1.2,1.2,1.2,1.2230798727574836,1.3,1.3,1.3,1.3,1.3,1.3,1.3,1.3,1.3,1.3,1.3,1.3,1.3,1.3,1.3,1.3,1.3,1.3,1.3,1.3,1.3,1.3,1.3,1.3,1.3,1.3,1.3,1.3,1.3,1.3,1.3,1.3,1.3,1.3,1.3,1.3,1.3,1.3,1.3,1.3,1.3,1.3,1.3,1.3,1.3,1.3,1.3,1.3,1.3,1.4,1.4,1.490424139558621,1.5,1.5,1.5,1.5,1.5,1.5,1.5,1.5207433944853903,1.6,1.6,1.6,1.7,1.7,1.7,1.7,1.7,1.7,1.7,1.7,1.7,1.8,1.8,1.8,1.8,1.8977167337233993,2.1,2.1,2.1,2.1,2.1,2.214514486060847,2.4,2.8016360048578917
0.2,0.5,0.6,0.6,0.6,0.6,0.6931700645275615,0.8,0.8,0.8,0.8,0.8824747633424778,0.9,0.9,0.9,0.9,0.9,0.9,0.9,0.9997417543889867,1.0,1.0,1.0966561113817308,1.1,1.2,1.2,1.2,1.2,1.2494582816066526,1.30370857978007,1.4,1.4,1.4,1.4,1.4,1.4,1.4,1.4,1.4,1.4,1.4,1.4,1.4,1.4,1.4,1.4,1.4,1.4,1.4,1.4,1.4,1.4,1.4,1.4,1.4,1.4,1.4,1.5,1.6,1.6,1.6,1.6,1.6,1.6,1.6,1.6,1.6,1.6,1.6,1.6,1.6,1.6,1.6,1.6,1.6,1.6,1.6,1.6,1.6,1.6,1.6,1.6,1.6,1.7,1.7,1.7,1.7,1.7,1.7,1.7,1.7,1.7,1.7,1.7,1.7,1.7,1.7,1.7,1.7,1.7,1.7,1.7,1.7,1.7,1.7,1.7,1.7,1.7,1.7,1.7,1.7,1.7,1.7,1.7,1.7,1.7,1.7,1.7,1.7,1.7,1.7,1.7788841473321952,1.8,1.8,1.8,1.8,1.9,1.9,1.9,1.997472376674125,2.0,2.0,2.0,2.0,2.0,2.0,2.0,2.0,2.0,2.0,2.0,2.0,2.0,2.0,2.0,2.0,2.0,2.0,2.0,2.0,2.0,2.0,2.0,2.0,2.0,2.0,2.0,2.0,2.0,2.0,2.0,2.0,2.0,2.1,2.1,2.1,2.1,2.1,2.1,2.1,2.1,2.196291420219933,2.3,2.3,2.3,2.4,2.4,2.5,2.5,2.6,2.6,2.6,2.669487052929304,2.8,2.8,2.8,2.8,2.8,2.8,2.8,2.9,2.9,2.9,2.9996368694758244,3.1,3.2202076077128368,3.5,3.6,3.7,3.877872882956086,4.900545334952631
0.5,0.6,0.7854855139391493,0.8,0.8589391335881382,0.9,0.9,1.0,1.0,1.0,1.0,1.0,1.0,1.1,1.2,1.2,1.2,1.2,1.3,1.3,1.4,1.4,1.4,1.4,1.4,1.4,1.4,1.4,1.4,1.4,1.4,1.4,1.4,1.409575860441376,1.5584681227248212,1.6,1.6,1.6,1.6,1.6,1.6,1.6,1.6,1.6,1.6,1.6,1.6,1.6,1.6,1.6,1.6,1.6,1.7,1.7,1.7,1.7,1.7,1.7,1.7,1.7,1.7,1.7,1.7,1.7,1.7,1.7,1.7,1.7,1.7,1.7,1.7,1.7,1.7,1.7585750512697502,1.8,1.8,1.840819158515501,1.9,1.9,1.9,1.9,1.9,1.9,2.0,2.0,2.0,2.0,2.0,2.0,2.0,2.0,2.0,2.0,2.0,2.0,2.0,2.0,2.0,2.0,2.0,2.0,2.0,2.0,2.0,2.0,2.0,2.0,2.0,2.0,2.0,2.0,2.0,2.0,2.0,2.0,2.0,2.0,2.0,2.0,2.0,2.0,2.0,2.0,2.032212223747814,2.1,2.1,2.1,2.1,2.1,2.1,2.1,2.1,2.1,2.1,2.1,2.1,2.1,2.2,2.264269946863908,2.3,2.3,2.3,2.3,2.3,2.4,2.4923452141771634,2.5,2.5,2.596894888185165,2.6,2.6,2.6,2.6,2.7,2.8,2.8,2.8,2.8,2.8,2.8,2.8,2.8,2.8,2.8,2.8,2.8,2.9,2.9,2.9,2.9,2.9,2.9,2.9,2.9,2.9,2.9,2.9,2.9,2.9,2.9,2.9,3.0,3.0,3.1,3.1,3.1,3.267445006307696,3.3,3.3,3.3,3.5,3.5,3.6,3.7,3.8,3.8,3.9,4.0,4.6,4.833618648868259,5.302726674763153
0.2,0.5,0.5,0.5,0.5,0.5,0.5,0.5,0.5,0.5,0.5,0.5,0.5,0.6,0.6,0.6,0.6,0.6,0.6,0.6,0.6,0.6,0.6,0.6,0.6,0.6792566055146068,0.7,0.7,0.7,0.7,0.7,0.7,0.7,0.7,0.7,0.7,0.7,0.7,0.7,0.7,0.7,0.7,0.7,0.7,0.7,0.7,0.7,0.7,0.7,0.7,0.7,0.7,0.7,0.7,0.7,0.7,0.7,0.7,0.8,0.8,0.8,0.8,0.8,0.8,0.8,0.8,0.8,0.8,0.8,0.8,0.8,0.8,0.8,0.8,0.8,0.8,0.8,0.8,0.8,0.8,0.8,0.8,0.8,0.8,0.8,0.8,0.8,0.8,0.8,0.8,0.8,0.8,0.8,0.8,0.8,0.9,0.9,0.9,0.9,0.9,0.9,0.9,0.9,0.9,0.9,0.9,0.9,0.9,0.9,0.9,0.9,0.9,0.9,0.9,0.9,0.9,0.9,0.9,0.9,0.9,0.9,0.9,0.9,0.9,0.9,0.9,0.9,0.9828498974604827,1.1,1.1,1.1,1.1,1.1,1.1,1.1,1.1,1.1,1.133292681424257,1.2,1.2,1.2,1.2,1.3,1.3,1.3,1.3,1.3,1.3,1.3,1.3,1.4,1.4,1.4,1.4,1.4,1.4,1.4,1.4,1.4,1.4,1.4,1.4,1.4,1.4,1.4,1.4,1.4,1.490424139558621,1.5,1.5912183114401104,1.6,1.6,1.6505417183933502,1.7,1.7,1.7,1.7,1.7409909701809738,1.8,1.9,1.9,2.0,2.0,2.0,2.0,2.0,2.0,2.0,2.0,2.1,2.1,2.1003907185653645,2.2,2.4,2.4,2.4,2.682121732823714,2.9,3.014514486060847,4.1,4.2
1.4,1.7,1.7,2.0,2.0,2.0,2.0,2.000726261048346,2.4,2.5,2.5,2.5,2.5,2.5,2.6,2.6,2.6,2.6,2.6,2.6,2.6,2.6,2.6,2.6,2.6,2.6,2.6,2.7,2.7494582816066524,2.8,2.8,2.8,2.8,2.8,2.8,2.8,2.8,2.8,2.8,2.8,2.8,2.8,2.8,2.8,2.8,2.8,2.8,2.8,2.8,2.8,2.8,2.8,2.803105111814835,2.9,2.9,2.9,2.9,2.9,3.0,3.0,3.1,3.1,3.1,3.1,3.1,3.1275897391896876,3.2,3.2,3.2,3.3,3.3,3.3,3.3,3.35857505126975,3.4,3.5,3.5,3.567787776252189,3.6,3.6,3.6,3.6736966480707367,3.7,3.7,3.7,3.7,3.7,3.7,3.7,3.7,3.7,3.7,3.8,3.8,3.8,3.8,3.8,3.8,3.8,3.8,3.8499999999999996,3.9,3.9,3.9,3.9,3.9,3.9,3.9,3.9,3.9719890737088916,4.0,4.0,4.0,4.0,4.0,4.0,4.0,4.0,4.0,4.0,4.0,4.0,4.0,4.0,4.159180841484494,4.2,4.2,4.2,4.2,4.2,4.2,4.3,4.3,4.412875379529044,4.5,4.5,4.5,4.5,4.5,4.595621510063716,4.6,4.6,4.6,4.625036691116378,4.7,4.7,4.8,4.9,4.996894888185165,5.0,5.0,5.1,5.1,5.1,5.1,5.3,5.3,5.3,5.4,5.4,5.4,5.5,5.5,5.6,5.646576241885998,5.7,5.8,5.8,5.9,5.99121831144011,6.0,6.0,6.0,6.0,6.062713727856431,6.1,6.1,6.1,6.1,6.1,6.132890268817948,6.2,6.2,6.2,6.2,6.2,6.267445006307696,6.3,6.3,6.33505047331505,6.5,6.5,6.5,6.699636869475825,6.8,6.9,6.9,7.1,7.3,7.3,9.105453349526305
1.3934559805684956,1.6,1.6,1.7,1.7,1.7,1.986340129055123,2.0,2.0,2.0,2.0,2.082474763342478,2.1,2.1,2.1,2.3,2.3860145100745633,2.4,2.5,2.5,2.5,2.5,2.5,2.5,2.5,2.5,2.5,2.5,2.5494582816066527,2.6,2.6,2.6,2.6,2.6,2.6,2.6,2.6,2.6,2.6,2.6,2.6,2.6,2.6,2.659328465857746,2.7,2.7,2.7794452753522876,2.8,2.8,2.8,2.8,2.8,2.8,2.8,2.8,2.8,2.8,2.8,2.8,2.8,2.8,2.8,2.8,2.8,2.8,2.8,2.8,2.8,2.8,2.8,2.8,2.8,2.8,2.8,2.8,2.8,2.8,2.8,2.8,2.8,2.8,2.8,2.8,2.8,2.8,2.8,2.8,2.8,2.8,2.8,2.8,2.8,2.8,2.8,2.8,2.8,2.8,2.8,2.8,2.8,2.8,2.8,2.8,2.8,2.8,2.8,2.8,2.9,2.9,2.9,2.9,2.9,2.9,2.9,2.9,2.9,2.9,2.9,2.9,2.9,2.9,3.0,3.0054499355826123,3.1,3.1,3.1,3.1,3.1,3.1693198771606093,3.2,3.2,3.2,3.3,3.3,3.3,3.3,3.3,3.3,3.3,3.3,3.4,3.459500077641303,3.5,3.5,3.5,3.6,3.6,3.6,3.6,3.6,3.7,3.7,3.7,3.7,3.7,3.7,3.7,3.8,3.8,3.8,3.8,3.8,3.9,3.9,3.9,3.9,3.9,3.9,3.9,3.9,3.9431988438802077,4.0,4.0,4.0,4.0,4.0,4.180147534287232,4.2,4.2,4.2,4.2,4.2,4.269487052929304,4.3406880822512335,4.5,4.5,4.5,4.6,4.6,4.6,4.6,4.8,4.9,5.099636869475824,5.3,5.3,5.3,5.871362657173825,6.014514486060847,6.2,6.704908014573675
0.49836399514212393,0.6,0.6854855139391492,0.7,0.8,0.8,0.8,0.8,0.8,0.8,0.8,0.8,0.8687759612645444,0.9,0.9,0.9,0.9,0.9,0.9,0.9,0.9,0.9,0.9,0.9,0.9,0.9,0.9,0.9,0.9,0.9,0.9,0.9,0.9,1.0,1.0,1.1,1.1,1.1,1.1,1.1,1.1,1.1,1.1,1.1,1.1,1.1,1.1,1.1,1.1563222283256664,1.2,1.2,1.2,1.2,1.2,1.2,1.2,1.2,1.2,1.2,1.2,1.2,1.2,1.2,1.2,1.2,1.2,1.2,1.2,1.2,1.2,1.2,1.2,1.2,1.2,1.2,1.2,1.2,1.2,1.2,1.2,1.2,1.2,1.2,1.2,1.2,1.2,1.2,1.2,1.2,1.2,1.2,1.2,1.2,1.2,1.2,1.227072108449437,1.3,1.3,1.3,1.3,1.3,1.3,1.3,1.3,1.3,1.3,1.3,1.322338458626433,1.4,1.4,1.4,1.4,1.4,1.4,1.5,1.5230798727574837,1.6,1.6,1.6,1.6,1.6,1.6,1.6,1.6,1.6,1.6,1.6,1.6,1.6,1.6,1.6,1.6,1.6,1.6,1.6,1.6,1.6,1.6,1.6,1.6956215100637166,1.7,1.7,1.7,1.7,1.7,1.7,1.8,1.8,1.8,1.8,1.8,1.8,1.8,1.8,1.8,1.8,1.8,1.8,1.882077373987306,1.9,1.9,1.9,1.9,1.9,1.946576241885998,2.0,2.0,2.0,2.0,2.0,2.0,2.1,2.1,2.1,2.1,2.1,2.1,2.1,2.1,2.1,2.1,2.2,2.2,2.2,2.3,2.4,2.4,2.4,2.4,2.4,2.5,2.6,2.6,2.6,2.6136598709448777,2.8,2.8,2.9,3.014514486060847,3.455745765912172,3.901090669905261
0.5,1.0,1.1,1.3,1.4,1.5,1.7,1.7,1.7,1.7,1.7,1.8,1.8687759612645443,1.9,1.9,1.9,1.9,2.0,2.0,2.0,2.1,2.1,2.1,2.1,2.1397049314255527,2.3,2.3,2.4,2.4,2.5,2.5,2.5,2.559693109019841,2.6,2.6,2.6,2.6,2.6,2.6,2.6,2.6,2.6,2.6,2.6,2.6,2.6,2.6,2.6,2.6563222283256667,2.7,2.8,2.8,2.8,2.8,2.8,2.8,2.8,2.8,2.8,2.8,2.8,2.8,2.8,2.8,2.8,2.8,2.8,2.8,2.9,2.9,3.0,3.0,3.0,3.0,3.0,3.0,3.0,3.067787776252189,3.1,3.1,3.1,3.1,3.1,3.1,3.1,3.1,3.1,3.1,3.1,3.1,3.1,3.1,3.1,3.1,3.1,3.1,3.1,3.1,3.1,3.1,3.1,3.1,3.1,3.1,3.1,3.1,3.1,3.1,3.1,3.1,3.1,3.1,3.1,3.1,3.1,3.1,3.1,3.1,3.1,3.1,3.1,3.2,3.2,3.2,3.2,3.2863657473303136,3.3,3.3,3.4,3.4,3.5,3.5,3.5,3.5,3.5,3.5,3.5,3.5,3.5,3.5,3.5,3.5,3.5,3.5,3.5,3.5,3.5,3.5,3.5,3.5,3.5,3.5,3.6,3.7,3.7,3.7,3.7999641242801374,3.8,3.8,3.8,3.8,3.9,3.9,3.9,3.9,3.9,3.9415318772751786,4.0,4.0,4.0,4.0,4.0,4.0,4.0,4.0,4.0,4.0,4.0,4.0,4.0,4.0,4.0,4.0,4.0,4.0,4.0,4.0,4.0,4.0,4.1,4.1,4.1003907185653645,4.2,4.2,4.4,4.420207607712837,4.6,4.7,5.0,5.1,8.607634689336829
0.5,0.9221271170439141,1.0854855139391493,1.1,1.1,1.1797923922871658,1.3,1.3,1.4,1.4,1.5,1.5824747633424778,1.6687759612645443,1.7,1.7,1.7,1.7,1.7,1.7,1.7,1.7,1.7,1.7,1.8,1.8,1.8,1.837286272143571,1.9,1.9,1.9,1.9,1.9,1.9,2.0,2.0,2.0,2.0,2.0,2.1,2.1,2.2329201988926886,2.3,2.3,2.4,2.4,2.4,2.4,2.5,2.5,2.5,2.5,2.6,2.6,2.6,2.6,2.6,2.6,2.6,2.6,2.6,2.6,2.6,2.6,2.6,2.6,2.6,2.6,2.6,2.6,2.7,2.8,2.8,2.8,2.8,2.8,2.8,2.8,2.8,2.8,2.8,2.8,2.8,2.8,2.8,2.8,2.8,2.8,2.8,2.8,2.9,2.9,3.0,3.0,3.0,3.0,3.0,3.0,3.0,3.1,3.1,3.1,3.1,3.1,3.1,3.1,3.1,3.1,3.1,3.1,3.1,3.1,3.1,3.1,3.1,3.1,3.1,3.1,3.1,3.1,3.1,3.1,3.1,3.1,3.1,3.1,3.1,3.1,3.1,3.1,3.1,3.1,3.1,3.1,3.1,3.1,3.1,3.1,3.1,3.1,3.1,3.1,3.1,3.1,3.1,3.2,3.2,3.2,3.261545727139935,3.3,3.3327652811957815,3.4,3.5,3.5,3.5,3.5,3.5,3.5,3.5,3.5,3.5,3.5,3.5,3.5,3.5,3.5,3.5,3.5,3.5,3.5,3.6912183114401103,3.7,3.7,3.7,3.8,3.8,3.8,3.9,3.9,3.9,4.0,4.0,4.0,4.0,4.0,4.0,4.0,4.0,4.0,4.0,4.0,4.0,4.1,4.1,4.1,4.2,4.4,4.4,4.4,4.514514486060847,4.7,5.126721412678898
0.5,0.7221271170439142,0.9,1.028637342826178,1.1,1.1,1.1,1.100363130524173,1.2022832662765963,1.3,1.3,1.3,1.3,1.3,1.3,1.3,1.3,1.3,1.3,1.3,1.3,1.3,1.3,1.3,1.4,1.4,1.4,1.4,1.4,1.5,1.5,1.6,1.6,1.6,1.6,1.60640601215474,1.7,1.7,1.7,1.7,1.7,1.7,1.7,1.7,1.7,1.7,1.7,1.7,1.7,1.7,1.7,1.7,1.7,1.7,1.7,1.7,1.7,1.7,1.7,1.7,1.7,1.7,1.7,1.7,1.7,1.7,1.7,1.7,1.7,1.7,1.7,1.7,1.7,1.7,1.7,1.7,1.7,1.7,1.7,1.7,1.7,1.7,1.7,1.7256064984215271,1.8,1.8,1.8,1.8,1.8,1.8,1.8,1.8,1.9,1.9,1.9,1.9,1.9,1.9,1.9,1.9,1.9,1.9,1.9,1.9,1.9,1.9,1.9,1.922338458626433,2.0,2.0,2.0,2.0,2.0,2.0,2.0,2.0,2.0,2.0,2.1,2.1,2.1525051507703896,2.278884147332195,2.3,2.3,2.4,2.4,2.4,2.4,2.4,2.4,2.4,2.4,2.4,2.5,2.5,2.6,2.6,2.6,2.6,2.6,2.6,2.6,2.6,2.6,2.6,2.6,2.6,2.6,2.6,2.6,2.66917401898113,2.8,2.8,2.8,2.8,2.8,2.8,2.8,2.8,2.8,2.9,2.9,3.0,3.0,3.0,3.0,3.0,3.0,3.1,3.1,3.1,3.1,3.1,3.1,3.1,3.1,3.1,3.1,3.1,3.1,3.1,3.1,3.1,3.1,3.1139854899254376,3.2,3.2,3.4,3.5,3.5,3.5,3.5,3.5977167337233995,3.8,3.9,4.0,4.0,4.0,4.1,4.377872882956086,4.4
3.397273325236873,3.4221271170439143,3.6,3.6,3.8,3.8,4.0,4.0,4.0,4.0,4.092866701553323,4.2,4.268775961264544,4.3,4.4,4.4,4.486014510074563,4.5,4.7,4.7,4.7,4.8,4.8,4.8,4.8,4.9,4.9,4.9,4.9,4.9,4.9,4.9,4.9,4.9,4.9,4.9,4.9,4.9,4.9,5.0,5.0,5.075794741564041,5.117922626012691,5.2,5.2000358757198555,5.3,5.379445275352288,5.4,5.4,5.4,5.430825981018876,5.5,5.503105111814835,5.6,5.6,5.6,5.6,5.6,5.6,5.6,5.6,5.6,5.6,5.6,5.6,5.627589739189688,5.7,5.7,5.7,5.7,5.7,5.8,5.8,5.9,5.9,5.9,5.9,5.9,5.9,5.9,5.9,5.9,5.9,5.9,5.9,5.9,5.9,5.9,5.9,5.9,5.9,5.9,5.9,5.9,5.9,5.9,5.9,5.9,6.0,6.0,6.1,6.1,6.1,6.1,6.1,6.1,6.1,6.1,6.1,6.171989073708891,6.2,6.2,6.2,6.2,6.3,6.4,6.5,6.5,6.5,6.5,6.5,6.5,6.5,6.5,6.559180841484493,6.6,6.6,6.6,6.6,6.6,6.6,6.6,6.767166952574575,6.8,6.9,6.9,6.9,6.9,6.9,6.9,7.1,7.1,7.1,7.1,7.1,7.1,7.1,7.1,7.1,7.1,7.1,7.1,7.1,7.3,7.361664173943137,7.6,7.7,7.740671534142251,7.8,7.9,7.9,7.910726690124398,8.155172771262976,8.5,8.6,8.6,8.6,8.880848279117243,8.9,8.9,8.943198843880209,9.0,9.0,9.1,9.16271372785643,9.5,9.5,9.6,9.6,9.6,9.6,9.6,9.6,9.9,10.0,10.0,10.1,10.1,10.1,10.1,10.1,10.1,10.1,10.1,10.1,10.1,10.1,10.271362657173825,10.3,10.3,10.7
2.4,2.6,2.8,3.028637342826178,3.1,3.1,3.1,3.2,3.3,3.3,3.3,3.4,3.5,3.6,3.6,3.6,3.6,3.6,3.7,3.8,3.8,3.8,3.8,3.8,3.9,3.9,4.0,4.0,4.0,4.0,4.0,4.0,4.0,4.0,4.0,4.0,4.053423758114001,4.1,4.1,4.1,4.1,4.275794741564042,4.4,4.4,4.5,4.6,4.679445275352288,4.7,4.7,4.7,4.730825981018876,4.8,4.8,4.8,4.8,4.9,4.9,4.9,4.9,4.9,4.9,4.9,4.9,4.9,4.9,4.9,4.9,4.9,4.9,4.9,4.9,4.9,4.9,4.9,4.9,4.9,4.9,4.9,4.9,4.9,4.9,4.9,4.9,5.0,5.0,5.0,5.0,5.0,5.0,5.1,5.1,5.1,5.152870569242149,5.2,5.202392509879161,5.3,5.3,5.3,5.3,5.3,5.3,5.3,5.4,5.4,5.4,5.4,5.4,5.4,5.4,5.4,5.4,5.4,5.4,5.4,5.4,5.423079872757484,5.5,5.5,5.500269264184391,5.6,5.6,5.6,5.6,5.6,5.6,5.6,5.6,5.6,5.6,5.6,5.6,5.6,5.7,5.7,5.7,5.7,5.7,5.7,5.7,5.7,5.7,5.7,5.7,5.7,5.7,5.7,5.7,5.7,5.7,5.7,5.7,5.7,5.7,5.8,5.8,5.9,5.9,5.9,5.9,6.0,6.0,6.0,6.0,6.1,6.1,6.1,6.1,6.1,6.1,6.1,6.1,6.1,6.1,6.1,6.1,6.1,6.2,6.2,6.2,6.2,6.3,6.3,6.369487052929304,6.5,6.6,6.6,6.8,6.9,6.931224038735451,7.1,7.3,7.6003907185653645,7.897716733723399,7.9,9.1,9.601038038564184,10.1,10.1,10.1,10.1,10.311997368957874
0.9972733252368732,1.422127117043914,1.6,1.7,1.8,1.9797923922871656,2.0,2.1,2.1,2.1,2.1,2.1,2.1,2.1,2.1,2.1,2.1,2.1,2.1,2.1,2.1,2.232717428414268,2.3,2.4,2.4,2.4,2.4,2.4,2.4,2.4,2.4,2.4,2.459693109019841,2.5,2.5,2.50640601215474,2.6,2.6,2.6,2.6,2.6,2.6,2.6,2.6,2.6,2.6400675399524984,2.7,2.7,2.7,2.7,2.7,2.7,2.7,2.7,2.7,2.7,2.7415378870321603,2.8,2.8,2.8,2.8,2.8,2.8,2.8,2.8,2.8,2.8,2.8,2.8,2.8,2.8,2.9,2.9,2.9,2.9,2.9,2.9,2.9,2.9,2.9,2.947494849229611,3.0,3.0,3.0,3.0,3.0,3.0,3.0,3.0,3.0,3.1,3.1,3.1,3.1,3.1,3.1,3.1,3.1,3.1,3.1,3.1,3.1,3.1,3.1,3.1,3.1,3.1,3.1,3.2,3.2,3.2,3.2,3.2,3.2,3.2976236808611414,3.3,3.3,3.3,3.3,3.3,3.352505150770389,3.4,3.405449935582612,3.5,3.5,3.5,3.6,3.6,3.6,3.6,3.6,3.6,3.6,3.6,3.6,3.6,3.6,3.6,3.6,3.6,3.6,3.6,3.6,3.6,3.6,3.6,3.6,3.6,3.6,3.8,3.8,3.8,3.8,3.8,3.8,3.8,3.8,3.9,3.9,3.9,3.9,3.9,3.9,3.9,3.9,4.0,4.0,4.0,4.1,4.1,4.1,4.1,4.1,4.1,4.1,4.1,4.1,4.2,4.2,4.2,4.5,4.600258245611019,4.8,4.9,5.0,5.0,5.0,5.0,5.0,5.0,5.007133298446678,5.1,5.1,5.4,5.413659870944878,5.620207607712836,5.8,6.0,6.3,6.777872882956086,9.105453349526305
3.0989093300947492,3.2,3.3,3.4,3.6,3.7,3.8,3.8,3.9,3.9,4.0,4.0,4.1,4.1,4.3,4.4,4.4,4.5,4.5,4.6,4.7,4.7,4.79665611138173,4.8,4.8,4.8,4.8,4.8,4.849458281606653,4.9,4.9,4.9,4.9,4.9,4.9,5.0,5.0,5.0,5.04482722873702,5.1,5.1,5.1,5.1,5.1,5.2,5.3,5.3,5.3,5.3,5.3,5.3,5.3,5.3,5.3,5.3,5.3,5.3,5.374963308883617,5.4,5.4,5.4,5.4,5.4,5.4,5.4,5.4,5.457519604410663,5.5,5.5,5.5,5.5,5.5,5.5,5.5,5.5,5.5,5.5,5.5,5.5,5.5,5.5,5.5,5.6,5.6,5.6,5.6,5.6,5.6,5.6,5.6780507617360145,5.7,5.7,5.7,5.7,5.7,5.7,5.7,5.7,5.8,5.8,5.8,5.8,5.8,5.8,5.8,5.8,5.9,5.9,5.9,5.9,5.9,6.0,6.0,6.0,6.097623680861141,6.1,6.1,6.1,6.1,6.1,6.1,6.1,6.1,6.1,6.1,6.1,6.2,6.2,6.2,6.2,6.2,6.2,6.2,6.2,6.2,6.2,6.2,6.2,6.2,6.2,6.2,6.2,6.2,6.3,6.3,6.484690428354327,6.5,6.6,6.6,6.6,6.6,6.606138765668953,6.7,6.8,6.9,6.9,6.9,6.9,6.9,6.9,6.9,6.9,6.9,6.9,6.946576241885999,7.0,7.0,7.0,7.0,7.09121831144011,7.1,7.1,7.1,7.111996912131155,7.488141183569291,7.6,7.6,7.8,7.9,7.9,8.0,8.200516491222038,8.5,8.6,8.613985489925437,8.7,8.834890012615393,9.1,9.5,10.0,10.0,10.0,10.0,10.1,10.1,10.1,10.1,10.1,10.1,10.177872882956086,10.508725359242089
2.098363995142124,3.1,3.2,3.3,3.4,3.6,3.693170064527562,3.8,3.9022832662765965,4.0,4.092866701553323,4.282474763342478,4.4,4.4,4.4,4.5,4.5,4.5,4.5,4.6,4.7,4.7,4.7,4.7,4.7,4.8,4.8,4.8,4.8,4.8,4.8,4.8,4.9,4.9,4.9,4.9,4.9,4.9,4.9,4.9,4.9,4.975794741564042,5.0,5.059328465857746,5.1,5.1,5.1,5.2,5.3,5.3,5.3,5.3,5.3,5.3,5.3,5.3,5.3,5.3,5.4,5.4,5.4,5.4,5.4,5.4,5.4,5.4,5.4,5.4,5.4,5.445406826037424,5.5,5.5,5.5,5.5,5.5,5.5,5.5,5.5,5.5,5.521115852667802,5.6,5.6,5.6,5.6,5.6,5.6,5.6,5.6,5.6,5.7,5.7,5.7,5.7,5.7,5.7,5.727072108449437,5.8,5.8,5.9,5.9,5.9,5.9,5.999111378456268,6.0,6.0,6.0,6.0,6.1,6.1,6.1,6.1,6.1,6.1,6.1,6.1,6.1,6.1,6.1,6.1,6.1,6.1,6.1,6.2,6.2,6.2,6.2,6.2,6.2,6.2,6.2,6.2,6.2,6.2,6.2,6.2,6.2,6.2,6.233292681424257,6.3,6.3,6.354720860754469,6.5,6.592054149709747,6.6,6.6,6.6,6.6,6.6,6.696894888185165,6.8,6.86917401898113,6.9,6.9,6.9,6.9,6.9,6.9,6.9,6.9,6.9,6.9,7.0,7.0,7.1,7.1,7.1,7.1,7.1,7.1,7.1,7.1,7.3,7.6,7.605998456065578,7.7,7.8,7.880147534287232,7.9,7.9,7.9,8.032890268817948,8.400258245611019,8.5,8.6,8.7,8.7,9.1,9.5,9.53122403873545,10.0,10.0,10.0,10.0,10.1,10.1,10.1,10.1,10.1,10.1,10.3,12.106544019431567
0.2,0.5,0.5,0.8,0.8,0.8797923922871658,1.0,1.0007262610483458,1.3,1.3,1.3,1.3824747633424777,1.6,1.6,1.6325549936923018,1.7,1.7,1.8,1.8,1.8,1.8671097311820504,2.0,2.0,2.0,2.019852465712776,2.1,2.1,2.1,2.1,2.1,2.2,2.2,2.3,2.3,2.3,2.3,2.3,2.3,2.4,2.5,2.5,2.5,2.6,2.6,2.7,2.7400675399524985,2.8,2.8,2.8,2.8,2.8,2.8,2.8,2.8,2.8,2.8,2.8,2.8,2.8079458502902526,2.9,2.9,2.9,2.9,2.9,2.9,2.9,2.9,2.9,2.9,2.945406826037424,3.0,3.0,3.0,3.0,3.0,3.1,3.1,3.1,3.1,3.1,3.1,3.1,3.1,3.1,3.1,3.1,3.1,3.1,3.2,3.2,3.2,3.2,3.3,3.3,3.3,3.3,3.3,3.3,3.3,3.3,3.3,3.3,3.3,3.3236884075919986,3.4,3.4,3.4,3.4,3.4,3.4,3.4,3.4,3.4,3.4,3.4,3.5,3.5,3.5,3.5,3.526303351929255,3.6,3.6,3.6,3.6,3.6,3.6,3.6,3.6,3.6,3.6,3.6,3.6,3.7,3.7,3.7,3.8,3.8,3.8,3.8,3.8,3.8,3.8,3.8,3.8,3.8,3.8,3.9,3.9,3.9,3.9327652811957816,4.0,4.0,4.0,4.1,4.1,4.1,4.1,4.1,4.1820773739873065,4.2,4.2,4.2,4.3,4.300446139750591,4.4,4.4,4.4,4.4,4.4,4.4,4.5,4.5,4.6,4.6,4.66271372785643,4.7,4.7,4.7,4.8,4.9,4.932890268817949,5.0,5.0,5.040688082251234,5.213985489925437,5.3,5.3,5.3,5.431224038735451,5.517525236657525,5.7,5.9,6.0,6.1,6.3136598709448775,6.9404152154256735,7.6,7.6,7.943543458182541,8.655745765912172,11.410361364099982
1.1961826553316224,1.4,1.6,1.828637342826178,2.0,2.0,2.1,2.5,2.5,2.5,2.5,2.5,2.5687759612645444,2.6,2.6,2.7104813919600965,2.8,2.8,2.9,2.9,2.9,2.965434856828536,3.1,3.2,3.2,3.2,3.237286272143571,3.3,3.3,3.3037085797800696,3.456801156119795,3.5,3.5,3.6,3.6,3.6,3.7,3.7,3.7,3.7,3.7,3.7,3.7,3.7,3.8,3.8,3.8,3.8,3.8,3.9,3.9,3.9,3.9,3.9,4.0,4.0,4.0,4.0,4.2,4.2,4.2726395696227595,4.304378489936286,4.4,4.4,4.4,4.4,4.457519604410663,4.5,4.516416523712721,4.6,4.6,4.6,4.6,4.6,4.6,4.6,4.6,4.6,4.6,4.6,4.64749484922961,4.7,4.7,4.7,4.8,4.876920127242516,5.0,5.0,5.0,5.0,5.0,5.028010926291105,5.1,5.1,5.1,5.1,5.1,5.2,5.2,5.225448577810747,5.4,5.5,5.5,5.5,5.6,5.6,5.69760749012084,5.722338458626433,5.8,5.8,5.8,5.8,5.8,5.8,5.8,5.923079872757484,6.0,6.0,6.0,6.0,6.0,6.0,6.0,6.1,6.1,6.1,6.1,6.1,6.169319877160609,6.2,6.2,6.2,6.2,6.3,6.3,6.3,6.3,6.3,6.3,6.3,6.4,6.4,6.4,6.4,6.4,6.4,6.5,6.5,6.5,6.6,6.6,6.6,6.6,6.6,6.6,6.7,6.7,6.7,6.7,6.724205258435956,6.8,6.8,6.8,6.8,6.8,6.8,6.8,6.8,6.8,6.8,6.8,6.8,6.85054171839335,6.9,6.9,6.9,6.9,6.9,6.9,6.9,6.9,6.900516491222039,7.1,7.3,7.313985489925437,7.489518608039907,7.5,7.5,7.5,7.5,7.5,7.5,7.5,7.599636869475824,7.7,7.7,7.782121732823714,7.9,8.514514486060847,8.6,10.102181339810523
0.5,1.4,1.4,1.5,1.6589391335881383,1.7797923922871657,1.8,2.0,2.0,2.0,2.0,2.1,2.1,2.1520555588893195,2.2325549936923017,2.4,2.4,2.4,2.5,2.5,2.5,2.5,2.5,2.5,2.5,2.5,2.5,2.594001543934421,2.6,2.6,2.6,2.7,2.7,2.8,2.8,2.8,2.8,2.899553860249409,2.9,2.9,2.9,2.9,2.9,2.9,2.9,2.9,2.9794452753522878,3.0181900885031636,3.1,3.1,3.1,3.1672347188042185,3.2,3.2,3.2732987958385675,3.3,3.3,3.3,3.3079458502902526,3.5,3.5,3.504378489936286,3.6,3.6,3.6,3.6,3.6,3.6,3.7,3.7,3.7,3.7,3.7,3.7,3.7,3.7,3.7,3.7,3.7,3.8,3.8,3.8,3.8,3.9,3.9,3.9,3.9,3.9,4.0,4.0,4.0,4.0,4.1,4.177661541373567,4.2,4.2,4.2,4.2,4.200888621543728,4.3,4.35,4.4,4.4,4.4,4.4,4.4,4.4,4.422338458626434,4.5,4.571989073708892,4.6,4.6,4.6,4.6,4.6,4.6,4.6,4.6,4.6,4.6,4.6,4.7,4.7,4.732212223747814,4.859180841484494,4.9,5.0,5.0,5.0,5.0,5.1,5.1,5.1,5.1,5.1,5.2,5.2,5.233292681424257,5.5,5.5,5.6,5.719000155282606,5.8,5.8,5.8,5.8,5.8,5.8,5.8,5.9,5.96917401898113,6.0,6.0,6.0,6.0,6.0,6.0,6.1,6.1,6.1,6.1,6.1,6.1,6.1,6.1,6.1,6.1,6.2,6.3,6.3,6.3,6.3,6.3,6.3,6.3,6.4,6.480147534287232,6.6,6.6,6.6,6.6,6.7,6.7,6.7,6.7,6.789518608039907,6.8,6.8,6.831224038735451,6.9,6.9,6.9,6.9,6.9,7.113659870944877,7.5,7.5,7.571362657173824,7.7,7.8557457659121726,8.040900121447294
2.7983639951421235,3.1,3.385485513939149,3.5,3.5589391335881384,3.8,4.0,4.2,4.202283266276597,4.3,4.3,4.4,4.4,4.4,4.4,4.4,4.4,4.5,4.530512947070702,4.6,4.7,4.7,4.7,4.7,4.7,4.7,4.7,4.7,4.7,4.7,4.7,4.7,4.7,4.7,4.7,4.70640601215474,4.8,4.8,4.9448272287370205,5.0,5.0,5.275794741564042,5.3,5.4,5.4,5.4,5.4,5.4,5.4,5.4,5.4,5.4,5.4,5.4,5.4,5.4,5.4,5.4,5.4,5.4,5.4,5.4,5.4,5.4,5.4,5.4,5.457519604410663,5.5,5.5,5.5,5.5,5.6,5.630680122839391,5.7,5.786222963545816,5.8,5.840819158515501,5.9,5.9,6.0,6.1,6.1,6.1,6.1,6.1,6.1,6.1,6.1,6.2,6.2,6.2,6.2,6.2,6.4,6.5,6.5,6.551708942177257,6.6,6.6,6.650897155621493,6.8,6.9,6.9,6.9236884075919995,7.0,7.072927891550575,7.1,7.1,7.1,7.1,7.1,7.143898476527976,7.3,7.3,7.3,7.3,7.4,7.4,7.4002692641843915,7.6,7.6,7.7,7.7,7.7,7.7,7.872731494660627,7.9,7.9,8.0,8.0,8.1,8.1,8.1,8.1,8.1,8.344820521620637,8.4,8.5,8.5,8.595621510063717,8.6,8.6,8.6,8.6,8.7,8.9,8.9,8.9,8.9,8.9,8.9,8.9,8.9,8.9,9.0,9.0,9.0,9.0,9.0,9.1,9.1,9.5,9.5,9.5,9.5,9.5,9.5,9.590424139558621,9.6,9.6,9.6,9.696291420219932,9.7,9.7,9.9,9.9,9.9,9.9,9.9,9.9,10.1,10.1,10.1,10.1,10.1,10.1,10.167445006307695,10.3,10.3,10.3,10.3,10.3,10.5,10.6,10.606829935472438,10.7,12.6,13.099538600216773,15.5,16.045110180692603,18.3
1.7,2.4,2.5,2.6,2.7178782671762765,2.9,3.0,3.1,3.1,3.2,3.2,3.3,3.3,3.3,3.5,3.5,3.5,3.5,3.5,3.699741754388987,3.7,3.732717428414268,3.8,3.8,3.8,3.8,3.8,3.894001543934421,3.9,4.0,4.0,4.0,4.0,4.009575860441376,4.1,4.1,4.1,4.1,4.1,4.1,4.2,4.2,4.217922626012691,4.3,4.300035875719855,4.4,4.4,4.4,4.4,4.4,4.4,4.4,4.4,4.4,4.4,4.5,4.5,4.6,4.6,4.6,4.6,4.6,4.7,4.7,4.7,4.7,4.7,4.7,4.7,4.7,4.7,4.7,4.7,4.7,4.7,4.7,4.7,4.7,4.7,4.7,4.7,4.7,4.7,4.8,4.8,4.8,4.9,4.9,4.9,4.9,4.9,4.9,5.0,5.0,5.0,5.0,5.0,5.1,5.2,5.2,5.2,5.2,5.3,5.3,5.3,5.3,5.3,5.3,5.347129430757855,5.4,5.4,5.4,5.4,5.4,5.4,5.4,5.4,5.4,5.4,5.4,5.4,5.4,5.4,5.4,5.4,5.4,5.4,5.4,5.4,5.4,5.5,5.5,5.5,5.5,5.5,5.6,5.6,5.6,5.7,5.7,5.7,5.8,5.8,5.8,5.9,5.992345214177163,6.0,6.0,6.0,6.1,6.1,6.1,6.143677771674339,6.2,6.2,6.2,6.2,6.2,6.282077373987306,6.3,6.3,6.321453380248795,6.5,6.6,6.6,6.6,6.6,6.6,6.6,6.69121831144011,6.8,6.9,6.9,7.0,7.0,7.1,7.1,7.3,7.4,7.4,7.4,7.400516491222039,7.6,7.640688082251233,7.727970979850875,7.9,7.967445006307696,8.047944441110683,8.4,8.5,8.507133298446679,8.6,8.6,8.799636869475826,9.5,9.540415215425673,10.0,10.0,10.1,10.1,12.5
3.1945466504737468,3.2,3.285485513939149,3.3,3.4,3.4,3.4,3.4,3.4,3.4,3.4,3.4,3.5,3.5,3.6,3.6,3.6,3.6,3.6,3.6,3.6,3.7,3.7,3.8,3.9,4.0,4.0,4.0,4.0,4.0,4.0,4.0,4.0,4.0,4.0,4.1,4.153423758114002,4.2,4.2,4.289273309875608,4.3,4.3,4.3,4.3,4.3,4.3,4.3,4.3,4.3,4.3,4.3,4.3,4.3,4.4,4.4,4.4,4.4,4.4,4.4,4.4,4.4,4.4,4.4,4.4,4.5,4.5,4.5,4.5,4.5,4.5,4.5,4.5,4.5,4.5,4.5,4.5,4.5,4.5,4.5,4.5,4.5,4.5,4.5,4.5,4.6,4.676920127242516,4.7,4.8,4.8,4.8,4.9,4.9,4.9,4.9,5.1,5.1,5.1,5.176311592408004,5.2,5.2,5.2,5.27455142218925,5.3,5.4,5.4,5.472927891550575,5.5,5.5,5.5,5.5,5.5,5.521949238263988,5.64706730690055,5.7,5.7,5.7,5.7,5.7,5.7,5.826303351929255,6.0,6.0,6.0,6.0,6.0,6.0,6.0,6.041424948730241,6.1,6.1,6.125893173330689,6.2,6.2,6.2,6.2,6.2,6.2,6.333292681424257,6.4,6.5,6.6,6.6,6.6,6.6,6.6,6.6,6.6,6.6,6.6,6.6,6.6,6.806138765668953,6.9,6.9,7.0,7.0,7.0,7.0,7.0,7.0,7.0,7.0,7.0,7.0,7.0,7.0,7.1,7.280848279117242,7.3,7.3,7.543198843880208,7.7,7.7,7.7,7.8,7.8,7.8,7.881981940361947,8.0,8.0,8.0,8.000258245611018,8.169487052929304,8.2,8.5,8.5,8.567445006307695,8.6,8.9,8.9,8.9,8.9,8.9,9.099636869475825,9.5,9.5,9.6,10.0,10.2,10.277872882956087,10.305998684478936
2.495637320378997,2.944254234087828,3.2,3.3,3.3,3.3,3.4,3.4,3.4,3.4,3.5,3.5,3.6,3.6,3.6,3.6,3.6,3.659311917748766,3.7,3.7,3.7,3.8327174284142678,3.9966561113817307,4.0,4.0,4.0,4.0,4.0,4.0,4.1,4.1,4.2,4.3,4.3,4.3,4.3,4.3,4.3,4.34482722873702,4.4,4.4,4.4,4.4,4.4,4.4,4.4,4.5,4.5,4.5,4.5,4.5,4.5,4.5,4.5,4.5,4.507654785822831,4.6,4.674963308883616,4.7,4.7,4.7726395696227595,4.8,4.8,4.9,4.9,4.9275897391896875,5.0,5.087124620470953,5.1,5.145406826037424,5.2,5.2,5.2,5.3,5.3,5.3,5.3,5.3,5.3,5.4,5.4,5.5,5.5,5.5,5.5,5.5,5.5,5.5,5.55293269309945,5.6,5.7,5.7,5.7,5.7,5.7,5.7,5.7,5.7,5.7,5.725448577810747,5.8,5.9,5.9,6.0,6.0,6.0,6.0,6.0,6.0,6.071989073708892,6.1,6.2,6.2,6.2,6.2,6.2,6.2,6.2,6.2,6.3,6.4,6.4,6.5,6.5,6.559180841484493,6.6,6.6,6.6,6.6,6.6,6.6,6.6,6.6,6.6,6.6,6.6,6.6,6.6,6.6,6.6,6.6,6.6,6.6,6.6,6.6,6.6,6.6,6.6,6.7,6.9,6.96917401898113,7.0,7.0,7.0,7.0,7.0,7.0,7.0,7.0,7.0,7.0,7.0,7.0,7.0,7.0,7.0,7.1,7.1,7.3,7.3,7.3,7.496291420219933,7.6,7.605998456065578,7.7,7.7,7.7,7.8,7.8,7.8,8.0,8.0,8.0,8.2,8.2,8.2,8.402335018923088,8.5,8.5,8.6,8.9,8.9,8.9,8.999636869475825,9.127319741889755,9.5,9.764243465647427,10.0,10.1,10.277872882956087,10.614724043721026
2.3978186601894986,2.822127117043914,3.1854855139391494,3.2,3.258939133588138,3.3,3.3,3.3003631305241727,3.4,3.4,3.4,3.4,3.4,3.5,3.532554993692302,3.6,3.6860145100745636,3.7,3.7,3.7,3.8,3.8327174284142678,4.0,4.0,4.0,4.0,4.0,4.0,4.0,4.0,4.0,4.0,4.1,4.2,4.2,4.20640601215474,4.3,4.3,4.3,4.3,4.3,4.3,4.3,4.359328465857746,4.4,4.4,4.4,4.4,4.456322228325667,4.5,4.5,4.5,4.5,4.5,4.5,4.5,4.5,4.5,4.5,4.5,4.5,4.5,4.5,4.566707318575743,4.6,4.6,4.7,4.7,4.7,4.745406826037424,4.8,4.8,4.8,4.9,4.9,4.9,4.9,4.9,4.994550064417385,5.021115852667802,5.1,5.1,5.1,5.1,5.1,5.1,5.1,5.1,5.1,5.1,5.1,5.128010926291105,5.2,5.2,5.2,5.2,5.3,5.3,5.3,5.3,5.3,5.3,5.3,5.3,5.4,5.4,5.4,5.422338458626434,5.5,5.5,5.5,5.5,5.6,5.672289150783877,5.7,5.7,5.7,5.7,5.7,5.7,5.7,5.7,5.7,5.7,5.7,5.7,5.7,5.7,5.7,5.7,5.7,5.7,5.783583476287288,5.912875379529044,6.0,6.0,6.0,6.0,6.0,6.1,6.1,6.2,6.2,6.2,6.2,6.2,6.2,6.2,6.3,6.3327652811957815,6.46917401898113,6.6,6.6,6.6,6.6,6.6,6.6,6.6,6.6,6.6,6.6,6.6,6.6,6.8,6.9,6.9,7.0,7.0,7.0,7.0,7.0,7.0,7.1,7.3,7.3,7.32074339448539,7.4,7.481981940361948,7.7,7.7,7.8,7.8,7.938974105858608,8.0,8.0,8.0,8.2,8.343833323332051,8.5,8.517525236657525,8.6,8.6,8.697716733723398,8.9,9.006829935472439,9.5,9.6,10.0,10.1,10.2,10.316360048578918
3.0989093300947492,3.2,3.385485513939149,3.4,3.6178782671762764,3.8,4.0,4.0,4.1,4.1,4.1,4.182474763342478,4.3,4.3,4.3,4.3,4.386014510074563,4.4,4.5,4.5,4.5,4.5,4.5,4.5,4.6,4.6,4.63728627214357,4.7,4.7,4.7,4.7,4.7,4.8,4.8,4.8,4.8,4.8,4.8,4.84482722873702,4.9,4.9,4.9,4.9,4.9,4.9,4.940067539952499,5.0,5.0,5.0,5.1,5.1,5.1672347188042185,5.3,5.3,5.3,5.3,5.3,5.3,5.3,5.3,5.3,5.3,5.3,5.3,5.3,5.3,5.3,5.3,5.4,5.4,5.4,5.5,5.5,5.5,5.5,5.5,5.5,5.5,5.5,5.5,5.5,5.5,5.5,5.5,5.5,5.5,5.5047526382777106,5.7,5.7,5.7,5.7,5.7,5.7,5.8,5.8,5.8,5.8,5.8,5.800888621543728,6.0,6.0,6.0,6.1,6.1,6.1,6.1,6.1,6.1,6.1,6.1,6.1,6.121949238263988,6.2,6.2,6.2,6.2,6.2,6.2,6.2,6.2,6.2,6.2,6.2,6.2,6.2,6.2,6.2,6.2,6.2,6.2,6.2,6.2,6.2,6.3,6.342480395589343,6.4,6.5,6.5,6.5,6.5,6.5,6.5,6.5,6.6,6.6,6.6,6.6,6.6,6.6,6.6,6.8,6.9,6.9,6.9,6.920554724647713,7.0,7.0,7.0,7.0,7.1,7.3,7.3,7.3551727712629775,7.4,7.4,7.4,7.4,7.580848279117242,7.6,7.6,7.6,7.6,7.6,7.605998456065578,7.7,7.7,7.7,7.7,7.7,7.7,7.732890268817949,7.800516491222038,8.0,8.0,8.013985489925437,8.2,8.2,8.447944441110684,8.5,8.6,8.6,8.700781437130729,8.9,9.099636869475825,9.1,10.0,10.0,10.1,10.2,10.3,12.504362679621044
1.6967279902842478,2.944254234087828,3.1854855139391494,3.2,3.3,3.3,3.3,3.4,3.7,3.8,3.8,3.9,4.0,4.0,4.0,4.0,4.1,4.2,4.3,4.3,4.3,4.4,4.4,4.5,4.5,4.5,4.5,4.5,4.5,4.5,4.5,4.508781688559887,4.6,4.6,4.6,4.606406012154739,4.7,4.7,4.8,4.8,4.8,4.8,4.8,4.8,4.8,4.8,4.8,4.8,4.8,4.8,4.8,4.8,4.9,4.9,4.9,4.9,4.9,4.9,4.9,4.9,4.9,4.9,4.9,4.966707318575743,5.0,5.0,5.057519604410663,5.1,5.216416523712721,5.3,5.3,5.3,5.3,5.3,5.3,5.3,5.3,5.4,5.4,5.4211158526678025,5.5,5.5,5.5,5.5,5.5,5.5,5.5,5.5,5.5,5.5,5.5,5.5,5.5,5.5,5.5,5.5,5.6,5.676311592408004,5.7,5.7,5.7,5.7,5.7,5.7,5.7,5.8,5.8,5.8,5.8,5.8,5.8,5.9,6.0,6.0,6.0,6.0,6.0,6.1,6.1,6.1,6.1,6.1,6.1,6.1,6.159180841484494,6.2,6.2,6.2,6.2,6.2,6.2,6.2,6.2,6.2,6.2,6.2,6.2,6.2,6.2,6.2,6.2,6.2,6.2,6.2,6.2,6.2,6.2,6.2,6.2,6.2,6.3,6.3,6.3,6.381809911496833,6.5,6.5,6.5,6.5,6.5,6.5,6.5,6.6,6.6,6.6,6.6,6.6,6.6,6.6,6.6,6.6,6.6,6.7,6.7,6.8,6.9,6.9,6.9,6.9,6.9,6.9,6.9,6.9,7.0,7.0,7.0,7.089518608039906,7.234890012615392,7.3,7.3,7.4,7.414266596893356,7.6,7.6,7.6,7.706829935472439,7.8,8.082121732823714,8.514087971521473,8.6,9.800855946604775,10.10054533495263
0.8,1.2,1.3,1.4,1.6,1.6,1.7,1.8,1.8,1.8,1.8928667015533227,1.9824747633424777,2.0,2.0,2.1,2.1,2.1,2.1,2.1,2.2,2.3,2.4,2.4,2.4,2.5,2.5,2.5,2.5,2.5,2.6,2.6,2.608781688559887,2.7,2.7,2.8,2.8,2.8,2.8,2.8,2.8,2.8,2.8,2.8,2.8,2.8,2.8,2.8,2.8,2.8,2.8,2.8,2.8,2.8,2.838454272860062,2.9,2.9,2.9,2.9,2.9,2.9,2.9,2.9,2.9,3.0,3.0,3.0,3.0,3.0,3.0164165237127207,3.1,3.1,3.1,3.1,3.1,3.1,3.1,3.1,3.1,3.2,3.2,3.2,3.2,3.2997307358156034,3.3,3.3,3.3,3.3,3.3,3.3,3.3,3.3,3.3,3.3,3.3,3.3,3.3,3.3,3.3,3.3,3.3,3.4,3.4,3.4,3.4,3.4,3.4,3.4,3.4,3.4,3.4,3.4,3.4,3.4,3.5,3.5,3.5,3.5,3.5,3.5,3.5,3.6,3.6,3.6,3.6,3.6,3.6,3.7,3.7,3.7,3.7974723766741247,3.8,3.8,3.8,3.8,3.8,3.8,3.8,3.8,3.8,3.8,3.8,3.8,3.8,3.8,3.8,3.8,3.8,3.8,3.8,3.8,3.8,3.9,3.9,3.9,3.9,3.9,3.9,3.9,3.9,3.9,4.0,4.0,4.0,4.0,4.0,4.093593987845253,4.1,4.1,4.1,4.19121831144011,4.2,4.2,4.2,4.4,4.4,4.4,4.4,4.4,4.4,4.4,4.5,4.5,4.669487052929304,4.740688082251234,4.8,4.8,5.0,5.0,5.0,5.1,5.3,5.3,5.3,5.3,5.4,5.4,5.5,5.9,6.214514486060847,6.633618648868259,7.003272009715784
3.3994546650473745,3.6,3.6854855139391494,4.0,4.2,4.2,4.2,4.300363130524173,4.4,4.4,4.4,4.5,4.5,4.5,4.5,4.5,4.5,5.2,5.3,5.3,5.3,5.6,5.6966561113817304,5.9,6.0,6.0,6.0,6.0,6.049458281606652,6.20741715956014,6.4,6.4,6.4,6.5,6.5,6.5,6.5,6.5,6.6,6.6,6.6,6.6,6.917922626012691,7.059328465857746,7.1,7.1,7.1,7.1,7.1,7.1,7.1,7.1,7.1,7.3,7.3,7.515309571645662,7.741537887032161,7.9499266177672325,8.507945850290252,8.840499922358687,8.9,8.9,8.9,8.9,8.9,8.9,8.9,8.9,8.9,8.9,8.9,9.0,9.0,9.0,9.0,9.0,9.0,9.0,9.0,9.0,9.0,9.073696648070737,9.1,9.1,9.1,9.1,9.1,9.210843396864481,9.5,9.5,9.5,9.5,9.5,9.5,9.5,9.5,9.5,9.5,9.5,9.5,9.5,9.5,9.5,9.5,9.5,9.5,9.5,9.5,9.5,9.5,9.5,9.5,9.5,9.5,9.5,9.5,9.5,9.5,9.5,9.5,9.5,9.5,9.5,9.5,9.5,9.5,9.5,9.5,9.5,9.5,9.5,9.5,9.5,9.5,9.5,9.5,9.5,9.5,9.5,9.5,9.527360430377234,9.6,9.6,9.6,9.6,9.6,9.6,9.6,9.6,9.6,9.6,9.6,9.6,9.6,9.6,9.6,9.6,9.6,9.6,9.74841051687191,9.9,9.9,9.9,9.9,9.9,9.9,9.9,9.9,9.980613781960312,10.1,10.1,10.1,10.2,10.2,10.3,10.3,10.3,10.3,10.3,10.3,10.3,10.3,10.3,10.3,10.3,10.3,10.3,10.3,10.3,10.3,10.3,10.3,10.3,10.699636869475825,11.447809548307072,12.741453253989857,15.5,15.5,16.2,18.1,18.3
3.4994546650473746,3.6221271170439144,3.985485513939149,4.0,4.0,4.2,4.2,4.2,4.2,4.2,4.2,4.2,4.268775961264544,4.35205555888932,4.4,4.5,4.5,4.5,4.5,4.5,4.5,4.5,4.5,4.618018059638049,5.0,5.158513211029214,5.237286272143571,5.3,5.3,5.307417159560139,5.6,5.6,5.7,5.7,5.9,6.0,6.0,6.0,6.0,6.0,6.0,6.0,6.0,6.0,6.0,6.0,6.179445275352288,6.2,6.4,6.4,6.4,6.4,6.403105111814836,6.5,6.5,6.5,6.6,6.6,6.6,6.6,6.6,6.904378489936287,7.0,7.0,7.097323051621021,7.1,7.1,7.1,7.1,7.190813652074848,7.3,7.3,7.3,7.3,7.3,7.3,7.3,7.3,7.3,7.3,7.3,7.3,7.3,7.7,7.7,7.7,7.7,7.7,7.75293269309945,7.8,7.8061478137043645,8.0,8.152870569242147,8.5,8.6,8.727072108449436,8.8,8.876311592408005,8.9,8.9,8.9,8.9,8.9,8.9,8.9,8.9,8.9,8.9,8.9,8.9,8.9,8.9,8.9,9.0,9.0,9.0,9.0,9.0,9.0,9.0,9.052505150770388,9.1,9.1,9.1,9.1,9.1,9.1,9.1,9.1,9.1,9.1,9.1,9.1,9.1,9.26992158235737,9.5,9.5,9.5,9.5,9.5,9.5,9.5,9.5,9.5,9.5,9.5,9.5,9.5,9.5,9.5,9.5,9.5,9.5,9.5,9.5,9.5,9.5,9.5,9.5,9.5,9.5,9.5,9.5,9.5,9.5,9.5,9.5,9.5,9.5,9.5,9.5,9.5,9.5,9.5,9.5,9.6,9.6,9.6,9.6,9.6,9.6,9.6,9.6,9.9,9.9,10.079037216079813,10.1,10.1,10.1,10.1,10.2,10.2,10.3,10.3,10.3,10.3,10.3,10.3,10.7,10.7,16.2
1.0989093300947494,1.1,1.1854855139391491,1.4,1.5589391335881382,1.6,1.6,1.6,1.6,1.6,1.6,1.7,1.8,1.8,1.8,1.9,1.9,1.9593119177487657,2.0,2.0,2.0,2.0,2.196656111381731,2.4,2.4,2.4,2.4,2.4,2.4,2.4,2.4,2.4,2.4,2.4095758604413757,2.5,2.5,2.5,2.5,2.5,2.589273309875608,2.7,2.7,2.8,2.8,2.8,2.840067539952498,2.9,2.9,2.9,2.9,2.9,2.9,3.0,3.0,3.0,3.007654785822831,3.1,3.1,3.1,3.1,3.1,3.2,3.2,3.2,3.2,3.2,3.2,3.2,3.2,3.2454068260374243,3.3,3.3,3.3,3.3,3.3,3.5,3.5,3.5,3.5,3.6,3.6,3.6,3.6997307358156037,3.7,3.7,3.7,3.8,3.8,3.8,3.8,3.8,3.9,3.9,3.9,4.0,4.0,4.0,4.0,4.0,4.0,4.0,4.0,4.0,4.0,4.0,4.0,4.1,4.1,4.1,4.1,4.1,4.1,4.1,4.1,4.1,4.2,4.2,4.2,4.2,4.2,4.3,4.3,4.3,4.3,4.3,4.3,4.3,4.3,4.3,4.3,4.3,4.3,4.3,4.3,4.3,4.3,4.3,4.3,4.3,4.3,4.3,4.3,4.3,4.4,4.4,4.4,4.4,4.4,4.4,4.432765281195782,4.5,4.5,4.5,4.5,4.6,4.6,4.7,4.7,4.7,4.7,4.7670798011073146,4.8,4.8,4.8,4.946576241885999,5.0,5.0,5.0,5.0,5.09121831144011,5.1,5.196291420219933,5.25054171839335,5.3,5.3,5.32074339448539,5.4,5.4,5.4066877772365505,5.6,5.632890268817948,5.7,5.7,5.7,5.8,5.8,5.8,5.8,5.8,5.8,6.0,6.0,6.097716733723399,6.199636869475825,6.4,6.6,6.741060866411857,6.9,7.8,8.155745765912172,8.801636004857892
1.6983639951421239,1.922127117043914,2.0,2.0,2.0,2.0,2.1,2.5,2.5,2.5,2.5,2.6,2.6,2.6,2.6,2.6,2.7860145100745632,2.8,2.8,2.8997417543889865,3.0342194623641006,3.1,3.1,3.1,3.1,3.179256605514607,3.2,3.2,3.3,3.3,3.3,3.3175633771197734,3.5,3.6,3.6584681227248215,3.7,3.7,3.7,3.7,3.7,3.7,3.7,3.7,3.7,3.7,3.7,3.7,3.8,3.8,3.8,3.8,3.8,3.8,3.838454272860062,3.9,3.9,3.9,3.9,3.9,3.9,4.0,4.0,4.0,4.0,4.0,4.0,4.0,4.0,4.0,4.0,4.0741068266693015,4.1,4.2,4.2,4.2,4.2,4.2,4.2,4.2,4.221115852667802,4.3,4.3,4.3,4.325606498421527,4.4,4.5,4.5,4.5,4.6,4.6,4.6,4.6,4.6,4.6,4.6,4.6,4.6,4.6,4.6,4.6,4.6,4.674551422189251,4.8,4.8,4.848291057822746,5.0,5.0,5.0,5.0,5.1,5.1,5.121949238263988,5.2,5.272289150783877,5.3,5.3,5.3,5.44878700315694,5.5,5.5,5.5,5.5,5.505449935582613,5.732212223747814,5.8,5.8,5.8,5.8,5.8,5.9,5.9,6.0,6.0,6.0,6.042480395589342,6.1,6.1,6.1,6.1,6.1,6.1,6.1,6.1,6.1,6.1,6.1,6.2,6.2,6.2,6.3,6.3,6.3,6.3,6.3,6.3,6.3,6.3,6.3,6.3,6.3,6.367079801107315,6.410726690124398,6.5,6.5,6.5,6.6,6.6,6.6,6.7,6.7,6.7,6.7,6.7,6.7,6.7,6.720743394485391,6.8,6.8409909701809735,6.9,6.9,6.9,6.9,6.9,6.9,6.913985489925437,7.089518608039906,7.1,7.1,7.1,7.3,7.3,7.3,7.397716733723399,7.4,7.6,7.7,7.7,7.7,8.072572430304234,8.5,8.8
1.4,1.4,1.6,1.6,1.6,1.7,1.7,1.8,1.8,1.9,2.0,2.0,2.0,2.0,2.0,2.0,2.0,2.0,2.0,2.0997417543889867,2.1,2.1,2.2,2.3590090298190245,2.5,2.5,2.5,2.5,2.5494582816066527,2.6,2.6,2.6,2.6,2.6,2.6,2.6,2.6,2.6,2.8,2.8,2.8,2.8,2.8,2.8,2.8,2.840067539952498,2.9,2.9,2.9563222283256665,3.1,3.1,3.1,3.1,3.1,3.1,3.1,3.1,3.1,3.1,3.1,3.1,3.2,3.2,3.2,3.2,3.2,3.2,3.2,3.2,3.3,3.3,3.3,3.3,3.35857505126975,3.4,3.5,3.6,3.6,3.6,3.6,3.6,3.6,3.6,3.7,3.7,3.7,3.7,3.7,3.7,3.7,3.7,3.7,3.7,3.7,3.7,3.7,3.7,3.7,3.7,3.7,3.7,3.7745514221892504,3.8,3.8,3.8,3.8,3.8,3.8,3.8,3.9,3.9,3.9,3.9,3.9,3.9,3.9,3.9,4.0,4.0,4.0,4.0,4.0,4.0,4.0,4.0,4.0,4.0,4.0,4.0,4.097472376674125,4.2,4.2,4.2,4.2,4.2,4.2,4.2,4.2,4.264269946863908,4.3,4.327360430377235,4.4,4.4,4.5,4.5,4.6,4.6,4.6,4.6,4.6,4.6,4.6,4.6,4.6,4.620554724647712,4.7,4.799964124280137,4.940671534142251,5.0,5.0,5.0,5.1,5.1,5.200446139750591,5.3,5.393593987845254,5.5,5.5,5.5,5.5,5.543198843880208,5.8,5.8,6.0,6.1,6.1,6.1,6.1,6.1,6.2,6.3,6.3,6.3,6.3,6.3,6.3,6.3,6.4,6.5,6.5,6.7,6.7,6.7,6.7,6.806829935472439,6.9,7.1,7.242725314347649,7.414514486060847,7.6,7.7
0.2,0.5,0.5,0.5,0.5,0.6797923922871657,0.7,0.9,0.9,0.9,0.9,0.9,0.9,0.9,0.9,0.9,1.0,1.0,1.1,1.1,1.1,1.1,1.2,1.2,1.2,1.2,1.2,1.2,1.2,1.2,1.2,1.2,1.2,1.2,1.2,1.2,1.2,1.2,1.2,1.2,1.2,1.2,1.2,1.2,1.2,1.2400675399524985,1.3,1.3,1.3,1.3,1.4,1.4,1.4,1.4,1.4,1.4,1.4,1.4,1.5,1.5,1.5,1.5,1.5,1.5,1.5,1.5,1.5,1.5,1.5,1.5,1.5,1.5,1.5,1.5,1.5,1.5,1.5,1.5,1.5,1.5,1.5,1.5,1.5,1.5,1.5,1.5,1.5,1.5,1.5,1.5,1.5,1.5,1.5,1.5,1.6,1.6,1.7,1.7,1.7,1.7,1.7,1.7,1.7,1.7,1.7482910578227462,1.8,1.8,1.8,1.8,1.9,1.9,1.9,1.9,1.9,1.9,1.9,1.9,1.9,1.9,1.9,1.9,1.9,1.9,1.9,1.9,1.9,1.9,1.9,1.969319877160609,2.0,2.0,2.0,2.0,2.0,2.1,2.1,2.1,2.1,2.2,2.2,2.3,2.4,2.4,2.4,2.4,2.4,2.4,2.4,2.5,2.6,2.66917401898113,2.8,2.8,2.8,2.8,2.8,2.8,2.840671534142251,2.9,2.9,2.9,2.9,2.9,2.9004461397505907,3.0,3.0,3.1,3.1,3.1,3.1,3.1,3.1,3.1,3.1,3.1,3.1,3.1,3.1,3.1,3.1,3.2,3.2,3.2,3.2406880822512334,3.5,3.5,3.5,3.6,3.6,3.6,3.6071332984466777,3.7,3.7,3.7,3.7,3.7202076077128368,3.8,3.9713626571738248,4.1145144860608465,4.4,6.302181339810522
1.8,2.4,2.6854855139391494,2.8286373428261777,3.1178782671762764,3.2797923922871655,3.3931700645275615,3.5,3.5022832662765966,3.7,3.7928667015533226,3.8,3.8,3.9,4.0,4.0,4.0,4.0,4.0,4.0,4.0,4.1,4.2,4.3,4.4,4.4,4.4,4.5,4.5,4.6,4.6,4.6,4.6,4.6,4.6,4.7,4.7,4.7,4.7,4.7,4.732920198892688,4.8,4.8,4.8,4.8,4.8,4.9,5.0,5.0,5.0,5.161651962037752,5.3,5.3,5.3,5.3,5.3,5.3,5.3,5.4,5.4,5.4,5.5,5.5,5.633414637151486,5.7,5.7,5.7,5.7,5.716416523712721,5.8,5.8,5.802527623325866,5.930680122839391,6.0,6.0,6.0,6.0,6.0,6.0,6.0,6.0,6.0,6.0,6.0,6.0,6.076920127242516,6.1,6.1,6.1,6.1,6.1,6.1,6.1,6.1,6.2,6.2,6.2,6.2,6.2,6.2,6.2,6.2,6.2,6.2,6.2,6.2,6.2,6.2,6.2,6.2,6.2,6.2,6.2,6.2,6.2,6.2,6.2,6.2,6.3,6.3,6.35250515077039,6.4,6.405449935582613,6.5,6.5,6.5,6.5,6.5,6.5,6.5,6.5,6.5,6.5,6.5,6.6,6.6,6.6,6.6,6.6,6.6,6.6,6.6,6.6,6.6,6.6,6.6,6.6,6.6,6.6,6.6,6.6,6.6,6.6,6.7,6.7,6.759932460047509,6.9,6.9,6.9,6.924205258435956,7.0,7.1,7.1,7.3,7.3,7.393593987845254,7.4,7.4,7.4,7.4,7.4,7.5962914202199325,7.6,7.6,7.6,7.7,7.7,7.7,7.8,7.8,7.8,7.9002582456110195,8.0,8.0,8.0,8.179037216079813,8.2,8.347944441110684,8.5,8.6,8.6,8.6,8.6,8.79927373895165,8.9,9.1,9.1,9.1,9.5,10.1,10.504908014573676
1.2,1.5442542340878282,1.8,1.8,1.9,2.0,2.0,2.0,2.0,2.1,2.192866701553323,2.2,2.3,2.3,2.4,2.4,2.4,2.4,2.5,2.5,2.5671097311820503,2.7,2.7,2.8,2.8,2.8,2.8,2.8,2.8,2.8,2.8,2.8,2.9,2.9,2.9,2.9,2.9,2.9,2.9,2.9,2.9,2.9,2.917922626012691,3.0,3.1,3.1,3.1,3.1181900885031637,3.2,3.2,3.2,3.2,3.2031051118148355,3.3,3.3,3.3,3.3,3.3,3.3,3.3,3.4,3.4,3.4,3.4,3.4,3.5,3.5,3.5,3.5,3.5,3.5,3.5,3.5,3.5,3.5862229635458163,3.6,3.640819158515501,3.7,3.7,3.7,3.7,3.7,3.7,3.7,3.8,3.8,3.8,3.8,3.8,3.8,3.8,3.8,3.8,3.9,3.9,3.9,4.0,4.0,4.0,4.0,4.0,4.0,4.0,4.1,4.1,4.1,4.1,4.1,4.1,4.171989073708891,4.2,4.2219492382639885,4.3,4.3,4.3,4.3,4.3,4.3,4.3,4.4,4.4,4.4,4.4,4.4,4.4,4.4,4.4,4.4,4.4,4.5,4.5,4.5,4.6,4.6,4.6,4.6,4.6,4.7,4.7,4.7,4.7,4.7,4.7,4.7,4.7,4.7,4.7,4.7,4.7968948881851645,4.8,4.8,4.8,4.8,4.8,4.920554724647713,5.0,5.0,5.0,5.1,5.1,5.1,5.3,5.3,5.3,5.3,5.3,5.3,5.4,5.440306890980156,5.6,5.643198843880207,5.796291420219933,5.8,5.9,6.0,6.0,6.0,6.0,6.0,6.1,6.1,6.1,6.2,6.2,6.2,6.2,6.2,6.2,6.2,6.3,6.3,6.5,6.6,6.6,6.7,6.980830430851348,7.682121732823713,7.8,8.029028972121694,8.6,10.007634689336829
0.49836399514212393,0.5663813511317425,0.8,0.9,0.9,1.1,1.2,1.2,1.2,1.2996092814346327,1.3,1.3,1.3,1.3520555588893195,1.4,1.4,1.4,1.4,1.4,1.4,1.4,1.4,1.4,1.4,1.4,1.4,1.5,1.5,1.5,1.5,1.5,1.6,1.659693109019841,1.7,1.7,1.7,1.8,1.8,1.8,1.8,1.8,1.8,1.8,1.8,1.8,1.8,1.8,1.9,1.9,1.9,1.9,1.967234718804218,2.0,2.0,2.0,2.007654785822831,2.1,2.1,2.1,2.1,2.1,2.2,2.3,2.3,2.3,2.3,2.3,2.3,2.3,2.3,2.3,2.3,2.4,2.4,2.4,2.4,2.4,2.4,2.4,2.4,2.4,2.4,2.5,2.5,2.5,2.5,2.5,2.6,2.6,2.6,2.7,2.7,2.7,2.7,2.7,2.7,2.8,2.8,2.8,2.8,2.8,2.8,2.8,2.8,2.8,2.8,2.8,2.8,2.8,2.9,2.9,2.9,2.94706730690055,3.0,3.0,3.0,3.0,3.07439350157847,3.1,3.1,3.1525051507703896,3.2,3.2,3.2,3.2,3.2,3.2,3.3,3.3,3.3,3.3,3.3,3.3,3.3,3.3,3.3,3.3,3.3,3.3,3.3,3.3,3.4,3.4,3.5,3.5,3.5,3.5,3.5,3.5,3.5,3.5,3.5,3.5,3.5,3.5,3.5,3.5,3.5,3.5,3.5,3.5,3.5,3.5,3.5,3.6,3.6,3.641531877275179,3.7,3.7,3.7,3.7,3.7,3.7,3.705998456065578,3.8,3.8,3.8,3.8,3.8,3.8,3.8,3.8,3.9,3.9406880822512336,4.1,4.1,4.1,4.1,4.262448077470902,4.4,4.4,4.4,4.4,4.5,4.8,5.0,5.1,5.64272531434765,6.529028972121694,6.8557457659121726,7.80927069419472
1.7,1.7,1.7,2.9431867141308894,3.6589391335881385,3.9,3.9,3.9007262610483457,4.102283266276596,4.2,4.392866701553324,4.5,4.5,4.6,4.7,4.7,4.7,4.8,4.8,4.9,4.9,5.0,5.0,5.0,5.0,5.0,5.0,5.0,5.0,5.0,5.0,5.0,5.0,5.3,5.3,5.5,5.5,5.599553860249409,5.6,5.6,5.6,5.6,5.7,5.7,6.0,6.0,6.0,6.0,6.0,6.093861234331038,6.1,6.1672347188042185,6.2,6.2,6.2,6.2,6.241537887032161,6.4,6.4,6.4,6.4,6.4,6.4,6.4,6.4,6.4,6.4,6.4,6.4,6.4,6.5,6.5,6.5,6.5,6.5,6.5,6.5,6.5,6.5,6.5,6.5,6.5,6.5,6.5,6.5,6.6,6.6,6.6,6.6,6.856101523472029,6.9,6.9,7.0,7.0,7.1,7.1,7.1,7.252623184816008,7.3,7.3,7.3,7.3,7.7,7.7,7.7,7.7,7.7,7.722338458626433,7.8,7.8,7.8,7.8,8.0,8.0,8.297623680861143,8.5,8.548666772365333,8.6,8.6,8.9,8.9,8.9,8.9,8.9,8.9,8.9,9.0,9.0,9.0,9.0,9.0,9.0,9.1,9.1,9.1,9.1,9.1,9.1,9.1,9.195621510063717,9.5,9.5,9.5,9.5,9.5,9.5,9.5,9.5,9.5,9.5,9.5,9.6,9.6,9.6,9.6,9.6,9.6,9.640671534142252,9.7,9.74841051687191,9.9,9.9,9.9,9.90044613975059,10.1,10.1,10.1,10.2,10.2,10.3,10.3,10.3,10.3,10.3,10.3,10.3,10.3,10.3,10.3,10.3,10.3,10.3,10.3,10.3,10.3,10.5,10.5,10.5,10.5,10.7,10.7,10.7,10.7,10.7,10.7,11.4,11.9,11.9,12.158057944243387,12.5,16.21145203400524
1.7,1.7,1.7,1.7,1.7,1.7,2.693170064527562,2.8003631305241727,3.4,3.5,3.692866701553323,3.7,3.7,3.9,3.9,3.9,3.9,3.9,4.0,4.199741754388987,4.2671097311820505,4.5,4.59665611138173,4.6,4.619852465712776,4.7,4.7,4.7,4.7,4.70370857978007,4.8,4.8,4.8,4.9,4.9,5.0,5.0,5.0,5.0,5.0,5.0,5.0,5.0,5.0,5.0,5.0,5.0,5.0,5.0,5.0,5.0,5.0,5.0,5.0,5.0,5.0,5.0,5.0,5.0,5.0,5.0,5.0,5.071460106272184,5.2,5.297323051621021,5.3,5.3,5.5,5.5,5.5,5.5,5.6,5.6,5.6,5.6,5.6,5.6,5.6,5.6,5.7,5.84749484922961,5.973696648070737,6.0,6.0,6.0,6.0,6.0,6.1,6.1,6.1780507617360145,6.2,6.2,6.2,6.2,6.2,6.227072108449437,6.3,6.376311592408004,6.4,6.4,6.4,6.4,6.4,6.4,6.4,6.4,6.4,6.4,6.4,6.4,6.4,6.4,6.4,6.4,6.497623680861142,6.5,6.5,6.5,6.5,6.5,6.5,6.5,6.5,6.5,6.5,6.5,6.5,6.541424948730241,6.6,6.6,6.6,6.6,6.9,6.912875379529044,7.0,7.0,7.1,7.166585362848513,7.3,7.3,7.627360430377235,7.7,7.7,7.7,7.7,7.8,7.8,7.8,7.8,7.8,8.0,8.0,8.0,8.463619822993667,8.5,8.5,8.5,8.5,8.8,8.9,8.9,8.9,8.955172771262976,9.1,9.1,9.1,9.1,9.1,9.5,9.5,9.5,9.5,9.5,9.6,9.7,9.9,9.980147534287232,10.040990970180975,10.1,10.1,10.2,10.2,10.3,10.3,10.3,10.3,10.5,10.5,10.5,10.5,10.7,10.7,10.7,10.7,11.434149677362194,11.9,11.9,12.1,12.5,12.5,16.21145203400524
1.6,1.6,1.6,2.0,2.5,2.5797923922871657,2.7,2.8003631305241727,3.1022832662765967,3.2,3.2,3.5,3.6,3.7,3.7,3.7,3.8,3.9,3.930512947070702,4.0,4.0,4.0,4.193312222763462,4.2,4.2,4.2,4.3,4.3,4.3,4.4,4.456801156119795,4.5,4.5,4.5,4.5,4.5,4.5,4.6,4.7,4.7,4.732920198892688,4.8,4.8,4.9,4.900035875719856,5.0,5.0,5.0,5.0,5.0,5.061651962037752,5.2,5.2,5.2,5.2,5.2,5.2,5.3,5.3,5.3,5.3,5.3,5.435730053136092,5.5,5.5,5.5,5.6,5.6,5.6,5.6,5.6,5.6,5.6,5.6,5.6,5.6,5.6,5.7,5.7,5.721115852667802,5.84749484922961,6.0,6.0,6.025606498421527,6.1,6.1,6.2,6.2,6.2,6.2,6.2030739068521825,6.3,6.4,6.4,6.4,6.4,6.4,6.476311592408004,6.5,6.5,6.5,6.5,6.5,6.5,6.5,6.572927891550575,6.6,6.6,6.6,6.6,6.6,6.6,6.6,6.6,6.7,6.7,6.7,6.7,6.800269264184391,6.9,6.9,6.9,6.9,6.9,7.0,7.0,7.013777036454178,7.182849897460482,7.3,7.3,7.3,7.3,7.3,7.3,7.3,7.3,7.3,7.3,7.3,7.691243020127433,7.7,7.7,7.7,7.7,7.758462112967839,7.8,7.9267012041614295,8.0,8.0,8.0,8.13834803796226,8.2,8.2,8.2,8.2,8.2,8.3,8.381343068284503,8.5,8.5,8.5,8.5,8.5,8.5,8.5,8.687187975690506,8.8,8.8,8.8,8.8,8.8,8.8,8.9,8.9,8.9,9.1,9.1,9.1,9.1,9.1,9.1,9.5,9.5,9.5,9.513985489925437,9.868555824119722,10.0,10.0,10.03122403873545,10.1,10.1,10.1,10.2,10.2,10.5,10.5,10.987426064882998,12.04272531434765,12.1,12.5,18.10109066990526
1.6,2.9,3.3,3.3,3.4589391335881383,3.6,3.8,3.9,3.9,3.9,3.9,3.9,4.0,4.0,4.0,4.0,4.0,4.059311917748766,4.1,4.299741754388987,4.3,4.3,4.3,4.4,4.5,4.5,4.6,4.6,4.6,4.6,4.6,4.6,4.6,4.7,4.7,4.8,4.8,4.8,4.8,4.8,4.8,4.8,4.917922626012691,5.0,5.0,5.0,5.0,5.0,5.0,5.0,5.0,5.1,5.1,5.1,5.1,5.1,5.241537887032161,5.3,5.3,5.3,5.3,5.3,5.3,5.3,5.3,5.3,5.3,5.3,5.3,5.3,5.3,5.3,5.3,5.3,5.3,5.3,5.3,5.3,5.3,5.3,5.4,5.4,5.4,5.5,5.5,5.6,5.7,5.727710849216121,5.8,5.8,5.8,5.9,5.9,5.9,6.0,6.0,6.0,6.0,6.1,6.1,6.1,6.1,6.1,6.1,6.1,6.1,6.1,6.1,6.1,6.1,6.1,6.1,6.1,6.1,6.1,6.1,6.1,6.1,6.1,6.1,6.1,6.1,6.1,6.1,6.2,6.2,6.2,6.2,6.2,6.2,6.2,6.2,6.2,6.2,6.2,6.2,6.2,6.2,6.2,6.2,6.2,6.2,6.2,6.2,6.2,6.2,6.2,6.2,6.2,6.2,6.2,6.206138765668953,6.3,6.3,6.3,6.3,6.3,6.3,6.3,6.324205258435955,6.4,6.4,6.4,6.5,6.5,6.5,6.5,6.5,6.5,6.59121831144011,6.6,6.6,6.6,6.6,6.66271372785643,6.7,6.7,6.7,6.8,6.8,6.8,6.9,6.9,6.9,7.4,7.4,7.4,7.495888882221368,7.6,7.6,7.6,7.8,7.8,8.2,8.3,8.5,8.5,8.5,8.614514486060846,9.1,10.20163600485789
1.998363995142124,2.5,2.9,2.9,2.9,3.1,3.1,3.3,3.4,3.4,3.4,3.4,3.4,3.4,3.6,3.6,3.6,3.7,3.8,3.8,3.9,3.9,3.9,3.9,3.9,3.9,3.9,3.9,3.9,4.0,4.0,4.0,4.0,4.0,4.0,4.0,4.1,4.1,4.1,4.189273309875609,4.3,4.3,4.3,4.3,4.4,4.4,4.4,4.4,4.5,4.5,4.5,4.567234718804218,4.6,4.6,4.6,4.6,4.6,4.6,4.6,4.6,4.6,4.6,4.6,4.6,4.6,4.7,4.7,4.7,4.8,4.8,4.8,4.8,4.8,5.0,5.0,5.0,5.0,5.0,5.0,5.0,5.0,5.0,5.0,5.0,5.0,5.0,5.0,5.0,5.0,5.0,5.1,5.1,5.1,5.1,5.1,5.227072108449437,5.3,5.3,5.3,5.3,5.3,5.3,5.3,5.3,5.3,5.3,5.3,5.3,5.3,5.3,5.3,5.3,5.3,5.3,5.4,5.4,5.448666772365335,5.6,5.7,5.8,5.8,5.8,5.805449935582613,5.9,5.9,5.9,5.913777036454178,6.0,6.0,6.0,6.0,6.0,6.1,6.1,6.1,6.1,6.1,6.1,6.1,6.1,6.1,6.1,6.1,6.1,6.1,6.1,6.1,6.1,6.196894888185165,6.2,6.2,6.2,6.2,6.2,6.2,6.2,6.2,6.2,6.2,6.2,6.2,6.2,6.2,6.2,6.2,6.2,6.2,6.2,6.3,6.3,6.3,6.3,6.3,6.4,6.4,6.4,6.4,6.5,6.5,6.5,6.6,6.6,6.7,6.7,6.713985489925437,6.8,6.8,6.9,7.093672116206352,7.317525236657525,7.4,7.4,7.6,7.6,7.6,7.8,7.8,8.2,8.5,9.1,10.2
1.5989093300947494,1.6,1.8,2.1,2.3589391335881382,2.4,2.5,2.5,2.5,2.5,2.8,2.8,2.8,2.8520555588893193,2.9,2.9,2.9,2.9,2.9,2.9,2.9,2.9,2.9,2.9,2.9,2.9,2.9,2.9,2.9,2.9,2.9,2.9,3.0,3.1,3.1,3.3,3.3,3.3,3.3,3.3,3.3,3.3,3.5,3.5,3.5,3.6,3.6,3.6,3.6,3.6,3.6,3.6,3.6,3.6,3.6,3.6,3.6,3.6749633088836164,3.7,3.7,3.7,3.7,3.7,3.7,3.7,3.7275897391896877,3.8,3.8,3.8,3.8,3.8,3.8,3.8,3.85857505126975,3.9,3.9,3.9,3.9,3.9,3.9,3.9,3.9,3.9,3.9,3.9,4.0,4.0,4.0,4.0,4.0,4.0,4.0,4.0,4.0,4.0,4.0,4.0,4.0,4.0,4.0,4.0,4.0,4.0,4.1,4.1,4.1,4.1,4.122338458626433,4.2,4.271989073708892,4.3,4.3,4.34706730690055,4.4,4.4,4.4,4.4,4.4,4.4,4.4,4.4,4.4,4.4,4.4,4.4,4.4,4.4,4.4,4.4,4.4,4.4,4.4,4.4,4.4,4.4,4.4,4.4,4.4,4.4,4.4,4.5,4.5,4.592054149709747,4.6,4.6,4.6,4.6,4.6,4.6,4.6,4.6,4.6,4.6,4.6,4.620554724647712,4.759932460047509,4.8,4.8,4.8,4.8,4.8,4.8,4.8,4.800446139750591,4.9,4.993593987845253,5.0,5.0,5.1,5.1,5.1,5.292582840439866,5.3,5.3,5.3,5.32074339448539,5.4,5.5,5.7,5.767282571585736,5.9,5.9,5.9,6.0,6.0,6.0,6.0,6.047944441110684,6.1,6.1,6.2,6.2,6.2,6.2,6.3,6.4,6.5,6.6,6.7,7.377872882956086,7.802726674763153
2.8994546650473745,3.222127117043914,3.3,3.4,3.7,3.8,3.9,4.0,4.0,4.0,4.0,4.0,4.0,4.0,4.0,4.1,4.1,4.2,4.3,4.3,4.3,4.3,4.3,4.3,4.3,4.3,4.3,4.3,4.3,4.3,4.356801156119795,4.4,4.4,4.4,4.4,4.4,4.4,4.4,4.4,4.5,4.5,4.5,4.5,4.6,4.600035875719855,4.7,4.7,4.8,4.8,4.893861234331038,4.9,4.9,5.0,5.0,5.073298795838568,5.2,5.3,5.3,5.3,5.3,5.3,5.3,5.3,5.3,5.3,5.3,5.3,5.3,5.3,5.3,5.3,5.3,5.3,5.3,5.3,5.3,5.3,5.3,5.3,5.3,5.3,5.3,5.3,5.3,5.3,5.3,5.3,5.3,5.3,5.3,5.3,5.3,5.3,5.3,5.3,5.3,5.3,5.3,5.3,5.3,5.4,5.4,5.499111378456268,5.5,5.5,5.6,5.6,5.722338458626433,5.847129430757855,5.9,5.9,5.921949238263989,6.0,6.0,6.0,6.1,6.1,6.1,6.1,6.2,6.2,6.2,6.2,6.2,6.2,6.2,6.2,6.2,6.2,6.3,6.3,6.3,6.3,6.3,6.3,6.4,6.4,6.4,6.4,6.4956215100637165,6.5,6.5,6.5,6.5,6.5,6.5,6.5,6.5,6.5,6.5,6.5,6.5,6.6,6.6,6.6,6.7,6.7,6.7,6.7,6.7,6.7,6.7,6.7,6.7,6.7,6.8,6.8,6.8,6.8,6.8,6.8,6.8,6.8,6.8,6.8,6.8,6.8,6.8,6.8,6.8,6.9,6.9,6.9,6.9,6.9,6.9,7.0,7.0,7.03122403873545,7.317525236657525,7.4,7.4,7.4,7.599636869475824,7.6,7.6,7.7,7.771362657173825,8.2,8.5,9.502726674763153
0.6989093300947492,0.7,0.8,0.8,0.9,1.0,1.1,1.2,1.2,1.3,1.3,1.3,1.3,1.3,1.3,1.3,1.3,1.3,1.3,1.3,1.3,1.3,1.3,1.3,1.3,1.3,1.3,1.3,1.3,1.3,1.3,1.3,1.3,1.3,1.3,1.3,1.3,1.3,1.3,1.3,1.3,1.3,1.3,1.3,1.3,1.3,1.3,1.3,1.3,1.3,1.3,1.3,1.3,1.3,1.3,1.3,1.3,1.3,1.3,1.3,1.3,1.3,1.3,1.3,1.3,1.3275897391896876,1.4,1.4,1.4,1.4,1.4,1.4,1.4,1.4,1.4,1.4,1.4,1.4,1.4,1.4,1.4,1.4,1.4,1.4,1.4,1.4,1.4,1.4,1.4,1.4,1.4,1.4,1.4,1.4,1.4,1.4,1.4,1.4,1.4,1.4,1.4,1.4,1.4,1.4,1.4482910578227461,1.5,1.5,1.5,1.5,1.5,1.5,1.5,1.5,1.5,1.5,1.5,1.5,1.5,1.5,1.5,1.5,1.5,1.5,1.5322122237478142,1.6,1.6,1.6,1.6,1.6,1.6,1.6,1.6,1.6,1.6,1.6424803955893423,1.7,1.7,1.7,1.7,1.7956215100637167,1.8,1.8,1.8,1.8,1.8,1.8,1.8,1.8,1.8,1.8,1.8,1.8,1.8,1.8,1.8205547246477125,1.9,1.9999641242801374,2.0,2.0,2.0,2.0,2.1,2.1551727712629773,2.3,2.3,2.3,2.3,2.3,2.4,2.4,2.5,2.5,2.5,2.6,2.6,2.6207433944853906,2.7,2.7,2.8,2.8,2.8,2.8,2.8,2.8,2.8,2.889518608039907,3.0,3.1,3.2,3.3,3.3,3.5,3.5,3.5,3.8,3.8,3.8,3.8,3.8145144860608466,4.1,4.4
0.8994546650473747,1.2,1.3,1.4,1.4,1.4797923922871656,1.5,1.600363130524173,1.7022832662765963,1.8,1.8,1.8,1.8,1.8,1.8,1.8,1.8,1.8,1.8,1.8,1.8,1.8327174284142678,1.9,2.0,2.1,2.1,2.137286272143571,2.2,2.3,2.3,2.3,2.3,2.3,2.3,2.3,2.3,2.3,2.3,2.3,2.4785466197512163,2.5,2.5,2.5,2.5,2.5,2.5,2.5,2.5,2.5,2.5,2.5,2.5,2.5031051118148353,2.7,2.7,2.7,2.7,2.7,2.8,2.8,2.8,2.8,2.8,2.8,2.8,2.8,2.8,2.8,2.9,2.9,2.9,2.9025276233258666,3.0,3.0,3.0,3.0,3.0,3.0,3.0,3.1,3.1,3.1,3.1,3.1,3.1513332276346606,3.2,3.2,3.2,3.2,3.3,3.3,3.3,3.3,3.3,3.3,3.3,3.3,3.3,3.4,3.4,3.4,3.4,3.4,3.4,3.5,3.5,3.5,3.5,3.5,3.5,3.5,3.5,3.5,3.6,3.6,3.6,3.6,3.6,3.6,3.6,3.6,3.6,3.7,3.7,3.7,3.7,3.7,3.7414249487302413,3.8,3.8,3.8,3.8,3.8,3.8,3.8,3.8,3.8,3.8,3.8,3.8956215100637164,3.9,3.9,3.9,3.9,3.9584621129678395,4.0,4.0,4.0,4.0,4.0,4.0,4.1,4.1,4.1,4.1,4.1,4.1,4.2,4.2,4.3,4.367079801107315,4.4,4.4,4.4,4.4,4.4,4.4,4.4,4.4,4.4,4.4,4.4,4.4,4.5,4.5,4.6,4.6,4.640990970180973,4.9,5.0,5.1,5.2,5.2,5.2,5.3,5.3,5.4,5.747944441110684,5.8,5.9,5.9,5.9,6.097716733723399,6.399636869475825,6.506829935472439,6.7,6.7,6.871362657173825,7.6,8.145110180692603,10.0
1.4,1.7,1.885485513939149,2.028637342826178,2.3589391335881382,2.5,2.6,2.700363130524173,2.8,2.8,2.8,2.9,2.9,2.9,3.0,3.0104813919600963,3.1,3.1,3.1,3.1,3.2,3.2,3.2,3.3,3.3,3.3,3.3,3.394001543934421,3.4,3.5,3.6,3.6,3.6,3.6,3.7,3.7,3.7,3.7,3.7,3.789273309875608,3.8,3.8,3.8,3.8,3.8,3.8,3.8,3.8,3.8,3.8,3.830825981018876,3.9,3.9,3.9,3.9,3.9,3.9,3.9,3.9,3.9,3.9,3.9,3.9,4.0,4.0,4.0,4.0,4.0,4.0,4.0,4.0,4.0,4.0,4.0,4.0,4.0,4.0,4.0,4.0,4.1,4.1,4.2,4.2,4.2,4.25133322763466,4.3,4.4,4.4,4.4,4.5,4.5,4.5,4.5,4.5,4.6,4.6,4.6,4.6,4.6,4.6,4.6,4.6,4.6,4.6,4.6,4.7,4.7,4.7,4.8,4.8,4.8,4.821949238263988,4.9,4.9,4.9,4.9,4.9,4.97439350157847,5.0,5.0,5.0,5.078884147332195,5.1,5.1,5.1,5.1,5.1,5.141424948730241,5.269319877160609,5.3,5.3,5.3,5.3,5.3,5.3,5.3,5.4,5.4,5.4,5.4,5.5,5.5,5.5,5.5,5.5,5.592345214177163,5.6,5.6,5.696894888185165,5.8,5.8,5.8,5.8,5.8,5.9,5.9,5.9,6.0,6.0,6.0,6.067079801107314,6.1,6.1,6.1,6.1,6.1,6.1,6.1,6.1,6.1,6.2,6.2,6.2,6.2,6.2,6.2,6.2,6.2,6.2,6.2,6.2,6.3,6.3,6.3,6.5,6.589518608039906,6.6,6.647944441110684,6.7,6.9,6.907133298446678,7.3,7.397716733723399,7.599636869475824,7.7,7.9404152154256735,8.441060866411858,8.6,9.114514486060846,10.0,12.504362679621044
0.8,1.4,1.6,1.7,1.7,1.7797923922871657,1.8931700645275615,2.0,2.0,2.0,2.0,2.0,2.0,2.0,2.1,2.1,2.1,2.1,2.1305129470707023,2.2,2.3,2.3,2.3,2.3,2.3,2.3,2.5,2.5,2.5,2.5,2.5,2.6,2.6,2.6,2.6,2.6,2.653423758114002,2.7,2.7,2.7,2.8,2.8,2.8,2.8,2.8,2.8,2.8,2.8,2.8,2.8,2.8,2.8,2.8,2.8,2.8,2.8,2.8,2.874963308883616,2.9,2.9,2.9,2.9,2.9,2.9,2.9,2.9,2.9,2.9,2.9,2.9,2.9,2.9,2.9,2.9,2.9,2.9,2.9,2.9,2.9,2.9,2.9,2.9,2.9,2.925606498421527,3.0,3.0,3.0,3.0,3.0,3.0,3.0030739068521823,3.1,3.1,3.1,3.1,3.1,3.1,3.1,3.1,3.1,3.1,3.1,3.1,3.123688407591999,3.2,3.2,3.2,3.2,3.2,3.2,3.2,3.2,3.3,3.3,3.3,3.3,3.3,3.3,3.3,3.3,3.3,3.3,3.3,3.3,3.3,3.3,3.3,3.3,3.3,3.3,3.3,3.3,3.3835834762872876,3.4,3.4,3.4,3.4026769483789847,3.5,3.564269946863908,3.6,3.6,3.6,3.6,3.7,3.7,3.7,3.7,3.8,3.8,3.8,3.8,3.8,3.8,3.8,3.8,3.8,3.8,3.8,3.8,3.8,3.8,3.9,3.9,3.9,3.9,3.9,3.9,3.9,4.0,4.0,4.0,4.0,4.1,4.1,4.2,4.2,4.2,4.2,4.303343888618275,4.4,4.4,4.4002582456110195,4.5,4.5,4.5,4.6,4.6,4.6,4.6,4.6,4.707133298446678,4.8,4.897716733723399,4.9,5.1,5.3,5.3,5.3,5.629028972121693,6.255745765912172,6.504908014573675
0.5994546650473747,0.7,0.7854855139391493,0.8,0.8,0.8,0.8,0.8,0.8,0.8,0.8,0.8,0.8,0.8,0.8,0.8,0.8,0.8,0.8,0.8,0.8,0.8,0.8,0.8,0.8,0.8,0.8,0.8,0.8,0.8,0.8,0.8,0.8,0.8095758604413761,0.9,0.9,0.9,0.9,0.9,0.9,0.9,0.9,0.9,0.9,0.9,0.9,0.9,0.9,0.9,0.9,1.0,1.0,1.0,1.1,1.1,1.1,1.1,1.1,1.1,1.1,1.1,1.1,1.1,1.1,1.1,1.1,1.1,1.1,1.1,1.1,1.174106826669302,1.2,1.2,1.2,1.2,1.2,1.2,1.2,1.2,1.2,1.2,1.2,1.2,1.2,1.2,1.2,1.2,1.2,1.2,1.2,1.2,1.2,1.2,1.2,1.2,1.2,1.2,1.2,1.2,1.2,1.2,1.2,1.2,1.3,1.3,1.3,1.3,1.4,1.4,1.4,1.4,1.4,1.4,1.4,1.4,1.4,1.4,1.4,1.4,1.4,1.4,1.4,1.4,1.4,1.4,1.4,1.4,1.4,1.4,1.4,1.4,1.4,1.4,1.4,1.4,1.4,1.4,1.4,1.4,1.4,1.4,1.4,1.4,1.4,1.4584621129678397,1.5,1.5,1.5,1.5,1.5,1.5,1.5,1.5,1.5,1.6,1.6,1.6,1.6,1.6,1.6,1.6,1.7,1.7,1.7,1.7,1.7,1.7,1.7,1.7,1.7,1.8,1.8,1.8,1.8,1.8,1.8207433944853904,1.9,2.0,2.0,2.0,2.0,2.0,2.069487052929304,2.1,2.1,2.3,2.3,2.3,2.3,2.3,2.4,2.4,2.4,2.4,2.6,2.8202076077128364,3.0,3.1,3.9290289721216936,4.7,5.000545334952631
2.5,2.6442542340878283,3.1709710278782985,3.528637342826178,3.7,3.8,3.9931700645275616,4.0,4.102283266276596,4.4996092814346325,4.6,4.7,4.8,4.85205555888932,5.0,5.1,5.2,5.259311917748766,5.3,5.399741754388987,5.5,5.6,5.7,5.8,5.8,5.8,5.8,5.994001543934421,6.0,6.1,6.1,6.1,6.1,6.1095758604413755,6.2,6.2,6.2,6.2,6.24482722873702,6.3,6.3,6.3,6.4,6.4,6.4,6.4,6.5,6.5,6.5,6.5,6.5,6.5,6.5,6.5,6.5,6.5,6.5,6.574963308883616,6.6,6.6,6.6,6.6,6.6,6.6,6.6,6.6,6.6,6.6,6.7,6.7,6.7,6.7,6.7,6.7,6.7,6.7,6.7,6.8,6.8,6.8,6.8,6.8,6.8,6.8,6.8,6.9,6.9,6.9,6.9,6.9,6.9,7.028010926291105,7.1,7.1,7.1,7.1,7.203417884354513,7.3,7.3,7.3,7.3,7.3,7.3,7.3,7.3,7.3,7.3,7.3,7.3,7.3,7.3,7.5,7.5,7.5,7.5,7.6,7.6,7.6,7.6,7.6,7.6,7.6,7.6,7.7,7.7,7.7,7.7,7.7,7.7,7.7,7.7,7.7,7.7,7.7,7.8,7.8,7.9,7.9,7.9,8.0,8.0,8.0,8.0,8.0,8.0,8.0,8.2,8.2,8.2,8.3,8.46917401898113,8.5,8.5,8.5,8.5,8.5,8.5,8.5,8.5,8.6,8.6,8.6,8.6,8.6,8.6,8.6,8.8,8.890424139558622,8.9,8.9,9.1,9.1,9.5,9.5,9.6,10.0,10.180147534287231,10.240990970180974,10.30668777723655,10.5,10.5,10.5,10.5,10.5,10.5,10.5,10.5,10.5,10.5,10.5,10.5,10.5,10.5,10.5,10.5,10.5,10.7,10.7,10.903202804851855,12.411491531824344,12.530538757347312
1.4978186601894985,1.8,2.0,2.3286373428261777,2.4589391335881383,2.5,2.5,2.8,2.9,2.9,2.9,3.0649495266849556,3.1687759612645445,3.2,3.2,3.310481391960096,3.5860145100745635,3.7,3.7,3.7,3.76710973118205,3.8,3.8966561113817306,4.0,4.0,4.0,4.0,4.094001543934421,4.149458281606653,4.2,4.3,4.4,4.4,4.5,4.5,4.5,4.6,4.6,4.6,4.7,4.7,4.8,4.817922626012691,4.959328465857746,5.0,5.140067539952498,5.2,5.3,5.3,5.3,5.5,5.5,5.5,5.5,5.5,5.6,5.7,5.774963308883616,5.8,5.8,5.8,5.8,5.835730053136092,6.0,6.097323051621021,6.1,6.1,6.1,6.11641652371272,6.2,6.274106826669302,6.3,6.3,6.3,6.3862229635458165,6.4,6.4,6.467787776252189,6.5,6.5,6.5,6.5,6.5,6.5,6.5,6.5,6.5,6.5,6.5,6.6,6.6,6.6,6.6,6.6,6.7,6.7,6.7,6.7,6.7,6.7,6.7,6.7,6.7,6.7,6.7,6.7,6.7,6.7,6.8,6.8,6.8,6.8,6.8,6.8,6.9,6.9,6.9,6.9,6.9,7.026303351929255,7.1,7.1,7.1,7.164424447495628,7.3,7.3,7.3,7.3,7.3,7.3,7.3,7.3,7.3,7.3,7.3,7.3,7.3,7.3,7.3,7.395621510063717,7.4,7.5,7.5,7.5,7.558462112967839,7.6,7.6,7.661545727139935,7.7,7.7,7.7,7.7,7.7,7.7,7.7,7.7,7.7,7.7,7.7,7.7,7.967079801107315,8.0,8.0,8.0,8.0,8.2,8.241531877275179,8.3,8.440306890980157,8.5,8.5,8.5,8.5,8.5,8.5,8.5,8.5,8.5,8.5,8.5,8.5,8.5,8.569487052929304,8.6,8.6,8.6,8.6,8.6,8.8,8.9,8.914266596893356,10.5,10.5,10.5,10.5,10.5,10.5,10.5,10.5,10.5,10.70981602914735
1.1,1.422127117043914,1.5854855139391493,1.7286373428261779,1.8,1.8,1.8931700645275615,1.9,1.9,2.0,2.0,2.1,2.1,2.1520555588893195,2.3,2.3,2.3,2.4,2.4,2.4,2.4,2.4,2.4,2.4,2.4,2.4,2.4,2.4,2.4,2.5,2.5,2.5,2.5,2.5,2.5,2.6,2.753423758114002,2.8,2.8,2.8,2.8,2.8,2.8,2.8,2.9,2.9,2.9,2.9,2.9,2.9,2.9,2.9,2.9,2.9,2.9732987958385677,3.0,3.0,3.1,3.1,3.1,3.1,3.1,3.1,3.1,3.1,3.1,3.1,3.1,3.1,3.1,3.1,3.1,3.1,3.1,3.1,3.1,3.1,3.1,3.1,3.1,3.1,3.1,3.1,3.1,3.1,3.1,3.1,3.1,3.15293269309945,3.2,3.2,3.2,3.2,3.2,3.2,3.2,3.2,3.2,3.2,3.2,3.2,3.2,3.2,3.3,3.3,3.3,3.3,3.3,3.3,3.3,3.4938521862956464,3.5,3.5,3.5,3.5,3.6,3.7,3.7,3.7,3.7,3.7,3.7,3.7,3.7,3.7,3.7,3.7,3.7,3.7,3.7974723766741247,3.8,3.8,3.8,3.8,3.9,3.9,4.0,4.0,4.0,4.0,4.0,4.0,4.0,4.1,4.2,4.2,4.2,4.2,4.2,4.2,4.2,4.2,4.2,4.2,4.4,4.4,4.4,4.440671534142251,4.582077373987306,4.6,4.6,4.6,4.655172771262977,4.800446139750591,5.0,5.0,5.1,5.290424139558621,5.5,5.5,5.5,5.5,5.8,5.8,5.8,5.9,6.0,6.1,6.1,6.167282571585735,6.3,6.3,6.4,6.6,6.613985489925437,6.7,6.7,6.7,6.7,6.7,6.7,6.8,6.9,6.9,6.913659870944878,7.3,7.3,7.471362657173825,7.7,8.322983063648689,8.610361364099981
0.7994546650473747,1.1,1.2,1.3,1.4,1.4,1.4931700645275616,1.6,1.6,1.7996092814346327,1.9,2.0,2.0,2.0,2.032554993692302,2.1,2.1,2.2,2.2,2.2,2.2,2.2,2.2,2.2,2.3,2.3,2.3,2.3,2.4,2.5,2.5,2.5,2.5,2.5,2.5,2.6,2.7,2.7,2.7,2.7,2.7,2.7,2.7,2.7,2.7,2.7,2.7,2.7,2.7,2.7,2.7308259810188757,2.8,2.8,2.8,2.8732987958385676,2.9,2.9,2.9,2.9,2.9404999223586854,3.0,3.0,3.0,3.0,3.0,3.0,3.0,3.0,3.0,3.0,3.0,3.0,3.030680122839391,3.1,3.1,3.1,3.1,3.1,3.1,3.1,3.2,3.2736966480707363,3.3,3.3,3.3,3.3,3.3,3.3277108492161203,3.4,3.4,3.4,3.4,3.4,3.4,3.4,3.4,3.4,3.4,3.4,3.5,3.6,3.6,3.6,3.6,3.6,3.6,3.6,3.6,3.6,3.6,3.6,3.6,3.6,3.7,3.7,3.7,3.7,3.7,3.8,3.8,3.8,3.8,3.8,3.8,3.8,3.8,3.813777036454178,3.9,3.9,3.9,4.0,4.0,4.1,4.1,4.1,4.1,4.1,4.1,4.1,4.1,4.1,4.1,4.1,4.1,4.15846211296784,4.2,4.2,4.2,4.2968948881851645,4.3,4.3,4.3,4.4,4.4,4.4,4.4,4.4,4.440671534142251,4.5,4.5,4.5,4.5,4.5,4.6,4.6,4.6,4.6,4.6,4.6,4.6,4.6,4.6,4.75054171839335,4.9,4.9,4.9,4.9,5.040990970180974,5.1,5.1,5.1,5.1,5.1,5.1,5.113985489925437,5.3,5.702335018923088,5.8,5.8,5.917525236657525,6.2,6.5,6.5,6.5,6.5,6.7,7.341060866411857,7.6,8.343543458182541,8.777872882956087,10.70981602914735
0.9989093300947492,1.2,1.385485513939149,1.4,1.4,1.4797923922871656,1.6,1.6,1.8,1.8,1.8,1.9824747633424777,2.0,2.0,2.032554993692302,2.1,2.1,2.2,2.2,2.2,2.2,2.2,2.2,2.2,2.2,2.2,2.3,2.3,2.3,2.4,2.456801156119795,2.5,2.5,2.5,2.5584681227248214,2.60640601215474,2.7,2.7,2.7,2.7,2.7,2.7,2.7,2.7,2.7,2.7,2.7,2.718190088503164,2.8,2.8,2.9,2.9,2.9,2.9,2.9,2.9076547858228308,3.0,3.0,3.0,3.0,3.0,3.0,3.0,3.0,3.0,3.0,3.0,3.0,3.0,3.045406826037424,3.1,3.1,3.1,3.1,3.1,3.1136342526696894,3.240819158515501,3.3,3.3,3.3,3.3,3.3736966480707364,3.4,3.4,3.4,3.4,3.4,3.4,3.4,3.4,3.4,3.4,3.4,3.4,3.4,3.427072108449437,3.6,3.6,3.6,3.6,3.6,3.6,3.6,3.6,3.6,3.6,3.6,3.6,3.647129430757855,3.7,3.7,3.7,3.7,3.7,3.7,3.8,3.8,3.8,3.8,3.8,3.8,3.8,3.9,3.9,3.9,3.9,3.913777036454178,4.0,4.1,4.1,4.1,4.1,4.1,4.1,4.1,4.1,4.1,4.1,4.1,4.2,4.2,4.2,4.2,4.3,4.3,4.392345214177164,4.4,4.4,4.4,4.4,4.4,4.4061387656689535,4.5,4.5,4.5,4.5,4.599964124280137,4.6,4.6,4.6,4.6,4.6,4.6,4.6,4.6,4.787187975690506,4.9,4.9,5.040306890980156,5.1,5.1,5.1,5.1,5.1,5.1,5.1,5.1,5.1,5.1,5.167282571585735,5.3,5.300258245611019,5.5,5.8,5.8,5.9,6.0,6.2,6.331224038735451,6.5,6.5,6.5,6.5,6.7,7.113659870944877,7.4,8.3,8.371362657173824,8.714514486060846,8.8,10.70981602914735
0.5,0.6,0.6854855139391492,0.7,0.7,0.7,0.7,0.7,0.7,0.7,0.7,0.7,0.7,0.7520555588893195,0.8,0.8,0.8,0.8593119177487658,0.9,0.9,0.9,0.9,0.9,1.0,1.0,1.0,1.0,1.0940015439344208,1.1,1.1,1.1,1.1,1.1,1.1,1.1,1.1,1.1,1.1,1.1,1.1,1.1,1.2,1.2,1.2,1.2,1.2,1.2,1.2181900885031638,1.3,1.3,1.3,1.3,1.3,1.3,1.3,1.3,1.3415378870321604,1.4,1.4,1.4,1.4,1.4,1.4,1.4,1.4,1.4,1.4,1.4,1.4,1.4,1.4,1.4,1.4,1.4,1.4,1.4,1.4,1.4,1.4,1.4,1.4,1.4,1.4,1.4,1.4,1.4,1.4,1.4,1.4,1.4,1.4,1.4,1.4,1.4,1.4,1.4,1.4,1.4,1.5,1.5,1.5,1.5,1.5,1.5,1.5,1.5,1.5,1.5,1.5,1.5,1.5,1.5,1.5,1.5,1.5,1.5,1.5,1.5,1.5,1.5,1.5,1.6,1.6,1.6,1.6,1.6,1.7,1.7,1.7,1.7,1.7,1.7,1.7,1.7,1.7,1.7,1.7,1.7,1.7,1.7,1.7,1.7,1.7,1.7,1.7,1.7,1.7,1.7,1.7,1.7,1.7,1.7,1.7,1.7,1.7,1.7,1.7,1.7,1.7,1.7,1.7,1.7,1.7,1.7,1.8,1.8,1.8,1.8,1.8,1.8,1.843198843880208,1.9,1.9,1.9059984560655776,2.0,2.0,2.0,2.1,2.2,2.2,2.2,2.2002582456110193,2.3,2.3,2.4,2.4,2.4,2.5,2.631224038735451,2.7,2.7,2.7,2.7,2.7,2.9,3.0,3.0,3.1,3.2,3.5,4.003272009715784
1.7,1.7,1.7,1.7,1.7,1.7,1.7,1.7,1.9136995976595783,3.198437125738531,3.3,3.482474763342478,3.7,3.8,3.9,3.9,4.0,4.059311917748766,4.3,4.499483508777973,4.5,4.6,4.7,4.7,4.8,4.979256605514607,5.0,5.0,5.0,5.0074171595601396,5.2,5.3,5.3,5.3,5.3,5.40640601215474,5.5,5.5,5.5,5.5,5.5,5.651589483128084,5.917922626012691,6.1,6.100035875719855,6.2400675399524985,6.3,6.3,6.4,6.4,6.4,6.4,6.4,6.4,6.5,6.6,6.6,6.6,6.7,6.740499922358685,6.87263956962276,6.9,6.9,6.9,6.997323051621021,7.0,7.0,7.0,7.1,7.1,7.1,7.3,7.330680122839391,7.4,7.686222963545816,7.7,7.7,7.7,7.7,7.8,7.8,7.8,7.8,8.0,8.25133322763466,8.5,8.5,8.5,8.5,8.5,8.7,8.728010926291105,8.8,8.8,8.802392509879162,9.0,9.051708942177257,9.405246369632016,9.500888621543728,9.625448577810745,9.7,9.7,9.7,9.7,9.7,9.7,9.7,9.7,9.7,9.7,9.9,10.1,10.1,10.1,10.1,10.2,10.2,10.2,10.3,10.3,10.5,10.5,10.5,10.5,10.7,10.7,10.7,10.7,11.4,11.4,11.9,11.9,11.9,11.9,11.9,11.9,11.9,11.9,11.9,11.9,11.9,11.9,11.9,11.9,11.9,11.9,11.9,11.9,11.9,11.9,11.9,11.9,11.9,12.1,12.1,12.1,12.1,12.1,12.1,12.1,12.1,12.1,12.1,12.1,12.1,12.1,12.1,12.1,12.1,12.1,12.1,12.1,12.1,12.1,12.1,12.1,12.1,12.1,12.1,12.1,12.1,12.5,12.5,12.5,12.5,12.5,12.6,12.6,12.6,12.6,12.6,12.6,12.6,13.297458086330773,13.3,13.3,13.3,15.369517058040913,18.2,18.277872882956085,18.3
1.7,1.7,1.7,1.7,1.7,1.7,1.7,1.9003631305241728,2.3045665325531925,2.799218562869265,2.9,3.1,3.2,3.3,3.3,3.310481391960096,3.4,3.6,3.7,3.7,3.8,3.8,3.8966561113817306,3.9,3.9,4.0,4.0,4.0,4.0,4.0,4.11360231223959,4.3,4.3,4.3,4.3,4.4,4.5,4.5,4.54482722873702,4.6,4.6,4.6,4.6,4.6,4.7,4.7,4.8,4.8,4.8,5.0,5.0,5.0,5.003105111814835,5.1,5.2,5.3,5.3,5.374963308883617,5.407945850290253,5.5,5.5,5.5,5.5,5.5,5.5,5.727589739189687,5.8,5.887124620470954,6.016416523712721,6.1,6.1,6.1,6.130680122839391,6.2,6.286222963545816,6.3,6.340819158515501,6.4,6.4,6.4,6.5,6.573696648070737,6.699730735815604,6.7,6.75133322763466,6.9,6.9,7.0,7.0,7.0,7.303073906852182,7.4,7.4,7.577661541373566,7.7,7.7,7.7,7.8,7.8,7.8,7.8,7.8,8.0,8.3,8.5,8.5,8.5,8.5,8.7,8.7,8.796926093147825,8.8,8.9,9.5,9.597623680861142,9.7,9.7,9.7,9.7,9.7,9.7,9.7,9.7,9.7,10.018361682968987,10.1,10.1,10.1,10.1,10.197472376674124,10.2,10.3,10.3,10.325750759058089,10.5,10.5,10.7,10.7,11.4,11.4,11.9,11.9,11.9,11.9,11.9,11.9,11.9,11.9,11.9,11.9,11.9,11.9,11.9,11.9,11.9,11.9,11.9,12.1,12.1,12.1,12.1,12.1,12.1,12.1,12.1,12.1,12.1,12.1,12.1,12.1,12.1,12.1,12.1,12.1,12.1,12.1,12.1,12.1,12.1,12.1,12.1,12.1,12.1,12.1,12.5,12.5,12.5,12.5,12.5,12.5,12.507133298446679,12.6,12.6,12.6,12.6,12.6,13.3,13.3,14.011209816981495,18.2,18.3
0.2,0.2,0.2,0.28591202847853375,0.6,0.6,0.7,0.8,0.9,1.0,1.0,1.0,1.0,1.1520555588893195,1.2,1.3,1.3860145100745633,1.4,1.4,1.4,1.4,1.4,1.4,1.4,1.4,1.5,1.537286272143571,1.6,1.6,1.6,1.6,1.6,1.6,1.7,1.7,1.8,1.8,1.8,1.8,1.8,1.8,1.8,1.8,1.9,1.9,1.9,1.9,2.0,2.0,2.0,2.0,2.0,2.0,2.0,2.0,2.0,2.0,2.0,2.0,2.0,2.0,2.0,2.0,2.0,2.0,2.0,2.0575196044106634,2.1,2.1,2.1,2.1,2.1,2.1,2.1,2.1,2.2,2.2,2.2,2.2,2.3,2.3,2.3,2.3,2.3,2.3,2.3,2.3,2.3,2.3,2.3,2.4,2.4,2.4528705692421484,2.5,2.5,2.5,2.5517089421772567,2.6,2.6,2.625448577810747,2.7,2.7,2.8,2.8,2.8,2.8,2.8,2.8,2.9,2.9,2.9,2.9,2.9,2.9,2.9,2.9,2.9,2.9,2.9,2.9,2.9,2.9,2.905449935582612,3.0,3.0,3.0,3.0,3.0,3.0,3.0,3.0,3.0,3.0,3.1,3.1,3.1,3.1,3.1,3.1,3.1,3.1,3.1,3.1,3.1,3.1,3.1,3.2,3.261545727139935,3.3,3.3,3.3,3.306138765668953,3.4,3.4,3.5,3.5,3.5999641242801377,3.6,3.6,3.7,3.7,3.7,3.755172771262977,3.8,3.8,3.8,3.8,3.8,3.840306890980156,3.9,3.9,3.9,4.0,4.0,4.0,4.1,4.1,4.1,4.2,4.2,4.232890268817949,4.3,4.4,4.4,4.4,4.4,4.5,4.5,4.6,4.6,4.9,4.9,4.997716733723399,5.1,5.1,5.3,5.441060866411857,5.8,5.943543458182541,7.555745765912172,7.624540072868376
1.5978186601894986,2.0,2.5,2.6,2.6,2.679792392287166,2.8,2.9,3.2,3.2,3.2,3.2,3.2,3.4,3.4,3.5,3.5,3.6,3.6,3.6,3.6671097311820504,3.7,3.7,3.7,3.8,3.8,3.8,3.9,3.9494582816066526,4.0,4.0,4.0,4.0,4.0,4.0,4.0,4.0,4.0,4.0,4.0,4.0,4.0,4.0,4.0,4.0,4.0,4.0,4.018190088503164,4.1,4.193861234331038,4.2,4.2,4.2,4.3,4.3,4.3,4.3,4.3,4.307945850290253,4.4,4.4,4.404378489936287,4.5,4.5,4.5,4.5,4.5,4.5,4.5,4.5,4.5,4.502527623325866,4.6,4.6,4.6,4.6,4.7,4.7,4.7,4.7,4.7,4.7,4.7,4.8,4.8,4.9,5.0,5.0,5.0,5.0,5.0,5.028010926291105,5.2,5.2,5.2,5.3,5.3,5.3,5.3,5.3,5.3,5.3,5.3,5.4,5.448291057822746,5.5,5.5,5.5,5.5,5.5,5.6,5.6,5.64706730690055,5.7,5.7,5.7,5.7,5.7,5.700269264184391,5.826303351929255,6.0,6.0,6.0,6.0,6.0,6.0,6.0,6.0,6.0,6.0,6.1,6.1,6.2,6.2,6.2,6.2,6.2,6.2,6.2,6.2,6.3,6.3,6.4,6.4,6.4,6.492345214177163,6.5,6.5,6.5,6.6,6.6,6.6,6.6,6.6,6.6,6.6,6.6,6.6,6.6,6.6,6.6,6.6,6.6,6.6,6.6,6.6935939878452535,6.9,6.9,6.9,6.99121831144011,7.0,7.0,7.1,7.1,7.225427455712861,7.3,7.3,7.4,7.503343888618275,7.6,7.7,7.8,7.8,8.0,8.027970979850874,8.2,8.402335018923088,8.5,8.6,8.6,8.6,8.7,8.7,8.8,9.1,9.1,9.746365198471143,10.1,10.3,10.611491531824344,11.402726674763153
2.1972733252368735,2.7885084681756567,3.285485513939149,3.528637342826178,3.6,3.679792392287166,3.7,3.700363130524173,3.9,3.9996092814346325,4.0,4.0,4.0,4.1520555588893195,4.2,4.2,4.2,4.259311917748766,4.3,4.3,4.4,4.432717428414268,4.5,4.5,4.5,4.5,4.5,4.594001543934421,4.6,4.7,4.7,4.808781688559887,4.9,5.0,5.0,5.01281202430948,5.2534237581140015,5.3,5.3,5.4,5.5,5.5,5.5,5.5,5.6,5.640067539952498,5.7,5.7,6.0,6.0,6.0,6.0,6.0,6.0,6.0,6.0,6.0,6.0,6.007945850290253,6.1,6.17263956962276,6.2,6.2,6.2,6.2,6.255179478379375,6.4,6.4,6.4,6.4,6.4,6.5,6.5,6.5,6.5,6.5,6.5,6.5,6.5,6.5,6.6,6.6,6.6,6.6,6.6,6.6,6.6,6.6,6.6,6.6,6.6,6.6,6.6,6.6,6.6,6.6,6.7,6.776311592408004,6.900888621543729,7.0,7.0,7.0,7.0,7.0,7.0,7.0,7.097607490120839,7.1,7.1,7.1,7.1,7.3,7.3,7.3,7.3,7.346159745514967,7.648666772365334,7.7,7.7,7.7,7.7,7.8,7.8,7.8,7.8,7.986365747330313,8.0,8.1,8.1,8.2,8.2,8.3,8.3,8.5,8.5,8.5,8.6,8.733292681424256,8.8,8.8,8.9,8.9,8.9,8.9,8.9,8.9,8.9,8.9,9.0,9.0,9.0,9.0,9.04367777167434,9.1,9.1,9.1,9.1,9.1,9.482077373987305,9.5,9.5,9.5,9.5,9.5,9.5,9.5,9.6,9.6,9.6,9.6,9.6,9.7,9.9,9.9,9.9,9.92074339448539,10.1,10.1,10.2,10.3,10.3,10.3,10.3,10.3,10.3,10.3,10.3,10.3,10.3,10.3,10.3,10.3,10.597716733723399,10.7,10.7,10.7,10.987426064882998,11.4,11.929028972121694,12.5,12.6
0.5,0.9,1.0709710278782987,1.1,1.2,1.2,1.2931700645275617,1.4,1.4022832662765963,1.5996092814346328,1.6,1.6,1.6,1.6,1.6,1.6,1.6860145100745634,1.7,1.8,1.8,1.8,1.8,1.8,1.8,1.8,1.8,1.9,1.9,1.9,1.9,1.9568011561197949,2.0,2.0,2.0,2.0,2.0,2.0,2.0,2.1,2.1,2.1329201988926885,2.2,2.3,2.4,2.4,2.4,2.4,2.4,2.4,2.4,2.4,2.4,2.4,2.4,2.4,2.4,2.4,2.4,2.4,2.4,2.4,2.4,2.4,2.4,2.4,2.4,2.4,2.4,2.4,2.445406826037424,2.5,2.5,2.5,2.5,2.5,2.5,2.5,2.5,2.5,2.6,2.6,2.7,2.7,2.725606498421527,2.8,2.8,2.8,2.8,2.85293269309945,2.9,2.9,2.9,3.0,3.0,3.0,3.027072108449437,3.1,3.1,3.1,3.1,3.1,3.2,3.2,3.2,3.2,3.3,3.3,3.3,3.394258861515709,3.5,3.5,3.5,3.5,3.5,3.5,3.5,3.5,3.5,3.5,3.5,3.552505150770389,3.6,3.6,3.6,3.6591808414844937,3.7,3.7,3.8,3.8,3.8,3.8,3.854593173962581,3.9,4.0,4.0,4.0,4.0,4.0,4.0,4.0,4.027360430377234,4.1,4.1,4.1,4.1,4.1,4.1,4.1,4.1,4.1,4.2,4.2,4.3,4.3,4.3,4.3,4.3,4.3,4.3,4.3,4.3,4.3,4.3,4.3,4.4,4.4,4.4,4.4,4.5,4.59121831144011,4.6,4.696291420219933,4.7,4.7,4.762713727856431,4.8,4.880147534287232,5.0,5.0,5.067282571585736,5.132890268817948,5.2,5.269487052929304,5.4,5.613985489925437,5.7,5.767445006307696,5.8,5.8,5.8,5.8,5.8,5.8,5.8,5.8,5.840415215425673,6.2,6.542725314347649,7.372572430304234,8.345110180692604,9.503272009715783
1.2989093300947494,1.8,1.8,1.828637342826178,2.0178782671762763,2.3,2.3,2.400363130524173,2.5022832662765966,2.6,2.7928667015533226,2.8,2.8,2.8,2.8,2.8,2.8,2.8,2.8,2.8997417543889865,2.9,2.9,2.9,2.9590090298190246,3.0,3.0,3.0,3.094001543934421,3.1,3.1,3.1,3.108781688559887,3.2,3.2,3.3,3.3,3.3,3.3,3.34482722873702,3.4,3.4,3.4,3.4,3.4,3.5,3.5,3.5,3.5,3.5,3.5,3.5,3.6,3.6,3.6,3.6,3.6,3.6,3.6,3.6,3.6,3.6,3.7,3.7,3.7,3.7,3.7,3.8,3.8,3.8,3.8,3.8,3.8,3.8,3.8,3.8,3.8,3.8,3.8,3.8,3.8,3.8,3.8,3.8,3.8,3.8,3.8,3.8,3.8,3.8,3.8,3.8,3.8,3.8,3.8,3.8,3.8,3.8,3.8,3.8,3.8,3.8,3.8,3.8,3.9,3.9,3.9,3.9,3.9,3.9,3.9,3.9,3.9,3.9,3.9,3.9,3.9,3.9,3.9,3.9,3.9,3.9,3.9,3.9,3.9,3.9,3.9,3.9,3.9,3.9,4.0,4.0,4.0,4.0,4.1,4.1,4.1,4.1,4.1,4.1,4.1,4.1,4.1,4.1,4.1,4.1,4.1,4.1,4.1,4.1,4.1,4.1,4.1,4.1,4.1,4.120554724647712,4.2,4.2,4.2,4.2,4.3,4.367079801107315,4.4,4.4,4.4,4.4,4.4,4.4,4.4,4.4,4.4,4.4,4.4,4.4,4.5,4.5,4.5,4.5801475342872315,4.6,4.703343888618275,4.9,5.0,5.000258245611019,5.1,5.1,5.1,5.189518608039907,5.3,5.3,5.431224038735451,5.6,5.7,5.9,5.9,6.0,6.0,6.060622823138511,6.3,6.4,6.7,7.377872882956086,10.00054533495263
0.5994546650473747,0.8,0.9,1.1,1.2,1.3,1.3,1.3,1.3,1.3,1.3,1.3,1.3,1.3,1.3,1.3,1.3,1.3,1.3,1.3,1.3,1.3,1.3,1.3,1.3,1.3,1.3,1.3,1.3,1.3,1.3,1.3,1.3,1.3,1.3,1.3,1.3,1.3,1.3,1.3,1.4,1.4,1.4,1.4,1.4,1.4,1.4,1.4,1.4,1.4,1.4,1.4,1.4,1.4,1.4,1.4,1.4,1.4,1.4,1.4,1.4,1.4,1.4,1.4,1.4,1.4,1.4,1.4,1.4,1.4,1.4,1.5,1.5,1.5,1.5,1.5,1.5,1.5,1.5,1.5,1.5,1.5,1.5,1.5256064984215272,1.6,1.6,1.6,1.6277108492161205,1.7,1.7,1.7,1.7,1.7,1.7,1.7023925098791608,1.8,1.8,1.8,1.8,1.8,1.8,1.8,1.8,1.8,1.8,1.8,1.8,1.8,1.8,1.8,1.8,1.8,1.8,1.9,1.9,1.9,1.9,2.0,2.0,2.0,2.0,2.0,2.1,2.1,2.1,2.1863657473303135,2.2,2.3,2.3,2.3,2.3,2.4,2.4,2.4,2.4,2.4,2.5,2.5,2.5,2.5,2.5,2.5,2.5,2.525036691116378,2.6,2.6,2.6,2.6,2.7,2.7,2.7,2.7,2.7,2.7,2.7,2.7,2.7,2.7,2.7,2.8,2.8,2.8,2.8,2.8,2.8,2.8,2.8,2.8,2.8,2.8,2.8,2.8,2.85054171839335,3.0,3.0,3.0,3.0,3.0,3.003343888618275,3.1,3.2,3.3,3.3,3.3,3.5,3.5,3.5,3.547944441110684,3.731224038735451,3.8,3.8,3.8,3.8,3.8,3.8,3.8,3.8,3.9,4.1,4.4,5.108725359242089
0.6994546650473746,0.8,0.8,1.0,1.1,1.1,1.2,1.2003631305241729,1.3,1.3,1.3,1.3,1.3,1.3,1.3,1.3,1.3,1.3,1.3,1.3,1.3,1.3,1.3,1.3,1.3,1.3,1.3,1.3,1.3,1.3,1.3,1.3,1.3,1.3,1.3,1.3,1.3,1.3,1.3,1.3,1.3,1.3,1.3,1.3,1.3,1.3,1.3,1.3,1.3,1.3,1.3,1.3,1.3,1.3,1.3,1.3,1.3,1.3,1.3,1.3,1.3,1.3,1.3,1.3,1.3,1.3,1.3,1.3,1.3,1.3,1.3,1.3,1.3,1.3,1.3,1.3,1.3,1.3,1.3,1.3,1.3,1.3,1.3,1.3,1.3,1.3,1.3,1.3,1.3,1.3,1.3,1.3,1.3,1.3,1.3023925098791609,1.4,1.4,1.4,1.4,1.4,1.4,1.4,1.4,1.4,1.4,1.4,1.4,1.4,1.4,1.4,1.4,1.4,1.4,1.4,1.4,1.4,1.4,1.4,1.4,1.4263033519292547,1.5,1.5,1.5,1.5,1.5,1.5,1.5,1.5,1.5,1.5,1.5,1.6,1.6,1.6,1.6,1.6,1.6,1.633292681424257,1.7,1.7,1.7,1.7,1.7,1.7,1.7,1.7,1.8,1.8,1.8,1.8,1.8,1.8,1.8,1.8,1.8,1.8,1.8,1.8406715341422513,1.9,1.9242052584359555,2.0,2.0,2.0,2.0,2.0,2.0,2.0,2.0,2.040306890980156,2.1,2.2,2.2962914202199327,2.3,2.3,2.3,2.4,2.4,2.4,2.403343888618275,2.5,2.5,2.5,2.5,2.6,2.6,2.6,2.7,2.7,2.7,2.8,2.8,2.8,2.8,2.8,2.9068299354724387,3.0,3.0,3.356813285869123,3.5290289721216936,3.8,4.101636004857891
1.697273325236873,3.2,3.5709710278782985,3.7,3.7,3.9,3.9931700645275616,4.0,4.1,4.1,4.1,4.2,4.3,4.3,4.332554993692302,4.410481391960097,4.5,4.559311917748766,4.6,4.699741754388987,4.8,4.9,4.9,4.959009029819025,5.0,5.0,5.0,5.194001543934421,5.3,5.3,5.3,5.3,5.3,5.3,5.3,5.4,5.4,5.5,5.5,5.5,5.5,5.5,5.6,5.7,5.8,5.8,5.8,5.818190088503163,6.0,6.0,6.1,6.1,6.1,6.1,6.1,6.1,6.14153788703216,6.2,6.2,6.2,6.2,6.2,6.2,6.2,6.2,6.2,6.2,6.2,6.2,6.2,6.2,6.2,6.3,6.35857505126975,6.4,6.5,6.5,6.5,6.5,6.5,6.6,6.6,6.6,6.6,6.6,6.6,6.6,6.6,6.6,6.6,6.6,6.6,6.7,6.777661541373567,6.80239250987916,6.9,6.9,6.9,6.9,7.0,7.0,7.0,7.1,7.147376815183997,7.3,7.3,7.3,7.3,7.4,7.4,7.593852186295646,7.6,7.6,7.6,7.6,7.6,7.6,7.6,7.6,7.6,7.6,7.6,7.6,7.6,7.6,7.6,7.6,7.6,7.6,7.7,7.7,7.7,7.7,7.7,7.7,7.7,7.7,7.7,7.7,7.795621510063716,7.8,7.8,7.8,7.8,7.8,7.892345214177164,8.0,8.0,8.0,8.0,8.0,8.0,8.0,8.0,8.0,8.0,8.0,8.0,8.082077373987305,8.1,8.167079801107313,8.2,8.2,8.2,8.2,8.2,8.2,8.290424139558622,8.440306890980157,8.5,8.5,8.5,8.5,8.5,8.6,8.6,8.6,8.6,8.6,8.6,8.7,8.700516491222038,8.9,8.9,8.9,8.9,8.9,9.0,9.1,9.1,9.1,9.1,9.1,9.5,9.5,9.5,9.5,9.885450628695299,10.1,10.1,10.5
3.098363995142124,3.2,3.285485513939149,3.3,3.3,3.3797923922871655,3.4,3.500363130524173,3.7,3.7,3.8,3.9,4.0,4.0,4.0,4.0,4.1,4.2,4.2,4.3,4.3,4.3,4.4,4.5,4.5,4.5,4.5,4.5,4.5,4.5,4.5,4.5,4.5,4.509575860441376,4.6584681227248215,4.7,4.7,4.7,4.74482722873702,4.8,4.8,4.8,4.8,4.8,4.8,4.9,4.9,4.9,4.9,4.9,4.9,4.9,4.9,4.938454272860063,5.0,5.0,5.0,5.1,5.1,5.1,5.17263956962276,5.2,5.235730053136092,5.3,5.3,5.3,5.3,5.3,5.3,5.3,5.3,5.3,5.3,5.4,5.4,5.41363425266969,5.5,5.5,5.5,5.5,5.5,5.5,5.5,5.5,5.5,5.5,5.502376319138856,5.6,5.7,5.7,5.7,5.7,5.7,5.7,5.7,5.7,5.7,5.7,5.8,5.8,5.85,5.9,5.999111378456268,6.0,6.0,6.0,6.097607490120839,6.1,6.1,6.1,6.1,6.1,6.1,6.1,6.2,6.2,6.2,6.2,6.2,6.2,6.2,6.2,6.2,6.2,6.2,6.2,6.2,6.2,6.2,6.2,6.2,6.2,6.2,6.212875379529044,6.3,6.3,6.3,6.3,6.3,6.3,6.4,6.4,6.4,6.5,6.5,6.5,6.5,6.5,6.5,6.5,6.5,6.5,6.5,6.5,6.5,6.5,6.5,6.6,6.6,6.6,6.6,6.6,6.6,6.6,6.6,6.6,6.6,6.6,6.6,6.6,6.7,6.796291420219933,6.9,6.9,6.9,6.9,6.9,7.0,7.0,7.0,7.1,7.100516491222038,7.369487052929304,7.4,7.413985489925437,7.5,7.6,7.6,7.6,7.6,7.6,7.700390718565365,7.8,7.999636869475824,8.2,8.26062282313851,8.5,8.6,8.672572430304234,9.433618648868258,10.00054533495263
0.5,0.8,0.8,0.9,0.9,1.1,1.1931700645275616,1.2,1.2,1.2,1.2,1.2,1.3,1.3,1.3,1.3,1.3,1.3,1.3,1.3,1.3,1.3,1.3,1.4,1.4,1.4,1.4,1.4,1.4,1.4,1.5,1.5,1.5,1.5,1.5,1.5,1.5,1.5,1.5,1.5,1.6,1.6,1.6,1.6,1.6,1.6,1.6,1.6,1.6,1.6,1.7,1.7,1.7,1.7,1.7,1.8,1.8,1.8,1.8,1.8,1.8,1.8,1.8,1.8,1.8,1.8,1.8,1.8,1.8,1.8,1.8,1.8,1.8,1.8,1.9,1.9,1.9,1.9,1.9,1.9,1.9,1.9,1.9,1.9,1.9,1.9,1.9,1.9,1.9,1.9,2.0,2.0,2.0,2.0,2.0,2.0,2.0,2.1,2.1,2.1,2.1,2.1,2.1,2.1,2.2,2.2729278915505744,2.3,2.3,2.3,2.3,2.3,2.3,2.3,2.372289150783877,2.4,2.4,2.4,2.4,2.4,2.4,2.4,2.4,2.4,2.4,2.4,2.4,2.4,2.4,2.4,2.4,2.4,2.4,2.4,2.4,2.5,2.5,2.5,2.6,2.6,2.6,2.6,2.7,2.7,2.7,2.7584621129678397,2.8,2.8,2.8,2.8,2.8,2.8,2.8,2.8,2.8,2.8,2.9,2.9,2.9,3.0,3.0,3.0,3.0,3.0551727712629773,3.1,3.1,3.1,3.1,3.1,3.1,3.1,3.2,3.2,3.3,3.3,3.3,3.3,3.3,3.3,3.4,3.5,3.5,3.5,3.5,3.5,3.5,3.5,3.5,3.547944441110684,3.631224038735451,3.8,3.8,3.8,3.9,3.9,4.1,4.1,4.1,4.1,4.4,4.4,5.000545334952631
3.291274640757994,3.6,3.8709710278782983,4.0,4.2,4.2,4.3,4.4,4.402283266276597,4.5,4.592866701553323,4.864949526684956,5.0,5.2,5.3,5.5,5.586014510074563,5.659311917748766,6.0,6.0,6.0,6.0327174284142675,6.2,6.2,6.2,6.2,6.4,6.4,6.449458281606653,6.5,6.5,6.5,6.5,6.6,6.6,6.6,6.6,6.6,6.6,6.6,6.6,6.6,6.917922626012691,7.0,7.000035875719855,7.1,7.1,7.1,7.1,7.1,7.1,7.1,7.1,7.176908545720124,7.3,7.3,7.3,7.624889926650849,7.7,7.7,7.7,7.7,7.7,7.933414637151486,8.194646103242041,8.5,8.6,8.6,8.816416523712721,8.9,8.9,8.9,8.9,8.9,8.9,8.9,8.9,8.9,8.9,8.9,8.9,8.9,8.9,8.9,8.9,8.9,8.9,8.9,8.9,8.9,8.903073906852184,9.0,9.0,9.0,9.0,9.0,9.0,9.0,9.0,9.0,9.0,9.0,9.0,9.0,9.0,9.0,9.0,9.0,9.0,9.0,9.1,9.1,9.1,9.1,9.1,9.192319491029934,9.5,9.5,9.5,9.5,9.5,9.5,9.5,9.5,9.5,9.5,9.5,9.5,9.5,9.5,9.5,9.5,9.5,9.5,9.5,9.5,9.5,9.5,9.5,9.5,9.5,9.5,9.5,9.525036691116378,9.6,9.6,9.6,9.6,9.6,9.6,9.6,9.6,9.6,9.6,9.6,9.6,9.6,9.6,9.6,9.6,9.6,9.6,9.6,9.6,9.6,9.6,9.6,9.6,9.6,9.6,9.6,9.696291420219932,9.9,9.9,9.9,9.9,9.9,10.1,10.1,10.2,10.2,10.2,10.269487052929305,10.3,10.3,10.3,10.3,10.3,10.3,10.3,10.3,10.3,10.3,10.3,10.3,10.3,10.3,10.671362657173823,10.7,12.10171189320955,15.5
1.6994546650473745,2.8885084681756568,3.485485513939149,3.528637342826178,3.6589391335881385,3.7,3.7931700645275614,4.0,4.0,4.0,4.0,4.0,4.0,4.2,4.2,4.2,4.2,4.2,4.2,4.299741754388987,4.3,4.332717428414268,4.4,4.4,4.4,4.5,4.5,4.5,4.5,4.5,4.5,4.5,4.5,4.5,4.5,4.50640601215474,4.6,4.7,4.7,4.7,4.7,4.8,4.917922626012691,5.0,5.1,5.2,5.2,5.2,5.3,5.3,5.330825981018876,5.5,5.5,5.5,5.5,5.5,5.5,5.5,5.507945850290253,5.6,5.6,5.6,5.6,5.6,5.6,5.627589739189688,5.7,5.7,5.7,5.7,5.7,5.7,5.7,5.8,6.0,6.0,6.0,6.0,6.0,6.1,6.1,6.173696648070736,6.2,6.3,6.4,6.4,6.402376319138856,6.5,6.5,6.5,6.6,6.6,6.6,6.6,6.6,6.6,6.6,6.6,6.6,6.6,6.6,6.6,6.6,6.6,6.6,6.6,6.6,6.6,6.647129430757855,6.7,6.8,6.9,6.9,6.972289150783877,7.0,7.0,7.0,7.0,7.0,7.0,7.0,7.0,7.0,7.164424447495628,7.3,7.3,7.3,7.3,7.3,7.3,7.3,7.3,7.3,7.3,7.4,7.572410260810318,7.6,7.6332926814242565,7.7,7.7,7.7,7.7,7.792054149709747,7.8,7.8,7.8,8.0,8.0,8.0,8.032765281195783,8.269174018981131,8.4,8.44367777167434,8.6,8.820554724647714,8.9,8.9,8.9,8.9,8.9,8.9,8.9,8.9,8.9,8.9,8.9,8.9,8.9,8.9,8.9,8.9,8.9,8.95054171839335,9.0,9.0,9.0,9.1,9.1,9.1,9.1,9.1,9.1,9.1,9.5,9.5,9.5,9.5,9.5,9.5,9.5,9.5,9.6,9.6,9.999636869475825,10.1,10.2,10.2,10.3,10.3,10.5,11.4
0.5,1.2442542340878282,1.6,1.6,1.7589391335881381,1.8,1.8,1.9,2.0,2.0,2.0,2.0,2.0,2.1,2.332554993692302,2.4,2.4,2.4,2.4,2.4,2.4,2.5,2.5,2.5,2.519852465712776,2.679256605514607,2.7,2.794001543934421,2.8,2.8,2.8,2.8,2.8,2.9,2.9,2.9,2.9,2.999553860249409,3.0,3.0,3.0,3.1,3.1,3.1,3.2,3.2,3.2,3.2,3.2,3.3,3.3,3.3,3.3,3.5,3.5,3.5,3.5,3.5,3.5,3.5404999223586855,3.6,3.6043784899362863,3.7,3.7,3.7,3.7,3.8,3.8,3.8,3.8,3.8,3.8,3.8,3.8,3.8,3.813634252669689,3.9,3.9,4.0,4.0,4.0,4.0,4.0,4.0,4.0,4.0,4.0,4.0,4.0,4.0,4.0,4.0,4.0,4.0,4.0,4.0,4.0,4.0,4.0,4.0,4.0,4.0,4.0,4.0,4.0,4.1,4.1,4.1,4.1,4.1,4.1,4.1,4.1,4.1,4.1,4.1,4.148666772365334,4.2,4.2,4.2,4.252505150770389,4.3,4.3,4.3,4.3,4.3,4.3,4.3,4.3,4.3,4.3,4.3,4.3,4.3,4.4,4.4,4.4,4.4,4.4,4.4,4.4,4.459500077641303,4.5,4.525036691116378,4.6,4.6,4.6,4.6,4.696894888185165,4.7,4.7,4.7,4.7,4.7,4.7,4.7,4.799964124280137,4.8,4.8,4.8,4.8,4.8,4.8551727712629775,5.0,5.0,5.0,5.0,5.0,5.1,5.1,5.1,5.1,5.2,5.3,5.3,5.32074339448539,5.4,5.4,5.6,5.6,5.7,5.7,5.7,5.740688082251234,5.8,5.8,5.8,5.8,6.0,6.0,6.0,6.000390718565365,6.1,6.299636869475824,6.4,6.5,6.6,6.6,6.9,7.8,8.003272009715783
1.3978186601894984,1.922127117043914,2.2,2.2,2.5589391335881384,2.6,2.8,2.8003631305241727,3.1,3.1,3.1,3.1,3.2,3.2,3.3,3.3,3.3,3.3,3.3,3.3,3.3,3.4,3.4,3.4,3.5,3.5,3.6,3.6,3.6494582816066528,3.7,3.7,3.7,3.7,3.7,3.7,3.8,3.8,3.8,3.8,3.8,3.8,3.9,3.9,3.9,3.9,3.9,3.9,3.9,3.9,4.0,4.0,4.0,4.1,4.1,4.173298795838567,4.2,4.2,4.2,4.2,4.3,4.37263956962276,4.4,4.4,4.4,4.4,4.5,4.5,4.5,4.5,4.5,4.5,4.6,4.6,4.6,4.6,4.6,4.6,4.6,4.6,4.7,4.7,4.7,4.7,4.8,4.8,4.8,4.8,4.8,4.8,4.9,4.9,4.9,4.952870569242148,5.0,5.0,5.0,5.051708942177257,5.1,5.1,5.1,5.2,5.2,5.299111378456268,5.3,5.3,5.3,5.3,5.422338458626434,5.5,5.5,5.5,5.521949238263988,5.6,5.672289150783877,5.7,5.8,6.0,6.0,6.0,6.0,6.0,6.0,6.1,6.1,6.1,6.1,6.1,6.1,6.1,6.1,6.1,6.1,6.1,6.2,6.2,6.2,6.2,6.2,6.2,6.2,6.2,6.2,6.2,6.3,6.3,6.3,6.3,6.361545727139935,6.4,6.432765281195782,6.5,6.506138765668953,6.6,6.6,6.6,6.6,6.6,6.6,6.6,6.7,6.7,6.8,6.8,6.8,6.8,6.8,6.8,6.8,6.840306890980156,6.9,6.9,6.9,6.9,6.9,6.9,6.9,6.980147534287232,7.0,7.1,7.1,7.1,7.1,7.238974105858608,7.4,7.4,7.4,7.567445006307696,7.6,7.7,7.817525236657525,8.0,8.1,8.1,8.1,8.1,8.4,8.582121732823714,9.04272531434765,10.7,11.4,11.70109066990526
1.795637320378997,2.0442542340878282,2.2,2.6,2.8,2.8,2.9,3.1,3.1,3.1,3.1,3.1,3.2,3.3,3.3,3.3,3.3,3.3,3.330512947070702,3.4,3.5,3.5,3.5,3.5,3.6,3.6,3.6,3.694001543934421,3.7,3.7,3.7,3.7,3.7,3.7,3.7,3.8,3.8,3.8,3.9,3.9,3.9,3.9,3.9,3.9,3.900035875719855,4.0,4.0,4.0,4.056322228325667,4.1,4.1,4.1,4.103105111814835,4.2,4.2,4.2,4.2,4.2,4.3,4.4,4.4,4.404378489936287,4.5,4.5,4.5,4.5,4.6,4.6,4.6,4.6,4.674106826669302,4.7,4.7,4.7,4.7,4.8,4.8,4.8,4.8,4.8,4.8,4.9,4.9,4.9,4.9,4.9,4.9,5.0,5.0,5.078050761736014,5.1,5.1,5.152870569242149,5.2,5.3,5.3,5.3,5.3,5.3,5.3,5.3,5.3,5.498222756912537,5.5,5.5,5.5,5.5,5.5,5.5,5.5,5.5,5.5,5.6,5.7,5.7,5.8,5.8,5.8,6.0,6.0,6.0,6.0,6.0,6.0,6.0,6.0,6.0,6.0,6.069319877160609,6.1,6.1,6.1,6.1,6.1,6.1,6.1,6.2,6.2,6.2,6.2,6.2,6.2,6.2,6.3,6.3,6.3,6.4,6.4,6.4,6.5,6.5,6.5,6.5,6.6,6.6,6.6,6.6,6.6,6.6,6.6,6.7,6.8,6.8,6.8,6.8,6.8,6.8,6.8,6.840306890980156,6.9,6.9,6.9,6.9,6.9,6.9,6.9,6.9,6.940990970180974,7.003343888618275,7.1,7.1,7.100516491222038,7.369487052929304,7.4,7.4,7.4,7.467445006307696,7.5,7.6,7.817525236657525,8.007133298446679,8.1,8.1,8.2,8.40682993547244,8.6,8.7,8.84272531434765,10.18708691636508,11.633618648868259,11.70109066990526
0.5,0.5,0.6,0.6,0.7,0.7797923922871658,0.8,0.8,0.8,0.8,0.8928667015533229,0.9,0.9,0.9,1.0,1.1,1.1,1.1,1.1,1.1,1.1,1.1327174284142678,1.2,1.2,1.2,1.2,1.2,1.2,1.2,1.2,1.2,1.2,1.2,1.3,1.3,1.3,1.3,1.3,1.3,1.4,1.4,1.4,1.4,1.4,1.4,1.5,1.5,1.5,1.6,1.6,1.6,1.6,1.6,1.6,1.6,1.6,1.6,1.6,1.7,1.7,1.7,1.7,1.7,1.7,1.7,1.7,1.7,1.8,1.8,1.8,1.8,1.8,1.8,1.85857505126975,1.9,1.9,1.9,1.9,1.9,1.9,1.9,1.9,1.9,2.0,2.0,2.0,2.0,2.0,2.0,2.0,2.0,2.0,2.0,2.0,2.0,2.0,2.0,2.1,2.1,2.1,2.1,2.1,2.2,2.223688407591999,2.3,2.3,2.3,2.3,2.3471294307578545,2.4,2.4,2.4,2.5,2.5,2.5,2.5,2.6,2.6,2.6,2.6,2.6,2.6,2.6,2.6,2.6,2.6,2.627554072908356,2.8,2.8,2.8,2.8,2.8,2.8,2.8,2.8,2.8,2.8,2.8,2.8,2.8,2.8,2.8,2.8,2.8,2.8,2.8923452141771633,2.9,2.9,2.9,3.0,3.0,3.0,3.0,3.0,3.0,3.0,3.1,3.140671534142251,3.282077373987306,3.3,3.3,3.3,3.5,3.5,3.5,3.5,3.5,3.5,3.5,3.5,3.5,3.5,3.6,3.7,3.7,3.7,3.7,3.7,3.8,3.8,3.8,3.8,3.869487052929304,3.9,3.9,3.9,3.9,3.9,4.0,4.0,4.1,4.2,4.2,4.7,4.8136598709448775,5.040415215425673,5.2,5.3,5.3290289721216935,5.6,6.3
1.7,1.7,1.7,1.7,1.7,1.7,1.7,1.9003631305241728,2.6022832662765967,2.7996092814346323,3.0,3.1,3.1687759612645445,3.3,3.632554993692302,3.8,3.8,3.9,3.9,3.9,3.9671097311820502,4.0,4.2,4.3,4.4198524657127765,4.5,4.6,4.694001543934421,4.7,4.7,4.7,4.7,4.759693109019841,4.8,4.8,4.8,4.8,4.8,4.8,4.9,4.9,4.9,4.9,4.959328465857746,5.0,5.0,5.0,5.0,5.0,5.0,5.0,5.0,5.003105111814835,5.2,5.2,5.3,5.3,5.5,5.5,5.5,5.5,5.5,5.5,5.5,5.597323051621021,5.6,5.7,5.874249240941907,6.1,6.1,6.1,6.1,6.1,6.1,6.1,6.113634252669689,6.2,6.2,6.2,6.2,6.2,6.273696648070737,6.399730735815604,6.4,6.4,6.4,6.4,6.4,6.5058653861989,6.6,6.6,6.6,6.652870569242149,6.7,6.7,6.9,6.9,7.0,7.0,7.0,7.0,7.0,7.099111378456268,7.3,7.3,7.6,7.7,7.7,7.8,7.8,7.8,7.8,7.8,7.8,7.995247361722283,8.0,8.0,8.0,8.0,8.026303351929254,8.1,8.1,8.1,8.132212223747814,8.459180841484493,8.5,8.5,8.5,8.5,8.5,8.6,8.6,8.867166952574575,9.612875379529044,9.7,9.7,9.7,9.833170725697027,10.1,10.1,10.1,10.1,10.1,10.3,10.3,10.484690428354327,10.553402408322858,10.7,10.7,11.760418093153602,12.5,12.6,12.6,12.763619822993666,12.8,12.8,12.8,12.8,12.8,12.8,12.8,12.8,12.8,12.8,12.8,12.8,12.8,12.8,12.8,12.8,12.8,12.8,12.8,12.8,13.113568639282153,13.3,13.3,13.791891642171686,14.5,14.5,14.5,14.5,14.5,14.5,14.5,14.5,14.5,14.5,14.5,14.5,14.5,14.5,14.5,14.5,14.5,14.843529331118225,16.2,18.1,18.2,18.2,18.3
1.7,1.7,1.7,1.7,1.7,1.7,1.7,1.7010893915725187,2.2022832662765968,2.6996092814346326,2.8928667015533227,3.0649495266849556,3.1687759612645445,3.4,3.632554993692302,3.7104813919600965,3.8,3.9,3.9,3.9,3.9,3.932717428414268,4.0,4.0,4.2,4.279256605514607,4.3372862721435705,4.5,4.6,4.6,4.7,4.7,4.7,4.7,4.7,4.8,4.8,4.8,4.8,4.8,4.9,4.9,4.9,4.9,4.900035875719856,5.0,5.0,5.0,5.0,5.0,5.0,5.0,5.0,5.0,5.0,5.107654785822831,5.2,5.2,5.3,5.3,5.5,5.5,5.5,5.5,5.5,5.5,5.5,5.6,5.61641652371272,5.7,5.848213653338604,6.002527623325866,6.1,6.1,6.1,6.1,6.1,6.1,6.1,6.2,6.2,6.2,6.2,6.2,6.25133322763466,6.3,6.3023763191388555,6.4,6.4,6.4,6.4,6.4,6.4,6.4,6.5,6.6,6.6,6.6,6.7,6.7,6.7,6.874551422189251,6.9,6.9,6.9,6.9,6.9,6.9,7.0,7.0,7.096926093147823,7.143898476527976,7.3,7.3,7.6904947234445675,7.7,7.748666772365334,7.8,7.8,8.0,8.0,8.0,8.0,8.032212223747814,8.1,8.1,8.1,8.1,8.169319877160609,8.497472376674125,8.5,8.5,8.5,8.512875379529044,8.6,8.6,8.602676948378985,8.8,9.028539893727816,9.391243020127433,9.627360430377234,9.7,9.7,9.800146764465511,10.1,10.3,10.3,10.3,10.3,10.5,10.5,10.5,10.7,10.7,10.7,11.4,12.5,12.5,12.582077373987305,12.6,12.8,12.8,12.8,12.8,12.8,12.8,12.8,12.8,12.8,12.8,12.8,12.8,12.8,12.8,12.8,12.8,13.200737671436162,13.3,13.340126663419301,14.5,14.5,14.5,14.5,14.5,14.5,14.5,14.5,14.5,14.5,14.5,14.5,14.5,14.5,14.5,14.5,14.5,14.5,14.5,16.2,18.177872882956088,18.3
0.5,0.6,0.6,0.8,0.8,0.8,0.8,0.9,0.9,0.9,0.9,0.9,0.9,0.9,0.9,0.9,0.9,0.9,0.9,0.9,1.0,1.1327174284142678,1.2,1.2,1.2,1.2,1.2,1.2,1.2,1.2,1.2,1.2,1.2,1.2,1.2,1.2,1.253423758114002,1.3,1.3,1.3,1.3,1.3,1.3,1.3,1.3,1.3,1.4,1.4,1.4,1.4938612343310382,1.5,1.5,1.5,1.5,1.5,1.5076547858228309,1.6,1.6,1.7,1.7,1.7,1.7,1.7,1.7,1.7,1.7,1.7,1.7,1.7,1.7,1.7,1.7,1.7,1.7,1.8,1.8,1.8,1.8,1.8,1.8,1.8,1.8,1.8,1.8,1.8,1.8,1.8,1.8,1.8,1.8780507617360143,1.9,1.9,1.9,1.9,1.9,1.9270721084494369,2.0,2.0,2.0,2.0,2.0,2.0,2.0,2.0,2.0,2.0,2.0,2.0,2.1,2.1,2.1,2.1,2.14706730690055,2.2,2.2,2.2,2.3,2.3,2.3,2.3,2.3,2.378884147332195,2.4,2.4,2.4,2.5,2.5,2.5,2.5,2.6,2.6,2.6,2.6,2.7,2.8,2.8,2.8,2.8,2.8,2.8,2.8,2.8,2.8,2.8,2.8,2.8,2.8,2.8,2.9,2.9,2.9691740189811298,3.0,3.0,3.0818099114968334,3.1,3.1,3.1,3.1,3.1,3.3,3.3,3.3,3.5,3.5,3.5,3.5,3.5,3.5,3.5,3.6,3.6,3.6,3.6,3.605998456065578,3.7,3.7,3.780147534287232,3.9,3.9,3.9,3.9,3.9,3.9,3.9,3.9,3.9,4.0,4.0,4.0,4.0,4.007133298446678,4.2,4.2,4.2,4.2,4.320207607712836,4.6,4.671362657173825,5.014514486060847,5.2,5.904908014573675
1.098363995142124,1.2,1.2,1.328637342826178,1.4,1.4797923922871656,1.5,1.6,1.6,1.6,1.6928667015533228,1.7,1.7687759612645444,1.8,1.8,1.9,1.9,2.0,2.0,2.0,2.0,2.0,2.1,2.2180180596380494,2.319852465712776,2.4,2.4,2.4,2.5,2.5,2.5,2.5,2.5,2.5,2.5,2.5,2.5,2.5,2.6,2.6,2.6,2.6,2.7,2.7,2.8,2.8,2.8,2.8,2.8,2.8,2.8,2.8,2.8,2.8,2.8,2.8,2.8,2.9,2.9,2.9,3.0,3.1,3.1,3.1,3.1,3.1,3.1,3.1,3.1,3.1,3.2,3.2,3.230680122839391,3.3,3.3,3.3,3.3,3.3,3.3,3.3,3.3,3.3,3.3,3.3,3.4,3.5,3.5,3.5,3.5,3.5,3.6,3.6,3.6,3.6,3.7,3.7,3.7,3.7,3.7,3.7,3.7,3.7,3.7,3.8,3.8,3.8,3.8,3.8,3.8,3.8,3.8,3.8,3.8,3.8,3.8,3.8,3.8,3.8,3.8,3.8,3.8,3.8,3.805449935582612,3.9,3.9,3.9,3.9,3.9,3.9,3.9,3.9,4.0,4.0,4.0,4.0,4.0,4.0,4.0,4.0,4.0,4.0,4.0,4.0,4.0,4.0,4.0,4.0,4.0,4.0,4.1,4.1,4.106138765668953,4.2,4.2,4.2,4.2,4.2,4.2,4.2,4.3,4.3,4.4,4.4,4.4,4.4,4.493593987845253,4.5,4.5,4.6,4.6,4.643198843880207,4.7,4.7,4.7,4.7,4.82074339448539,4.9,5.0,5.0,5.067282571585736,5.1,5.2,5.2,5.2,5.3,5.4,5.467445006307696,5.5,5.6,5.6,5.607133298446677,5.7,5.7,6.0,6.006829935472439,6.2,6.2,6.3,6.3290289721216935,6.577872882956086,7.101090669905261
0.8994546650473747,1.2,1.2,1.3,1.3,1.4,1.5,1.6,1.6,1.6996092814346326,1.7,1.7824747633424778,1.8,1.8520555588893195,1.9,1.9,1.9,2.0,2.0,2.0,2.0,2.0,2.0,2.0,2.1,2.1,2.1,2.2,2.3,2.3037085797800696,2.4,2.4,2.4,2.4,2.5,2.5,2.5,2.5,2.5,2.5,2.5,2.5,2.5,2.5,2.5,2.5,2.5,2.5,2.5,2.5,2.530825981018876,2.6,2.6,2.6,2.6,2.6,2.6,2.6,2.6,2.6,2.6,2.7,2.7,2.7,2.7,2.7,2.7,2.8,2.8,2.8,2.8,2.8,2.8,2.8,2.8,2.8,2.8,2.8,2.8,2.8,2.8,2.8,2.8,2.8,2.8,2.8,2.8,2.8,2.8,2.8,2.8,2.8,2.8,2.8,2.9,2.9,2.9,2.9,3.0,3.0,3.0,3.0745514221892507,3.1,3.1,3.1,3.1,3.1,3.1,3.1,3.3,3.3,3.3,3.3,3.3,3.3,3.3,3.3,3.3,3.3,3.3,3.3,3.3,3.3,3.3,3.3,3.3,3.3,3.441424948730241,3.5,3.5,3.5,3.5,3.5,3.6,3.6,3.6,3.602676948378985,3.7,3.7,3.7,3.7,3.7595000776413032,3.8,3.8,3.8,3.8,3.8,3.8,3.8,3.9,3.9,3.9,3.9,3.9,3.9,3.9,3.9999641242801376,4.0,4.0,4.0,4.0,4.0,4.0,4.0,4.0,4.0,4.0,4.0,4.0,4.0,4.0,4.0,4.05054171839335,4.1,4.16271372785643,4.2,4.2,4.2,4.3,4.4,4.4,4.5,4.6,4.6,4.613985489925437,4.7,4.7,4.7,4.7,4.7,4.9,5.0,5.1,5.2,5.3,5.5,5.541060866411857,5.914087971521473,6.2,6.277872882956086,7.3
0.2,0.5,0.5,0.5,0.5,0.6,0.6,0.6,0.6,0.6,0.6,0.6,0.6,0.6,0.7,0.7,0.7,0.7,0.7305129470707022,0.8,0.8,0.8,0.8,0.8,0.8,0.8,0.8,0.8,0.8,0.8,0.8,0.8,0.8,0.8,0.8,0.8,0.8,0.8,0.8,0.9,0.9,0.9,0.9,0.9,0.9,0.9,1.0,1.1,1.1,1.1,1.1,1.1,1.1,1.1,1.1,1.1,1.1415378870321604,1.2,1.2,1.2,1.2,1.2,1.2,1.2,1.2,1.2,1.2,1.2,1.2,1.2,1.2,1.2,1.2,1.2,1.2,1.2,1.2,1.2,1.2945500644173848,1.3,1.3,1.3,1.3,1.3,1.3,1.3,1.3,1.3,1.3,1.3,1.3,1.3,1.3,1.3,1.3,1.3,1.3,1.3,1.3,1.3,1.3,1.3,1.3,1.3,1.3,1.3,1.3,1.3,1.3471294307578545,1.4,1.4,1.4,1.4,1.4,1.4,1.4,1.4,1.47439350157847,1.5,1.5263033519292548,1.6,1.6,1.6,1.6,1.6,1.6,1.6,1.7,1.7,1.7,1.7,1.7,1.7,1.7,1.8,1.8,1.8,1.8,1.8,1.8,1.8273604303772344,1.9,1.9,1.9,2.0,2.0,2.0,2.0,2.0,2.0,2.0,2.0,2.0436777716743393,2.1,2.1,2.1,2.2,2.2,2.2,2.2,2.2670798011073146,2.3,2.3,2.3,2.3,2.393593987845253,2.4,2.4,2.440306890980156,2.6,2.7,2.8,2.8,2.8,2.9,2.9,3.0,3.0409909701809736,3.1,3.1,3.1328902688179485,3.3,3.3,3.5,3.5,3.5,3.7,3.7,3.7,3.7,3.8,3.8,3.9,3.9,4.1,4.1,4.3,4.4,4.7,5.2,6.615269378673656
1.8983639951421238,2.0,2.456456541817448,2.6,2.7,2.7797923922871655,2.8,2.8,2.8,2.9,2.9,2.9,2.9,2.9,2.9,2.9,2.9,2.9,2.9,3.0,3.0,3.0,3.0,3.1,3.1,3.1,3.1,3.1,3.1,3.1,3.156801156119795,3.2,3.2,3.3,3.3,3.3,3.3,3.3,3.4,3.4,3.4,3.4,3.5,3.559328465857746,3.6,3.6,3.7,3.7,3.7,3.7,3.8,3.8,3.8,3.8,3.9,3.9,3.9,3.9,3.9,3.9,3.9,3.904378489936286,4.0,4.066707318575743,4.1,4.1,4.1,4.1,4.2,4.245406826037424,4.3,4.3,4.3,4.35857505126975,4.4,4.4,4.4,4.4,4.4,4.4,4.4,4.473696648070737,4.5,4.5,4.5,4.5,4.502376319138856,4.6,4.6,4.6,4.6,4.6,4.6,4.6,4.6,4.6,4.6,4.6,4.6,4.6,4.7,4.7,4.7,4.7,4.7,4.7,4.7,4.7,4.7,4.7,4.7,4.8,4.8,4.8,4.8,4.8,4.8,4.8,4.8,4.826303351929255,5.0,5.0,5.0,5.0,5.0,5.0,5.0,5.0,5.0,5.0,5.1,5.154593173962581,5.2,5.2,5.3,5.3,5.3,5.3,5.3,5.3,5.327360430377235,5.459500077641303,5.5,5.5,5.5,5.5,5.5,5.5,5.6,5.7,5.7,5.706138765668953,5.8,5.8,5.9,5.9,5.9,5.9,6.1,6.1,6.1,6.1,6.1,6.2,6.2,6.2,6.2,6.2,6.2,6.3,6.3,6.3,6.35054171839335,6.4,6.462713727856431,6.5,6.5801475342872315,6.6,6.6,6.6,6.6,6.6,6.6,6.7,6.7,6.7,6.7,6.7958888822213686,6.9,6.9,6.9,7.0,7.0,7.099636869475824,7.413659870944878,7.640415215425673,7.882121732823713,8.1,8.674173832730162,10.0,11.4
1.8989093300947493,2.5221271170439143,2.6854855139391494,2.8,2.8,2.9,2.9,2.9,2.9,2.9,3.0,3.0,3.0,3.1,3.1,3.1,3.1,3.1,3.1,3.199741754388987,3.2,3.2,3.2,3.259009029819025,3.3,3.3,3.3,3.3,3.3,3.4,3.4,3.4,3.459693109019841,3.6,3.6,3.6,3.7,3.7,3.7448272287370203,3.8,3.9,3.9,4.0,4.0,4.0,4.1,4.1,4.2,4.2,4.2,4.3,4.3,4.3,4.3,4.4,4.407654785822832,4.5,4.5,4.5,4.5,4.5,4.5,4.5,4.5,4.5,4.6,4.6,4.6,4.6,4.6,4.6,4.6,4.6,4.65857505126975,4.7,4.7,4.7,4.7,4.7,4.8,4.8,4.8,4.8,4.8,4.8,4.8,4.8,4.82771084921612,5.0,5.0,5.0,5.0,5.0,5.0,5.0,5.0,5.0,5.0,5.1,5.1,5.2,5.2,5.2,5.223688407591999,5.3,5.3,5.3,5.3,5.3,5.3,5.3,5.321949238263988,5.4,5.4,5.497623680861142,5.5,5.5,5.5,5.5,5.5,5.552505150770389,5.6,5.6,5.7,5.7,5.7,5.7,5.8,5.8,5.8,5.9,5.9,6.083583476287288,6.1,6.1,6.1,6.2,6.2,6.2,6.2,6.2,6.2,6.2,6.2,6.258462112967839,6.3,6.3,6.3,6.3,6.3,6.3,6.306138765668953,6.4,6.4,6.4,6.4,6.4,6.5,6.5,6.6,6.6,6.6,6.6,6.6,6.6,6.6,6.7,6.7,6.7,6.7,6.7,6.7,6.7,6.7,6.7,6.7,6.7,6.7,6.8,6.9,6.9,6.9,6.9,6.9,6.9,6.9,6.9,6.9,6.9,7.0,7.0,7.0,7.0,7.099636869475824,7.506829935472439,7.6,7.7,7.8,8.258057944243387,9.756601712516948,11.405998684478936
1.1961826553316224,1.4,1.7709710278782986,2.028637342826178,2.3589391335881382,2.4,2.5,2.5,2.5,2.5,2.6,2.6,2.6,2.6,2.7325549936923017,2.8,2.8,2.8,2.8,2.8,2.8,2.8,2.8,2.8,2.819852465712776,2.9,2.9,2.9,3.0,3.1,3.1,3.1,3.1,3.1,3.1,3.10640601215474,3.2,3.2,3.2,3.2,3.2,3.2,3.2,3.259328465857746,3.3,3.3,3.3,3.3,3.3,3.3,3.3,3.3,3.3,3.3,3.3,3.3,3.3,3.3,3.3079458502902526,3.4,3.4,3.504378489936286,3.6,3.6,3.6,3.6,3.6,3.6,3.616416523712721,3.7,3.7,3.7,3.7,3.7,3.7,3.7,3.8,3.8,3.8,3.8,3.8,3.8,3.9,3.9,3.9,3.9,3.9,3.9,3.9,3.9,3.9,3.9,3.9,3.9,3.9,3.9,3.9,3.9,3.9,3.9,4.0,4.0,4.0,4.0,4.0,4.0,4.0,4.0,4.0,4.1,4.1,4.1,4.14706730690055,4.2,4.2,4.2,4.2,4.2,4.2,4.226303351929255,4.3,4.3788841473321956,4.4,4.4,4.459180841484494,4.5,4.5,4.5,4.5,4.5,4.5,4.5,4.5,4.5,4.5,4.5,4.5,4.6,4.6,4.6,4.6,4.6,4.6,4.6,4.65846211296784,4.792345214177163,4.8,4.8,4.8,4.8,4.8,4.9,4.9,4.9,4.9,4.9,4.9,4.9,5.0,5.0,5.0,5.0,5.1,5.2,5.2,5.3,5.3,5.390424139558622,5.4,5.4,5.4,5.5,5.5,5.6,5.66271372785643,5.7,5.780147534287232,5.8,5.803343888618275,5.9,6.1,6.2,6.2,6.2,6.3,6.3,6.4,6.4479444411106845,6.5,6.6,6.6,6.7,6.7,6.899636869475825,7.006829935472439,7.320207607712836,7.4,7.5,7.5,8.600855946604776,10.107089354384197
1.6994546650473745,1.722127117043914,1.8,1.8,1.8,1.8,1.8,1.9003631305241728,2.0,2.0,2.092866701553323,2.1,2.268775961264544,2.3,2.3,2.3,2.3,2.3,2.3,2.3,2.4,2.4,2.4,2.5,2.5,2.5,2.6,2.6,2.6,2.70370857978007,2.8,2.8,2.8,2.8,2.9,3.0,3.0,3.0,3.0,3.1,3.1,3.1,3.1,3.1,3.1,3.1,3.1,3.2,3.2,3.2,3.2,3.3,3.3,3.3,3.3,3.3,3.3,3.3,3.3,3.3404999223586853,3.4,3.4,3.4,3.4,3.5,3.6,3.6,3.6,3.6,3.6,3.6,3.7,3.7,3.7,3.7,3.7,3.7,3.8,3.8,3.8,3.8,3.8,3.8,3.9,3.9,3.9,3.9,3.9277108492161203,4.0,4.0,4.0,4.028010926291105,4.1,4.177661541373567,4.2,4.2,4.2,4.2,4.200888621543728,4.3,4.35,4.4,4.4,4.4236884075919995,4.548291057822746,4.6,4.6,4.6,4.6,4.6,4.6,4.7,4.7,4.772289150783877,4.8,4.8,4.8,4.8,4.8,4.8,4.8,4.8,4.8,4.8,4.8,4.9,5.0,5.0,5.0,5.0,5.0,5.0,5.0,5.0,5.1,5.172410260810318,5.2,5.2,5.2,5.2,5.2,5.359500077641303,5.5,5.6,5.65846211296784,5.8,5.8,6.061545727139935,6.1,6.1,6.1,6.106138765668953,6.2,6.2,6.3,6.3,6.4,6.4,6.4,6.5,6.5,6.6,6.6,6.7,6.7,6.7,6.7,6.7,6.7,6.7,6.7,6.7,6.7,6.7,6.762713727856431,6.9,6.9,6.9,6.9,6.967282571585736,7.3,7.400516491222039,7.6,7.640688082251233,7.713985489925437,7.8,7.8,7.8,7.8,8.0,8.0,8.5,8.5,8.6,9.606829935472438,9.861660861702694,10.5,10.642725314347649,10.7,11.245110180692603,12.5
1.6994546650473745,1.8,1.8,1.8,1.8,1.9,2.0,2.0,2.1,2.1996092814346326,2.3,2.3,2.3,2.3,2.3,2.4,2.4,2.4,2.5,2.5997417543889867,2.6,2.6,2.696656111381731,2.8,2.8,2.8,2.8,2.894001543934421,2.9,3.0,3.0,3.0,3.1,3.1,3.1,3.1,3.1,3.1,3.1,3.1892733098756083,3.2,3.2,3.2,3.3,3.3,3.3,3.3,3.3,3.3,3.3,3.3,3.3,3.3,3.4,3.4,3.4,3.4,3.4749633088836163,3.6,3.6,3.6,3.6,3.7,3.7,3.7,3.7,3.757519604410663,3.8,3.8,3.8,3.8,3.8,3.8,3.85857505126975,3.9,3.9,3.9,3.9,4.0,4.0,4.0,4.1,4.1,4.2,4.2,4.2,4.2,4.2,4.25293269309945,4.3,4.4,4.4,4.4,4.477661541373567,4.5,4.6,4.6,4.6,4.6,4.6,4.6,4.6,4.7,4.8,4.8,4.8,4.8,4.8,4.8,4.8,4.8,4.8,4.8,4.8,4.8,4.8,4.8,5.0,5.0,5.0,5.0,5.0,5.0,5.0322122237478135,5.2,5.2,5.2,5.2,5.2,5.397472376674125,5.5,5.5,5.583583476287288,5.6,5.8,5.8,5.8,5.866585362848514,6.064269946863908,6.1,6.1,6.1,6.1,6.2,6.3,6.3,6.326701204161429,6.4,6.4,6.5,6.5,6.6,6.6,6.681809911496833,6.7,6.7,6.7,6.7,6.7,6.7,6.7,6.7,6.7,6.7,6.7,6.7,6.7,6.790424139558621,6.9,6.9,6.9,6.9,6.95054171839335,7.3,7.3,7.6,7.6,7.7,7.8,7.8,7.8,8.0,8.0,8.0,8.027970979850874,8.468555824119722,8.5,8.5,8.6,8.6701009466301,9.607133298446678,9.7,10.481733869787195,10.5,10.5,10.5,10.582121732823714,10.7,11.4,12.256601712516948,12.8
0.9989093300947492,1.0,1.0,1.1,1.1,1.2,1.2,1.2,1.2,1.2996092814346327,1.3,1.3824747633424777,1.4,1.4,1.4651099873846036,1.6,1.6860145100745634,1.7,1.7,1.8,1.8,1.8,1.8,1.8,1.8198524657127764,1.9,1.9,1.9,2.0,2.0,2.0,2.0,2.0,2.1,2.1584681227248215,2.2,2.2,2.3,2.3,2.3,2.3,2.3,2.4,2.4,2.4,2.4,2.4,2.4181900885031635,2.5,2.5,2.5,2.6,2.6,2.6,2.6,2.707654785822831,2.8,2.8,2.8,2.8,2.8,2.8,2.8,2.8,2.897323051621021,2.9,2.9,2.9,2.9,2.9,2.9,2.9,2.9,2.9,2.986222963545816,3.0,3.0,3.0,3.0,3.0,3.0,3.0,3.0,3.1,3.1,3.1,3.1,3.1,3.1,3.1,3.1,3.1,3.1,3.2,3.2,3.2,3.2,3.2,3.2,3.2,3.2,3.2,3.2,3.2,3.3,3.3,3.3,3.3,3.3,3.3,3.3,3.3,3.3,3.372289150783877,3.4,3.4,3.4,3.4,3.4,3.5,3.5,3.5,3.5,3.6,3.6,3.6,3.6,3.6,3.6693198771606093,3.7,3.7,3.7545931739625815,3.8,3.8,3.8,3.8,3.8026769483789846,3.9,3.9,3.9,4.0,4.0,4.0,4.0,4.0,4.0,4.0,4.0,4.0,4.1,4.1,4.1,4.2,4.2,4.2,4.2,4.2,4.2,4.2,4.224205258435956,4.4,4.4,4.4,4.4,4.5,4.6,4.6,4.6,4.6,4.6,4.6,4.6,4.7,4.8,5.0,5.1,5.1,5.2,5.2,5.2,5.365780537635897,5.500258245611019,5.769487052929304,5.8,5.9,5.989518608039907,6.1,6.347944441110684,6.5624480774709015,6.7,6.7,6.7,6.7,6.899273738951649,6.906829935472439,7.620207607712836,7.741060866411857,7.971362657173825,8.5,10.5,12.510906699052612
1.7,3.6442542340878283,3.9,4.228637342826178,4.3,4.459584784574331,4.5,4.500363130524173,4.8,4.9,4.992866701553323,5.0,5.2,5.3,5.3,5.3,5.3,5.418623835497532,5.5,5.6,5.66710973118205,5.7,5.7,5.759009029819024,5.9198524657127765,6.179256605514607,6.2,6.2,6.2,6.2,6.4,6.408781688559888,6.6,6.6,6.6,6.6,6.6,6.6,6.6,6.6,6.6,6.6,6.6,6.659328465857746,6.7,6.7,6.7,6.9,6.956322228325667,7.0,7.0,7.0,7.0,7.038454272860062,7.1,7.3,7.3,7.3,7.4,7.6,7.6,7.6,7.6,7.6,7.6,7.627589739189688,7.7,7.7,7.7,7.7,7.7,7.7,7.7,7.7,7.7,7.7,7.7,7.8,7.8,7.8,7.8,7.873696648070736,7.9,7.9,7.9,7.9,8.0,8.0,8.0,8.0,8.0,8.0,8.1,8.1,8.1,8.1,8.1,8.1,8.2,8.2,8.2,8.2,8.2,8.2,8.2,8.2,8.2,8.2,8.2,8.471989073708892,8.5,8.5,8.5,8.5,8.5,8.5,8.5,8.5,8.5,8.5,8.5,8.6,8.6,8.6,8.6,8.6,8.613777036454177,8.7,8.7,8.89494475334825,8.9,8.9,8.9,8.9,8.9,8.9,9.0,9.0,9.0,9.0,9.1,9.1,9.1,9.1,9.1,9.1,9.1,9.1,9.1,9.1,9.1,9.1,9.1,9.1,9.1,9.1,9.1,9.1,9.1,9.1,9.1,9.5,9.5,9.5,9.5,9.5,9.5,9.5,9.5,9.5,9.5,9.5,9.6,9.6,9.6,9.6,9.6,9.6,9.6,9.6,9.7,9.700516491222038,9.9,9.940688082251233,10.0,10.1,10.1,10.1,10.3,10.3,10.314266596893356,10.5,10.5,10.5,10.7,10.7,10.7,12.18498922891207,12.6,12.8,15.503817344668414
3.198363995142124,3.5663813511317426,3.9,4.0,4.0,4.0,4.3,4.3,4.3,4.3,4.5,4.5,4.568775961264544,4.6,4.632554993692302,4.8,4.8,4.859311917748766,4.930512947070702,5.0,5.06710973118205,5.3,5.3,5.3,5.3,5.3,5.3,5.3,5.3,5.3,5.3,5.3,5.3,5.3,5.3,5.3,5.3,5.4,5.4,5.489273309875609,5.532920198892688,5.6,5.6,5.6,5.7,5.7,5.7,5.7,5.756322228325667,5.8,5.830825981018876,5.9,5.9,5.9,5.9,6.0,6.0,6.0,6.0,6.0,6.0,6.0,6.035730053136092,6.1,6.197323051621021,6.2,6.2,6.2,6.2,6.2,6.2,6.2,6.2,6.2,6.2,6.2,6.2,6.2,6.2,6.221115852667802,6.3,6.373696648070736,6.4,6.5,6.5,6.5,6.5,6.6,6.6,6.6,6.6,6.6,6.6,6.6,6.6,6.6,6.6,6.6,6.6,6.6,6.6,6.674551422189251,6.7,6.7,6.7,6.7,6.7,6.7,6.7,6.7,6.7,6.7,6.7,6.7,6.897623680861142,6.9,6.9,6.9,7.0,7.15260670385851,7.3,7.3,7.3,7.3,7.4,7.4,7.4,7.4,7.4,7.4,7.6,7.6,7.6,7.6,7.6,7.6,7.6,7.6,7.6,7.6,7.6,7.6,7.6,7.6,7.6,7.6,7.6,7.6,7.6,7.6,7.6,7.6,7.6,7.6,7.6,7.6,7.6,7.6,7.6,7.6,7.6,7.6,7.655172771262977,7.7,7.7,7.8,8.0,8.0,8.0,8.0,8.1,8.1,8.2,8.2,8.2,8.2,8.2,8.2,8.2,8.401847714757206,8.5,8.5,8.5,8.5,8.5,8.5,8.5,8.5,8.6,8.9,8.9,9.1,9.1,9.1,9.1,9.1,9.1,9.1,9.514514486060847,9.7,10.504908014573676
2.395637320378997,2.5663813511317426,2.9,2.928637342826178,3.0589391335881384,3.179792392287166,3.2,3.3,3.3,3.3996092814346324,3.6,3.6,3.768775961264544,3.9,3.9,3.9,3.9,3.9,4.0,4.0,4.0,4.0,4.0,4.0,4.0,4.0,4.0,4.0,4.1,4.1,4.1,4.2,4.2,4.3,4.3,4.3,4.3,4.3,4.3,4.489273309875609,4.5,4.5,4.5,4.5,4.5,4.6,4.679445275352288,4.7,4.7,4.7,4.8,4.8,4.8,4.8,4.8,4.8,4.8,4.8,4.8,4.8,4.8,4.8,4.8,4.8,4.8,4.8,4.8,4.8,4.8,4.8,4.8,4.8,4.8,4.8,4.9,5.0,5.0,5.1,5.1,5.1,5.3,5.3,5.3,5.3,5.3,5.3,5.3,5.3,5.3,5.3,5.3,5.3,5.3,5.3,5.3,5.3,5.3,5.3,5.300888621543728,5.4,5.4,5.5,5.5,5.5,5.6,5.6,5.6,5.6,5.6,5.671989073708891,5.7,5.7,5.7,5.7,5.7,5.8,5.8,5.8,5.8,5.8,5.9,5.9,6.0,6.0,6.0,6.0,6.0,6.0,6.0,6.0,6.1,6.1,6.1,6.1,6.142480395589343,6.2,6.2,6.2,6.2,6.2,6.2,6.2,6.2,6.2,6.2,6.2,6.3,6.3,6.3,6.3327652811957815,6.5,6.5,6.543677771674339,6.6,6.6,6.6,6.6,6.6,6.6,6.6,6.6,6.6,6.6,6.6,6.6,6.6,6.6,6.690424139558622,6.7,6.8,6.9,6.9,7.1,7.1,7.1,7.4,7.4,7.6,7.6,7.6,7.8,7.8,7.8,7.9,7.913985489925437,8.189518608039906,8.2,8.2,8.5,8.5,8.507133298446679,8.6,8.6,8.6,9.1,9.1,10.041060866411858,10.1,10.1,10.1,10.113088038863134
1.6934559805684957,1.9,2.4709710278782984,2.8859120284785336,3.1,3.2,3.4,3.700363130524173,3.8022832662765964,3.9,4.0,4.0,4.2,4.3,4.332554993692302,4.510481391960097,4.6,4.6,4.6,4.6,4.7,4.8,4.8,4.8,4.8,4.8,4.8,4.8,4.8,4.8,4.9,5.0,5.0,5.0,5.058468122724821,5.20640601215474,5.4,5.5,5.64482722873702,5.8,5.8,5.9,6.1,6.1,6.1,6.1,6.1,6.2,6.256322228325667,6.3,6.330825981018876,6.4,6.4,6.4,6.4,6.4,6.441537887032161,6.5,6.5,6.6,6.6,6.604378489936286,6.7,6.7,6.7,6.7,6.7,6.7,6.7,6.7,6.9,6.9,6.9,6.9,6.9,6.9,6.9408191585155015,7.0,7.0,7.0,7.0,7.0,7.0,7.025606498421527,7.3,7.3,7.3,7.32771084921612,7.5058653861989,7.6780507617360145,7.7,7.728010926291105,7.8,7.8,7.8,7.8,7.8,7.8,8.0,8.0,8.0,8.0,8.0,8.0,8.0,8.0,8.0,8.0,8.0,8.0,8.0,8.0,8.0,8.0,8.0,8.0,8.0,8.0,8.0,8.0,8.0,8.0,8.0,8.0,8.0,8.0,8.0,8.0,8.0,8.0,8.1,8.1,8.1,8.225750759058087,8.5,8.5,8.5,8.5,8.5,8.5,8.5,8.5,8.5,8.5,8.5,8.5,8.5,8.5,8.5,8.5,8.5,8.5,8.5,8.5,8.5,8.5,8.5,8.5,8.5,8.6,8.6,8.6,8.6,8.6,8.6,8.6,8.6,8.6,8.6,8.6,8.6,8.6,8.650541718393349,8.705998456065577,8.8,8.8,9.441180274297858,9.7,10.5,10.5,10.5,10.5,10.5,10.7,10.7,10.7,10.7,10.7,10.7,10.7,11.4,11.4,11.4,11.4,12.5,12.5,12.5,12.714087971521474,13.046746263034397,14.5,14.520177393247332
1.8989093300947493,1.9,2.0854855139391493,2.5,2.6,2.9595847845743313,3.1,3.3003631305241727,3.4045665325531926,3.7,3.8,3.8,3.8,3.9,3.932554993692302,4.0,4.0,4.2,4.230512947070702,4.3,4.467109731182051,4.6,4.6,4.6,4.6,4.6,4.7,4.8,4.8,4.8,4.8,4.8,4.8,4.8,4.8,4.8,4.9,4.9,5.0,5.0,5.0,5.075794741564041,5.1,5.2,5.2000358757198555,5.3,5.379445275352288,5.5,5.556322228325667,5.8,5.8,5.8,5.9,6.038454272860062,6.1,6.1,6.14153788703216,6.2,6.207945850290253,6.3,6.37263956962276,6.4,6.4,6.4,6.497323051621021,6.5,6.557519604410663,6.6,6.7,6.7,6.7,6.7,6.7,6.7,6.7,6.7,6.781638317031002,6.9,6.9,6.9,6.9,6.9,6.9,6.925606498421527,7.0,7.0,7.0,7.0,7.0,7.0,7.0,7.0,7.1,7.3,7.3,7.354144216898874,7.5,7.676311592408004,7.7,7.7,7.7,7.7,7.799111378456268,7.8,7.8,7.8,7.8,7.8,7.8,8.0,8.0,8.0,8.0,8.0,8.0,8.0,8.0,8.0,8.0,8.0,8.0,8.0,8.0,8.0,8.0,8.0,8.0,8.0,8.0,8.0,8.0,8.0,8.0,8.0,8.0,8.0,8.0,8.0,8.064269946863908,8.1,8.1,8.159500077641303,8.384108299419495,8.5,8.5,8.5,8.5,8.5,8.5,8.5,8.5,8.5,8.5,8.5,8.5,8.5,8.5,8.5,8.5,8.5,8.5,8.5,8.5,8.5,8.5,8.6,8.6,8.6,8.6,8.6,8.6,8.6,8.6,8.6,8.6,8.62074339448539,8.8,8.9,9.6,9.7,10.5,10.5,10.5,10.581376164502467,10.7,10.7,10.7,10.7,10.7,10.7,11.4,11.4,11.4,11.4,12.5,12.5,12.5,12.5,14.5,14.5,14.520177393247332
1.098363995142124,1.222127117043914,1.3,1.4,1.4,1.5,1.5,1.5,1.5,1.6,1.7,1.7,1.7,1.7,1.7,1.7,1.7,1.8,1.9,1.9,1.9,1.9,1.9,1.9590090298190248,2.0,2.0,2.0,2.0,2.0,2.1,2.1,2.2,2.2,2.2,2.2,2.2,2.2,2.2,2.3,2.389273309875608,2.4,2.4,2.5,2.5,2.5,2.5,2.5,2.5,2.5,2.5,2.5,2.5,2.5,2.5,2.5,2.6,2.6,2.6,2.6,2.6,2.6,2.6043784899362863,2.8,2.8,2.8,2.8275897391896874,2.9,2.9,2.9,2.9,2.9,3.0,3.030680122839391,3.1,3.1,3.1,3.1,3.1,3.1,3.1,3.1,3.1,3.1,3.2,3.2,3.2,3.2,3.3,3.3,3.3,3.3,3.3,3.3,3.3,3.3,3.5,3.5,3.5,3.6,3.6,3.6,3.6,3.6,3.6,3.6,3.6,3.6,3.6,3.6,3.671989073708892,3.7,3.7,3.7,3.7,3.7,3.7,3.7,3.7,3.8,3.8,3.8,3.8,3.9,3.9,3.9,3.9,3.9,4.0,4.0,4.0,4.0,4.0,4.0,4.0,4.0,4.0,4.0,4.0,4.0,4.0,4.0,4.0,4.0,4.0,4.0,4.0,4.1,4.1,4.196894888185165,4.2,4.2,4.2,4.2,4.2,4.2,4.2,4.2,4.2,4.3,4.3,4.3,4.3107266901243975,4.4,4.4,4.4,4.4,4.4,4.580848279117242,4.6,4.6,4.6,4.6,4.6,4.6,4.7,4.9414867889707805,5.1,5.2,5.2,5.2,5.2,5.300516491222038,5.738974105858608,5.8,5.8,5.8,6.0,6.0,6.1,6.1,6.1,6.1,6.295433467446799,6.399636869475825,6.6068299354724385,6.7,6.9,6.9,6.9,7.6,7.825630742773638
2.5989093300947492,2.844254234087828,3.1,3.1,3.258939133588138,3.3797923922871655,3.4,3.6,3.8,3.9,4.0,4.0,4.068775961264544,4.1520555588893195,4.2,4.3,4.3,4.4,4.4,4.499741754388987,4.7,4.7,4.7,4.7,4.7,4.879256605514607,4.9,4.9,4.9,5.0,5.0,5.0,5.1,5.2,5.258468122724821,5.4,5.4,5.4,5.5,5.5,5.5,5.5,5.5,5.559328465857746,5.6,5.6,5.6,5.6,5.6,5.693861234331038,5.7,5.7,5.7,5.9,5.9,5.9,5.941537887032161,6.074963308883616,6.1,6.1,6.1,6.2,6.2,6.3,6.5,6.5,6.5,6.5,6.6,6.7,6.8,6.8,6.8,6.8,6.8,6.8,6.8,6.8,6.8,6.8,6.8,6.8,6.8,6.8,6.8,6.8,6.8,6.8,6.8,6.8,6.8,6.8,6.8,6.8,6.8,6.9,6.9,6.9,6.9,6.9,6.9,6.9,7.098222756912537,7.1,7.1,7.1,7.1,7.1,7.1,7.1,7.1,7.1,7.1,7.1,7.1,7.1,7.1,7.1,7.1,7.1,7.1,7.1,7.3,7.364424447495628,7.5,7.5,7.5,7.541424948730241,7.6,7.7,7.7,7.854593173962582,7.9,7.9,7.9,7.9,7.9,7.9,7.9,7.9,8.027360430377234,8.2,8.3,8.3,8.3,8.3,8.32670120416143,8.6,8.6,8.6,8.6,8.6,8.8,9.0,9.2,9.2,9.2,9.2,9.2,9.4,9.4,9.5,9.5,9.6,9.6,9.6,9.6,9.6,9.6,9.6,9.6,9.6,9.9,10.1,10.1,10.1,10.1,10.1,10.1,10.234565143171471,10.3,10.3,10.3,10.6,10.7118839194035,11.668555824119721,11.7,11.7,11.7,11.7,11.7,11.7,11.7,12.6,12.6,12.6,13.3,13.3,13.7,13.7,15.514178708768394
2.2950919854263714,2.8,2.8,3.028637342826178,3.1,3.1,3.1,3.200363130524173,3.3,3.3,3.4,3.4,3.5687759612645444,3.6,3.6,3.8,3.8,3.9,3.930512947070702,4.0,4.0,4.1,4.1,4.1,4.219852465712776,4.3,4.4,4.4,4.449458281606653,4.7,4.7,4.7,4.7,4.709575860441376,4.9,4.9,4.9,4.9,4.9,4.9,4.9,4.9,5.0,5.059328465857746,5.1,5.1,5.179445275352288,5.2,5.2,5.2,5.2,5.267234718804218,5.303105111814835,5.4,5.4,5.4,5.4,5.474963308883616,5.5,5.5,5.5,5.5,5.5,5.6,5.6,5.6,5.6,5.6,5.6,5.645406826037424,5.7,5.7,5.7,5.7,5.7,5.9,5.9,5.9,5.9,5.9211158526678025,6.0,6.1,6.1,6.1,6.1,6.2,6.2,6.355421698432241,6.5,6.5,6.5,6.5,6.6,6.677661541373567,6.8,6.8,6.8,6.8,6.8,6.8,6.8,6.8,6.8,6.8,6.8,6.8,6.8,6.8,6.8,6.8,6.8,6.8,6.8,6.8,6.8,6.8,6.8,6.8,6.8,6.8,6.8,6.8,6.9,6.9,6.9,6.9,6.9,6.9,6.9,6.9,6.951786346661379,7.1,7.1,7.1,7.1,7.1,7.1,7.1,7.1,7.1,7.1,7.1,7.1,7.1,7.1,7.1,7.3,7.3,7.496894888185165,7.5,7.6,7.7,7.7,7.7,7.7,7.759932460047509,7.8,7.8,7.9,7.9,7.9,7.9,7.9,7.9,7.9,7.9,7.9,7.9,7.9,7.9,8.243198843880208,8.3,8.6,8.6,8.6,9.0,9.180147534287231,9.2,9.20668777723655,9.5,9.5,9.6,9.6,9.6,9.641956469776312,9.9,10.1,10.1,10.1,10.1,10.1,10.3,10.3,11.397094955806597,11.7,11.7,11.7,11.7,12.6,13.611491531824344,13.7
0.5994546650473747,1.1221271170439142,1.2854855139391492,1.3,1.4,1.4797923922871656,1.6,1.6,1.6022832662765965,1.7,1.7,1.7,1.8,1.8,1.9325549936923017,2.0,2.0,2.0,2.0,2.0,2.0,2.0,2.0,2.0,2.0,2.0,2.0,2.0,2.0,2.0,2.0,2.008781688559887,2.1,2.1,2.2,2.3,2.3,2.399553860249409,2.4,2.4,2.4,2.475794741564042,2.6,2.6,2.6,2.6,2.6,2.6,2.6,2.6,2.6,2.6,2.6,2.6,2.6,2.6,2.6,2.6,2.6,2.6,2.6,2.6,2.7,2.7,2.7,2.8,2.8,2.8,2.8,2.8,2.8,2.8,2.8,2.8,2.8,2.8,2.8,2.8,2.8,2.8,2.8,2.8,2.8,2.8,2.8,2.8,2.8,2.8,2.8,2.8,2.8,2.8,2.8,2.8,2.8,2.8,2.8,2.8,2.8,2.8,2.8,2.8,2.8,2.8,2.8,2.8,2.8,2.8,2.8,2.8,2.8,2.8,2.8,2.8,2.8,2.8,2.8,2.8,2.9,3.0,3.0,3.0,3.0,3.0,3.0,3.0,3.0,3.0,3.0,3.0,3.0,3.0545931739625813,3.1,3.1,3.1,3.1,3.102676948378985,3.2,3.3,3.3,3.3,3.359500077641303,3.5,3.5,3.5584621129678395,3.6,3.7,3.7,3.7,3.7,3.8,3.8,3.8,3.8,3.8,3.9,3.9,3.9,3.9,3.9242052584359555,4.0,4.1,4.1,4.1,4.1,4.1,4.1,4.1,4.1,4.1,4.1,4.1,4.1,4.2,4.2,4.2,4.2,4.2,4.2,4.2,4.2,4.2,4.2,4.2,4.2,4.2,4.2,4.4,4.4,4.7,4.707133298446678,5.0,5.0,5.1,5.1,5.1,5.3,5.4,5.7,6.189364414780431,6.902726674763153
0.9972733252368732,1.422127117043914,1.5,1.5,1.7,1.7,1.8931700645275615,1.9,1.9,2.0,2.2,2.2,2.2,2.3520555588893193,2.432554993692302,2.5,2.5,2.5,2.5,2.5,2.5,2.6,2.6,2.6,2.8,2.8,2.8,2.894001543934421,2.9494582816066526,3.0,3.0,3.1,3.1,3.1,3.1,3.1,3.1,3.1,3.1,3.1,3.1,3.1,3.1,3.1,3.1,3.1,3.1,3.1,3.2,3.2,3.2,3.2,3.2,3.2,3.2,3.2,3.2,3.2,3.2,3.2,3.2,3.2043784899362864,3.3,3.3,3.3,3.3,3.3,3.3,3.3328330474254413,3.5,3.5,3.6,3.6,3.6,3.6,3.6,3.6,3.6,3.6,3.7,3.7,3.7,3.7,3.7,3.7,3.7,3.8,3.8,3.8,3.8780507617360143,3.9,3.9,3.9528705692421484,4.0,4.0,4.0,4.0,4.0,4.0,4.0,4.0,4.0,4.0,4.0,4.0,4.0,4.0,4.0,4.0,4.0,4.0,4.0,4.0,4.0,4.0,4.0,4.0,4.0,4.0,4.0,4.0,4.078884147332195,4.105449935582612,4.2,4.2,4.2,4.2,4.2,4.2,4.2,4.2,4.2,4.2,4.2,4.2,4.2,4.2,4.2,4.2,4.3,4.4,4.4,4.4,4.425036691116379,4.558462112967839,4.6,4.6,4.6,4.6,4.6,4.6,4.6,4.6,4.6,4.6,4.6,4.699964124280138,4.8,4.8,5.024205258435956,5.1,5.1,5.1,5.1,5.2,5.2,5.2,5.2,5.2,5.2,5.243198843880208,5.3,5.401083436786701,5.611996912131155,5.8,5.8,5.8,6.0,6.0,6.0,6.1,6.1,6.1,6.1,6.1,6.1,6.1,6.1,6.3,6.53505047331505,6.7,6.7,6.7,6.7,6.7,6.7,6.7,6.84272531434765,6.9,7.377872882956086,8.0
0.798363995142124,1.0,1.2,1.2,1.3,1.3,1.3931700645275615,1.4,1.4,1.4,1.4,1.5,1.5,1.5,1.5,1.5,1.5860145100745635,1.7,1.7,1.7,1.8,1.9,1.9,1.9,1.9,1.9,1.9,1.9,1.9,1.9,1.9,2.0,2.0,2.0,2.0,2.0,2.0,2.0995538602494093,2.1,2.2,2.2,2.2,2.2,2.2,2.2,2.2,2.2,2.3,2.3563222283256664,2.4,2.4,2.5,2.5,2.5,2.5,2.5,2.5,2.5,2.5,2.5,2.5,2.5,2.5,2.5,2.597323051621021,2.6,2.6,2.6,2.6,2.6,2.6,2.6,2.730680122839391,2.8,2.8,2.8,2.8,2.8,2.8,2.8,2.8,2.8,2.8,2.8,2.8,2.9,2.9,2.9,2.9,2.9,3.0,3.0,3.0,3.0,3.0,3.0,3.0517089421772567,3.1,3.1,3.1,3.1,3.1,3.1,3.1,3.1,3.1,3.1,3.1,3.1,3.1,3.1,3.1219492382639884,3.2,3.2,3.2,3.2,3.2,3.2,3.2,3.2,3.2,3.2,3.2,3.3,3.3,3.3,3.313777036454178,3.4,3.469319877160609,3.5,3.5,3.5,3.5,3.6,3.6,3.6,3.6,3.6,3.6,3.6,3.7,3.7,3.7,3.7,3.7,3.792345214177163,3.826701204161429,3.9,3.9968948881851647,4.0,4.0,4.0,4.0,4.0,4.0,4.0,4.0,4.0,4.0,4.0,4.067079801107314,4.2,4.2,4.2,4.2,4.2,4.2,4.2,4.2,4.29121831144011,4.4,4.4,4.6,4.6,4.6,4.82074339448539,4.980147534287232,5.1,5.1,5.1,5.1,5.1,5.169487052929304,5.2,5.2,5.2,5.3,5.747944441110684,5.8,5.8,6.0,6.1,6.1,6.1,6.113659870944877,6.3,6.7,6.7,6.7,6.9,7.401090669905262
0.8978186601894985,1.0,1.1,1.2,1.2,1.2,1.2,1.3,1.3022832662765964,1.4,1.4,1.5,1.5,1.5,1.5,1.5,1.5,1.5,1.5,1.5,1.5,1.5,1.5,1.5,1.5,1.5,1.5,1.5,1.5,1.5,1.5,1.6,1.659693109019841,1.7,1.7,1.7,1.7,1.7,1.7,1.7,1.7,1.8,1.8,1.8,1.8000358757198556,1.9,1.9,1.9,1.9,1.9,1.9,1.9,1.9,1.9,1.9,1.9,1.9,1.9,1.9,1.9,1.9,1.9,1.9,1.9,1.9,1.9,1.9,1.9,1.9,1.9,1.974106826669302,2.0,2.0,2.0,2.0,2.0,2.1,2.1,2.1945500644173848,2.2,2.2,2.2,2.2,2.2,2.2,2.2,2.2,2.3,2.3,2.3,2.303073906852182,2.4,2.4,2.4,2.5,2.5,2.5,2.5,2.5,2.5,2.5,2.5,2.6,2.6,2.6,2.6,2.6,2.722338458626433,2.8,2.8,2.8,2.8,2.8,2.872289150783877,2.9,2.9,2.9,3.0,3.0,3.0,3.0,3.1,3.1,3.1,3.1,3.1,3.1,3.1,3.1,3.1,3.1,3.1,3.1,3.1,3.1424803955893426,3.2,3.2,3.2,3.2,3.2,3.2,3.2,3.2,3.3,3.3,3.4846904283543267,3.5,3.5,3.5,3.5327652811957817,3.6,3.6,3.6,3.6,3.6205547246477123,3.7,3.7,3.7,3.7,3.7,3.7,3.8,3.855172771262977,3.9,3.9,3.993593987845253,4.0,4.0,4.0,4.0,4.0,4.1,4.2,4.2,4.2,4.2,4.2,4.3,4.303343888618275,4.4,4.465780537635896,4.6,4.6,4.6,4.9,4.989518608039907,5.1,5.1,5.2,5.2,5.2,5.3,5.795433467446799,5.999273738951649,6.0,6.1,6.1,6.242725314347649,6.7,6.8557457659121726,7.401090669905262
2.2,2.6,2.8,3.128637342826178,3.3,3.5,3.6,3.6,3.6022832662765967,3.8,3.8928667015533227,3.9,3.9,4.0,4.0,4.010481391960097,4.1,4.2,4.2,4.2,4.2,4.232717428414268,4.3,4.3,4.319852465712776,4.4,4.5,4.5,4.549458281606652,4.6,4.656801156119795,4.7,4.7,4.7,4.7,4.7,4.8,4.8,4.8,4.889273309875609,4.9,4.975794741564042,5.0,5.0,5.0,5.0,5.0,5.1,5.1,5.1,5.1,5.1,5.1,5.1,5.1,5.2,5.2,5.2,5.307945850290253,5.440499922358685,5.5,5.5,5.6,5.6,5.7,5.727589739189687,5.8,5.9,5.9,5.9,5.9,6.0,6.0,6.0,6.0,6.0,6.0,6.067787776252189,6.1,6.2,6.2,6.2,6.2,6.2,6.2,6.2,6.3,6.3,6.3,6.3,6.3,6.3,6.3,6.4,6.4,6.4,6.5,6.5,6.5,6.5,6.5,6.5,6.5,6.5,6.5,6.5,6.5,6.5,6.5,6.5,6.5,6.6,6.6,6.6,6.6,6.6,6.6,6.6,6.6,6.6,6.752505150770389,6.8,6.8,6.8,6.9,6.9,6.9,6.9,6.9,6.9,6.9,6.9,6.9,6.9,6.9,6.9,6.9,6.9,6.9,6.9,6.9,6.9,6.9,6.925036691116379,7.1,7.1,7.1,7.1,7.1,7.1,7.1,7.1,7.1,7.1,7.1,7.1,7.1,7.1,7.1,7.3,7.3,7.3,7.3,7.3,7.3,7.3,7.3,7.3,7.3,7.39121831144011,7.5,7.5,7.5,7.5,7.5,7.5,7.5,7.5,7.503343888618275,7.7,7.7,7.8,7.9,7.9,8.1,8.468555824119722,8.567445006307695,8.6,8.662448077470902,8.9,8.9,8.90078143713073,9.1,9.2,9.727319741889755,10.1,10.182121732823713,10.7,10.7,11.4,11.720722728199961
1.9978186601894985,2.5,2.856456541817448,3.3,3.4768174007644146,3.679792392287166,3.7931700645275614,3.9,3.9,3.9,3.992866701553323,4.0,4.0,4.0,4.0,4.0,4.086014510074563,4.1,4.2,4.2,4.2,4.3,4.3,4.3,4.4,4.4,4.5,4.6,4.6,4.603708579780069,4.7,4.7,4.7,4.7,4.8,4.8,4.8,4.8,4.9,5.0,5.0,5.0,5.0,5.0,5.000035875719855,5.1,5.1,5.1,5.1,5.1,5.1,5.1,5.1,5.138454272860062,5.2,5.2,5.2,5.2,5.3,5.340499922358686,5.4,5.5,5.5,5.5,5.597323051621021,5.6,5.6,5.6,5.7,5.745406826037424,5.8,5.802527623325866,5.9,5.9,5.9,6.0,6.0,6.0,6.094550064417384,6.2,6.2,6.2,6.2,6.2,6.2,6.2,6.2,6.3,6.3,6.3,6.3,6.3,6.3,6.4,6.4,6.427072108449437,6.5,6.5,6.5,6.5,6.5,6.5,6.5,6.5,6.548291057822746,6.6,6.6,6.6,6.6,6.6,6.6,6.6,6.64706730690055,6.7,6.8,6.8,6.8,6.8,6.9,6.9,6.9,6.9,6.9,6.9,6.9,6.9,6.9,6.9,6.9,6.9,6.9,6.9,6.9,6.9,6.9,6.9,6.9,6.9,6.9,6.9,6.9,6.9,6.9,7.1,7.1,7.1,7.1,7.1,7.1,7.1,7.1,7.1,7.1,7.1,7.1,7.1,7.1,7.1,7.1,7.3,7.3,7.3,7.3,7.3,7.3,7.3,7.3,7.3,7.340306890980156,7.4,7.5,7.5,7.5,7.5,7.5,7.5,7.5,7.540990970180974,7.7,7.7,7.7,7.7,7.769487052929304,7.8406880822512335,7.9,7.9,8.6,8.6,8.9,8.9,8.9,8.90078143713073,9.1,9.4,10.1,10.1,10.1,10.1,10.7,11.633618648868259,13.70981602914735
1.0994546650473747,1.1,1.2854855139391492,1.328637342826178,1.458939133588138,1.6,1.7,1.7,1.7,1.7,1.7,1.7,1.7,1.7,1.8,1.8,1.9,1.9,1.9,1.9,2.0,2.0,2.0,2.0,2.0,2.0,2.0,2.0,2.0,2.0037085797800698,2.1,2.1,2.159693109019841,2.2,2.2,2.2,2.2,2.2,2.2,2.2,2.2,2.2,2.2,2.2,2.2,2.2,2.2,2.2,2.2,2.293861234331038,2.3,2.3,2.3,2.3,2.3,2.3,2.3,2.3,2.3,2.3,2.3,2.3,2.3,2.3,2.3,2.3,2.3,2.3,2.3,2.3,2.3,2.3,2.4,2.4,2.4,2.4,2.4,2.4,2.4,2.4,2.4,2.4,2.4,2.4,2.4513332276346604,2.5,2.5,2.6,2.6,2.6,2.7,2.8,2.8,2.8,2.8,2.8,2.8,2.8,2.8,2.8,2.8,2.8,2.8,2.8,2.8,2.8,2.8,2.8,2.8471294307578545,2.9,2.9,2.9,2.9,2.9,2.9976236808611416,3.0,3.0,3.0,3.1,3.1,3.1,3.1,3.1,3.1,3.1,3.1,3.1,3.1,3.1,3.1,3.1,3.1,3.1,3.1,3.1,3.1,3.1,3.1,3.1,3.1,3.1,3.2,3.292054149709747,3.3,3.3,3.3,3.3,3.3,3.3,3.3,3.3,3.3,3.3,3.3,3.320554724647712,3.4,3.4,3.5,3.5,3.5,3.5,3.5,3.5,3.600446139750591,3.7,3.7,3.7,3.8,3.8,3.8,3.8,3.8,3.9,3.9,3.9,3.9,3.9,3.9,3.9,3.9,3.9,3.9,3.9,3.9,3.9,3.9,3.9,3.9,3.9,3.917525236657525,4.007133298446678,4.1,4.1,4.299636869475824,4.3,4.4,4.523182599235572,4.7,4.7,4.955745765912172,6.202181339810522
1.2,1.4,1.6,2.0,2.0,2.0,2.0,2.1,2.1022832662765967,2.3,2.3,2.3,2.3,2.4,2.5,2.5104813919600963,2.6,2.7,2.7,2.7,2.7,2.7,2.7,2.8,2.8,2.8,2.8,2.8,2.8,2.8,2.8,2.9,2.9,2.9,2.9,2.9,2.9,2.9,2.9,2.989273309875608,3.0,3.0,3.0,3.059328465857746,3.1,3.1,3.1,3.1,3.1,3.1,3.1,3.2,3.2,3.2,3.2,3.2,3.2,3.2,3.2,3.2,3.2,3.3,3.3,3.3,3.3,3.3,3.3,3.3,3.3,3.3,3.3,3.3,3.3,3.3,3.3,3.313634252669689,3.4,3.4,3.4,3.4,3.4,3.4,3.4,3.4,3.4,3.4,3.4,3.4,3.4,3.4,3.4,3.4,3.4,3.4,3.5,3.5,3.5,3.6,3.6,3.6,3.6,3.6,3.6,3.6,3.6,3.6,3.6976074901208396,3.7,3.7,3.7,3.7,3.8,3.8,3.8,3.8,3.8,3.8,3.8,3.8,3.8,3.8,3.8,3.8,3.8,3.8,3.8,3.8,3.8,3.8,3.8,3.8,3.9,3.9,3.9,3.9,3.9,3.9,3.9,3.9,3.9,3.9,3.9,3.9,3.9,3.9,3.9923452141771634,4.0,4.0,4.0,4.0,4.0,4.0,4.0,4.0,4.1,4.1,4.1,4.1,4.1,4.1,4.167079801107315,4.2,4.2,4.2,4.2,4.2,4.3415318772751785,4.4,4.4,4.4,4.443198843880208,4.5,4.5,4.5,4.5,4.5,4.5801475342872315,4.6,4.6,4.6,4.6,4.9,4.9,5.0,5.1,5.1,5.1,5.147944441110684,5.2312240387354505,5.3,5.3,5.4,5.497716733723399,5.599636869475824,5.8,5.9,5.941060866411857,6.0,6.2,6.677872882956086,7.601090669905261
1.2,1.4,1.4854855139391492,1.8,2.0,2.1,2.1,2.100363130524173,2.3,2.3,2.3,2.3,2.3,2.3520555588893193,2.4,2.5104813919600963,2.6,2.7,2.7,2.7,2.7,2.732717428414268,2.8,2.8,2.8,2.8,2.8,2.8,2.8,2.8037085797800696,2.9,2.9,2.9,2.9,2.9,3.0,3.0,3.1,3.1,3.1,3.1,3.1,3.1,3.1,3.1,3.1400675399524984,3.2,3.2,3.2,3.2,3.2,3.3,3.3,3.3,3.3,3.3,3.3,3.3,3.3,3.3,3.3,3.3,3.3,3.3,3.3,3.4,3.4,3.4,3.4,3.4,3.4,3.4,3.4,3.4,3.4,3.4,3.4,3.4,3.4,3.5,3.5,3.5,3.5,3.6,3.6,3.6,3.6,3.6,3.65293269309945,3.7,3.7,3.7,3.7,3.7,3.8,3.8,3.8,3.8,3.8,3.8,3.8,3.8,3.8,3.8,3.8,3.8,3.8,3.8,3.8,3.8,3.8,3.8,3.8,3.8,3.8,3.9,3.9,3.9,3.9,3.9,3.9,3.9,3.9,3.9,3.9,3.9,3.9,3.9,3.9,3.9,3.9,3.9,3.9835834762872877,4.0,4.0,4.0,4.0,4.0,4.0,4.0,4.0,4.0,4.1,4.1,4.1,4.1,4.1,4.1,4.196894888185165,4.2,4.2,4.2,4.2,4.2,4.2,4.2,4.2,4.340671534142251,4.4,4.4,4.4,4.4,4.455172771262977,4.5,4.5,4.5,4.5,4.5,4.5,4.5,4.6,4.6,4.6,4.6,4.6,4.7,4.780147534287232,4.8,4.803343888618275,4.9,5.0,5.1,5.1,5.1,5.3,5.3,5.3,5.4,5.4,5.5,5.5,5.7,5.8,5.8,5.9,5.9,6.0,6.1,6.2,6.777872882956086,7.601090669905261
0.5,0.5221271170439141,0.6,0.7,0.7,0.7797923922871658,0.8,0.8,0.8,0.8,0.8,0.8,0.8,0.8,0.8,0.8,0.8,0.8,0.8,0.8,0.8,0.8,0.8,0.8,0.8,0.8,0.8,0.8,0.8,0.8,0.8,0.8,0.8,0.8,0.8,0.8,0.8,0.8,0.8,0.8,0.8,0.8,0.8,0.8,0.8,0.8,0.8,0.8,0.8,0.8,0.8,0.9,0.9,0.9,0.9,0.9,0.9,0.9,1.0,1.0,1.0,1.0,1.0,1.0,1.0,1.0,1.0,1.0,1.0,1.0,1.1,1.1,1.1,1.1,1.1,1.1,1.1,1.1,1.1,1.1,1.1,1.1,1.1,1.1,1.1,1.1,1.1,1.2,1.2,1.2,1.2,1.2,1.2,1.2,1.2,1.2,1.2,1.2,1.2,1.2,1.2,1.2,1.2,1.2,1.2,1.2,1.2,1.3,1.3,1.3,1.3,1.3,1.3,1.3,1.3,1.3,1.3,1.3,1.3,1.3,1.3,1.3,1.3,1.3,1.3,1.3,1.3,1.3,1.4,1.4,1.4,1.4,1.4,1.4,1.4,1.5,1.5,1.5,1.5,1.5,1.5,1.5,1.5,1.5,1.5,1.5923452141771635,1.6,1.6,1.6,1.6,1.6,1.6,1.6,1.6,1.6,1.6,1.6,1.6,1.6,1.6,1.6,1.6,1.6,1.6,1.6,1.6,1.6,1.6,1.6,1.6,1.6,1.7,1.8,1.8,1.8,1.8,1.8,1.9,1.9,1.9,2.0,2.0,2.069487052929304,2.1,2.1,2.1,2.3,2.4,2.4,2.4,2.4,2.5,2.5977167337233995,2.7,2.8,2.8,2.8,2.9,3.0,3.455745765912172,4.207089354384197
0.5,0.8442542340878284,1.1,1.2,1.2,1.2,1.2,1.2,1.2,1.2996092814346327,1.3,1.3,1.3,1.3,1.3,1.3,1.3,1.3,1.3,1.4,1.4,1.4,1.4,1.5,1.5,1.5,1.5,1.5,1.6,1.6,1.6,1.6,1.6,1.6,1.6,1.6,1.6,1.6995538602494094,1.7,1.7,1.7,1.7,1.7,1.7,1.7,1.7,1.7,1.7,1.7,1.7,1.7,1.7,1.8,1.8,1.8,1.8,1.8,1.8,1.8,1.8,1.8,1.8,1.8,1.8,1.8,1.9,1.9,1.9,1.9,1.9,1.9,1.9,1.9,1.9,1.9,1.9,1.9,2.0,2.0,2.0,2.0,2.0,2.0,2.0,2.0,2.0,2.1,2.1,2.1,2.1,2.1,2.1,2.1,2.1,2.1,2.1,2.1,2.1,2.1,2.1,2.1,2.1,2.2,2.2,2.2,2.2,2.2,2.2,2.2,2.2,2.2,2.2,2.2,2.2,2.2,2.2,2.248666772365334,2.3,2.3,2.3,2.3,2.3,2.3,2.3,2.4,2.4,2.4,2.4,2.4,2.4,2.425893173330689,2.5,2.5,2.5,2.6,2.6,2.6,2.6,2.6,2.6,2.6,2.6,2.6,2.7,2.8,2.8,2.8,2.8,2.8,2.8,2.8,2.9,2.9,2.9,2.9,2.9,2.9,2.9,2.9,2.9242052584359555,3.0,3.0,3.0551727712629773,3.1,3.1,3.2935939878452527,3.3,3.3,3.3,3.49121831144011,3.5,3.5,3.5,3.5,3.5,3.5,3.5,3.5,3.5,3.5,3.5,3.5,3.5,3.5,3.6,3.7,3.7,3.7,3.731224038735451,3.9,3.9,3.9,3.9,3.9,4.2,4.4,4.6410608664118564,4.7,4.7,5.0,6.003272009715784
0.5,0.7,0.8854855139391493,1.028637342826178,1.1,1.1,1.1931700645275616,1.2,1.2,1.2,1.2,1.2,1.2,1.2,1.2,1.3,1.3,1.3,1.3,1.3,1.3,1.3,1.3,1.3,1.3,1.3,1.3,1.3,1.3,1.4,1.4,1.4,1.4,1.4,1.4,1.40640601215474,1.5,1.5,1.5,1.5,1.5,1.5,1.5,1.6,1.6,1.6,1.6,1.6,1.6,1.6,1.6,1.6,1.6,1.6,1.6,1.607654785822831,1.7,1.7,1.7,1.7,1.7,1.7,1.7,1.7,1.7,1.7,1.7,1.7,1.7,1.7,1.7,1.7,1.7,1.7,1.7,1.7,1.7,1.7,1.7,1.7,1.7,1.7736966480707366,1.8,1.8,1.8,1.8,1.8,1.8,1.8,1.8,1.8,1.8,1.8,1.8,1.8,1.8,1.8,1.876311592408004,1.9,1.9,1.9,1.9,1.9,1.9,1.9,1.9,1.9,1.9,1.9,1.9,1.9,2.0,2.0,2.0,2.0,2.0,2.0,2.0,2.0,2.0,2.052505150770389,2.1,2.1,2.1,2.1,2.1,2.1,2.1,2.1,2.1,2.1,2.1,2.1,2.1,2.1,2.2,2.2,2.2,2.2,2.2,2.2,2.2,2.2,2.2,2.2,2.2,2.2,2.2,2.2,2.3,2.3,2.3,2.3,2.3,2.3,2.3,2.3,2.3,2.3,2.4,2.4,2.4,2.4,2.5,2.5,2.5,2.6,2.6,2.6,2.6,2.6,2.6,2.6505417183933506,2.8,2.8,2.8,2.9,2.9,2.9,2.9,2.9,3.0,3.0,3.0,3.1,3.1,3.267445006307696,3.3,3.3,3.417525236657525,3.5,3.5,3.5,3.5,3.6,3.7202076077128368,3.9,3.9,4.314514486060847,4.555745765912172,4.7
0.5,0.6,0.7,0.8,0.9,0.9,0.9931700645275615,1.1,1.1,1.1,1.1,1.1,1.1,1.1,1.1,1.1,1.1,1.1,1.1,1.1,1.1,1.1,1.1,1.1590090298190248,1.2,1.2,1.2,1.2,1.2,1.2,1.2,1.2,1.2,1.2,1.2,1.2,1.2,1.2,1.2,1.2,1.2,1.2,1.2,1.3,1.3,1.3,1.3,1.3,1.3,1.3,1.3,1.3,1.3,1.3,1.3,1.3,1.3,1.3,1.3,1.3,1.3,1.3,1.3,1.3,1.3,1.3,1.3,1.3,1.3,1.3,1.3,1.3,1.3,1.3,1.3,1.3,1.3,1.3,1.3,1.3,1.3,1.3,1.3,1.3,1.3,1.3,1.3,1.3,1.3,1.3,1.3,1.3,1.3,1.3,1.3,1.3,1.3,1.3,1.3,1.3,1.3,1.3,1.3,1.4,1.4,1.4,1.4,1.5,1.5,1.5,1.5,1.5,1.5,1.5,1.5,1.5,1.5,1.5,1.5,1.5,1.5525051507703893,1.6,1.6,1.6,1.6,1.6,1.6,1.6,1.6,1.6,1.6,1.6545931739625814,1.7,1.7,1.7,1.7,1.7,1.7,1.7,1.7,1.7,1.7,1.7,1.7,1.7,1.7,1.7,1.7,1.7,1.7,1.7,1.7,1.7,1.7,1.7,1.7,1.7,1.7406715341422512,1.8,1.8,1.8,1.8,1.8,1.8,1.8,1.8,1.8,1.8,1.8,1.8,1.8,1.8,1.8,1.8,1.8,1.8,1.8801475342872322,1.9,1.9,1.9,1.9,1.9002582456110189,2.0,2.0,2.0,2.0,2.0,2.1,2.1,2.1,2.1,2.1,2.2,2.2,2.3,2.3,2.3,2.3,2.4,2.9,3.7010906699052613
2.794001315521121,3.1,3.3,3.3286373428261777,3.4,3.6,3.693170064527562,3.8,3.9,3.9996092814346325,4.0,4.0,4.068775961264544,4.1,4.1,4.1,4.1,4.2,4.3,4.3,4.3,4.3,4.3,4.359009029819025,4.4,4.4,4.437286272143571,4.5,4.5,4.5,4.5,4.5,4.6,4.7,4.7,4.7,4.7534237581140015,4.8,4.8,4.8,4.8,4.8,4.8,4.8,4.8,4.840067539952498,4.9,4.9,4.9,4.9,4.9,4.967234718804218,5.103105111814835,5.2,5.273298795838568,5.3,5.3,5.3,5.3,5.3,5.3,5.3,5.3,5.3,5.3,5.4,5.4,5.487124620470953,5.5,5.5,5.5,5.5,5.5,5.5,5.586222963545816,5.6,5.6,5.6,5.6,5.621115852667802,5.7,5.7,5.7,5.7,5.7,5.7,5.702376319138856,5.8,5.8,5.8,5.9,5.9,5.9,5.9,5.9,5.9,6.0,6.0,6.0,6.0,6.05,6.1,6.1,6.1,6.1,6.1,6.2,6.2,6.2,6.2,6.2,6.2,6.2,6.2,6.2,6.2,6.2,6.2,6.2,6.2,6.2,6.2,6.2,6.2,6.2,6.2,6.2,6.2,6.2,6.2,6.2,6.2,6.3,6.3,6.3,6.3,6.3,6.3,6.3,6.4956215100637165,6.5,6.5,6.5,6.6,6.6,6.6,6.6,6.6,6.6,6.6,6.6,6.7,6.8,6.8,6.8,6.8,6.899964124280138,6.9,6.9,6.9,6.9,6.9,6.9,6.9,6.9,6.9,6.9,6.9,6.9,6.9,6.9,6.9,6.9,6.9,6.9,6.9,6.9,6.9,6.9,6.9,6.932890268817949,7.0,7.1,7.1,7.1,7.1,7.3,7.4,7.4,7.4,7.6,7.6,7.7,7.7,7.906829935472439,8.020207607712837,8.364243465647426,8.6,8.6,8.7,10.00054533495263
1.2,1.5221271170439141,1.8,1.8572746856523559,2.3,2.3,2.5,2.8,2.8,2.8,3.1,3.1,3.268775961264544,3.3,3.3,3.3,3.3,3.3,3.330512947070702,3.4,3.4,3.5,3.6,3.6,3.6,3.679256605514607,3.7,3.8,3.8,3.8,3.8,3.9,3.9,3.9,3.9,3.9,3.9,3.999553860249409,4.0,4.0,4.0,4.0,4.0,4.0,4.1,4.1,4.1,4.1,4.1,4.1,4.1,4.1672347188042185,4.2,4.2,4.2,4.2076547858228315,4.3,4.3,4.3,4.340499922358686,4.4,4.4,4.4,4.4,4.4,4.5,4.5,4.5,4.5,4.5,4.6,4.7,4.7,4.7,4.7,4.7,4.7,4.7,4.7,4.721115852667802,4.8,4.8,4.8,4.8,4.8,4.8,4.8,4.82771084921612,4.9,4.9,4.9,5.0,5.0,5.0,5.1,5.127072108449437,5.2,5.276311592408004,5.3,5.3,5.3,5.3,5.3,5.3,5.3,5.3,5.3,5.3,5.3,5.3,5.3,5.4,5.4,5.4,5.4,5.4,5.4,5.5,5.5,5.5,5.5,5.5,5.5,5.5322122237478135,5.6,5.6,5.6,5.7,5.7,5.7,5.7,5.7,5.7,5.8,5.8,5.8,5.8,5.9,5.9,5.9,5.9273604303772345,6.0,6.0,6.0,6.0,6.0,6.0,6.0,6.0,6.0,6.1,6.1,6.1,6.1,6.1,6.1,6.1,6.2,6.2,6.2,6.2,6.2,6.2,6.2,6.2,6.2,6.2,6.2,6.2,6.29121831144011,6.3,6.3,6.3,6.3,6.3,6.3,6.3,6.440990970180974,6.5,6.5,6.6,6.6,6.6,6.6,6.6,6.6,6.6,6.6,6.8,6.9,6.9,6.9,6.9,6.9,6.906829935472439,7.0,7.1,7.371362657173825,7.6,8.311491531824345,10.00054533495263
0.5,0.5,0.7854855139391493,1.028637342826178,1.2,1.2797923922871657,1.3,1.4,1.4,1.4,1.4928667015533228,1.5,1.6,1.6,1.6,1.6,1.6,1.6,1.7,1.7,1.8,1.8,1.8,1.8,1.8,1.8,1.8,1.8,1.8,1.8,1.8,1.9,1.9,2.0,2.0,2.0,2.0,2.0,2.04482722873702,2.1,2.1,2.1,2.1,2.1,2.1,2.1,2.1,2.1,2.1,2.1,2.3,2.3,2.3,2.3,2.3,2.3,2.3,2.3,2.3,2.3,2.3,2.4,2.4,2.4,2.4,2.4,2.4,2.4,2.4,2.4,2.4,2.4,2.4,2.5,2.5,2.5,2.5,2.5,2.5,2.5,2.5474948492296106,2.6,2.6,2.6,2.6,2.6,2.6,2.6277108492161205,2.7,2.7,2.8,2.8,2.8,2.8,2.8,2.8,2.8,2.8,2.8,2.8,2.8,2.8,2.8,2.8,2.8,2.8,2.8,2.8,2.8,2.8,2.8,2.8,2.8,2.8,2.8,2.8,2.9,2.9,3.0,3.0,3.0,3.0,3.0,3.0,3.0,3.1,3.1,3.1,3.1,3.1,3.1,3.1,3.1,3.1,3.2,3.2,3.2,3.233292681424257,3.3,3.3,3.3,3.3,3.3,3.3,3.3,3.3,3.3,3.3,3.3,3.3,3.3,3.3,3.3,3.3,3.4,3.5,3.5,3.5,3.5,3.5,3.5,3.5,3.5551727712629773,3.6,3.6465762418859984,3.7,3.7,3.7,3.7,3.79121831144011,3.8,3.8,3.8,3.8,3.8,3.8,3.8,3.8,3.8,3.8,3.9,3.9,3.9,4.0,4.1,4.1,4.1,4.1,4.1,4.1,4.1,4.1,4.1,4.199636869475825,4.2,4.240415215425673,4.4,4.471362657173825,4.7,5.111491531824345,6.302181339810522
1.7,2.844254234087828,3.1,3.1,3.2178782671762765,3.3,3.3,3.4,3.6,3.6996092814346326,3.7,3.7,3.8,3.8,3.8,3.9,3.9,4.0,4.0,4.0,4.1,4.1,4.1,4.1,4.2,4.2,4.2,4.294001543934421,4.3,4.5,4.5,4.5,4.5,4.5,4.5,4.5,4.553423758114001,4.6,4.6,4.7,4.7,4.775794741564042,4.8,4.8,4.8,4.8,4.8,4.8,4.8,4.8,4.8,4.8,4.8,4.9,4.9,5.0,5.0,5.0,5.0,5.1,5.1,5.1,5.2,5.2,5.3,5.3,5.3,5.3,5.3,5.4,5.474106826669302,5.5,5.5,5.5,5.5,5.5,5.5,5.6,5.6,5.7,5.7,5.8,5.8,5.8,5.9,5.9,6.0,6.0,6.05293269309945,6.1,6.1,6.1,6.1,6.1,6.1,6.1,6.1,6.1,6.1,6.1,6.2,6.2,6.2,6.2,6.2,6.2,6.2,6.2,6.2,6.2,6.2,6.2,6.2,6.2,6.2,6.2,6.2,6.2,6.2,6.2,6.2,6.278884147332195,6.3,6.3,6.4,6.4,6.413777036454178,6.5,6.5,6.5,6.5,6.5,6.5,6.5,6.5,6.5,6.5,6.6,6.6,6.6,6.6,6.6,6.6,6.6,6.6,6.6,6.6,6.6,6.6,6.6,6.6,6.7,6.7436777716743395,6.8,6.9,6.9,6.9,6.9,6.9,6.9,6.967079801107315,7.0,7.0,7.1,7.1,7.1,7.1,7.1,7.3,7.3,7.3,7.3,7.35054171839335,7.5,7.562713727856431,7.6,7.6,7.640990970180973,7.7,7.7,7.7,7.8,7.9,8.0,8.1,8.368555824119722,8.4,8.5,8.5,8.5,8.5,8.6,8.6,8.699636869475825,8.90682993547244,9.180830430851346,9.582121732823714,9.914087971521473,10.514514486060847,10.7,12.510906699052612
1.1967279902842478,1.4,1.4,1.6,1.6589391335881383,1.7,1.7931700645275617,2.0,2.0,2.0,2.0,2.082474763342478,2.1,2.2520555588893196,2.3,2.310481391960096,2.4,2.4,2.4,2.4997417543889866,2.5,2.5,2.5,2.6590090298190248,2.7,2.7792566055146066,2.8,2.8,2.8,2.8,2.8,2.8,2.8,2.8,2.8,2.8,2.8,2.8,2.8,2.8,2.8,2.8,2.8,2.8,2.8,2.9,2.9,3.0,3.0,3.1,3.1,3.1,3.1,3.1,3.1,3.2,3.2,3.2,3.3,3.3,3.3,3.3,3.3,3.3,3.3,3.3,3.4,3.4,3.5,3.5,3.5,3.5,3.5,3.5,3.5,3.5,3.5,3.5,3.5945500644173847,3.6,3.6,3.6,3.6,3.6,3.6,3.6,3.6,3.6,3.6,3.7,3.7,3.7,3.7,3.7,3.7,3.7,3.7,3.7,3.7,3.7,3.7,3.7,3.7,3.7,3.7,3.7,3.7,3.7,3.7,3.7,3.7,3.7,3.7,3.7722891507838767,3.8,3.8,3.8,3.8,3.8,3.8,3.8,3.8,3.8,3.8,3.8,3.8,3.8,3.8,3.8,3.8,3.8,3.8,3.8,3.8,3.8,3.872410260810318,3.9,3.9,3.9,3.9,3.9,3.9,3.9,4.0,4.0,4.0,4.0,4.0,4.0,4.0,4.0,4.0,4.0,4.0,4.1,4.1,4.1,4.2,4.2,4.2,4.2,4.2,4.2,4.2,4.2,4.2,4.2,4.2,4.2,4.2,4.2,4.2,4.2,4.2,4.2,4.2,4.2,4.2,4.2,4.2,4.2,4.2,4.2,4.3406880822512335,4.5,4.6,4.7,4.7,4.8,4.917525236657525,5.007133298446678,5.200390718565365,5.3,5.3,5.506829935472439,6.0,6.1,6.2,6.3,6.677872882956086,7.602726674763153
0.2,0.5,0.5,0.5,0.6,0.6,0.6,0.6,0.6022832662765963,0.7,0.7,0.8,0.8,0.8,0.8,0.8,0.8,0.8,0.8,0.8,0.8,0.8,0.8,0.8,0.8,0.8,0.8,0.8,0.8,0.8,0.8,0.8,0.8,0.8,0.8,0.8,0.8,0.8,0.8,0.8,0.8,0.8,0.8,0.8,0.8,0.8,0.8,0.8,0.8,0.8,0.8308259810188758,0.9,0.9,0.9384542728600621,1.1,1.1,1.2,1.2,1.2,1.2,1.2,1.2,1.2,1.2,1.2973230516210208,1.3,1.3,1.3,1.3,1.3,1.3,1.3,1.3,1.3,1.3,1.3,1.3,1.3,1.3,1.3,1.3,1.3,1.3,1.3,1.3,1.3,1.3,1.3,1.3,1.3,1.3,1.3,1.3,1.3,1.3,1.3,1.3,1.3,1.3,1.3,1.3,1.3,1.3,1.3,1.3,1.3,1.4,1.4,1.4,1.4,1.4,1.4,1.4,1.4,1.4,1.4,1.4,1.4,1.5,1.5,1.5525051507703893,1.6,1.6,1.6,1.6,1.6,1.6,1.6,1.6,1.6,1.6,1.6,1.6,1.6,1.6,1.6,1.6,1.6,1.6,1.6,1.6,1.6,1.7,1.7,1.7,1.7,1.7,1.7,1.7,1.7,1.7,1.7,1.7,1.7,1.7,1.7,1.7999641242801374,1.8,1.8,1.8,1.8,1.8,1.8,1.9,1.9,1.9,1.9415318772751788,2.0,2.0,2.0,2.0,2.0,2.0,2.0,2.1,2.1,2.2,2.2,2.2033438886182752,2.3,2.3,2.3,2.3,2.4,2.4,2.4,2.4,2.4,2.4,2.4,2.4071332984466776,2.6,2.8,2.8,2.9,3.0,3.1,3.5,3.5,3.6778728829560863,4.202726674763153
0.5,0.9,1.0854855139391493,1.2286373428261779,1.4,1.5595847845743316,1.6,1.6,1.7,1.8,1.8928667015533227,1.9,2.0,2.0,2.0,2.0,2.0,2.0,2.0,2.0,2.0,2.1,2.1,2.1,2.1,2.1,2.1,2.1,2.1,2.1,2.1,2.1,2.1,2.1,2.1584681227248215,2.2,2.2,2.3,2.3,2.3,2.3,2.3,2.3,2.3,2.3,2.3,2.3,2.4,2.4563222283256665,2.5,2.5,2.5,2.5,2.5,2.5,2.5,2.5,2.5,2.5,2.5,2.5,2.6,2.635730053136092,2.7,2.7,2.8,2.8,2.8,2.8,2.8,2.8,2.8,2.8,2.9,2.9,2.9,2.9,2.9,2.9,2.9,2.9,2.9,2.9,2.9,2.9,2.9,2.9,2.9,2.9,3.0,3.0,3.0,3.0,3.0,3.0,3.0,3.0517089421772567,3.1,3.1,3.1,3.1,3.1,3.1,3.1,3.1,3.2,3.297607490120839,3.3,3.4,3.4,3.4,3.4,3.4,3.4,3.4,3.4,3.4,3.4,3.4,3.4,3.5,3.5,3.5054499355826123,3.6,3.6,3.6,3.6,3.6414249487302413,3.7,3.7,3.7,3.8,3.8,3.8,3.8,3.8,3.8,3.8,3.8,3.8,3.8,3.859500077641303,3.9,3.9,3.9,3.9,3.9,3.9,3.9,3.9,3.9,3.9,4.0,4.0,4.020554724647712,4.1,4.1,4.1,4.1,4.1,4.1,4.1,4.1,4.1,4.146576241885998,4.2,4.2,4.2,4.2,4.2,4.2,4.2,4.2,4.2,4.325427455712862,4.4,4.4,4.4,4.4,4.467282571585736,4.5,4.6,4.6,4.6,4.713985489925437,4.889518608039907,5.067445006307696,5.1,5.1,5.1,5.2,5.501172155696094,5.8,5.9,5.9,5.920207607712837,6.1410608664118564,6.3,6.7,6.7,7.6
0.49836399514212393,0.9221271170439141,1.0854855139391493,1.3,1.4,1.4797923922871656,1.6,1.6,1.6,1.6,1.6,1.7,1.7,1.8,1.8,1.9,1.9,2.0,2.0,2.0,2.0,2.0,2.0,2.0,2.0,2.0,2.0,2.0,2.0,2.0037085797800698,2.1,2.1,2.1,2.1,2.1,2.1,2.1,2.1,2.1,2.2,2.2,2.2,2.217922626012691,2.3,2.3,2.3,2.3,2.3,2.3,2.3,2.3,2.3,2.4,2.4,2.4,2.5,2.5,2.5,2.5,2.5,2.5,2.5,2.5,2.5,2.5,2.5,2.5,2.5,2.5,2.5,2.5,2.5,2.5,2.55857505126975,2.6,2.7,2.7,2.7,2.7,2.7,2.7,2.8,2.8,2.8,2.8,2.8,2.8,2.8,2.8,2.8,2.8,2.8,2.852870569242148,2.9,2.9,2.9,2.9,2.9,2.9,2.9,2.9,2.9,2.9,2.9,2.9,2.9,2.9,2.9,3.0,3.0,3.0,3.0,3.0,3.0,3.0,3.1,3.1,3.1,3.1,3.1,3.1,3.2,3.2054499355826125,3.3,3.3,3.3,3.4,3.4,3.4,3.4,3.4,3.4,3.4,3.4,3.4,3.4,3.4026769483789847,3.5,3.5,3.5,3.5273604303772346,3.6,3.6,3.625036691116378,3.7,3.7,3.7,3.761545727139935,3.8,3.8,3.8,3.8,3.8,3.8,3.8,3.8599324600475087,3.9,3.9,3.9,3.9,3.9,3.9,3.9,4.0,4.0,4.0,4.1,4.1,4.1,4.1,4.1,4.1,4.1,4.1,4.1,4.2,4.2,4.2,4.2,4.2,4.2,4.2,4.369487052929304,4.4,4.4,4.4,4.4,4.5,4.6,4.6,4.707133298446678,5.000390718565365,5.1,5.1,5.1,5.120207607712836,5.8,5.8,6.1,6.633618648868259,7.6
0.2,0.5,0.5,0.5,0.5,0.5,0.5,0.5,0.5,0.5,0.5,0.5,0.5,0.5,0.5,0.6,0.6,0.6,0.6305129470707023,0.7,0.7,0.7,0.7,0.7590090298190247,0.8,0.8,0.8,0.8,0.8,0.8,0.8,0.8,0.8,0.8,0.8,0.8,0.8,0.8,0.8,0.8,0.8,0.8,0.8,0.8,0.8000358757198556,0.9,0.9,1.0,1.0,1.0,1.0,1.1,1.1,1.1,1.1,1.1,1.1,1.1,1.1079458502902526,1.2,1.2,1.2,1.2,1.2,1.2,1.2,1.2,1.3,1.3,1.3,1.3,1.3,1.3,1.3,1.3,1.3,1.3,1.3,1.3,1.3,1.3,1.3,1.3,1.3,1.3,1.3,1.3,1.3,1.3,1.3,1.3,1.3,1.3,1.3,1.3,1.3,1.3,1.3,1.3,1.3,1.3,1.3,1.3,1.3,1.3,1.3,1.3,1.3,1.3,1.3,1.3,1.3,1.3,1.3,1.3,1.3,1.3,1.3,1.3,1.3,1.3,1.3,1.3,1.3,1.3,1.3,1.3,1.3,1.3,1.3,1.4,1.4,1.4,1.4,1.4,1.4,1.4,1.4,1.4,1.4,1.4,1.4,1.4,1.4,1.4,1.4,1.4,1.4,1.4968948881851645,1.5,1.5,1.5,1.5,1.5,1.5,1.5,1.5,1.5,1.5,1.5,1.5,1.5,1.5,1.5,1.5,1.5,1.5,1.5,1.5,1.5,1.5,1.5,1.5,1.5,1.5,1.5,1.5,1.6,1.6,1.6,1.6,1.6,1.6,1.6,1.6,1.6,1.6,1.6,1.7,1.7,1.7,1.8,1.8,1.8,1.8,2.0,2.141060866411857,2.4,2.5,2.777872882956086,2.8
1.1983639951421239,1.5221271170439141,1.8,1.9,2.0,2.0797923922871657,2.2,2.3,2.4,2.4996092814346325,2.5,2.582474763342478,2.768775961264544,2.8,2.8,2.8,2.8860145100745633,2.9,3.0,3.0,3.0,3.032717428414268,3.1,3.1,3.1,3.1,3.137286272143571,3.2,3.2,3.3,3.3,3.3,3.3,3.3,3.3,3.4,3.4,3.4,3.6,3.6,3.6,3.6,3.6,3.7,3.7,3.7,3.8,3.8,3.8,3.8,3.8,3.8,3.9,3.9,3.9,3.9,3.9,3.9,3.9,3.9,3.9,3.9,3.935730053136092,4.0,4.0,4.1,4.1,4.1,4.2,4.2,4.2,4.2,4.2,4.3,4.3,4.4,4.4,4.4,4.4,4.4,4.447494849229611,4.5,4.5,4.5,4.5,4.5,4.5,4.6,4.6,4.6,4.6,4.6,4.6,4.6,4.6,4.7,4.7,4.8,4.8,5.0,5.0,5.0,5.0,5.023688407591999,5.1,5.1,5.1,5.1,5.1,5.1,5.1,5.2,5.2,5.2,5.2,5.3,5.3,5.3,5.4,5.4,5.452505150770389,5.5,5.5,5.5,5.5,5.5,5.5,5.5,5.7,5.8,5.8,5.8,5.8835834762872885,5.9,5.9,5.9,5.9,5.9,5.9,5.9,5.9,5.9,5.9,5.9,5.9,5.9,5.9,5.9,5.9,5.9,5.9,5.9,5.9,5.9,5.920554724647713,6.0,6.1,6.1,6.1820773739873065,6.3,6.3,6.3,6.3,6.3,6.3,6.3,6.3,6.3,6.340306890980156,6.59121831144011,6.7,6.7,6.7,6.7,6.7,6.7,6.7,6.9,6.9,7.0,7.032890268817948,7.3,7.538974105858608,7.640688082251233,8.713985489925436,8.8,9.2,9.7,9.7,9.752575709972575,10.0,10.0,10.1,10.1,10.127319741889755,12.520207607712837,12.6,12.8,13.3,14.234474595473035,18.10054533495263
0.8,1.3221271170439142,1.5854855139391493,1.7286373428261779,1.8,1.8797923922871658,1.9931700645275616,2.0,2.0,2.1,2.2,2.282474763342478,2.3,2.5,2.532554993692302,2.6,2.6,2.7593119177487657,2.8,2.8,2.8,2.8,2.8966561113817306,2.9,2.9,2.9,3.0,3.0,3.0,3.1,3.1,3.2,3.2,3.2,3.2,3.2,3.3,3.3,3.3,3.3,3.3,3.3,3.3,3.3,3.300035875719855,3.4,3.4,3.4,3.4,3.5,3.6,3.6,3.6,3.6,3.6,3.607654785822831,3.7,3.7,3.8,3.8,3.8,3.8,3.8,3.8,3.8,3.9,3.9,3.9,3.9,3.9,3.9,3.9,3.9,3.9,3.9,3.9,3.9,3.9677877762521887,4.0,4.1,4.1,4.2,4.2,4.2,4.2,4.2,4.3,4.32771084921612,4.4,4.4,4.4,4.4,4.452870569242148,4.5,4.5,4.5,4.5,4.5,4.500888621543728,4.6,4.6,4.6,4.6,4.6,4.6,4.6,4.6,4.6,4.6,4.671989073708891,4.796926093147823,4.8,4.8,4.8,4.897623680861142,4.923079872757484,5.0,5.0,5.0,5.1,5.1,5.1,5.1,5.1,5.1,5.1,5.2,5.2,5.2,5.297472376674125,5.3,5.5,5.5,5.5,5.5,5.572410260810318,5.7,5.8,5.8,5.8,5.827360430377235,5.9,5.9,5.9,5.9,5.9,5.9,5.9,5.9,5.9,5.9,5.9,5.9,5.9,5.9,5.9,5.9,5.9,5.982077373987306,6.1,6.167079801107315,6.3,6.3,6.3,6.3,6.3,6.3,6.3,6.340306890980156,6.4,6.5,6.696291420219933,6.7,6.7,6.7,6.7,6.7,6.8409909701809735,6.9,7.067282571585736,7.3,7.6,7.669487052929304,8.2220642467537,8.7,8.8,9.2,9.7,9.7,9.752575709972575,10.0,10.1,10.1,10.1,11.481959225669266,12.640415215425673,12.8,13.3,13.3,14.5,16.21090669905261
0.5,0.5,0.5854855139391493,0.7,0.7,0.8,0.8,0.8,0.8,0.8,0.8,0.8,0.8,0.8,0.8,0.8,0.8,0.8,0.8,0.8,0.8,0.8,0.8,0.8,0.8,0.8,0.8,0.8,0.8,0.8,0.8,0.808781688559887,0.9,0.9,0.9,0.9,0.9,0.9,1.0,1.0,1.0,1.0,1.0,1.0,1.0,1.0,1.0,1.0,1.0,1.0,1.1,1.1,1.1,1.1,1.1,1.1,1.1,1.1,1.1,1.1,1.1,1.1,1.1,1.1,1.1,1.1,1.1,1.1,1.1,1.1,1.1,1.1,1.1,1.1,1.1,1.1,1.1,1.2,1.2,1.2,1.2,1.2,1.2,1.2,1.2,1.2,1.2,1.2,1.2,1.2,1.2030739068521825,1.3,1.3,1.3,1.3,1.3,1.3,1.3,1.3,1.3,1.3,1.3,1.3,1.3,1.3,1.3,1.3,1.3,1.3,1.3,1.3,1.3,1.3,1.3,1.3,1.3,1.3,1.3,1.3,1.3,1.3,1.3,1.4,1.4,1.4,1.4,1.4,1.4,1.4,1.4,1.4,1.4,1.4,1.4,1.4,1.4,1.4,1.4,1.4,1.4,1.4,1.5,1.5,1.5,1.5,1.5,1.5,1.5,1.5,1.5,1.5,1.5,1.5,1.5,1.5,1.5,1.5,1.5,1.5,1.5,1.5670798011073146,1.6,1.6,1.6,1.6,1.6,1.6,1.6,1.6,1.6,1.6,1.7,1.7,1.8,1.8,1.8,1.8,1.8,1.8,1.8,1.9,1.9,1.9,2.0,2.0139854899254375,2.1,2.2,2.3,2.4,2.5,2.5,2.6003907185653645,2.7,2.8,2.8,2.8,2.882121732823714,3.1,3.1,3.1,3.9016360048578917
0.49836399514212393,0.8221271170439142,1.0,1.2,1.2,1.2,1.3,1.4,1.5022832662765964,1.6,1.6,1.6,1.7,1.7,1.8,1.8,1.8,1.8593119177487658,2.0,2.0,2.0,2.0,2.0,2.0,2.0,2.079256605514607,2.1,2.1,2.1,2.1,2.156801156119795,2.2,2.2,2.3,2.3,2.3,2.3,2.3,2.3,2.3,2.4,2.4,2.4,2.4,2.4,2.4,2.4,2.4181900885031635,2.5,2.5,2.530825981018876,2.6,2.6,2.6,2.6,2.6,2.6,2.6,2.6,2.6,2.6,2.6,2.6,2.6,2.6,2.7,2.7,2.7,2.716416523712721,2.8,2.8,2.8,2.8,2.8,2.8,2.8,2.8,2.8,2.8,2.8,2.8,2.8,2.8,2.8,2.8,2.8,2.8,2.8,2.8,2.8,2.8,2.8,2.8,2.8,2.8,2.8,2.8517089421772566,2.9,2.9,3.0,3.0,3.0,3.0991113784562687,3.1,3.1,3.1,3.1,3.1,3.147129430757855,3.2,3.2,3.2,3.3,3.3,3.3,3.3,3.3,3.3,3.3002692641843905,3.4,3.4,3.4,3.4,3.4,3.4591808414844936,3.5,3.6,3.6,3.6,3.6,3.6,3.6,3.6,3.6,3.6,3.6,3.6,3.6,3.6,3.6,3.6273604303772347,3.7,3.7,3.725036691116378,3.8,3.8,3.8,3.8,3.8,3.8,3.8,3.9,3.9,3.9,4.0,4.1,4.1,4.1,4.1,4.1,4.1,4.1,4.155172771262977,4.2,4.2,4.2,4.2,4.2,4.2,4.2,4.2,4.396291420219933,4.4,4.4059984560655785,4.562713727856431,4.7,4.7,4.740990970180974,4.8,4.9,5.032890268817948,5.1,5.1,5.140688082251233,5.3,5.389518608039907,5.6,5.7,5.7,5.7,5.7,5.9,6.0,6.0,6.006829935472439,6.2,6.423182599235571,6.7,6.814514486060847,6.9,7.402726674763153
0.49836399514212393,0.8221271170439142,1.0,1.128637342826178,1.2,1.2,1.2931700645275617,1.4,1.4022832662765963,1.5996092814346328,1.6,1.6,1.6,1.6,1.7,1.7,1.8,1.8,1.8,1.8,1.8671097311820504,2.0,2.0,2.0,2.0,2.0,2.0,2.0,2.0,2.0,2.0,2.1,2.1,2.1,2.1,2.2,2.253423758114002,2.3,2.3,2.3,2.3,2.3,2.4,2.4,2.4,2.4,2.4,2.4,2.4,2.4,2.5,2.5,2.6,2.6,2.6,2.6,2.6,2.6,2.6,2.6,2.6,2.6,2.6,2.6,2.6,2.6,2.6,2.6,2.7,2.7,2.7,2.8,2.8,2.8,2.8,2.8,2.8,2.8,2.8,2.8,2.8,2.8,2.8,2.8,2.8,2.8,2.8,2.8,2.8,2.8,2.8,2.8,2.8,2.8,2.8,2.8,2.8,2.8,2.8,2.8,2.8,2.8,2.8,2.8,2.8,2.8,2.8,2.9,2.9471294307578546,3.0,3.0,3.0,3.0,3.072289150783877,3.1,3.1,3.1,3.1,3.2,3.2,3.2525051507703893,3.3,3.3,3.3,3.3,3.3,3.3,3.3,3.369319877160609,3.4,3.4,3.4,3.5,3.5,3.6,3.6,3.6,3.6,3.6,3.6,3.6,3.6,3.6,3.6,3.6,3.6923452141771635,3.7,3.761545727139935,3.8,3.8,3.8,3.9,4.043677771674339,4.1,4.1,4.1,4.1,4.1,4.1,4.1,4.1,4.1,4.2,4.2,4.2,4.2,4.2,4.2,4.2,4.2,4.2,4.4,4.4,4.4,4.5,4.5207433944853905,4.7,4.7,4.8,4.8672825715857355,5.1,5.1,5.1,5.240688082251234,5.3,5.4,5.6,5.647944441110684,5.7,5.7,5.7,5.7,5.7,5.7,5.806829935472439,5.920207607712837,6.0,6.271362657173825,6.8,6.9,7.4147240437210264
0.49836399514212393,0.8,0.9,1.0,1.0,1.1,1.2,1.2,1.2022832662765963,1.3,1.4,1.4,1.6,1.6,1.6,1.6,1.6,1.7,1.7,1.7,1.7,1.8,1.8,1.8,1.8,1.8792566055146067,2.0,2.0,2.0,2.0,2.0,2.0,2.0,2.0,2.0,2.0,2.053423758114002,2.1,2.1,2.1,2.2,2.2,2.3,2.3,2.3,2.3,2.3,2.3,2.3,2.393861234331038,2.4,2.4,2.4,2.4,2.4,2.4,2.4,2.4,2.4,2.4,2.4,2.5,2.5,2.566707318575743,2.6,2.6,2.6,2.6,2.6,2.6,2.6,2.6,2.6,2.6,2.6,2.6,2.6,2.6,2.6,2.6,2.6,2.6,2.6,2.7,2.7,2.7,2.8,2.8,2.8,2.8,2.8,2.8,2.8,2.8,2.8,2.8,2.8,2.8,2.8,2.8,2.8,2.8,2.8,2.8,2.8,2.8,2.8,2.8,2.8,2.8,2.8,2.8,2.8,2.8,2.8,2.8,2.8,2.8,2.9002692641843906,3.0,3.0,3.0,3.0,3.0,3.0,3.1,3.1,3.1,3.1,3.1,3.2,3.2545931739625815,3.3,3.3,3.3,3.3,3.3,3.3,3.4,3.4,3.4273604303772345,3.5,3.5920541497097473,3.6,3.6,3.6,3.6,3.6,3.6,3.6,3.6,3.7,3.7,3.8,3.8,3.8,3.8,3.9,3.9,4.1,4.1,4.1,4.1,4.1,4.1,4.1935939878452535,4.2,4.2,4.2,4.2,4.2,4.2,4.35054171839335,4.4,4.4,4.5,4.5,4.7,4.7,4.767282571585736,4.832890268817948,5.0,5.0,5.1,5.127970979850875,5.3,5.534890012615392,5.6,5.7,5.7,5.7,5.7,5.7,5.7,5.713659870944878,6.020207607712837,6.6410608664118564,6.8,6.9,7.1,7.9119973689578735
2.0,2.822127117043914,3.0,3.2,3.3,3.3,3.5931700645275617,3.7,3.7,3.9,3.9,4.0,4.0,4.1,4.132554993692302,4.2,4.386014510074563,4.4,4.530512947070702,4.6,4.6,4.6,4.6,4.7,4.7,4.7,4.8,5.0,5.0,5.1,5.1,5.108781688559887,5.2,5.2,5.475404368174463,5.7,5.8,5.8,5.8,5.8,5.9,5.975794741564042,6.0,6.0,6.0,6.0,6.0,6.0,6.0,6.0,6.0,6.0,6.0,6.0,6.0,6.0,6.0,6.0,6.0,6.0,6.0,6.0,6.0,6.0,6.0,6.0,6.0,6.0,6.0,6.0,6.1,6.1,6.1,6.1,6.1,6.1,6.1,6.1,6.194550064417385,6.2,6.247494849229611,6.3,6.3,6.3,6.3,6.3,6.3,6.3,6.3,6.3,6.3,6.3,6.3,6.3,6.4,6.4,6.4,6.4,6.5,6.5,6.55,6.6,6.6,6.6,6.6,6.672927891550574,6.7,6.7,6.7,6.7,6.7,6.7,6.8,6.8,6.8,6.8,6.8,6.8,6.8,6.826303351929255,6.9,6.9,6.9,6.9,6.9,6.9,6.9,6.9,6.9,6.9,6.9,6.9,6.9,6.9,6.9,6.9,6.9,6.9,6.9,6.9,6.9,6.9,6.9,6.9,6.9,6.9,6.9,6.9,6.9,6.9,6.9,6.9,6.9,6.9,6.9,6.9,6.9,6.9,6.9,6.9,6.9,6.9,6.9,6.9,6.9,6.9,6.9,6.9,6.9,6.9,6.9,6.9,6.9,6.9,7.062713727856431,7.141486788970781,7.3,7.3,7.3,7.3,7.5,7.5,7.5,7.540688082251234,7.6,7.6,7.6,7.6,7.6,7.6,7.6,7.6,7.6,7.7,7.8,8.120207607712837,8.5,8.571362657173824,8.629028972121693,9.1,9.705453349526305
1.4994546650473746,2.0,2.2,2.9,2.9589391335881383,3.0797923922871657,3.2,3.2,3.3,3.3,3.5,3.6,3.6687759612645445,3.7520555588893196,3.9,3.9,3.9860145100745634,4.0,4.1,4.199741754388987,4.2,4.3,4.3,4.4,4.4,4.4,4.437286272143571,4.6,4.6,4.6,4.6,4.6,4.6,4.7,4.7,4.8,4.8,4.9,5.0,5.0,5.032920198892688,5.1,5.1,5.2,5.2,5.2,5.279445275352288,5.6,5.7,5.8,5.8,5.8,5.8,5.8,5.8,5.8,5.84153788703216,5.9,6.0,6.0,6.0,6.0,6.0,6.0,6.0,6.0,6.0,6.0,6.0,6.0,6.0,6.0,6.0,6.0,6.0,6.0,6.0,6.0,6.0,6.0,6.0,6.0,6.0,6.0,6.0,6.0,6.0,6.0,6.0,6.0,6.0,6.0,6.0,6.0,6.0,6.0,6.0,6.0,6.0,6.0,6.0,6.0,6.0,6.1,6.1,6.1,6.1,6.1,6.1,6.1,6.196926093147823,6.2,6.2,6.2,6.2,6.223079872757483,6.3,6.3,6.3,6.3,6.3,6.3,6.3,6.3,6.3,6.3,6.3,6.3,6.369319877160609,6.4,6.4,6.4,6.5,6.6,6.6,6.6,6.6,6.6,6.7,6.7,6.7,6.7,6.7,6.8,6.85846211296784,6.9,6.9,6.9,6.9,6.9,6.9,6.9,6.9,6.9,6.9,6.9,6.9,6.9,6.9,6.9,6.9,6.9,6.9,6.9,6.9,6.9,6.9,6.9,6.9,6.9,6.9,6.9,6.9,6.9,6.9,6.9,6.9,6.9,6.9,6.9,6.9,6.9,6.9,7.1,7.1,7.3,7.5,7.5,7.6,7.6,7.6,7.6,7.6,7.699636869475825,7.906829935472439,8.5,8.682121732823713,8.8,8.929028972121694,9.177872882956086,10.501090669905262
0.5994546650473747,0.8,1.1,1.1,1.2,1.2,1.2931700645275617,1.3,1.3,1.3,1.4,1.4,1.5,1.5,1.5,1.5,1.5,1.5,1.5,1.5,1.5,1.5,1.5,1.5,1.5,1.5,1.5,1.5,1.5,1.5,1.5,1.5,1.5,1.5,1.5,1.5,1.6,1.6,1.7,1.7,1.7,1.7,1.7,1.7,1.7,1.7,1.7,1.7,1.7,1.7,1.7,1.7,1.7,1.7,1.7,1.7,1.7,1.7,1.7,1.7,1.7,1.7,1.7,1.7,1.7,1.7,1.7,1.7,1.7,1.7,1.7,1.7,1.7,1.7,1.7,1.7,1.7,1.7,1.7,1.7,1.7,1.7,1.7,1.7,1.7,1.7,1.7,1.7,1.7,1.7,1.7,1.7,1.7,1.7,1.7,1.7,1.7,1.7,1.7,1.7,1.75,1.8,1.8,1.8,1.8,1.8,1.8,1.8,1.8471294307578545,1.9,1.9,1.9,1.9,1.9,1.9,1.9,1.948666772365334,2.0,2.0002692641843907,2.1,2.2,2.2,2.2,2.2,2.2,2.2,2.2,2.2,2.2,2.2,2.3,2.3,2.3,2.3,2.3,2.3,2.3,2.3,2.3,2.3,2.3273604303772344,2.4,2.4920541497097473,2.6,2.6,2.8,2.9,2.9,2.9,2.9,2.9,2.9,2.9,3.0,3.0,3.1,3.1,3.1,3.1,3.1,3.2,3.2,3.3,3.3,3.3,3.3,3.3,3.4,3.5,3.5,3.5,3.596291420219933,3.6,3.6,3.7,3.7,3.7,3.781981940361948,3.9,3.9,3.9,4.0,4.1,4.3,4.313985489925437,4.4,4.534890012615392,4.647944441110684,4.7,4.8,5.0,5.0,5.1,5.2,5.3,5.540415215425673,5.882121732823713,6.0,6.014514486060847,6.489364414780431,7.657805504978842
1.5978186601894986,2.0,2.1,2.3,2.3,2.3,2.3,2.3,2.3,2.3996092814346324,2.492866701553323,2.5,2.5687759612645444,2.6,2.7325549936923017,2.8,2.8,2.8,2.8,2.8,2.8,2.9,2.9,2.9,2.9,3.0,3.0,3.0,3.0,3.1,3.1,3.1,3.1,3.1,3.1,3.1,3.1,3.1995538602494094,3.2,3.289273309875608,3.3,3.3,3.3,3.3,3.3,3.340067539952498,3.4,3.4,3.5,3.5,3.5,3.6,3.6,3.6,3.6,3.6,3.6,3.6,3.6,3.6404999223586856,3.7,3.7,3.7,3.7,3.7,3.7,3.8,3.8,3.8,3.8,3.8,3.8,3.8,3.8,3.8,3.813634252669689,3.9,3.9,3.9,3.9,3.9,3.9,3.9,3.9,3.9,3.9,3.9,3.9,3.9,3.9,4.0,4.0,4.0,4.0,4.0,4.0,4.051708942177257,4.1,4.2,4.2,4.2,4.2,4.2,4.2,4.2,4.2,4.2,4.2,4.2,4.2,4.2,4.2,4.2,4.2,4.2,4.223079872757483,4.3,4.37439350157847,4.4,4.4,4.4,4.478884147332195,4.5,4.5,4.5,4.5,4.5,4.5,4.5,4.5,4.5,4.5,4.5,4.5,4.5,4.5,4.6,4.6,4.6,4.6,4.6,4.6,4.6,4.6,4.6,4.6,4.6,4.6,4.6,4.6,4.6,4.6,4.6,4.6,4.6,4.6,4.699964124280138,4.7,4.7,4.7,4.7,4.7,4.755172771262977,4.8,4.8,4.8,4.8,4.8,4.8,4.8,4.9,4.9,5.0,5.1,5.1,5.1,5.1,5.2,5.3,5.3,5.4,5.5,5.5,5.5,5.5,5.5,5.6,5.747944441110684,5.831224038735451,5.9,6.0,6.1,6.1,6.2,6.2,6.340415215425673,6.6,6.771362657173825,7.4,8.868093244341292,9.401636004857892
1.5989093300947494,1.7,1.8,2.0,2.0,2.0,2.0,2.0,2.0022832662765966,2.1,2.1,2.1,2.1687759612645445,2.2520555588893196,2.3,2.3,2.3,2.359311917748766,2.4,2.4,2.4,2.4,2.5,2.5,2.5,2.5,2.6,2.6,2.6,2.6,2.6,2.7,2.7,2.7,2.7,2.7,2.7,2.7,2.8,2.8,2.8,2.8,2.8,2.8,2.8,2.8,2.8,2.8,2.8,2.8,2.8,2.8,2.803105111814835,2.9,2.9,2.9,2.9,2.9749633088836163,3.0,3.0404999223586855,3.1,3.1,3.1,3.1,3.1,3.1,3.1,3.1,3.1,3.1,3.1,3.2,3.2,3.2,3.2,3.2,3.240819158515501,3.3,3.3,3.3,3.3,3.3,3.3,3.3,3.3,3.3,3.3,3.3,3.3,3.3,3.4,3.4,3.4,3.5,3.5,3.5,3.6,3.6,3.6,3.6,3.6,3.6,3.6,3.6,3.6,3.6,3.7,3.7,3.7,3.7,3.7,3.7,3.7,3.7,3.7,3.7,3.8,3.8,3.8,3.8,3.8,3.8,3.8,3.8,3.8,3.8,3.8,3.9,3.9,3.9,3.9,3.9,3.9,3.9,3.9,3.9,3.9,3.9,3.9,3.9956215100637165,4.0,4.0,4.0,4.0,4.0,4.092345214177163,4.1,4.161545727139935,4.2,4.2,4.2,4.2,4.2,4.2,4.2,4.2,4.2,4.3,4.3,4.4,4.4,4.4,4.4,4.4,4.4,4.4,4.5,4.5,4.5,4.5,4.5,4.6,4.6,4.6,4.6,4.6,4.6,4.6,4.6,4.7,4.8,4.800258245611019,4.9,4.9,5.0,5.0,5.0,5.1,5.2312240387354505,5.5,5.707133298446678,5.9,5.9,5.9,6.006829935472439,6.1,6.2,6.3,6.429028972121694,6.6,6.9
1.9,3.1221271170439144,3.3,3.3,3.5178782671762763,3.6,3.7,3.7,3.8,3.9,3.9,3.982474763342478,4.0,4.0,4.065109987384604,4.3,4.3,4.5,4.5,4.6,4.6,4.6,4.6,4.6,4.6,4.6,4.6,4.6,4.7,4.70370857978007,4.856801156119795,5.0,5.0,5.0,5.1,5.1,5.1,5.2,5.3,5.3,5.3,5.3,5.3,5.3,5.3,5.3,5.3,5.3,5.3,5.393861234331038,5.4,5.4,5.4,5.5,5.5,5.5,5.5,5.6,5.6,5.6,5.6,5.7,5.7,5.766707318575743,5.8,5.8,5.8,5.8,5.9,5.9,5.9,5.9,5.9,5.9,5.9,6.0,6.0,6.167787776252188,6.2,6.2,6.2,6.2,6.2,6.3,6.3,6.3,6.3,6.3,6.35293269309945,6.4,6.4,6.4,6.4,6.4,6.4,6.4,6.4,6.6,6.6,6.6,6.6,6.6,6.6,6.7,6.7,6.7,6.7,6.7,6.7,6.7,6.7,6.7,6.7,6.772289150783877,6.8,6.9,6.9,7.0,7.0,7.0,7.0,7.1,7.3,7.3,7.3,7.3,7.313777036454177,7.4,7.4,7.4,7.4,7.4,7.583583476287288,7.6,7.6,7.6,7.7,7.733292681424257,7.8,7.895621510063717,8.0,8.1,8.192054149709747,8.5,8.5,8.5,8.5,8.5,8.5,8.5,8.6,8.6,8.7,8.7,8.7,8.7,8.8,8.8,8.8,8.8,8.8,8.8,8.8,8.80044613975059,9.1,9.5,9.783063754550357,10.090424139558621,10.180613781960313,10.48243662288022,10.5,10.5,10.5,10.7,10.7,10.7,10.7,10.7,10.7,11.4,11.4,11.4,11.4,11.4,11.4,11.4,12.5,12.5,12.5,12.5,12.5,12.5,12.5,12.5,12.5,12.5,12.5,12.5,12.5,12.8,14.5
1.3989093300947493,1.722127117043914,1.885485513939149,2.3572746856523557,2.6589391335881385,2.7797923922871655,2.8,2.8003631305241727,2.9,2.9,2.9,2.9,3.0,3.0,3.1,3.2,3.2,3.3,3.3,3.3,3.4,3.4,3.4,3.6,3.6,3.6,3.6,3.6,3.6,3.7,3.7,3.7,3.7,3.7,3.7,3.7,3.7,3.7,3.7,3.7,3.7,3.7,3.7,3.759328465857746,3.8,3.8,3.8,3.8181900885031634,3.9,3.9,3.9,3.9,3.9,3.9,3.9,3.9,3.9,3.9,3.9,3.9,4.0,4.0,4.1,4.1,4.1,4.2,4.257519604410663,4.387124620470954,4.4,4.4,4.4,4.402527623325867,4.5,4.5,4.586222963545816,4.6,4.6,4.6,4.6,4.6,4.6,4.6,4.6,4.6,4.6,4.6,4.6,4.7,4.8,4.9,5.0,5.0,5.0,5.0,5.1,5.1,5.1,5.1,5.1,5.1,5.1,5.1,5.1,5.1,5.1,5.1,5.2,5.2,5.2,5.271989073708892,5.3,5.3,5.3,5.3,5.3,5.3,5.3,5.3,5.300269264184391,5.4,5.452505150770389,5.5,5.5,5.5322122237478135,5.6,5.6863657473303135,5.713777036454178,5.8,5.8,5.8,5.8,5.8,5.8,5.8,5.8,5.8,5.8,5.833292681424257,5.9,5.9,5.9,5.9,5.9,5.9,5.9,5.9,5.9,5.9,5.9,5.9,5.9,5.9,6.0,6.0,6.0,6.0,6.099964124280137,6.1,6.2,6.3,6.3,6.3,6.3,6.3,6.3,6.393593987845254,6.4,6.580848279117242,6.7,6.7,6.7,6.7,6.7,6.7,6.962713727856431,7.141486788970781,7.3,7.3,7.3,7.4,7.4,7.6,7.6,7.6,7.6,7.689518608039907,8.5,8.5,8.7,8.717525236657524,8.8,8.8,8.8,9.199636869475825,10.5,10.7,10.7,11.4,12.5,12.5,12.5
0.6989093300947492,0.7,0.8,0.8,0.8,0.8,0.8,0.8,0.8,0.8,0.8,0.8,0.8,0.8,0.8,0.8,0.8,0.8,0.8,0.8,0.8,0.8,0.8,0.8,0.8,0.9,1.0,1.1,1.1,1.1,1.1,1.1,1.1,1.1095758604413761,1.2,1.2,1.2,1.2,1.2,1.2,1.3,1.3,1.3,1.3,1.3,1.3,1.3,1.3,1.3,1.3,1.3,1.3,1.3,1.3,1.4,1.4,1.4,1.4,1.4,1.4,1.4,1.4,1.4,1.4,1.4,1.4,1.4,1.4,1.4,1.4,1.4,1.4,1.4,1.4,1.4,1.4,1.4,1.4,1.4,1.4,1.4,1.4,1.4,1.4,1.4,1.4,1.4,1.4,1.4,1.4,1.4,1.4,1.4,1.4,1.4,1.4,1.4,1.4,1.4,1.4,1.4,1.4,1.4,1.4,1.4,1.4,1.5,1.5,1.5,1.5,1.5,1.5,1.5,1.5,1.5,1.5,1.5,1.5,1.5,1.5,1.5,1.5,1.5,1.6,1.6,1.6,1.6,1.6,1.6,1.6,1.6258931733306896,1.7,1.7,1.7,1.7,1.7,1.8,1.8,1.8,1.8,1.8273604303772344,1.9,1.9,1.9,1.9,1.9,1.9267012041614293,2.0,2.0,2.0,2.0,2.006138765668953,2.1,2.1,2.1,2.2,2.2,2.2,2.2,2.2,2.3,2.3,2.3,2.3,2.346576241885998,2.4,2.4,2.4,2.4,2.4,2.4,2.4,2.4,2.4,2.4,2.6,2.7,2.7,2.7,2.7,2.7,2.7,2.7,2.7,2.8,2.8,2.8,2.8,2.8624480774709014,3.0,3.0,3.0003907185653644,3.1,3.1,3.3068299354724386,3.5,3.5,3.6427253143476492,3.9,3.9,4.402726674763153
1.3983639951421238,1.6442542340878283,1.8,1.8859120284785338,2.1,2.2797923922871655,2.3,2.4,2.4,2.5,2.5,2.5,2.5,2.5,2.632554993692302,2.7,2.7,2.8,2.8,2.8,2.8,2.9,2.9,2.9,2.919852465712776,3.0,3.0,3.0,3.1,3.1,3.1,3.2,3.2,3.3,3.3,3.30640601215474,3.4,3.4,3.4,3.4,3.5,3.5,3.5,3.6,3.6,3.6,3.6,3.6,3.6,3.6,3.630825981018876,3.7,3.7,3.7,3.7,3.707654785822831,3.8,3.8,3.8,3.8,3.8,3.8,3.8,3.8,3.9,3.9,3.9,3.9,3.9,3.9,4.0,4.1,4.1,4.1,4.1,4.1,4.1,4.1,4.1,4.1,4.1,4.1,4.1,4.1,4.1,4.1,4.1,4.1,4.1,4.1,4.1,4.1,4.1,4.1,4.1,4.127072108449437,4.2,4.2,4.2,4.2,4.2,4.2,4.2,4.2,4.2,4.2,4.2,4.2,4.2,4.4,4.4,4.4,4.4,4.4,4.4,4.4,4.4,4.4,4.4,4.4,4.4,4.4,4.4,4.4,4.4,4.4,4.4,4.4,4.4,4.4,4.4,4.4,4.4,4.4,4.4,4.4,4.4,4.4,4.4,4.4,4.4,4.459500077641303,4.592054149709747,4.6,4.6,4.6,4.6,4.6,4.6,4.865530562391563,5.1,5.1,5.1,5.1,5.1,5.1,5.1,5.1,5.1,5.1,5.1,5.1,5.1,5.1,5.1,5.1,5.1,5.1,5.2,5.2,5.243198843880208,5.3,5.45054171839335,5.605998456065578,5.8,5.8,5.8,5.8,5.8,5.8,5.8,5.8,5.8,5.8,5.8,5.8,5.8,5.8,5.8,5.8,5.8,5.800390718565365,5.997716733723399,6.199273738951649,6.3,6.4,6.7,6.7,7.517717290912702,9.968093244341294,12.5
1.3972733252368732,1.4442542340878284,1.7,1.8,2.0,2.1,2.2,2.3,2.4,2.5,2.5,2.6,2.6687759612645445,2.7,2.7,2.7,2.7,2.8,2.8,2.8,2.8,2.8,2.8,2.9,2.9,2.9,2.9,2.994001543934421,3.0,3.0,3.0,3.1,3.1,3.1,3.1,3.1,3.253423758114002,3.3,3.3,3.4,3.4,3.4,3.4,3.4,3.4,3.4,3.4,3.5,3.5,3.6,3.6,3.6,3.6,3.6,3.6,3.607654785822831,3.7,3.7,3.7,3.8,3.8,3.8,3.835730053136092,3.9,3.9,3.9,3.9,3.9,3.9164165237127206,4.045406826037424,4.1,4.1,4.1,4.1,4.1,4.1,4.1,4.1,4.1,4.1,4.1,4.1,4.1,4.1,4.1,4.1,4.1,4.1,4.1,4.1,4.1,4.1,4.1,4.1,4.1,4.2,4.2,4.2,4.2,4.2,4.2,4.2,4.2,4.2,4.296582115645492,4.4,4.4,4.4,4.4,4.4,4.4,4.4,4.4,4.4,4.4,4.4,4.4,4.4,4.4,4.4,4.4,4.4,4.4,4.4,4.4,4.4,4.4,4.4,4.4,4.4,4.4,4.4,4.4,4.4,4.4,4.4,4.4,4.4,4.4,4.4,4.4,4.4,4.4,4.4,4.4584621129678395,4.5,4.6,4.6,4.6,4.6,4.6,4.6,4.6,4.7818099114968335,4.920554724647713,5.059932460047508,5.1,5.1,5.1,5.1,5.1,5.1,5.1,5.1,5.1,5.1,5.1,5.1,5.1,5.1,5.1,5.1,5.1,5.1,5.225427455712861,5.3,5.3,5.4,5.703343888618275,5.8,5.8,5.8,5.8,5.8,5.8,5.8,5.8,5.8,5.8,5.8,5.9,5.9,5.997716733723399,6.1,6.206829935472439,6.320207607712836,6.7,7.128175943042947,7.314514486060847,7.677872882956086,12.5
0.6989093300947492,0.8,0.8,0.828637342826178,0.9,1.1,1.1931700645275616,1.2,1.3,1.3996092814346326,1.4,1.4,1.4,1.4,1.4,1.4,1.4860145100745634,1.5,1.5,1.5,1.6,1.6,1.6966561113817307,1.7590090298190248,1.8,1.8,1.8,1.8,1.8,1.8,1.8,1.8,1.8,1.8,1.8,1.8,1.8,1.8995538602494093,1.9,1.9892733098756081,2.0,2.0,2.1,2.1,2.2,2.2,2.2,2.2,2.2,2.2,2.2,2.2,2.2,2.2,2.2,2.2,2.2,2.2,2.207945850290253,2.3,2.3,2.3,2.4,2.4,2.4,2.4,2.4,2.4,2.4,2.4,2.4,2.5,2.5,2.5,2.5,2.5,2.5,2.5,2.5,2.5,2.5,2.5,2.5,2.525606498421527,2.6,2.7,2.7,2.7,2.7,2.7,2.7,2.7,2.7,2.7,2.7,2.7,2.7,2.7,2.7,2.7,2.7,2.7,2.7,2.7,2.7,2.7,2.7,2.7,2.7,2.7,2.7,2.7,2.7,2.7,2.7,2.7,2.7,2.7,2.7,2.7263033519292548,2.8,2.8,2.8,2.8,2.8,2.8,2.8,2.8,2.8,2.8,2.8,2.8,2.8,2.8,2.8,2.8,2.8,2.8,2.8,2.8,2.8,2.8,2.8,2.8,2.8,2.8,2.8,2.8,2.8968948881851646,2.9,2.9,3.0,3.0,3.0,3.0,3.0,3.0,3.0,3.0,3.0,3.0,3.0,3.0,3.0,3.0,3.1,3.1,3.1,3.1,3.2,3.2,3.2962914202199327,3.3,3.4,3.4,3.4,3.4801475342872323,3.5,3.5,3.5,3.5,3.500258245611019,3.6,3.7406880822512334,3.8,3.8,3.8,3.847944441110684,3.9,4.017525236657525,4.1,4.1,4.1,4.1,4.1,4.1,4.1,4.2,4.501601402425928,5.1,6.7
1.4,2.3,2.5,2.928637342826178,3.0,3.0797923922871657,3.1,3.3003631305241727,3.5,3.5996092814346325,3.6,3.7,3.7,3.7,3.7,3.7,3.7,3.7,3.8,3.8,3.86710973118205,3.9,3.9,3.9,3.9,3.9,3.9,3.9,3.9,4.0,4.0,4.0,4.0,4.0,4.0,4.1,4.1,4.1,4.1,4.2,4.2,4.2,4.2,4.2,4.2,4.2,4.3,4.3,4.3,4.3,4.3,4.3,4.3,4.3,4.3,4.3,4.3,4.3,4.3,4.3,4.3,4.3,4.3,4.3,4.3,4.3,4.3,4.387124620470954,4.4,4.4,4.4,4.405055246651734,4.6,4.6,4.6,4.7,4.7,4.7,4.7,4.7,4.7,4.7,4.7,4.7,4.7,4.7,4.8,4.82771084921612,4.95293269309945,5.0,5.0,5.0,5.0,5.0,5.0,5.0,5.0,5.0,5.0,5.0,5.0,5.0,5.1,5.1,5.1,5.172927891550574,5.2,5.2,5.2,5.2,5.296926093147823,5.4,5.4,5.5,5.5,5.5,5.548666772365334,5.6,5.6,5.6,5.6,5.6,5.6,5.6,5.6,5.6,5.6,5.6,5.7,5.7,5.7,5.754593173962581,5.8,5.8,5.9,5.9,5.9,5.9,6.0,6.0,6.0,6.0,6.192054149709747,6.2,6.2,6.292345214177163,6.3,6.42309145427987,6.5,6.5,6.56917401898113,6.6,6.6,6.681809911496833,6.8,6.8,6.899964124280138,6.9,6.9,6.9,6.9,6.9,7.055172771262977,7.1,7.1,7.287187975690506,7.5,7.5,7.7,7.7,7.7,7.796291420219933,7.9,8.423993824262311,8.8,8.82074339448539,9.180147534287231,9.2,9.2,9.2,9.2,9.2,9.2,9.2,9.2,9.2,9.2,9.4,9.4,9.4,9.4,9.4,9.4,9.599636869475825,9.6,10.1,11.4,11.7,11.83063037454762,13.7,13.70981602914735
1.4,1.722127117043914,2.3,2.3,2.5178782671762763,2.8797923922871655,3.0,3.0,3.0,3.0,3.1,3.1,3.1,3.1,3.3,3.3,3.3,3.4,3.5,3.5,3.5,3.632717428414268,3.7,3.7,3.7,3.7,3.7,3.7,3.7,3.7,3.7,3.8,3.8,3.8095758604413756,3.9,3.9,3.9,3.9,3.9,3.9,3.9,3.9,3.9,3.9,3.9,3.9,3.9,4.0,4.0,4.0,4.0,4.0,4.0,4.0,4.0,4.1,4.1,4.1,4.1,4.1,4.1,4.2,4.2,4.2,4.2,4.2,4.2,4.2,4.216416523712721,4.3,4.3,4.3,4.3,4.3,4.3,4.3,4.3,4.3,4.3,4.3,4.3,4.3,4.3,4.3,4.3,4.3,4.3,4.3,4.3,4.3,4.4,4.4,4.4,4.4,4.4,4.4,4.4,4.4,4.4,4.4,4.4,4.4,4.4,4.6,4.6,4.6,4.6,4.7,4.7,4.7,4.7,4.7,4.7,4.7,4.7,4.7,4.7,4.7,4.7,4.7,4.8,4.8,4.8,5.0,5.0,5.0,5.0,5.0,5.0,5.0,5.0,5.0,5.0,5.0,5.042480395589342,5.1,5.1,5.2,5.2,5.2,5.2,5.2,5.2,5.225036691116378,5.4,5.4,5.5,5.5,5.6,5.6,5.6,5.6,5.6,5.6,5.6,5.6,5.7,5.7,5.7,5.8,5.8,5.8107266901243975,5.9,5.9,5.9,5.993593987845253,6.041531877275179,6.1,6.2,6.2,6.2,6.3,6.3,6.5,6.5,6.5207433944853905,6.6,6.8,6.9,6.9,6.9,6.9,7.038974105858608,7.3406880822512335,7.527970979850875,7.7,7.7,7.9,8.524896154941803,8.8,8.921399895340034,9.2,9.2,9.2,9.2,9.2,9.4,9.4,9.514514486060847,11.11234747842912,13.7
0.5,0.8221271170439142,1.1,1.2,1.3589391335881382,1.4,1.4,1.500363130524173,1.7,1.7,1.7,1.7,1.7,1.7,1.7,1.7,1.7,1.7,1.7,1.7,1.7671097311820503,1.8,1.9,1.9,1.9,1.9,1.9,1.9,2.0,2.0,2.0,2.0,2.0,2.0,2.0,2.0,2.0,2.0,2.04482722873702,2.1,2.2,2.2,2.2,2.2,2.2,2.2,2.2,2.2,2.2,2.2,2.2,2.2,2.2,2.238454272860062,2.3,2.3,2.3,2.3,2.3,2.3,2.3,2.3,2.3,2.3,2.3,2.3,2.3,2.3,2.3,2.3,2.3,2.3,2.3,2.3,2.386222963545816,2.4,2.4,2.4,2.4,2.4,2.4,2.4,2.4,2.4,2.4,2.4,2.4,2.4,2.5058653861989,2.6,2.7,2.7280109262911054,2.8,2.8,2.8,2.8,2.8,2.8,2.8,2.8,2.8,2.8,2.8,2.8236884075919986,2.9,2.9,2.9,2.9,2.9,2.9,2.9,2.9,2.94706730690055,3.0,3.0,3.0,3.0,3.1,3.1,3.1,3.1,3.1,3.1,3.1,3.1,3.1,3.1,3.1,3.1,3.1,3.1,3.1,3.1,3.1,3.1,3.1,3.1,3.1,3.1,3.1,3.1,3.1,3.1920541497097474,3.3,3.3,3.3,3.3,3.3,3.3,3.3,3.3,3.3,3.343677771674339,3.4,3.4,3.4,3.4,3.4,3.4,3.5,3.5,3.5,3.610345542525954,3.7,3.7,3.8,3.8,3.8,3.9,3.9,3.9,3.9,3.9,3.9,3.9,3.9,3.9,3.9,3.9,3.9672825715857356,4.1,4.1,4.1,4.2,4.213985489925437,4.4,4.4,4.495888882221368,4.631224038735451,4.7,4.7,4.7,4.7,4.8,5.0,5.0,5.1,5.171362657173825,5.7,6.511491531824345,9.213633373815764
1.998363995142124,2.322127117043914,2.756456541817448,2.8,2.9,2.9797923922871656,3.1,3.2,3.3,3.3,3.3,3.3,3.3,3.4,3.4,3.4,3.4,3.5,3.5,3.6,3.6,3.6,3.6,3.6,3.619852465712776,3.7,3.7,3.7,3.7494582816066524,3.8,3.8,3.8,3.8,3.8,3.8,3.8,3.8,3.8,3.8,3.8,3.8,3.8,3.8,3.9,3.9,3.9,3.9,3.9,3.9,3.9,3.9,3.9,3.9,3.9,3.9,3.9,3.9,3.9749633088836163,4.0,4.0,4.0,4.0,4.0,4.0,4.0,4.0,4.0,4.0,4.0,4.0,4.0,4.0,4.0,4.0,4.0,4.0,4.0,4.1,4.1,4.1,4.1,4.173696648070736,4.2,4.2,4.2,4.2,4.3,4.3,4.3,4.3,4.4,4.4,4.4,4.4,4.402392509879161,4.5,4.5,4.5,4.5,4.5,4.5,4.5,4.5,4.6,4.6,4.6,4.6,4.6,4.6,4.6,4.6,4.7,4.7,4.7,4.7,4.7,4.7,4.7,4.8,4.8,4.8,4.8,4.9,4.9,4.9,4.9,4.9,4.9,4.9,4.9,4.9,4.954593173962581,5.0,5.0,5.0,5.072410260810318,5.1,5.1,5.1,5.195621510063717,5.2,5.3,5.3,5.4,5.4,5.4,5.5,5.5,5.5,5.5,5.5,5.5,5.5,5.5,5.5,5.5,5.6,5.6,5.6820773739873065,5.7,5.7,5.8107266901243975,5.9,5.9,5.9,5.9,5.9,5.9904241395586215,6.0,6.0,6.1,6.1,6.1,6.1,6.2,6.2,6.2,6.2,6.2,6.3,6.332890268817948,6.5,6.5,6.6,6.613985489925437,6.7,6.867445006307697,6.9,7.0,7.1,7.1,7.3,7.3,7.6,8.7,8.8,8.8,9.2,9.2,9.355745765912172,10.501090669905262
2.2983639951421235,2.5442542340878282,2.8,2.928637342826178,3.1,3.2,3.2,3.3,3.3,3.3,3.3,3.3,3.3,3.4,3.4,3.4,3.4,3.4,3.5,3.5,3.5,3.5,3.6,3.6,3.6,3.6,3.7,3.7,3.8,3.8,3.8,3.8,3.8,3.8,3.8,3.8,3.8,3.899553860249409,3.9,3.9,3.9,3.9,3.9,3.9,3.9,3.9,3.9,3.9,3.9,4.0,4.0,4.0,4.0,4.0,4.0,4.0,4.0,4.0,4.0,4.0,4.0,4.0,4.0,4.0,4.0,4.0,4.0,4.0,4.1,4.1,4.174106826669302,4.2,4.2,4.2,4.2,4.2136342526696895,4.3,4.3,4.3,4.4,4.4,4.4,4.4,4.4,4.4,4.5,4.5,4.5,4.5,4.5,4.5,4.6,4.6,4.6,4.6,4.6,4.6,4.6,4.7,4.7,4.7,4.7,4.7,4.7,4.7,4.7,4.7,4.8,4.8,4.8,4.8,4.821949238263988,4.9,4.9,4.9,4.9,4.9,4.9,4.9,4.9,4.9,4.978884147332195,5.0,5.0,5.0,5.0,5.1,5.141424948730241,5.2,5.3,5.3,5.354593173962582,5.4,5.4,5.4,5.4,5.4,5.4,5.464269946863908,5.5,5.5,5.5,5.5,5.5,5.5,5.5,5.5,5.5,5.5,5.5,5.5,5.5,5.6,5.6,5.6,5.7,5.7,5.7,5.7,5.824205258435955,5.9,5.9,5.955172771262977,6.0,6.0,6.1,6.1,6.1,6.1,6.1,6.1,6.2,6.2,6.2,6.2,6.2,6.2,6.240990970180974,6.3,6.3,6.3,6.5,6.5,6.6,6.6,6.6,6.7,6.8,6.9,7.0,7.1,7.1,7.1,7.3,7.306829935472439,7.620207607712836,7.8,7.9,8.94354345818254,9.355745765912172,10.70981602914735
0.5,0.6442542340878283,0.8,0.9,0.9,0.9,0.9,1.1,1.1,1.1996092814346326,1.2,1.2,1.2,1.2,1.2,1.2,1.2,1.2,1.3,1.3,1.3,1.3,1.3,1.3,1.3,1.3,1.3,1.3940015439344207,1.4,1.4,1.4,1.4,1.4,1.5,1.5,1.5,1.5,1.5,1.5,1.6,1.6,1.6,1.7,1.7,1.7,1.7,1.7,1.7,1.7,1.7,1.7,1.7,1.7,1.7,1.7,1.8,1.8,1.8,1.8,1.8,1.8,1.8,1.8,1.8,1.8,1.8,1.8,1.8,1.8,1.8,1.8,1.8,1.8,1.9,1.9,1.9,1.9,1.9677877762521887,2.0,2.0,2.0,2.0,2.0,2.0,2.0,2.0,2.0,2.1,2.1,2.1,2.1,2.1,2.1,2.2,2.2,2.227072108449437,2.3,2.3,2.3,2.3,2.3,2.3,2.3,2.3,2.3,2.3,2.3,2.3,2.3,2.3,2.3,2.3,2.3,2.3,2.3,2.3,2.3,2.3,2.3,2.3,2.3,2.3,2.3,2.332212223747814,2.4,2.4,2.4,2.4,2.4,2.4,2.4,2.4,2.4835834762872877,2.5,2.6,2.6,2.7,2.7,2.764269946863908,2.8,2.8,2.8,2.8,2.8,2.8584621129678394,2.9,2.9,2.9,2.9,2.9,2.9691740189811298,3.0,3.0,3.1,3.1,3.1,3.1,3.1,3.1,3.1,3.167079801107315,3.3,3.3,3.3,3.3,3.3,3.3,3.4,3.4,3.4,3.4,3.496291420219933,3.5,3.5,3.5,3.6,3.7,3.7,3.8,3.8,3.8,3.8,3.9,3.9,3.9,3.9,3.9,3.9,4.03122403873545,4.1,4.1,4.1,4.1,4.299636869475824,4.413659870944878,4.6,4.782121732823714,5.14272531434765,5.414514486060847,5.6,6.003272009715784
1.1978186601894985,1.7,1.7,2.8,2.9,2.9797923922871656,3.0,3.000363130524173,3.1022832662765967,3.3,3.4,3.4,3.4,3.5520555588893195,3.7325549936923017,3.8,3.8860145100745633,3.9,3.9,3.9,4.0,4.0,4.09665611138173,4.159009029819025,4.3,4.3,4.3,4.4,4.4,4.50370857978007,4.6,4.6,4.6,4.6,4.6,4.6,4.6,4.6,4.7,4.7,4.7,4.7,4.7,4.7,4.8,4.8,4.879445275352288,4.9,5.0,5.0,5.0,5.0,5.0,5.0,5.0,5.0,5.0,5.0,5.2,5.240499922358685,5.3,5.3,5.3,5.3,5.3,5.3,5.3,5.3,5.3,5.3,5.3,5.4,5.4,5.4,5.486222963545816,5.5,5.5,5.5,5.5,5.5,5.6,5.6,5.6,5.6,5.6,5.676920127242516,5.7,5.7,5.75293269309945,5.8,5.8,5.8,5.8,5.9,5.9,6.0,6.0,6.0,6.0,6.0,6.0,6.0,6.1,6.2,6.2,6.2,6.2,6.2,6.2,6.2,6.2,6.2,6.2,6.2,6.2,6.2,6.2,6.2,6.3,6.326303351929255,6.4,6.4,6.5,6.5322122237478135,6.6,6.6,6.6,6.6,6.6,6.6,6.7,6.7,6.7,6.7,6.7,6.7,6.7,6.7,6.7,6.7,6.7,6.7,6.7,6.8,6.8,6.9,6.9,6.9,6.996894888185165,7.0,7.1,7.3,7.3,7.3,7.4,7.4,7.6,7.6,7.6,7.6,7.6,7.6,7.6,7.6,7.6,7.6,7.7,7.790424139558621,7.8,7.8,7.843198843880208,7.996291420219933,8.1,8.2,8.2,8.2,8.2,8.2,8.2,8.4,8.5,8.5,8.5,8.5,8.513985489925437,8.7,8.7,8.7,8.7,8.83505047331505,9.1,9.1,9.1,9.5,10.0,10.020207607712837,10.3,10.642725314347649,11.4,11.4,12.5
1.5994546650473747,1.8,2.0,2.0,2.1,2.3,2.4,2.400363130524173,2.5,2.5,2.5,2.5,2.6,2.7,2.7325549936923017,2.8,2.8,2.8,2.9,2.9,2.9,2.9,2.9,2.9,2.9,2.9,2.9,2.9,2.9,2.9,2.9,2.9,2.9,2.9,2.9,2.9,2.9,2.9,2.9,2.9,2.9,2.9,2.9,2.9,2.9,2.9400675399524983,3.079445275352288,3.1,3.1,3.193861234331038,3.2308259810188757,3.3,3.3,3.3,3.3,3.3,3.3,3.3,3.3,3.3,3.3,3.4,3.4,3.4,3.4,3.5,3.5575196044106634,3.6,3.6,3.6,3.6,3.6,3.6,3.6,3.6,3.6,3.6,3.6,3.6,3.6,3.6,3.7,3.7,3.7,3.7,3.7,3.7,3.7,3.7,3.7,3.7,3.8,3.8,3.8,3.8,3.8,3.9,3.9,3.9,3.9,3.9,3.9,3.9,3.9,3.9,3.9729278915505746,4.0,4.0,4.0,4.0,4.0,4.0,4.1,4.1,4.1,4.1,4.148666772365334,4.2,4.2,4.2,4.2,4.278884147332195,4.305449935582613,4.4,4.4,4.5,4.5,4.5,4.5,4.5,4.6,4.6,4.767166952574575,4.8,4.842480395589343,4.9,5.002676948378985,5.1,5.1,5.1,5.1,5.1,5.1,5.1,5.1,5.1,5.3,5.3,5.3,5.3,5.3,5.3,5.3,5.3,5.3,5.3,5.3,5.3,5.3,5.3,5.3,5.3,5.3,5.3,5.3,5.3,5.3,5.3,5.3,5.3,5.3,5.3,5.3,5.3,5.4,5.420743394485391,5.5,5.5,5.6,5.667282571585735,5.8,5.8,5.8,5.9,5.9,5.9,5.9,5.9,6.0,6.0,6.107133298446677,6.2,6.2,6.3,6.406829935472439,6.7,6.7,6.7,7.34354345818254,7.777872882956086,8.20163600485789
1.197273325236873,1.4,1.4854855139391492,1.7286373428261779,1.8,2.0,2.0,2.3,2.3045665325531925,2.5,2.5,2.5,2.5687759612645444,2.6,2.6,2.8,2.8,2.8,2.9,2.9,2.9,2.932717428414268,3.0,3.0,3.0,3.0,3.0,3.0,3.0,3.1,3.1,3.1,3.1,3.1,3.1,3.2,3.2,3.2,3.2,3.2,3.3,3.3,3.4,3.4,3.4,3.4,3.4,3.5181900885031636,3.6,3.6,3.6,3.6,3.6,3.6384542728600624,3.7,3.7,3.7415378870321603,3.8,3.8,3.9,3.9,3.9,4.035730053136092,4.1,4.1,4.1,4.1,4.1,4.1,4.1,4.1,4.102527623325866,4.2,4.2,4.2,4.4,4.4,4.4,4.4,4.4,4.4,4.4,4.4,4.4,4.4,4.4,4.402376319138856,4.5,4.55293269309945,4.6,4.6,4.6,4.6,4.6,4.6,4.6,4.651708942177256,4.7,4.700888621543728,4.8,4.8,4.8,4.8,4.8,4.948291057822746,5.0,5.0,5.0,5.1,5.1,5.1,5.1,5.1,5.1,5.1,5.1,5.1,5.1,5.1,5.1,5.1,5.1,5.2,5.2,5.2,5.2,5.3,5.3,5.3,5.3,5.42589317333069,5.5,5.5,5.5,5.584960791178685,5.8,5.8,5.8,5.8,5.8,5.8,5.8,5.8,5.8,5.8,5.9,5.9,5.9,5.9,5.9,5.9,5.9,5.94367777167434,6.263619822993666,6.3,6.3,6.3,6.3,6.3,6.4,6.63415960221463,6.7,6.7,6.7,6.7,6.7,6.7,6.7,6.780613781960312,7.09121831144011,7.3,7.3,7.35054171839335,7.411996912131156,7.6,7.7,7.8,7.963963880723895,8.5,8.667282571585735,8.8,8.8,8.8,8.8,8.8,8.8,8.8,8.991777764442736,9.449792309883605,10.53505047331505,10.7,10.7,11.4,12.5,12.5,12.5,12.5,12.5,12.5,12.5,12.809270694194721
0.9983639951421239,1.3221271170439142,1.4,1.4286373428261778,1.5,1.7,1.8,1.9,2.0,2.0,2.0,2.182474763342478,2.268775961264544,2.3,2.5,2.5,2.5860145100745635,2.6,2.6,2.6,2.7,2.8,2.8,2.8,2.8,2.9,2.9,2.9,2.9494582816066526,3.0,3.0,3.0,3.0,3.0,3.0,3.0,3.0,3.0,3.1,3.1,3.1,3.1,3.117922626012691,3.2,3.2,3.2,3.3,3.3,3.3,3.3,3.4,3.4,3.4,3.4,3.4,3.4,3.4415378870321605,3.6,3.6,3.6,3.6,3.7,3.7,3.7,3.7,3.7,3.8,3.8,3.8164165237127206,3.9,3.9,3.9025276233258666,4.0,4.1,4.1,4.1,4.1,4.1,4.1,4.1,4.1,4.1,4.199730735815604,4.2,4.2,4.276920127242517,4.4,4.4,4.4,4.4,4.4,4.4,4.4,4.4,4.4,4.4,4.4,4.576311592408004,4.6,4.6,4.6,4.6,4.6,4.6,4.6,4.6,4.6,4.622338458626433,4.7,4.7,4.8,4.8,4.8,4.8,4.8,4.8,5.0,5.0,5.0,5.0,5.0,5.0,5.0,5.0,5.0,5.086365747330313,5.1,5.1,5.1,5.1,5.1,5.1,5.1,5.1,5.1,5.1,5.1,5.1,5.1,5.1,5.1,5.2,5.2,5.2,5.2,5.3,5.3,5.461545727139935,5.5,5.632765281195781,5.8,5.8,5.8,5.8,5.8,5.8,5.8,5.8,5.8,5.8,5.9,5.9,5.9,5.9,5.9,5.9,5.9,5.9,5.940306890980156,6.28243662288022,6.3,6.3,6.3,6.3,6.3,6.32074339448539,6.4,6.7,6.7,6.7,6.7,6.7,6.7,6.7813761645024675,7.127970979850875,7.3,7.534890012615392,7.747944441110684,8.293672116206352,8.617525236657524,8.8,8.8,8.8,8.8,9.261469419251949,10.7,10.7,12.5,12.5,12.5,12.501636004857891
0.5,0.5,0.5854855139391493,0.7,0.8,0.8,0.8,0.8,0.8,0.8,0.8,0.8,0.8,0.8,0.8325549936923018,0.9,0.9,1.0,1.0,1.0,1.0,1.032717428414268,1.1,1.1,1.1,1.1,1.1,1.1,1.1,1.1,1.2,1.2,1.259693109019841,1.3,1.3,1.3,1.3,1.3,1.3,1.3,1.3,1.3,1.3,1.3,1.3000358757198556,1.4,1.4,1.4,1.4,1.4,1.4,1.4,1.4,1.4,1.4,1.4,1.4,1.4,1.4,1.4,1.4,1.4,1.4,1.4,1.4,1.4,1.4,1.4,1.4,1.4,1.4,1.4,1.4,1.4,1.4,1.4,1.4,1.4,1.4,1.4,1.4,1.4736966480707365,1.5,1.5,1.5,1.5,1.5,1.5,1.5,1.5,1.5,1.5,1.5,1.5,1.5,1.5,1.5,1.5,1.6,1.6,1.6,1.6,1.6991113784562686,1.7,1.7,1.7729278915505744,1.8,1.8,1.8,1.8,1.9,1.9,1.9,1.9,1.9976236808611418,2.0,2.0,2.0,2.0002692641843907,2.1,2.1,2.1,2.1,2.1,2.1591808414844937,2.2,2.2,2.2,2.2,2.2,2.2,2.2,2.2,2.2,2.2,2.2,2.3,2.3,2.3,2.3,2.3273604303772344,2.4,2.4,2.4,2.4,2.4923452141771634,2.5,2.5,2.5,2.5,2.5,2.506138765668953,2.6,2.6,2.6,2.7,2.7,2.7,2.7,2.7,2.7,2.7,2.7,2.7,2.7,2.7,2.7,2.7,2.7403068909801562,2.8,2.8,2.8,2.9,2.9059984560655776,3.0,3.0,3.0,3.0,3.1,3.2,3.3328902688179483,3.4,3.5,3.5,3.5,3.5,3.6674450063076964,3.7,3.8,3.917525236657525,4.1,4.1,4.2,4.4,4.420489806417317,4.920207607712837,5.0,5.1,5.2,5.755745765912172,8.103817344668414
3.1,3.1221271170439144,3.385485513939149,4.057274685652356,4.258939133588139,4.3,4.493170064527561,4.5,4.7,4.899609281434633,4.9,5.0,5.3,5.452055558889319,5.5,5.5,5.5,5.5,5.5,5.599741754388987,5.6,5.6,5.7,5.7,5.7,5.979256605514607,6.2,6.2,6.2,6.4,6.4,6.408781688559888,6.6,6.6,6.6,6.6,6.6,6.6,6.6,6.7,6.7,6.7,6.717922626012691,6.9,7.0,7.0,7.0,7.0,7.0,7.1,7.1,7.1,7.1,7.1,7.1,7.1,7.1,7.1,7.1,7.1,7.1,7.1,7.1,7.3,7.3,7.327589739189688,7.557519604410663,7.687124620470954,7.7,7.7,7.7,7.7,7.7,7.7,7.7,7.7,7.7,7.7,7.794550064417384,7.8,8.047494849229611,8.1,8.199730735815603,8.3,8.3,8.376920127242517,8.5,8.5,8.6,8.75610152347203,8.8,8.9,8.9,8.9,8.902392509879162,9.0,9.0,9.0,9.0,9.0,9.0,9.0,9.0,9.0,9.0,9.0,9.0,9.0,9.0,9.0,9.0,9.0,9.0,9.0,9.0,9.0,9.0,9.0,9.0,9.0,9.0,9.0,9.0,9.0,9.0,9.0,9.0,9.0,9.0,9.0,9.0,9.0,9.0,9.0,9.0,9.0,9.1,9.1,9.5,9.5,9.5,9.5,9.5,9.5,9.5,9.5,9.5,9.5,9.5,9.5,9.5,9.6,9.6,9.6,9.6,9.6,9.6,9.6,9.6,9.6,9.6,9.6,9.6,9.6,9.6,9.693593987845253,9.7,9.7,9.7,9.7,9.786397687760415,9.9,9.9,10.005998456065578,10.225427455712861,10.3,10.3,10.3,10.3,10.3,10.3,10.3,10.3,10.3,10.3,10.3,10.434890012615393,10.7,10.7,10.7,10.7,10.7,11.4,12.496005564234071,12.5,12.8,12.8,13.3,13.816115888486774,14.5,15.5
3.1,3.4,3.4,3.9,4.0,4.3,4.3,4.3,4.4,4.4996092814346325,4.5,4.5,4.5,4.5,4.7,4.7,4.8,4.859311917748766,4.9,4.9,4.9,5.0,5.1966561113817304,5.3,5.3,5.4,5.437286272143571,5.5,5.5,5.5,5.5,5.5,5.5,5.5,5.5,5.5,5.5,5.5,5.5,5.5,5.5,5.5,5.5,5.5,5.500035875719855,5.6,5.6,5.6,5.6,5.693861234331038,5.7,5.7,5.7,5.7,5.7,5.907654785822832,6.0415378870321605,6.174963308883616,6.2,6.2,6.2,6.2,6.2,6.2,6.2,6.227589739189687,6.4,6.4,6.416416523712721,6.5,6.5,6.6,6.6,6.6,6.6,6.6,6.6,6.6,6.6,6.6,6.6,6.6,6.6,6.6,6.6,6.6,6.7,6.7,6.7,6.7,6.7,6.9,6.9,6.9,7.0,7.0,7.0,7.0,7.0,7.0,7.0,7.0,7.0,7.0,7.0,7.0,7.0,7.022338458626433,7.1,7.1,7.1,7.1,7.1,7.1,7.295247361722283,7.3,7.348666772365334,7.5487870031569395,7.7,7.7,7.7,7.7,7.7,7.7,7.7,7.7,7.7,7.7,7.8,7.897472376674125,7.9,7.9,7.9,7.9,7.9,7.9,8.0,8.0,8.0,8.0,8.1,8.1,8.1,8.1,8.2,8.2,8.42670120416143,8.5,8.6,8.632765281195782,8.9,8.9,8.9,8.9,8.9,8.959932460047508,9.0,9.0,9.0,9.0,9.0,9.0,9.0,9.0,9.0,9.0,9.0,9.0,9.0,9.0,9.0,9.0,9.1,9.5,9.5,9.5,9.5,9.5,9.5,9.5,9.6,9.6,9.6,9.7,9.7,9.989518608039907,10.0,10.047944441110683,10.1,10.3,10.3,10.3,10.3,10.499273738951649,10.7,10.7,10.7,11.4,12.872572430304235,13.3,15.5
1.6,2.4221271170439143,2.6,2.8286373428261777,3.0,3.1,3.2,3.2,3.3,3.3,3.3,3.3,3.3,3.3,3.3,3.3,3.3,3.3,3.3,3.3,3.3,3.3,3.3,3.3,3.3,3.3,3.4,3.4,3.4,3.4,3.4,3.4,3.4,3.5,3.5,3.6,3.6,3.6,3.7,3.7,3.7658403977853765,3.9,3.9,3.9,3.9,3.9,3.9794452753522878,4.0,4.0,4.0,4.0,4.0,4.0,4.0,4.0,4.0,4.0,4.1,4.2,4.240499922358685,4.3,4.3,4.3,4.3,4.3,4.327589739189688,4.4,4.4,4.416416523712721,4.5,4.5,4.5,4.5,4.5,4.5,4.5,4.5,4.5,4.5,4.621115852667802,4.7,4.773696648070737,4.8,4.8,4.8,4.876920127242516,4.9,4.9,4.9,4.9,4.9,4.9,4.952870569242148,5.155323082747134,5.2,5.2,5.2,5.2,5.200888621543728,5.3,5.3,5.3,5.3,5.3,5.4,5.4,5.4,5.4,5.4,5.4,5.5,5.5,5.5,5.5722891507838765,5.6,5.6,5.6,5.67439350157847,5.7,5.7,5.7,5.7,5.7,5.7,5.7,5.7,5.7,5.7,5.7,5.7,5.7,5.7,5.7,5.7,5.7,5.7,5.7,5.7,5.7,5.7,5.7,5.7,5.7,5.7,5.7,5.7,5.7,5.7,5.7,5.7,5.7,5.7,5.7,5.7,5.7,5.7,5.8,5.8,5.8,5.9,5.9,6.0,6.0,6.000446139750591,6.1,6.1,6.141531877275178,6.2,6.2,6.2,6.3,6.3,6.3,6.3,6.3,6.32074339448539,6.4,6.5,6.6,6.6,6.6,6.6,6.6,6.7,6.727970979850875,6.9,6.9,7.143833323332052,7.331224038735451,7.617525236657525,7.8,7.8,7.8,7.8,7.9,7.920207607712837,8.041060866411858,8.171362657173823,8.514514486060847,9.367237297736517,9.501090669905262
1.7,3.1,3.1,3.4,3.6589391335881385,4.0,4.193170064527561,4.4,4.5,4.699218562869265,4.8,4.882474763342478,4.9,5.0,5.0,5.0,5.0,5.259311917748766,5.361025894141404,5.5,5.5,5.7,5.7,6.159009029819025,6.319852465712776,6.4,6.4,6.4,6.5,6.6,6.7,6.808781688559887,6.9,7.0,7.1,7.1,7.1,7.1,7.1,7.1,7.1,7.1,7.1,7.1,7.1,7.1,7.1,7.1,7.3,7.3,7.3,7.3,7.3,7.376908545720124,7.7,7.7,7.8,7.8,7.807945850290253,8.0,8.0,8.204378489936285,8.3,8.3,8.3,8.355179478379375,8.557519604410663,8.6,8.632833047425441,8.8,8.9,9.0,9.0,9.0,9.0,9.0,9.1,9.167787776252188,9.38910012883477,9.5,9.5,9.5,9.599730735815603,9.6,9.6,9.6,9.7,9.7,9.7,9.856101523472029,9.906147813704365,10.1,10.1,10.1,10.3,10.3,10.3,10.3,10.3,10.3,10.3,10.3,10.3,10.3,10.3,10.3,10.3,10.3,10.6,10.6,10.6,10.6,10.7,10.7,10.7,11.4,11.4,11.62318050473541,11.7,12.5,12.5,12.5,12.6,12.6,12.718361682968988,13.231828736651568,13.3,13.3,13.3,13.3,13.3,13.3,13.3,13.7,13.7,13.7,13.7,13.7,14.5,14.5,14.5,15.5,15.5,15.5,15.5,15.5,15.5,15.5,15.5,15.5,15.5,15.5,15.5,15.5,15.5,15.5,15.5,15.5,15.5,15.5,15.969558607751202,16.2,16.2,16.2,16.2,16.2,16.2,16.2,16.2,16.2,16.2,16.2,16.2,16.2,16.2,16.2,16.2,16.2,16.2,16.2,16.2,16.2,18.1,18.1,18.1,18.1,18.1,18.147944441110685,18.2,18.2,18.2,18.2,18.2977167337234,18.3,18.3,18.3,18.3,18.3,18.3,18.3,18.3
1.4,1.5442542340878282,1.7,1.7,1.7,1.7,1.7,1.7007262610483458,2.0,2.1992185628692655,2.5714668062132917,2.682474763342478,2.7,2.7,2.7,2.7,2.7860145100745632,2.8,2.8,2.8,2.86710973118205,2.9,2.9966561113817307,3.0,3.1,3.1,3.1,3.194001543934421,3.6,3.6,3.6,3.708781688559887,3.8,3.9,3.9,3.90640601215474,4.0,4.1,4.1,4.2,4.2,4.3,4.3,4.3,4.400035875719856,4.540067539952498,4.679445275352288,4.7,4.7,4.7,4.8,4.8,4.8,4.8,4.9,4.9,4.9,4.9,4.9,5.0,5.0,5.0,5.0,5.266707318575743,5.5,5.5,5.5,5.5,5.5,5.5,5.6,5.602527623325866,5.930680122839391,6.0,6.1,6.2,6.2,6.267787776252189,6.4,6.5,6.5,6.5,6.5,6.7,6.7,6.953840254485033,7.1,7.1,7.1,7.1,7.1,7.1,7.1,7.1,7.1,7.1,7.1,7.1,7.1,7.1,7.3,7.3,7.3,7.394753630367996,7.7,7.7,7.7,7.8,7.9,8.0,8.096926093147824,8.143898476527976,8.3,8.444578301567754,8.5,8.6,8.8,8.9,8.9,9.0,9.0,9.0,9.0,9.0,9.059180841484492,9.1,9.5,9.5,9.5,9.6,9.6,9.6,9.6,9.7,9.7,9.7,9.7,9.7,9.9,10.091243020127433,10.1,10.1,10.1,10.1,10.3,10.3,10.3,10.3,10.3,10.3,10.3,10.3,10.3,10.5454297344905,10.6,10.7,10.7,10.984700738995757,11.4,11.4,11.7,12.6,12.6,12.600892279501181,12.8,12.8,13.3,13.3,13.3,13.3,13.3,13.3,13.3,13.323993824262311,14.201709822851443,15.5,15.5,15.5,15.5,15.5,15.5,15.5,15.5,15.5,15.5,15.5,16.2,16.2,16.2,16.2,16.2,16.2,16.2,16.2,16.2,16.583944546543897,18.1,18.2,18.3,18.3,18.3
1.098363995142124,1.1221271170439142,1.2,1.4,1.4,1.4,1.4,1.4,1.4,1.4,1.4,1.4,1.4,1.4,1.4,1.4,1.4,1.4,1.4,1.4,1.4,1.4,1.4,1.4,1.4,1.4,1.4,1.4,1.4,1.4,1.4,1.4,1.4,1.4,1.4,1.40640601215474,1.5,1.5,1.5,1.5,1.5,1.5,1.5,1.5,1.5,1.5,1.5,1.5,1.5,1.5,1.5,1.5,1.5,1.5,1.5732987958385678,1.6,1.6,1.6,1.7079458502902525,1.8,1.8,1.8,1.8,1.8,1.8,1.8,1.8,1.8,1.9,1.9,1.9,1.9025276233258666,2.0,2.0,2.0,2.0,2.0,2.0,2.0,2.0,2.0,2.0,2.0,2.125606498421527,2.2,2.2,2.2,2.255421698432241,2.4,2.4,2.5030739068521823,2.6,2.6,2.6,2.6,2.6,2.6,2.6,2.6,2.6,2.6,2.674551422189251,2.7,2.7,2.7,2.7,2.7,2.7,2.7,2.7,2.7,2.7,2.7,2.7,2.7,2.7,2.7,2.8,2.8,2.8,2.8,2.8,2.8,2.8,2.8,2.8,2.8,2.8,2.8,2.897472376674125,2.9,2.9,2.9,3.0,3.0424803955893425,3.1724102608103184,3.2,3.2,3.2,3.2,3.2,3.2,3.2,3.2,3.2,3.2,3.2,3.2,3.3,3.3,3.3,3.5,3.5436777716743393,3.6,3.6,3.6,3.6,3.6,3.6,3.7,3.7,3.710726690124398,3.8,3.8004461397505906,3.9,3.993593987845253,4.0,4.0,4.1,4.1,4.2,4.2,4.2,4.3,4.3627137278564305,4.420743394485391,4.5,4.6,4.7,4.8,4.9,4.9,4.9,5.0,5.027970979850875,5.2,5.467445006307696,5.6,5.7312240387354505,5.8,5.8071332984466775,6.2,6.297716733723399,6.5,6.713659870944878,7.2010380385641835,7.7,8.171362657173823,8.5,8.5,9.704362679621044
1.998363995142124,3.1221271170439144,3.5709710278782985,3.728637342826178,4.0,4.179792392287165,4.2,4.2,4.3,4.3,4.4,4.5,4.5,4.6520555588893195,4.7,4.8,4.9,4.959311917748766,5.030512947070702,5.1,5.2,5.3,5.3,5.5,5.519852465712776,5.6,5.7,5.7,5.9,5.9,5.956801156119795,6.0,6.0596931090198405,6.1,6.1,6.106406012154739,6.2,6.2,6.2,6.289273309875608,6.3,6.3,6.3,6.4,6.5,6.5,6.5,6.518190088503164,6.6,6.6,6.6,6.6,6.6,6.6,6.6,6.6,6.6,6.674963308883616,6.7,6.8,6.9,6.9,6.9,6.9,6.9,6.9,6.9,6.9,6.9,6.945406826037424,7.0,7.0,7.0,7.0,7.086222963545816,7.1,7.1,7.1,7.1,7.1,7.1,7.1,7.3,7.3,7.3,7.3,7.3,7.32771084921612,7.4,7.4,7.5,7.528010926291105,7.652870569242149,7.7,7.7,7.7,7.7,7.8,7.900888621543729,8.0,8.0,8.0,8.0,8.0,8.0,8.1,8.1,8.122338458626432,8.2,8.5,8.5,8.5,8.5,8.5,8.5,8.6,8.6,8.6,8.6,8.6,8.652505150770388,8.778884147332196,8.805449935582613,8.9,8.9,8.9,8.9,8.941424948730242,9.0,9.1,9.1,9.1,9.1,9.1,9.2,9.2,9.5,9.533292681424257,9.6,9.7,9.7,9.7,9.7,9.7,9.7,9.7,10.0,10.1,10.1,10.1,10.1,10.1,10.1,10.1,10.1,10.1,10.1,10.5,10.7,10.7,10.7,10.7,10.7,11.401338419251772,12.5,12.5,12.5,12.590424139558621,12.6,12.6,12.8,12.8,12.8,12.8,12.8,12.8,13.3,13.3,13.3,13.3,13.7,14.5,14.5,14.5,14.5,14.5,14.5,15.835611087774788,16.793256735973564,18.1,18.1,18.1,18.1,18.1,18.1,18.2,18.2,18.2,18.2,18.3,18.3
3.092365310663245,3.2442542340878284,3.856456541817448,4.128637342826178,4.2,4.2,4.3,4.4,4.5,4.5,4.6,4.682474763342478,4.8,4.9,5.0,5.110481391960096,5.3,5.459311917748766,5.5,5.5,5.66710973118205,5.7,5.79665611138173,5.9,5.9,5.9,6.0,6.0,6.1,6.1,6.156801156119795,6.2,6.2,6.2,6.2,6.20640601215474,6.3,6.3,6.3,6.389273309875609,6.5,6.5,6.5,6.559328465857746,6.6,6.6,6.6,6.6,6.6,6.6,6.6,6.6,6.6,6.638454272860062,6.7,6.807654785822831,6.9,6.9,6.9,6.9,6.9,6.9,6.9,6.9,6.9,7.0,7.0,7.087124620470953,7.1,7.1,7.1,7.1,7.1,7.1,7.1,7.3,7.3,7.3,7.3,7.3,7.3,7.3,7.399730735815604,7.4,7.5,7.5,7.502376319138856,7.6,7.7,7.7,7.7,7.728010926291105,7.9,7.977661541373567,8.0,8.0,8.0,8.0,8.0,8.1,8.149999999999999,8.2,8.498222756912536,8.5,8.5,8.5,8.6,8.6,8.6,8.6,8.6,8.6,8.6,8.672289150783875,8.797623680861143,8.8,8.9,8.9,8.9,8.9,8.9,8.9,8.9,8.932212223747815,9.0,9.086365747330314,9.1,9.1,9.1,9.1,9.2,9.2,9.483583476287288,9.512875379529044,9.642480395589342,9.7,9.7,9.7,9.7,9.7,9.7,10.059500077641303,10.1,10.1,10.1,10.1,10.1,10.1,10.1,10.1,10.1,10.1,10.1,10.1,10.3,10.5,10.699964124280136,10.7,10.7,10.7,10.7,11.432180070373192,12.5,12.5,12.5,12.5,12.5,12.6,12.6,12.78243662288022,12.8,12.8,12.8,12.8,12.8,13.3,13.3,13.3,13.3,13.3,13.7,14.5,14.5,14.5,14.5,14.5,14.5,16.2,18.1,18.1,18.1,18.1,18.1,18.1,18.1,18.2,18.2,18.2,18.2,18.3,18.3
0.8,0.8,0.9,1.1,1.1,1.1,1.1,1.2,1.2,1.3,1.3,1.3,1.3,1.3,1.3,1.3,1.3,1.3,1.3,1.3,1.3,1.3,1.3,1.3,1.3,1.3,1.3,1.3,1.3,1.3,1.3,1.3,1.3,1.3,1.3,1.3,1.3,1.3,1.3,1.3,1.3,1.3,1.3,1.3,1.3000358757198556,1.4,1.4794452753522875,1.5,1.5,1.5,1.5,1.5,1.5,1.538454272860062,1.6,1.6,1.6415378870321604,1.7,1.7,1.7,1.7,1.7,1.7,1.7,1.7,1.7,1.7,1.7,1.7,1.7,1.7,1.7,1.7,1.7,1.7,1.7,1.7,1.7,1.7,1.7,1.7,1.7,1.7,1.7,1.7,1.7,1.7,1.7,1.7,1.7,1.7,1.7,1.7,1.7,1.7,1.7,1.7,1.7,1.7,1.7,1.7,1.7,1.7,1.7,1.7,1.8,1.8,1.8,1.8,1.8,1.8,1.8,1.8,1.8,1.8,1.8,1.8,1.8,1.8,1.8,1.8,1.8,1.8,1.8,1.8,1.8,1.8,1.8,1.8,1.8,1.8,1.8,1.8,1.8,1.8,1.8,1.8,1.8,1.8,1.8,1.9,1.9,1.9,1.9,1.9,1.9,1.9,1.961545727139935,2.0,2.0,2.0,2.0,2.0,2.0818099114968334,2.1,2.1,2.1,2.2,2.2,2.2,2.2,2.2,2.2,2.2,2.2,2.2,2.2,2.2,2.2,2.2,2.2,2.2962914202199327,2.3,2.3,2.3,2.3,2.3,2.3,2.3,2.3,2.3,2.3,2.3,2.3406880822512335,2.4,2.4,2.734890012615392,2.8,2.8,2.9,2.9,2.9,2.9977167337233994,3.5,3.5,3.5,3.5,3.7,3.9,4.555745765912172,4.702181339810522
1.6,1.7,1.7,1.7,2.4768174007644146,2.7,2.7,3.0,3.1,3.1,3.1,3.1,3.1687759612645445,3.5041111177786393,3.6,3.7,3.7,3.9,3.9,4.0,4.1,4.2,4.29665611138173,4.5,4.5,4.5,4.6,4.6,4.7,4.7,4.756801156119795,4.9,5.0,5.309575860441376,5.458468122724821,5.5,5.5,5.5,5.6,5.6,5.6,5.6,5.6,5.718656931715492,6.0,6.1,6.1,6.2,6.2,6.2,6.2,6.267234718804218,6.4,6.4,6.4,6.4,6.4,6.4,6.4,6.4,6.4,6.4,6.4,6.4,6.5,6.5,6.5,6.5,6.5,6.5,6.5,6.5,6.5,6.5,6.5,6.5,6.5,6.5,6.5,6.5,6.5,6.5,6.599730735815603,6.6,6.6,6.6,6.6,6.6,6.65293269309945,6.7,6.7,6.9,6.9,6.9,6.9,6.9,6.9,6.9,7.0,7.0,7.199999999999999,7.3,7.3,7.3,7.3,7.3729278915505745,7.597607490120839,7.622338458626433,7.7,7.7,7.7,7.7,7.7,7.7,7.7,7.7,7.8,7.8,7.8,7.8,7.8,7.8,7.8,7.832212223747814,7.9,8.0,8.0,8.0,8.0,8.0,8.0,8.0,8.0,8.0,8.042480395589342,8.1,8.1,8.1,8.1,8.1,8.1,8.1,8.1,8.2,8.2,8.2,8.3,8.3,8.5,8.5,8.5,8.5,8.5,8.5,8.6,8.7,8.7,8.8,8.8,8.9,8.9,9.0,9.1,9.1,9.1,9.474375951381012,9.5,9.5,9.5,9.5,9.5,9.5,9.550541718393351,9.6,9.6,9.6,9.6,9.6,9.6,9.667282571585735,9.7,9.7,9.7,9.781376164502467,9.9,10.0,10.2,10.2,10.3,10.3,10.314266596893356,10.5,10.5,10.5,10.5,10.5,10.582121732823714,10.7,11.9,12.1,14.5
1.5978186601894986,1.7,1.7,1.7,1.7,1.7,1.986340129055123,2.200363130524173,2.4045665325531926,2.7,2.7,2.782474763342478,2.8687759612645443,2.9,3.0,3.0,3.0,3.0,3.1,3.1,3.1,3.1,3.196656111381731,3.2,3.419852465712776,3.579256605514607,3.6,3.694001543934421,3.7,3.8037085797800696,3.9,3.9,3.9,4.0,4.0,4.1,4.2,4.2,4.3,4.5,4.532920198892688,4.6,4.7,4.7,4.7,4.7,4.7,4.9,4.9,4.9,5.0,5.0,5.003105111814835,5.138454272860062,5.2,5.3,5.3,5.3,5.3,5.340499922358686,5.5,5.5,5.5,5.5,5.5,5.5,5.5,5.587124620470953,5.6,5.6,5.6,5.6,5.6,5.6,5.6,5.6,5.6,5.6,5.6,5.6,5.6,5.673696648070736,5.899730735815604,6.0,6.1,6.1,6.2,6.2,6.2,6.2,6.303073906852182,6.4,6.4,6.4,6.4,6.4,6.4,6.4,6.4,6.425448577810747,6.5,6.5,6.5,6.5,6.5,6.5,6.5,6.5,6.5,6.5,6.5,6.5,6.5,6.5,6.5,6.5,6.5,6.5,6.5,6.5,6.5,6.6,6.6,6.6,6.6,6.6,6.613777036454177,6.7,6.7,6.7,6.7,6.809186347925163,6.9,6.9,6.9,6.9,7.0,7.0,7.1,7.1,7.3,7.3,7.4841082994194945,7.525036691116378,7.6,7.6,7.6,7.6,7.7,7.7,7.7,7.706138765668953,7.8,7.8,7.8,7.8,7.899964124280138,7.940671534142251,8.0,8.0,8.0,8.0,8.0,8.0,8.0,8.0,8.0,8.0,8.0,8.0,8.0,8.0,8.0,8.1,8.1,8.12074339448539,8.2,8.2,8.2,8.2,8.3,8.3,8.3,8.5,8.5,8.5,8.567445006307695,8.847944441110684,9.224896154941803,9.5,9.507133298446679,9.6,9.7,9.9,10.2,10.340415215425674,10.5,10.5,10.5,10.5,10.501090669905262
0.5,1.2,1.5709710278782987,1.6,1.6,1.6,1.6,1.6,1.7,1.7,1.7,1.7824747633424778,1.8,1.8,1.8,1.8,1.8,1.8,1.8,1.8997417543889865,2.0,2.0,2.0,2.0,2.0,2.0,2.0,2.0,2.0989165632133053,2.3,2.3,2.3087816885598866,2.4,2.4,2.4,2.40640601215474,2.5,2.5,2.54482722873702,2.6,2.6,2.6,2.7,2.7,2.7,2.7,2.7794452753522876,2.8,2.8,2.8,2.8,2.9,2.9,2.938454272860062,3.0,3.0,3.0,3.0,3.0,3.0,3.0,3.0,3.0,3.0,3.0,3.0,3.0,3.0,3.1,3.1,3.1,3.1,3.1,3.1,3.2,3.2,3.2,3.2,3.2,3.2,3.2,3.2,3.2,3.2,3.2,3.2,3.2,3.2,3.2,3.2,3.2,3.2,3.2,3.2,3.2,3.2,3.2,3.2,3.2,3.2,3.2,3.2,3.2,3.2,3.2,3.2,3.2,3.3,3.3,3.3,3.3,3.3,3.3,3.3,3.3,3.3,3.3,3.3,3.3,3.3,3.3,3.4577682946643904,3.5,3.5,3.6,3.6,3.6,3.6,3.6,3.6,3.7,3.7,3.7,3.7,3.7,3.7,3.7,3.7,3.7,3.7956215100637163,3.8,3.9,3.9,3.9,3.9,3.9,3.9,3.9,4.0,4.0,4.0,4.0,4.0,4.081809911496833,4.1,4.159932460047509,4.2,4.2,4.2,4.3,4.3,4.3,4.3551727712629775,4.4,4.5,4.5,4.541531877275179,4.6,4.640306890980156,4.7,4.8,4.8,4.8,4.9,4.962713727856431,5.0,5.0,5.1,5.2,5.2,5.232890268817949,5.3,5.3,5.440688082251234,5.5,5.6,5.6,5.8,5.8,5.817525236657525,6.007133298446678,6.2,6.3,6.5,6.506829935472439,6.7,6.9,7.1,7.629028972121693,8.0,10.002726674763153
0.5,1.1221271170439142,1.4,1.4572746856523557,1.6,1.7,1.7,1.7,1.7022832662765963,1.8,1.8928667015533227,1.9,1.9,1.9,1.9,1.9104813919600963,2.0,2.0,2.0,2.0,2.0,2.0,2.0,2.0,2.0,2.079256605514607,2.1,2.1,2.2,2.2,2.3,2.3087816885598866,2.4,2.4,2.4,2.4,2.4,2.5,2.5,2.5,2.5,2.5,2.5,2.5,2.5,2.5,2.579445275352288,2.6,2.6,2.6,2.6,2.6,2.6,2.6,2.6,2.6,2.6,2.6,2.6,2.6,2.6,2.6,2.6,2.6,2.6,2.6,2.6,2.7,2.7,2.7454068260374243,2.8,2.8,2.8,2.8,2.8,2.8,2.8,2.8,2.8,2.8,2.8,2.8,2.8,2.8,2.9,2.9,2.9,2.9,2.9,2.9,3.0,3.0,3.0,3.0,3.0023925098791606,3.1,3.1,3.1,3.1,3.1,3.1,3.1,3.1,3.1,3.1,3.1,3.1,3.1,3.1,3.1,3.1,3.1,3.1,3.1,3.1,3.1,3.1,3.1,3.1,3.1,3.1,3.1,3.1,3.1,3.1,3.1,3.1,3.1,3.1,3.1,3.1,3.1,3.1,3.1,3.1,3.1,3.1,3.1,3.1,3.1,3.1,3.1,3.1920541497097474,3.2,3.3,3.3,3.3,3.3,3.3,3.3,3.3,3.3,3.3,3.3,3.3,3.3,3.3,3.3,3.3,3.3,3.3,3.3,3.3,3.3,3.3,3.3,3.3,3.3,3.340306890980156,3.4,3.4431988438802077,3.5,3.5,3.6,3.6,3.6,3.6,3.6,3.6,3.6,3.6,3.6,3.6,3.6,3.7,3.7,3.767445006307696,3.847944441110684,3.9312240387354507,4.0,4.0,4.0,4.0,4.2,4.213659870944878,4.5,4.6,4.814087971521474,5.1145144860608465,5.733618648868259,6.604362679621044
1.1961826553316224,1.4442542340878284,1.6,1.7286373428261779,1.9,1.9,1.9931700645275616,2.0,2.0,2.0,2.0,2.0,2.0,2.0,2.0,2.0,2.1,2.1,2.3,2.4,2.4671097311820502,2.5,2.5,2.6,2.6,2.6,2.6,2.6,2.6494582816066528,2.7,2.7568011561197947,2.8,2.8,2.8,2.8,2.8,2.8,2.8,2.8,2.8,2.832920198892688,2.9,2.9,2.9,2.900035875719855,3.0,3.0,3.0,3.0,3.0,3.0,3.0672347188042184,3.1,3.1,3.1,3.1,3.1,3.1,3.1,3.1,3.1,3.1,3.1,3.1,3.1,3.1,3.1,3.1,3.1,3.1,3.1,3.1,3.1,3.1,3.1,3.1,3.1,3.1,3.1,3.1,3.1,3.1,3.1,3.1,3.1,3.1,3.1,3.1,3.2,3.2,3.3,3.3,3.3,3.3,3.3,3.3,3.3,3.3,3.3,3.3,3.3,3.3,3.3,3.3,3.3,3.3,3.3,3.3,3.3,3.3,3.3,3.3,3.3,3.3,3.3,3.3,3.3,3.3,3.3,3.3,3.3,3.3,3.3,3.3,3.3591808414844935,3.4,3.5,3.5,3.5,3.5,3.5,3.5,3.5,3.6,3.6,3.6,3.6,3.6,3.6,3.6,3.6,3.6,3.6,3.6,3.6,3.6,3.6,3.6,3.6,3.6,3.6,3.6,3.6,3.6,3.6,3.6,3.7,3.7,3.7,3.7,3.8,3.8,3.8,3.8,3.8,3.893593987845253,3.9,3.9,3.9,3.9,3.9,3.9,4.0,4.0,4.0,4.0,4.0,4.0,4.0,4.0,4.2,4.2,4.2,4.2,4.213985489925437,4.4,4.4,4.5,4.6,4.6,4.6,4.6,4.993150201170198,5.099636869475824,5.2,5.3,5.3,5.3,5.814514486060847,6.177872882956086,7.401090669905262
0.2,0.5,0.5,0.5,0.5,0.5,0.5,0.5,0.5,0.5,0.6,0.6,0.6,0.6,0.6,0.6,0.7,0.8,0.8,0.8,0.8,0.8,0.8,0.8,0.8,0.9,0.9,0.9,0.9,0.9,0.9,0.9,0.9,0.9,0.9,1.1,1.1,1.1,1.1,1.1,1.1329201988926882,1.2,1.2,1.2,1.2,1.2,1.2,1.2,1.2,1.2,1.2,1.2,1.2,1.2,1.2,1.2,1.2,1.2,1.2,1.2,1.2,1.2,1.2,1.2,1.2,1.2,1.2,1.3,1.3,1.3,1.3,1.3,1.3,1.3,1.3,1.3,1.3,1.3,1.3,1.3,1.3,1.3,1.4,1.4,1.4,1.4,1.4,1.4,1.4,1.4,1.4,1.4,1.5,1.5,1.5,1.5,1.5,1.6,1.6,1.6,1.65,1.7,1.7,1.7,1.7,1.7,1.7,1.7,1.7,1.7,1.7,1.7,1.7,1.7,1.7,1.7,1.7,1.7,1.7,1.7,1.7,1.7,1.7,1.7322122237478141,1.8,1.8,1.8,1.8,1.8,1.8,1.8,1.8,1.8,1.8,1.8,1.8,1.8,1.8,1.8,1.8,1.8,1.8,1.8,1.8,1.8,1.8,1.9,1.9,1.9,1.9,1.9,1.9,1.9,1.9,1.9,1.9,1.9,1.9,1.9,1.9,1.9,1.9,1.9,1.9,1.9,1.9,1.9,1.9,1.9,2.0,2.0,2.0,2.0,2.0,2.0,2.1,2.1,2.1,2.1,2.1,2.1,2.1002582456110193,2.2,2.3,2.3,2.3,2.4,2.4,2.4,2.4,2.4,2.5,2.5,2.6,2.6,2.7202076077128368,2.8,2.8,2.8290289721216935,3.1,4.0010906699052615
1.2978186601894985,1.4,1.4,1.828637342826178,1.9,2.0,2.0,2.0,2.0,2.0,2.0,2.0,2.0,2.0,2.032554993692302,2.1104813919600964,2.2860145100745632,2.3,2.3,2.4,2.5,2.5,2.5,2.5,2.6,2.6,2.6,2.6,2.7,2.7,2.8,2.8,2.8,2.8,2.8,2.8,2.8,2.8,2.8,2.8,2.9,2.9,2.9,2.9,3.0,3.0,3.0,3.0,3.0563222283256666,3.1,3.1,3.1,3.1,3.1,3.1,3.1,3.1,3.1,3.1,3.1,3.1,3.1,3.1,3.1,3.1,3.1,3.1,3.1,3.1,3.145406826037424,3.2,3.2,3.2,3.3,3.3,3.3,3.3,3.3,3.3,3.3,3.3,3.3,3.3,3.3,3.3,3.3,3.3,3.3,3.3,3.4,3.4,3.4,3.4,3.4,3.4,3.4,3.5,3.5,3.5,3.5,3.5,3.6,3.6,3.6,3.6,3.6,3.6,3.7,3.7,3.7,3.7,3.7,3.7,3.7,3.7976236808611414,3.8,3.8,3.8,3.8,3.8,3.8,3.878884147332195,3.9,3.9,3.9,3.9,3.9,3.9,3.9,3.9,4.0,4.0,4.0,4.0,4.0,4.0,4.0,4.0,4.0,4.0,4.0,4.0,4.0,4.0,4.0,4.092345214177163,4.2,4.2,4.2,4.2,4.2,4.2,4.2,4.2,4.3,4.3,4.399964124280138,4.4,4.4,4.4,4.4,4.410726690124398,4.5,4.500446139750591,4.6,4.6,4.6,4.6,4.6,4.69121831144011,4.7,4.7,4.8,4.9,4.962713727856431,5.0,5.1,5.2,5.2,5.2,5.232890268817949,5.3,5.3,5.3,5.4,5.489518608039907,5.5,5.5,5.662448077470901,5.8,5.8,5.9,5.9,5.999636869475824,6.2,6.3,6.3,6.4,6.7,6.7,7.601090669905261
1.3972733252368732,2.0,2.0,2.0,2.0,2.0,2.0931700645275617,2.3003631305241727,2.5,2.5,2.5,2.582474763342478,2.6,2.6,2.6,2.7104813919600965,2.8,2.8,2.8,2.8,2.8,2.8,2.8,2.9,2.9,2.9,2.9,2.9,3.0,3.0,3.056801156119795,3.1,3.1,3.1,3.1,3.1,3.1,3.1,3.1,3.1,3.1,3.1,3.1,3.1,3.1,3.1,3.1,3.2,3.2,3.293861234331038,3.3,3.3,3.3,3.3,3.3,3.3,3.3,3.3,3.3,3.3,3.3,3.304378489936286,3.4,3.4,3.4,3.4,3.4,3.4,3.5,3.545406826037424,3.6,3.6,3.6,3.6,3.6,3.6,3.6,3.6,3.6,3.7,3.7,3.7,3.7,3.7,3.7,3.7,3.7,3.7,3.7,3.778050761736014,3.8,3.8,3.8,3.8,3.8,3.8,3.8,3.8,3.8,3.8,3.8,3.8,3.8,3.9,3.9,3.9,3.9,3.9,3.9,3.9,4.0,4.0,4.0,4.0,4.0,4.0,4.0,4.0,4.0,4.0,4.0,4.0,4.0,4.0322122237478135,4.1,4.2,4.2,4.2,4.2,4.2,4.2,4.254593173962581,4.3,4.3,4.3,4.4,4.4,4.4,4.4,4.5,4.5,4.5,4.5,4.5,4.5,4.6,4.6,4.6,4.6,4.6,4.6,4.6,4.6,4.6,4.6,4.6,4.7,4.7,4.8,4.8,4.8,4.8,4.9,5.0,5.046576241885998,5.1,5.1,5.1,5.2,5.2,5.243198843880208,5.3,5.3,5.3,5.3,5.3,5.380147534287232,5.5,5.5,5.5,5.532890268817948,5.600258245611019,5.769487052929304,5.8,5.8,5.889518608039907,5.9,5.9,6.131224038735451,6.2,6.207133298446678,6.3,6.3,6.3,6.413659870944878,6.620207607712836,6.7,6.7,6.929028972121694,7.3,7.715269378673656
0.9,1.8,1.8,2.0,2.0,2.0,2.0,2.2,2.3,2.3996092814346324,2.4,2.5,2.5,2.5520555588893195,2.6,2.6,2.6,2.6,2.6610258941414044,2.8,2.8,2.8,2.8,2.8,2.8,2.8,2.8,2.8,2.8494582816066525,2.9,2.9,2.9,2.9,3.0,3.0,3.0,3.0,3.0995538602494093,3.1,3.1,3.1,3.1,3.1,3.1,3.1,3.1,3.1,3.1,3.1,3.1,3.1,3.1,3.1,3.1,3.1,3.2,3.2,3.274963308883616,3.3,3.3,3.3,3.3,3.3,3.3,3.3,3.3,3.3,3.3,3.3,3.3,3.3,3.3,3.3,3.3,3.3,3.3,3.3,3.3677877762521886,3.4,3.4,3.4,3.4,3.4,3.4,3.4,3.4769201272425163,3.5,3.6,3.6,3.6,3.6,3.6,3.6,3.6,3.6,3.6,3.7,3.7,3.7,3.7,3.7,3.7,3.7,3.8,3.8,3.8,3.8,3.8,3.8,3.8,3.8,3.8,3.9,3.9,3.9,3.9,3.9,3.9,3.9,3.9,4.0,4.0,4.0,4.0,4.0,4.0,4.0,4.0,4.0,4.0,4.0,4.0,4.0,4.0,4.042480395589342,4.1,4.2,4.2,4.2,4.2,4.2,4.2,4.2,4.3,4.35846211296784,4.4,4.4,4.4,4.4,4.4,4.5,4.5,4.5,4.5,4.6,4.6,4.6,4.6,4.6,4.6,4.6,4.6,4.6,4.6,4.6,4.6,4.641531877275178,4.7,4.7,4.8,4.8,4.8,4.901083436786701,5.0,5.0,5.1,5.180147534287232,5.2,5.203343888618275,5.3,5.3,5.3,5.3,5.5,5.5,5.5,5.567445006307696,5.695888882221368,5.8,5.817525236657525,5.9,6.000390718565365,6.2,6.3,6.3,6.4,6.541060866411857,6.7,6.714514486060847,6.9,7.4021813398105225
1.7,1.7,1.7,1.7,1.7,2.0,2.1863401290551234,2.500363130524173,2.6022832662765967,2.7,2.7,2.7,2.8,2.8,3.0,3.0,3.0,3.1,3.2,3.2,3.3,3.3327174284142678,3.596656111381731,3.6,3.6,3.679256605514607,3.7,3.7,3.8,3.8,3.8,3.9,3.9,3.9,3.9,4.0,4.0,4.1,4.1,4.1,4.1,4.1,4.1,4.2,4.2,4.2,4.3,4.3,4.3,4.3,4.5,4.5,4.6,4.7,4.7,4.7,4.7,4.874963308883617,4.9,4.9,4.9,4.9,4.9,4.9,4.9,4.9,4.9,4.9,4.916416523712721,5.0,5.0,5.0,5.0,5.0,5.0,5.0,5.040819158515501,5.2,5.294550064417384,5.321115852667802,5.447494849229611,5.5,5.5,5.6,5.6,5.676920127242516,5.7,5.727710849216121,5.85293269309945,5.9,5.9,6.0,6.0,6.0,6.0,6.0,6.0,6.0,6.1,6.1,6.1,6.1,6.1,6.1,6.1,6.1,6.1,6.1,6.1,6.1,6.1,6.1,6.1,6.1,6.1,6.1,6.1,6.1,6.1,6.1,6.1,6.1,6.1,6.132212223747814,6.2,6.2,6.2,6.2,6.2,6.2,6.2,6.2,6.2,6.4,6.5,6.5,6.5,6.5,6.5,6.5,6.5,6.5,6.5,6.5,6.5,6.5,6.5,6.561545727139935,6.6,6.6,6.6691740189811295,6.9,6.9,6.9,7.0,7.059932460047508,7.1,7.3,7.3,7.524205258435956,7.6,7.7,7.7,7.700446139750591,7.893152483771996,8.1,8.183063754550357,8.490424139558622,8.640306890980156,9.16487324576044,9.643198843880208,9.988874260659799,10.4010834367867,10.7,10.7,11.462230183456171,11.860295068574464,11.9,11.9,11.9,11.9,11.9,11.9,11.9,11.9,11.9,12.1,12.1,12.1,12.1,12.6,12.6,12.6,12.8,12.834149677362195,13.380830430851347,14.5,15.5,16.2,16.2,18.3
0.5,1.4,1.5709710278782987,1.8,1.9,1.9,2.0,2.0,2.0,2.0,2.0,2.0,2.0,2.0,2.2,2.2,2.2,2.2,2.3,2.3,2.4,2.5,2.5,2.5,2.6,2.6,2.6,2.6,2.6,2.6,2.6,2.6,2.6,2.6,2.6,2.6,2.6,2.6,2.6,2.6,2.6,2.6,2.6,2.6,2.6,2.6,2.6,2.6,2.6,2.6,2.6,2.6,2.7,2.7,2.7,2.8,2.8,2.8,2.8,2.8,2.8,2.8,2.8,2.8,2.8,2.8,2.8,2.9,2.9,2.9,2.9,2.9,2.9,2.9,2.9,3.0,3.0,3.0,3.0,3.0,3.0,3.0,3.1,3.1,3.1,3.1,3.1,3.1,3.1,3.1,3.1,3.1,3.1,3.1,3.1,3.1,3.1,3.1,3.1,3.1,3.1,3.1,3.1,3.1,3.148291057822746,3.2,3.3,3.3,3.3,3.3,3.3,3.3,3.3,3.3,3.3,3.3,3.3,3.3,3.3,3.3,3.3,3.3,3.4,3.432212223747814,3.5,3.5,3.5,3.541424948730241,3.6,3.6,3.6,3.6,3.7,3.7,3.7,3.7,3.8,3.8,3.8,3.8,3.8,3.8,3.8,3.8,3.9,3.9,3.9,3.9,3.9,3.9,3.9,3.9,3.9,3.9,3.9,3.9,3.9,3.940671534142251,4.0,4.0,4.0,4.0,4.0,4.1,4.1,4.1935939878452535,4.2,4.2,4.2,4.2,4.2,4.296291420219933,4.4,4.4059984560655785,4.5,4.5,4.6,4.6,4.6,4.7,4.9,4.9,5.0,5.040688082251234,5.2,5.2,5.267445006307696,5.3,5.3,5.5,5.514266596893355,6.0,6.097716733723399,6.1,6.1,6.2,6.2,6.542725314347649,6.6145144860608465,6.877872882956086,7.30981602914735
0.2,0.5,0.5,0.5,0.5,0.5,0.5,0.5,0.5,0.5,0.5,0.5,0.6,0.6,0.6,0.6,0.6,0.6,0.6,0.6,0.6,0.6,0.6,0.6,0.6,0.6,0.6,0.7,0.7,0.8,0.8,0.8,0.8,0.8,0.8,0.8,0.8,0.8,0.8,0.8,0.8,0.8,0.8,0.8,0.8,0.8,0.8,0.8,0.8,0.8,0.8,0.8,0.8,0.8,0.8,0.8,0.8,0.8,0.9,0.9,0.9,0.9,0.9,0.9,0.9,0.9,0.9,0.9,0.9,0.9,0.9,0.9,0.9,0.9,0.9,1.0,1.0408191585155009,1.1,1.1,1.1,1.1,1.1,1.1,1.1,1.1,1.1,1.2,1.2,1.2,1.2,1.2,1.2,1.2,1.2,1.2,1.2,1.2,1.2,1.2,1.2,1.2,1.2,1.2,1.2,1.2,1.2,1.2,1.2,1.2,1.2,1.2,1.2,1.2,1.2,1.2,1.2,1.2,1.2,1.2,1.2,1.2,1.2,1.2,1.2,1.2,1.3,1.3,1.3,1.3,1.3,1.3,1.3,1.3,1.3,1.3,1.3,1.3,1.3,1.3,1.3,1.3,1.3,1.3,1.3,1.3,1.3,1.3,1.3,1.3,1.3,1.3,1.3,1.3,1.3,1.4,1.4,1.4,1.4,1.482077373987306,1.5,1.5670798011073146,1.6,1.6,1.6,1.6,1.6,1.6,1.7,1.7,1.7,1.7,1.7,1.7,1.8,1.8,1.9,1.9,1.9,1.9,2.0,2.0,2.0,2.0,2.0,2.0,2.0895186080399073,2.1,2.1,2.1,2.1,2.1,2.1,2.1,2.1,2.206829935472439,2.3202076077128364,2.4,2.4,2.6,2.6,2.8103613640999807
0.8978186601894985,1.4663813511317425,1.7,2.0,2.0,2.3,2.3,2.3003631305241727,2.5,2.5,2.592866701553323,2.6,2.6,2.6,2.7325549936923017,2.8,2.8,2.8,2.9,2.9,2.9,2.9,2.9,2.9,2.9,2.979256605514607,3.0,3.0,3.1,3.1,3.1,3.1,3.1,3.1,3.1,3.1,3.1,3.1,3.1,3.1,3.1,3.175794741564042,3.3,3.3,3.3,3.340067539952498,3.4,3.4,3.4,3.4,3.4,3.4,3.4,3.4,3.4,3.4,3.6,3.6,3.6,3.6,3.6,3.7,3.7,3.7,3.7,3.7,3.7,3.7,3.7,3.7,3.7,3.7,3.7,3.7,3.7,3.8,3.8,3.8,3.8,3.8,3.8474948492296104,3.9,3.9,3.9,3.9,3.9,3.9,3.9,3.9,3.9,3.9,3.9,3.9528705692421484,4.0,4.0,4.0,4.0,4.0,4.0,4.0,4.1,4.1,4.1,4.2,4.2,4.272927891550575,4.3,4.3,4.3,4.3,4.4,4.4,4.4,4.4,4.4,4.5,4.5,4.5,4.5,4.5,4.5,4.5,4.5,4.5,4.6,4.6,4.6,4.6,4.6,4.6,4.6,4.6,4.6,4.6,4.6,4.6,4.6,4.6332926814242565,4.7,4.7,4.8,4.859500077641303,4.9,5.0,5.0,5.0,5.026701204161429,5.1,5.1,5.132765281195781,5.2,5.3,5.3,5.3,5.3,5.459932460047509,5.5,5.5,5.5,5.5,5.567079801107314,5.610726690124397,5.7,5.700892279501182,6.046576241885998,6.1,6.1,6.1,6.2,6.2,6.2,6.2,6.3,6.3,6.3,6.3,6.3,6.3,6.4,6.467282571585736,6.6,6.6,6.6,6.640688082251233,6.7,6.889518608039907,6.9,6.9,7.4,7.7,7.7,7.8,7.8,7.8,8.120489806417316,8.4,8.523182599235572,10.241802514781192,10.7,11.4,11.4
1.2978186601894985,1.7,1.7854855139391492,2.0,2.0,2.2,2.3,2.3,2.4,2.4,2.5,2.5,2.5,2.6,2.6,2.8,2.8,2.859311917748766,2.9,2.9,2.9,2.9,2.9966561113817307,3.0,3.0,3.1,3.1,3.1,3.1,3.1,3.1,3.1,3.1,3.1,3.1,3.1,3.153423758114002,3.299553860249409,3.3,3.3,3.4,3.4,3.4,3.4,3.4,3.4,3.4,3.4,3.4,3.6,3.6,3.6,3.6,3.7,3.7,3.7,3.7,3.7,3.7,3.7,3.7,3.7,3.7,3.7,3.7,3.7,3.7,3.7,3.8,3.8,3.8,3.8,3.8,3.85857505126975,3.9,3.9,3.9,3.9,3.9,3.9,3.9,3.9,4.0,4.0,4.0,4.0,4.1,4.2,4.25293269309945,4.3,4.3,4.3,4.3,4.4,4.5,4.5,4.5,4.5,4.5,4.5,4.5,4.5,4.5,4.523688407591999,4.6,4.6,4.6,4.6,4.6,4.6,4.6,4.6,4.6,4.6,4.7,4.7,4.7,4.8,4.9,4.926303351929255,5.0,5.0,5.1,5.1,5.159180841484494,5.286365747330313,5.3,5.3,5.3,5.3,5.42589317333069,5.5,5.5,5.5,5.5,5.5,5.5,5.6,5.664269946863908,5.7,5.8,5.919000155282606,6.1,6.1,6.1,6.1,6.2,6.2,6.2,6.232765281195782,6.3,6.3,6.3,6.3,6.3,6.3,6.3,6.3,6.3,6.4,6.4,6.4,6.4,6.500446139750591,6.6,6.6,6.6,6.6,6.640306890980156,6.7,6.7,6.7,6.7,6.9,6.9,6.9,6.9,6.9,7.4,7.4,7.7,7.7,7.7,7.7,7.8,7.8,7.8,8.1,8.1,8.317525236657525,8.4,8.400390718565365,8.695433467446797,10.295642433709896,10.7,10.7,10.7,10.7,11.4,11.4,11.4
0.2,0.5,0.5,0.5,0.5,0.5,0.5,0.5,0.6,0.6,0.6,0.6,0.6,0.6,0.6325549936923017,0.7,0.7,0.7,0.7,0.7,0.8,0.8,0.8,0.8,0.8,0.8,0.8,0.8,0.8,0.8,0.8,0.8,0.8,0.8,0.8,0.8,0.8,0.8,0.8,0.8,0.8,0.8,0.8,0.8,0.8,0.8,0.8,0.8,0.8,0.8,0.8,0.8,0.8,0.8,0.8,0.8,0.8,0.8,0.8,0.8,0.8,0.8,0.8,0.9,0.9,0.9,0.9,0.9,0.9,0.9,0.9,0.9,0.9,0.9,0.9,0.9,0.9,0.9,0.9,0.9,0.9,0.9,0.9,0.9,0.9,0.9,0.9023763191388554,1.1,1.1,1.1,1.1,1.1,1.1,1.1,1.1,1.1,1.1,1.1,1.1,1.1,1.1,1.1,1.1,1.1,1.1,1.1,1.1,1.1,1.1,1.1,1.1,1.1,1.1,1.1,1.1,1.1,1.1,1.1,1.1,1.126303351929255,1.2,1.2,1.2,1.2,1.2,1.2,1.2,1.2,1.2,1.2,1.2,1.2,1.2,1.2,1.2,1.2,1.2,1.2,1.2,1.2,1.2,1.2,1.2,1.2,1.3,1.3,1.3,1.3,1.3,1.3,1.3,1.3,1.3,1.3,1.3,1.3,1.3,1.3,1.3,1.4,1.4,1.4,1.4,1.4,1.4,1.4,1.4,1.4,1.4,1.4,1.4,1.4,1.4,1.4059984560655776,1.5,1.5,1.5,1.5409909701809739,1.6,1.6,1.7,1.7,1.7,1.8,1.8,1.8895186080399071,1.9,1.9,1.9,1.9,1.9,2.0,2.0,2.0996368694758245,2.1,2.1,2.4,2.4713626571738248,2.6290289721216937,2.977872882956086,3.3016360048578917
1.7,2.9,3.0854855139391493,3.1,3.2,3.3,3.3,3.4,3.4,3.4,3.4,3.582474763342478,3.6,3.6,3.6,3.6,3.6860145100745636,3.7,3.7305129470707024,3.9,3.9,4.0,4.0,4.0,4.0,4.0,4.2,4.2,4.2,4.2,4.256801156119795,4.3,4.3,4.3,4.3,4.3,4.3,4.3,4.4,4.4,4.5,4.5,4.5,4.5,4.5,4.5,4.5,4.5,4.5,4.5,4.5,4.5,4.5,4.5,4.5,4.5,4.6,4.6,4.7,4.7,4.7,4.804378489936286,4.9,4.9,4.9,4.9,4.9,4.9,4.9,4.9,4.9,5.0,5.0,5.0,5.086222963545816,5.2,5.3,5.3,5.3,5.3,5.3,5.3,5.399730735815604,5.4,5.4,5.4,5.4,5.5,5.5,5.5,5.5,5.5,5.5,5.5,5.5,5.5,5.5,5.5,5.5,5.5,5.5,5.6,5.6,5.6,5.6,5.6,5.7,5.7,5.7,5.7,5.7,5.7,5.7,5.7,5.7,5.7,5.7,5.87439350157847,5.9,5.926303351929255,6.0,6.0,6.005449935582613,6.1,6.159180841484494,6.2,6.2,6.2,6.269319877160609,6.397472376674125,6.4,6.454593173962581,6.583583476287288,6.6,6.6,6.6,6.6,6.6,6.6,6.6,6.7,6.7,6.7,6.9,6.9,6.992345214177163,7.1,7.1,7.1,7.1,7.1,7.3,7.387355543348678,7.581809911496833,7.6,7.6,7.699964124280138,7.7,7.7,7.724205258435956,7.8,7.8,7.8,7.8,7.846576241885998,7.9,8.04153187727518,8.1,8.1,8.1,8.143198843880208,8.2,8.2,8.305998456065579,8.5,8.5,8.5,8.540990970180975,8.603343888618275,8.7,8.8,8.9,8.9,8.9,8.9,8.9,8.9,9.0,9.1,9.1,9.5,9.500390718565365,9.6,9.6,9.6,10.0,10.1,10.2,10.2,10.3,12.802726674763154
1.7,2.6,2.885485513939149,3.128637342826178,3.3,3.3,3.3,3.3,3.3,3.3,3.3928667015533227,3.4,3.4,3.5,3.6,3.6,3.6,3.6,3.6305129470707023,3.7,3.7,3.7,3.7,3.7,3.7,3.7,3.7,3.7,3.7,3.7,3.7,3.8,3.8,3.8095758604413756,3.9,3.9,3.9,3.9,3.9,3.9,3.9,3.9,3.9,4.0,4.0,4.0,4.0,4.0,4.0,4.0,4.0,4.067234718804218,4.2,4.2,4.2,4.2,4.2,4.274963308883616,4.3,4.3,4.3,4.3,4.4,4.4,4.4,4.5,4.5,4.5,4.5,4.5,4.5,4.5,4.5,4.5,4.5,4.5,4.5,4.5,4.5,4.5,4.5,4.5,4.5,4.5,4.5,4.5,4.5,4.5,4.5,4.5,4.5,4.5,4.5,4.6,4.6,4.6,4.6,4.6,4.600888621543728,4.7,4.7,4.7,4.7,4.7,4.7,4.7,4.7,4.7,4.7,4.7,4.7,4.8,4.8,4.872289150783877,4.9,4.9,4.9,4.9,4.9,4.9,4.9,4.978884147332195,5.0,5.0,5.0,5.086365747330313,5.1,5.1,5.1,5.2,5.2,5.3,5.3,5.3,5.3,5.3,5.3,5.3,5.3,5.4,5.4,5.4,5.5,5.5,5.5,5.5,5.5,5.5,5.5,5.5,5.5,5.5,5.6,5.6,5.6,5.6,5.699964124280138,5.7,5.7,5.7,5.7,5.7,5.7,5.7,5.7,5.7,5.741531877275179,5.9,5.940306890980156,6.0,6.0,6.1,6.1,6.105998456065578,6.2,6.2,6.2,6.2,6.2,6.267282571585736,6.3,6.6,6.6,6.6,6.7,6.7,6.9,7.543833323332052,7.7,7.8,7.8,7.9,7.9,7.9,8.1,8.5,8.5,8.9,8.929028972121694,9.98936441478043,10.214178708768394
1.6,1.6,1.6,2.4,2.4589391335881383,2.5,2.5931700645275617,2.600363130524173,2.8,2.9,2.9,3.0,3.2,3.2520555588893196,3.3,3.3,3.3,3.3,3.3,3.3,3.3,3.3,3.3,3.3,3.3,3.3,3.3,3.3,3.3,3.3,3.3,3.3,3.3596931090198408,3.4,3.4584681227248213,3.5,3.553423758114002,3.6,3.6,3.6,3.7,3.7,3.7,3.8,3.8,3.8,3.8,3.8,3.8,3.893861234331038,3.9,3.9,3.9,3.9,4.0,4.0,4.0,4.0,4.0,4.0,4.0,4.0,4.0,4.0,4.0,4.0,4.0,4.0,4.0,4.0,4.0,4.0,4.1,4.1,4.1,4.1,4.1,4.1,4.1,4.2,4.2,4.273696648070737,4.3,4.3,4.3,4.3,4.3,4.3,4.3,4.378050761736015,4.4,4.4,4.4,4.4,4.5,4.5,4.5,4.5,4.5,4.5,4.5,4.5,4.6,4.7,4.7,4.7,4.797607490120839,4.8,4.847129430757855,4.9,4.9,4.9,4.9,4.9,4.997623680861142,5.023079872757483,5.1,5.1,5.1,5.1,5.1,5.1,5.1,5.1,5.1,5.1,5.1,5.241424948730241,5.3,5.3,5.4,5.4,5.4,5.4,5.4,5.4,5.4,5.4,5.5,5.5,5.6,5.6,5.6,5.6,5.6,5.7,5.7,5.7,5.7,5.7,5.7,5.7,5.7,5.7818099114968335,5.8,5.8,5.8,5.8,5.8,5.924205258435956,6.0,6.0,6.0,6.0,6.0,6.0,6.1,6.1,6.140306890980156,6.2,6.2,6.2,6.25054171839335,6.3,6.4,6.5,6.5801475342872315,6.6,6.6,6.6,6.6,6.7,6.838974105858608,6.9,6.9,7.1,7.1,7.195888882221368,7.462448077470902,7.6,7.7,7.8,7.8,7.899636869475825,8.0,8.1,8.2,8.571362657173824,8.929028972121694,9.5,10.1
1.7,2.154889819307399,3.3,3.4,3.6,3.7595847845743315,4.093170064527561,4.3,4.3,4.3,4.3,4.482474763342478,4.5,4.7,4.7,4.9,4.9,4.9,4.9,4.9,4.9,5.0,5.0,5.0,5.219852465712776,5.3,5.3372862721435705,5.4,5.449458281606653,5.5,5.5,5.5,5.5,5.5,5.5,5.5,5.5,5.5,5.5,5.5,5.5,5.575794741564041,5.6,5.6,5.6,5.6,5.7,5.7,5.7,5.7,5.7,5.7,5.7,5.7,5.7,5.7,5.7,5.7,5.7,5.7,5.7,5.8,5.9,5.9,5.9,5.9,5.9,5.9,5.916416523712721,6.0,6.0,6.1,6.1,6.1,6.1,6.113634252669689,6.2,6.2,6.3,6.5,6.5,6.5,6.5,6.5,6.5,6.576920127242516,6.6,6.6,6.6,6.6,6.6,6.628010926291105,6.7,6.8,6.8,6.827072108449437,6.9,6.9,6.900888621543729,7.025448577810747,7.1,7.1,7.1,7.1,7.1,7.245855783101149,7.3,7.3,7.447129430757855,7.5,7.5,7.6,7.6,7.672289150783877,7.7,7.7,7.7,7.77439350157847,7.9,7.926303351929255,8.20501030154078,8.4,8.405449935582613,8.6,8.6,8.686365747330314,8.7,8.782849897460482,8.9,8.9,8.9,8.9,9.0,9.1,9.1,9.172410260810317,9.2,9.2,9.328539893727816,9.4,9.5,9.5,9.592054149709748,9.6,9.6,9.6,9.6,9.6,9.6,9.6,9.6,9.6,9.6,9.6,9.6,9.6,9.6,9.6,9.6,9.6,9.7,9.7,9.7,9.7,9.9,9.9,9.9,9.9,10.0,10.1,10.1,10.1,10.1,10.1,10.1,10.1,10.1,10.3,10.3,10.3,10.3,10.3,10.3,10.3,10.3,10.658074432159628,11.4,11.7,12.256120193677253,12.6,12.6,12.6,12.6,12.79927373895165,13.3,13.3,13.7,13.7,14.5,16.045110180692603,16.21145203400524
1.3950919854263717,1.4442542340878284,2.0,2.0,2.1,2.179792392287166,2.3,2.3,2.4,2.4,2.4,2.5,2.6,2.6,2.6,2.6,2.6,2.6,2.6,2.6,2.7,2.7,2.7,2.7,2.8,2.8,2.8,2.8,2.8,2.8,2.8,2.8,2.8,2.8,2.8,2.8,2.8,2.8,2.8,2.8,2.8,2.8,2.9,2.9,2.9,2.9,2.9,2.9,2.9563222283256665,3.0,3.0,3.0,3.0,3.0,3.073298795838568,3.1,3.1,3.1,3.1,3.1,3.1,3.1,3.135730053136092,3.2,3.2,3.2,3.2,3.2,3.3,3.3,3.3,3.3,3.3,3.3,3.3,3.4136342526696892,3.5,3.5,3.5,3.5,3.5,3.5736966480707366,3.6,3.6,3.6,3.6,3.7,3.7,3.7,3.8,3.8,3.8,3.8,3.8,3.8,3.8,3.8,3.8,3.8,3.9,3.95,4.0,4.0,4.0,4.0,4.0,4.0,4.0,4.0,4.0,4.1,4.1,4.1,4.1,4.1,4.1,4.1,4.1,4.1,4.1,4.1,4.178884147332195,4.2,4.2,4.3,4.4,4.4,4.4,4.4,4.4,4.42589317333069,4.5,4.5,4.5,4.642480395589343,4.7,4.7,4.9,4.9,4.9,4.9,4.9,4.9,4.925036691116379,5.0,5.0,5.0,5.0,5.1,5.1,5.1,5.1,5.143677771674339,5.3,5.3,5.359932460047509,5.4,5.4,5.5,5.5,5.5,5.5,5.5,5.6,5.6,5.6,5.6,5.6,5.7,5.7,5.7,5.7,5.7,5.7,5.7,5.7,5.7,5.7,5.7,5.7,5.732890268817949,5.8,5.8,5.9,6.0,6.0,6.0,6.0,6.1,6.1,6.2,6.2,6.2,6.2,6.306829935472439,6.6,6.6,6.671362657173825,6.8,6.9,7.9
3.1945466504737468,3.3,3.5854855139391493,3.8572746856523557,4.0,4.259584784574331,4.3,4.400363130524173,4.602283266276596,4.9,4.9,4.982474763342478,5.1,5.1,5.2,5.3,5.3,5.3,5.3,5.3,5.3,5.332717428414268,5.4,5.5,5.5,5.5,5.6,5.6,5.7,5.7,5.7,5.7,5.759693109019841,5.8,5.8,5.9,5.9,5.9,5.9,5.9,6.0,6.0,6.0,6.1,6.1,6.1,6.1,6.1,6.1,6.1,6.1,6.1,6.2,6.2,6.2,6.2,6.241537887032161,6.3,6.407945850290253,6.5,6.5,6.5,6.5,6.5,6.5,6.5,6.5,6.5,6.5,6.5,6.5,6.5,6.5,6.55857505126975,6.6,6.6,6.6,6.6,6.6,6.621115852667802,6.7,6.7,6.8,6.8,6.8,6.9,6.9,6.9,6.9,6.9,6.9,7.0,7.0,7.0,7.0,7.0,7.1,7.1,7.1,7.150897155621493,7.3,7.3,7.3,7.323688407591999,7.4,7.4,7.4,7.4,7.4,7.4,7.4,7.4,7.4,7.4,7.5,7.5,7.548666772365334,7.6,7.6,7.6,7.6,7.6,7.7,7.7,7.7,7.7,7.7,7.7,7.7,7.7,7.7,7.7,7.7,7.7,7.7,7.7,7.7,7.8,7.8,7.9,8.0,8.059500077641303,8.2,8.4,8.4,8.4,8.4,8.4,8.496894888185164,8.5,8.5,8.6,8.6,8.6,8.6,8.6,8.6,8.6,8.682077373987305,8.7,8.7,8.7,8.7,8.7,8.7,8.7,8.783063754550357,8.9,8.9,9.09121831144011,9.2,9.2,9.5,9.5,9.7,9.7,9.7,9.940990970180975,10.003343888618275,10.1,10.1,10.1,10.1,10.140688082251232,10.839854899254373,11.9,11.9,11.9,11.962448077470901,12.6,12.6,12.6,12.6,12.6,12.8,12.8,12.8,12.8,13.3,14.234474595473035,18.3
2.798909330094749,3.0221271170439143,3.1854855139391494,3.3,3.4,3.5,3.693170064527562,3.8,3.8022832662765964,3.9996092814346325,4.092866701553323,4.182474763342478,4.3,4.3,4.332554993692302,4.6,4.686014510074563,4.8,4.9,4.9,4.9,5.0,5.0,5.0,5.1,5.1,5.2,5.2,5.3,5.3,5.3,5.3,5.3,5.309575860441376,5.4,5.4,5.5,5.5,5.5,5.589273309875608,5.6,5.6,5.7,5.7,5.7,5.7400675399524985,5.8,5.818190088503163,5.9,5.9,5.9,5.9,6.0,6.0,6.0,6.0,6.1,6.1,6.1,6.1,6.1,6.1,6.1,6.1,6.1,6.1,6.1,6.1,6.2,6.2,6.2,6.2,6.230680122839391,6.3,6.3,6.4,6.5,6.5,6.5,6.5,6.5,6.5,6.5,6.5,6.5,6.5,6.5,6.5,6.5,6.6,6.6,6.6,6.6,6.6,6.7,6.7,6.7,6.7,6.8,6.8,6.9,6.9,6.9,6.9236884075919995,7.0,7.0,7.0,7.0,7.047129430757854,7.1,7.1,7.1,7.1941346138011,7.3,7.397623680861142,7.4,7.4,7.4,7.4,7.4,7.4,7.4,7.5,7.6,7.6,7.6863657473303135,7.7,7.7,7.7,7.7,7.7,7.7,7.7,7.7,7.7,7.7,7.7,7.7,7.7,7.795621510063716,7.9,7.9,7.992054149709747,8.125036691116378,8.2,8.2,8.4,8.4,8.4,8.4,8.5,8.506138765668954,8.6,8.6,8.6,8.6,8.6,8.7,8.7,8.7,8.7,8.7,8.7,8.7,8.7,8.7,8.9,8.9,8.9,8.9,9.1,9.2,9.4,9.5,9.5,9.52074339448539,9.6,9.640990970180974,9.7,9.7,9.9,10.000258245611018,10.1,10.1,10.1,10.1,10.1,10.147944441110683,10.23122403873545,10.3,10.7,11.7,11.895433467446798,11.9,11.913659870944878,12.6,12.6,12.6,12.872572430304235,13.3,14.50927069419472
1.9918199757106194,2.0663813511317426,2.485485513939149,2.6,2.8,2.8,2.9,2.9,2.9,3.1,3.1,3.282474763342478,3.3,3.3520555588893193,3.5,3.5104813919600963,3.6,3.7593119177487657,3.8,3.8,3.8,3.8,3.8,3.9,3.9,3.9,4.0,4.0,4.0,4.1,4.2,4.2,4.2,4.2,4.3,4.3,4.353423758114002,4.4,4.5,4.5,4.532920198892688,4.6,4.6,4.6,4.6,4.7,4.7,4.7,4.7,4.793861234331038,4.8,4.8,4.8,4.9,4.9,4.9,4.9,4.9,4.9,4.9,4.9,4.904378489936287,5.0,5.0,5.0,5.0,5.0,5.0,5.0,5.0,5.0,5.0,5.0,5.05857505126975,5.1,5.1,5.1,5.1,5.1,5.1,5.1,5.1,5.1,5.1,5.1,5.1,5.102376319138855,5.2,5.2,5.3,5.3,5.3,5.3,5.3,5.3,5.3,5.3,5.4,5.4,5.4,5.4,5.4,5.4,5.4,5.4,5.5,5.5,5.5,5.5,5.5,5.596926093147823,5.6,5.6,5.6,5.697623680861142,5.7,5.7,5.7,5.7,5.7,5.752505150770389,5.8,5.8,5.8,5.8,5.886365747330314,5.9,5.9,5.9,5.9,5.92589317333069,6.0,6.0,6.0,6.0,6.0,6.0,6.0,6.0,6.0,6.0,6.059500077641303,6.1,6.1,6.1,6.1,6.1,6.1,6.1,6.1,6.1,6.1,6.143677771674339,6.2,6.2,6.2,6.2,6.2,6.2,6.2,6.2670798011073146,6.3,6.3,6.3,6.3,6.393593987845254,6.5,6.590424139558621,6.6,6.6,6.6,6.6,6.6,6.6,6.6,6.6,6.7,6.7,6.7,6.8,6.832890268817948,6.9,6.9,6.940688082251234,7.1,7.1,7.1,7.1,7.4,7.4,7.4,7.6,7.6,7.799636869475824,7.806829935472439,7.9,8.1,8.6,8.7,9.011491531824344,10.00054533495263
1.6,1.7,2.725826167269791,3.2,3.3589391335881382,3.4797923922871656,3.5931700645275617,3.6,3.704566532553193,3.9,3.992866701553323,4.0,4.0,4.2,4.2,4.210481391960097,4.3,4.3,4.4,4.4,4.5,4.5,4.5,4.5,4.5,4.5,4.5,4.5,4.6,4.7,4.81360231223959,4.9,4.9,5.119151720882751,5.416936245449643,5.5,5.5,5.5,5.5,5.6,5.6,5.6,5.6,5.6,5.600035875719855,5.7,5.7,5.718190088503164,5.8,5.8,6.0,6.0,6.0,6.0,6.0,6.0,6.0,6.0,6.0,6.0,6.072639569622759,6.104378489936286,6.2,6.2,6.2,6.327589739189688,6.4,6.4,6.4,6.4,6.4,6.4,6.4,6.4,6.4,6.4,6.4,6.4,6.4,6.4,6.4,6.4,6.4,6.4,6.4,6.5,6.5,6.5,6.55293269309945,6.6,6.6,6.6,6.6,6.6,6.6,6.6,6.6,6.7,6.7,6.7,6.7,6.7,6.7,6.723688407591999,6.9,6.972927891550575,7.0,7.1,7.3,7.3,7.3,7.3,7.3,7.3,7.3,7.423079872757484,7.6,7.7,7.7,7.7,7.7,7.7,7.7,7.7,7.7,7.7,7.7,7.7,7.8,7.8,7.825893173330689,8.0,8.0,8.0,8.0,8.0,8.1,8.1,8.1,8.1,8.127360430377234,8.2,8.2,8.2,8.2,8.2,8.2,8.2,8.2,8.2,8.2,8.2,8.2,8.2,8.220554724647712,8.3,8.3,8.3,8.3,8.5,8.5,8.5,8.5,8.5,8.6,8.6,8.6,8.7,8.8,8.8,8.84319884388021,8.9,9.050541718393351,9.1,9.1,9.1,9.480147534287232,9.5,9.5,9.5,9.5,9.5,9.5,9.5,9.5,9.5,9.5,9.5,9.6,9.6,9.6,9.600390718565365,9.7,9.9,10.006829935472439,10.2,10.2,10.3,10.3,10.655745765912172,11.406544019431568
1.7,2.9221271170439143,3.2,3.428637342826178,3.5,3.5,3.6,3.6,3.6022832662765967,3.7996092814346323,3.992866701553323,4.0,4.0,4.0,4.132554993692302,4.2,4.2,4.2,4.230512947070702,4.3,4.3,4.332717428414268,4.49665611138173,4.5,4.5,4.5,4.5,4.5,4.5,4.70741715956014,4.9,4.9,4.9,5.3191517208827515,5.5,5.5,5.553423758114001,5.6,5.6,5.6,5.865840397785377,6.0,6.0,6.0,6.0,6.0,6.0,6.0,6.0,6.0,6.0,6.0,6.0,6.0,6.0,6.0,6.0,6.074963308883616,6.1,6.1,6.1,6.104378489936286,6.2,6.3,6.4,6.4,6.4,6.4,6.4,6.4,6.4,6.4,6.4,6.4,6.4,6.4,6.4,6.4,6.4,6.4,6.4,6.5,6.5,6.5,6.5,6.5,6.6,6.6,6.6,6.6,6.6,6.6,6.6,6.6,6.6,6.6,6.6,6.6,6.6,6.7,6.7,6.7,6.7,6.7,6.7,6.7,6.895214980241679,6.9,7.0,7.0,7.0,7.1,7.1,7.1,7.3,7.3,7.3,7.3,7.300269264184391,7.426303351929255,7.552505150770389,7.7,7.7,7.7,7.7,7.7,7.7,7.741424948730241,7.8,8.0,8.0,8.0,8.0,8.1,8.1,8.1,8.2,8.2,8.2,8.2,8.2,8.2,8.2,8.2,8.25846211296784,8.3,8.3,8.3,8.3,8.3,8.3,8.5,8.5,8.5,8.5,8.5,8.5,8.6,8.6,8.8,8.867079801107314,8.9,8.9,9.00044613975059,9.1,9.1,9.1,9.2,9.320920672940469,9.5,9.5,9.5,9.5,9.5,9.5,9.5,9.5,9.5,9.5,9.5,9.5,9.5,9.5,9.5,9.5,9.589518608039906,9.6,9.6,9.7,9.73505047331505,10.1,10.2,10.2,10.2,10.3,10.3,10.3,10.3,10.358057944243388,10.7,12.814724043721027
1.6,1.6221271170439142,1.7,2.9,3.0,3.1,3.2,3.3,3.4022832662765965,3.5,3.5,3.5,3.5,3.5520555588893195,3.6,3.6,3.6,3.7,3.7,3.7,3.7,3.8,3.9,3.9,3.919852465712776,4.0,4.0,4.0,4.0,4.0,4.0,4.0,4.0,4.0,4.0,4.2,4.2,4.2,4.2,4.2,4.2,4.2,4.2,4.2,4.2000358757198555,4.3,4.3,4.318190088503163,4.4,4.4,4.4,4.4,4.4,4.5,4.5,4.5,4.5,4.5,4.5,4.5,4.5,4.5,4.5,4.5,4.5,4.5,4.5,4.6,4.6,4.7,4.7,4.7,4.9,4.9,4.9,5.0,5.1,5.3,5.394550064417385,5.5,5.5,5.5,5.5,5.6,5.6,5.6,5.6,5.6,5.6,5.6,5.6,5.6,5.7,5.7,5.8,5.854144216898874,6.0,6.0,6.0,6.0,6.0,6.0,6.0,6.0,6.0,6.072927891550575,6.19760749012084,6.2,6.247129430757854,6.3,6.396926093147823,6.4,6.4,6.4,6.4,6.4,6.4,6.4,6.4,6.4,6.4,6.4,6.4,6.4,6.4,6.4,6.413777036454178,6.5,6.5,6.5,6.5,6.6,6.6,6.6,6.6,6.6,6.6,6.7,6.7,6.7,6.7,6.7,6.7,6.9,6.9,6.992345214177163,7.3,7.3,7.3,7.3,7.3,7.6,7.7,7.7,7.7,7.7,7.7,7.740671534142251,7.882077373987307,7.9,7.967079801107315,8.010726690124397,8.1,8.1,8.1,8.2,8.2,8.2,8.2,8.2,8.2,8.2,8.2,8.2,8.2,8.2,8.2,8.2,8.2,8.3,8.3,8.5,8.5,8.5,8.5,8.5,8.5,8.6,8.8,8.817525236657525,8.914266596893356,9.1,9.1,9.5,9.5,9.5,9.5,9.5,9.7,10.011491531824344,10.512542703910503
1.998363995142124,3.1663813511317427,4.256456541817448,4.3,4.3,4.7,4.9,5.3,5.3,5.399609281434633,5.5,5.7,5.968775961264544,6.1,6.2,6.410481391960097,6.5,6.5,6.5,6.5,6.5,6.6,6.6,6.6,6.6,6.6,6.7,6.7,6.849458281606653,6.9,6.956801156119795,7.008781688559887,7.1,7.1,7.1,7.1,7.1,7.1,7.1,7.1,7.1,7.1,7.1,7.1,7.10007175143971,7.3,7.3,7.3,7.3,7.393861234331038,7.4,7.467234718804218,7.6,7.638454272860062,7.7,7.7,7.7,7.7,7.7,7.7,7.7,7.7,7.7,7.7,7.8,7.9275897391896875,8.0,8.0,8.0,8.0,8.074106826669302,8.102527623325866,8.3,8.3,8.3,8.3,8.3,8.3,8.3,8.421115852667802,8.5,8.5,8.5,8.6,8.6,8.6,8.6,8.6,8.6,8.6,8.6,8.6,8.6,8.677661541373567,8.7,8.7,8.7,8.7,8.7,8.825448577810747,8.9,8.9,8.9,8.9,8.9,8.9,8.9,8.9,8.9,8.9,8.9,8.9,9.0,9.0,9.0,9.0,9.0,9.0,9.0,9.0,9.1,9.1,9.1,9.132212223747814,9.2,9.2,9.5,9.5,9.5,9.5,9.5,9.5,9.5,9.5,9.5,9.5,9.5,9.5,9.5,9.5,9.6,9.6,9.6,9.6,9.6,9.6,9.6,9.6,9.6,9.6,9.6,9.6,9.6,9.6,9.6,9.6,9.6,9.6,9.6,9.7,9.7,9.7,9.7,9.7,9.7,9.7,9.9,9.9,9.9,9.9,10.0,10.0,10.050541718393351,10.1,10.1,10.1,10.1,10.1,10.103343888618275,10.2,10.2,10.2,10.2,10.2,10.2,10.2,10.3,10.3,10.3,10.3,10.3,10.30078143713073,10.7,11.397458086330772,11.7,11.940415215425674,12.6,12.6,13.3,13.3,16.2
2.3967279902842478,2.7,2.8,3.228637342826178,3.3,3.3,3.4863401290551232,3.7,3.8,3.8,3.8,3.8,3.9,3.9,4.0,4.0,4.0,4.0,4.1,4.1,4.2,4.2,4.2,4.259009029819024,4.3,4.3,4.3,4.3,4.3,4.4,4.4,4.4,4.5,4.509575860441376,4.6,4.6,4.6,4.699553860249409,4.7,4.7,4.8,4.8,4.9,4.9,4.9,4.940067539952499,5.0,5.0,5.1,5.1,5.1,5.1672347188042185,5.3,5.3,5.3,5.3,5.3,5.3,5.3,5.3,5.3,5.3,5.3,5.3,5.3,5.3,5.3,5.3,5.3,5.4,5.4,5.4,5.4,5.4,5.4,5.4,5.4,5.467787776252189,5.5,5.5,5.547494849229611,5.6,5.6,5.6,5.6,5.6,5.6,5.6,5.6,5.6,5.6,5.6,5.6,5.6,5.6,5.6,5.6,5.676311592408004,5.7,5.725448577810747,5.8,5.8,5.8,5.9,5.9,5.9,6.0,6.0,6.0,6.0,6.0,6.0,6.0,6.0,6.0,6.1,6.1,6.1,6.1,6.1,6.1,6.1,6.1,6.1,6.1,6.1,6.1,6.2,6.2,6.2,6.2,6.2,6.2,6.2,6.2,6.2,6.2,6.2,6.2,6.2,6.2,6.2,6.292054149709747,6.3,6.3,6.3,6.326701204161429,6.5,6.5,6.5,6.6,6.6,6.6,6.6,6.6,6.6,6.6,6.6,6.6,6.6,6.6,6.6,6.655172771262977,6.7,6.7,6.7,6.8,6.8,6.840306890980156,6.9,6.9,6.9,6.9,6.9,6.9,7.0207433944853905,7.1,7.1,7.1,7.1,7.3,7.3,7.369487052929304,7.4,7.4,7.4,7.4,7.6,7.6,7.6,7.6,7.6,7.797716733723399,7.8,7.906829935472439,8.120207607712837,8.241060866411857,8.6,9.1,9.411491531824344,9.704362679621044
1.4,1.4442542340878284,2.256456541817448,2.3,2.3589391335881382,2.4,2.6,2.700363130524173,2.8,2.9,2.9,2.9,2.9,2.9520555588893194,3.1,3.2,3.2,3.3,3.3,3.3,3.3,3.3,3.3,3.3,3.3,3.5,3.5,3.5,3.5,3.5,3.5,3.5,3.5,3.5,3.5,3.5,3.5,3.6,3.6,3.6,3.7,3.7,3.7,3.7,3.8,3.8,3.8,3.8,3.8,3.8,3.9,3.9,3.9,3.9,4.0,4.0,4.0,4.0,4.0,4.0,4.072639569622759,4.1,4.1,4.1,4.1,4.1,4.1,4.2,4.2,4.2,4.2,4.2,4.2,4.25857505126975,4.3,4.3,4.3,4.3,4.3,4.321115852667802,4.4,4.4,4.4,4.4,4.4,4.4,4.4,4.4,4.4,4.4,4.4,4.5,4.5,4.5,4.5,4.5,4.551708942177257,4.6,4.6,4.6,4.65,4.7,4.7,4.8,4.8,4.8,4.8,4.8,4.9,4.9,4.9,5.0,5.0,5.1,5.1,5.1,5.2,5.2,5.2,5.2,5.3,5.3,5.3,5.3,5.3,5.3,5.3,5.4,5.4,5.4,5.4,5.4,5.4,5.4,5.4,5.4,5.5,5.5,5.5,5.6,5.6,5.6,5.6,5.6,5.6,5.7,5.726701204161429,5.8,5.9,5.9,5.9,6.0,6.0,6.0,6.0,6.0,6.0,6.0,6.1,6.1,6.1,6.2,6.2,6.2,6.2,6.2,6.2,6.2,6.3,6.3,6.3,6.3,6.3,6.3,6.3,6.4,6.5,6.540990970180974,6.6,6.6,6.6,6.6,6.6,6.6,6.7,6.789518608039907,6.9,6.9,7.1,7.3,7.3071332984466775,7.4,7.4,7.4,7.406829935472439,7.6,7.6,7.7,7.987086916365081,8.6,8.806544019431568
1.6994546650473745,2.5,2.9709710278782984,3.2,3.3,3.5797923922871657,3.693170064527562,3.900363130524173,4.0,4.1,4.1,4.2,4.2,4.2,4.4,4.5,4.5,4.559311917748766,4.7,4.7,4.8,4.932717428414268,5.0,5.059009029819024,5.2,5.2,5.2,5.2,5.3,5.5,5.5,5.6,5.6,5.6,5.6,5.7,5.7,5.8,5.8,5.8,5.8,5.8,5.8,5.9,6.0,6.0,6.0,6.0,6.0,6.0,6.0,6.0,6.003105111814835,6.1,6.1,6.1,6.14153788703216,6.2,6.2,6.2,6.2726395696227595,6.3,6.4,6.4,6.497323051621021,6.5,6.5,6.5,6.5,6.5,6.6,6.6,6.6,6.6,6.6,6.6,6.6,6.6,6.7,6.721115852667802,6.9,6.9,6.9,6.9,6.9,6.9,7.0,7.0,7.0,7.0,7.1,7.1,7.1,7.1,7.1,7.1,7.1,7.1,7.1,7.1,7.3,7.3,7.3,7.3,7.3,7.3,7.3,7.3,7.3,7.3,7.3,7.321949238263988,7.4,7.4,7.5,7.5,7.5,7.5,7.6,7.6,7.6,7.6,7.605449935582612,7.7,7.7,7.7,7.7,7.7,7.7,7.7,7.7,7.7,7.7,7.7,7.7,7.7,7.7,7.7,7.7,7.7,7.8,7.8,7.8,7.9,7.9,8.0,8.0,8.0,8.0,8.132765281195782,8.3,8.4,8.44367777167434,8.5,8.5,8.5,8.5,8.6,8.6,8.6,8.6,8.6,8.6,8.7,8.793152483771996,8.9,8.9,9.0,9.1,9.1,9.1,9.1,9.1,9.1,9.1,9.1,9.1,9.140990970180974,9.5,9.5,9.5,9.600258245611018,9.7,9.7,9.7,9.7,9.7,9.7,9.762448077470902,9.917525236657525,10.1,10.1,10.197716733723398,10.3,10.5,10.5,10.582121732823714,10.7,10.801601402425927,11.633618648868259,15.5
1.5972733252368734,2.0,2.456456541817448,2.6,2.6589391335881385,2.8,3.0863401290551233,3.3,3.4022832662765965,3.5,3.5,3.6,3.6,3.6,3.632554993692302,3.8,3.9,3.959311917748766,4.0,4.099741754388987,4.16710973118205,4.2,4.29665611138173,4.3,4.319852465712776,4.4,4.4,4.4,4.4,4.5,4.5,4.5,4.5,4.6,4.6,4.7,4.7,4.7,4.7,4.8,4.8,4.875794741564042,4.9,4.9,4.9,4.940067539952499,5.0,5.0,5.0,5.0,5.0,5.1,5.1,5.138454272860062,5.2,5.2,5.2,5.2,5.207945850290253,5.3,5.3,5.3,5.3,5.4,5.4,5.5,5.5,5.6,5.6,5.7,5.7,5.702527623325866,5.8,5.8,5.8,5.8,5.8,5.8,5.8,5.8,5.8,5.9,5.9,5.925606498421527,6.0,6.0,6.0,6.0,6.0,6.0,6.0,6.0,6.0,6.0,6.0,6.0,6.0,6.0,6.0,6.025448577810747,6.1,6.1,6.1,6.1,6.2,6.2,6.2,6.2,6.2,6.271989073708892,6.3,6.3,6.3,6.3,6.3,6.4,6.4,6.4,6.4,6.4,6.4,6.4,6.4,6.4,6.4,6.4,6.4,6.4,6.5,6.5,6.5,6.5,6.583583476287288,6.6,6.6,6.6,6.6,6.6,6.6,6.6,6.6,6.659500077641303,6.7,6.725036691116378,6.9,6.9,6.9,6.9,6.9,6.9,6.9,6.9,6.94367777167434,7.081809911496833,7.1,7.1,7.1,7.1,7.1,7.1,7.234159602214629,7.3,7.3,7.3,7.3,7.3,7.3,7.390424139558622,7.440306890980156,7.5,7.5,7.5,7.5,7.5,7.5,7.5,7.5,7.6,7.6,7.6,7.7,7.7,7.7,7.7,7.7,7.7,7.8,7.8,7.831224038735451,7.9,7.9,8.101172155696093,8.5,8.6,8.606829935472438,8.9,9.4,9.471362657173824,9.729028972121693,10.411491531824344,11.4
0.6972733252368731,0.8,0.8854855139391493,0.9,0.9,0.9,0.9,0.9,0.9,0.9,0.9,0.9,0.9,1.1,1.1,1.1,1.1,1.1,1.1,1.2,1.2,1.2,1.2,1.2,1.2,1.2,1.2,1.2,1.2,1.2,1.2,1.2,1.2,1.2,1.2,1.2,1.253423758114002,1.3,1.3,1.3,1.3,1.3,1.3,1.4,1.4,1.4,1.4794452753522875,1.5,1.5,1.5,1.5308259810188758,1.667234718804218,1.7,1.7,1.7,1.7,1.7,1.7,1.7,1.7,1.7,1.7,1.7,1.7,1.7,1.7,1.7,1.7,1.7,1.7,1.7,1.7,1.7,1.7585750512697502,1.8,1.8,1.8,1.8,1.8,1.8,1.8,1.8,1.8,1.8,1.8,1.8,1.8,1.8,1.8,1.8,1.8,1.8,1.8,1.8,1.9,1.9,1.9,1.9,1.9,1.9,1.9,1.9,1.9,1.9,1.9,1.9,1.9,1.9,1.9,1.9,1.9,1.9,1.9,1.9,1.9,1.9,2.0,2.0,2.0,2.0,2.0,2.1,2.1,2.1,2.1,2.1,2.1,2.1,2.1,2.1,2.1258931733306894,2.2,2.2,2.2,2.2,2.2,2.2,2.2,2.2,2.2,2.2,2.2,2.2,2.3,2.3,2.3,2.3,2.3,2.3,2.3,2.3,2.3,2.3,2.381809911496833,2.4,2.4,2.4,2.4,2.4,2.4,2.4,2.5,2.5,2.5,2.5,2.5,2.6,2.6,2.7403068909801562,2.8,2.8,2.8,2.8,2.9,2.9,2.9,2.9,2.9,2.9,2.9,3.0,3.0,3.1,3.1,3.1,3.1,3.1,3.1,3.131224038735451,3.2,3.2,3.2003907185653646,3.3,3.6,3.606829935472439,3.7,3.9,3.9,4.058057944243387,4.4778728829560865,5.2
1.3989093300947493,1.4,1.8,1.9,2.0,2.179792392287166,2.3,2.3,2.3,2.3996092814346324,2.5,2.5,2.6687759612645445,2.7,2.7,2.7,2.7,2.7,2.8,2.8,2.8,2.8,2.8,2.9,2.9,2.9,2.9,3.0,3.0,3.0037085797800698,3.1,3.1,3.1,3.1,3.1,3.1,3.1,3.1,3.1,3.1,3.2,3.2757947415640416,3.3,3.3,3.3,3.3,3.3,3.3,3.4,3.4,3.4,3.5,3.5031051118148353,3.6,3.6,3.6,3.6,3.6,3.6,3.6,3.6,3.6,3.6,3.7,3.797323051621021,3.8,3.8,3.8,3.8,3.8,3.8741068266693017,3.9,3.9,3.9,3.9,4.0,4.0,4.0,4.0,4.021115852667802,4.1,4.1,4.1,4.1,4.1,4.1,4.2,4.2,4.2,4.2,4.3,4.3,4.3,4.3,4.30239250987916,4.4,4.4,4.4,4.4,4.4,4.45,4.5,4.5,4.5,4.5,4.5,4.5,4.5,4.5,4.571989073708892,4.6,4.6,4.6,4.6,4.6,4.6,4.6,4.6,4.7,4.7,4.752505150770389,4.8,4.8,4.8,4.918361682968987,5.0,5.013777036454178,5.1,5.1,5.1,5.1,5.1,5.1,5.1,5.1,5.1,5.1,5.1,5.1,5.2,5.2,5.3,5.3,5.3,5.3,5.392345214177164,5.4267012041614295,5.5,5.596894888185164,5.632765281195781,5.76917401898113,5.8,5.8,5.8,5.8,5.8,5.8,5.8,5.8,5.8,5.8,5.8,5.8,5.800446139750591,5.9,5.9,5.9,5.9,6.0,6.0,6.143198843880207,6.2,6.2,6.2,6.262713727856431,6.3,6.380147534287232,6.5,6.5,6.5,6.5,6.500258245611019,6.669487052929304,6.7,7.041956469776312,7.4,7.4,7.6,7.6,7.6,7.6,7.6,7.6,7.7,7.8,7.8,7.8,8.071362657173824,8.3,8.3,10.5
0.5,0.8,0.9,1.1,1.1,1.1,1.2,1.2,1.2,1.2996092814346327,1.3,1.3824747633424777,1.4,1.5,1.7,1.8,1.8,1.8593119177487658,2.0,2.0,2.1,2.1,2.2,2.2,2.2,2.2,2.237286272143571,2.3,2.3,2.4,2.4,2.4,2.4,2.4095758604413757,2.5,2.5,2.5,2.5,2.5,2.5,2.5,2.5,2.517922626012691,2.6,2.6000358757198554,2.7,2.7,2.7,2.7,2.7,2.7,2.7,2.7031051118148355,2.8,2.8,2.8,2.8,2.8,2.8,2.8404999223586853,2.9,2.9,2.9,2.966707318575743,3.0,3.0,3.0,3.0,3.0,3.0,3.0,3.0,3.030680122839391,3.1,3.1,3.1,3.1,3.1,3.2,3.3,3.3,3.3,3.3,3.3,3.3,3.3,3.3,3.3277108492161203,3.45293269309945,3.5,3.6,3.6,3.6,3.6,3.6,3.6,3.6,3.6,3.600888621543729,3.7254485778107465,3.8,3.8,3.8,3.9,3.9,3.9,3.9,4.0,4.0,4.0,4.096926093147823,4.1,4.1,4.1,4.1,4.1,4.1,4.1,4.1,4.1,4.1,4.1,4.1,4.1,4.1,4.1,4.2,4.2,4.2,4.2,4.2,4.254593173962581,4.3,4.4,4.4,4.4,4.4,4.4,4.4,4.4,4.4,4.4,4.4,4.4,4.4,4.4,4.4,4.4,4.4,4.4,4.4,4.4,4.4,4.4,4.5,4.5,4.5,4.5,4.5,4.6,4.6,4.6,4.6,4.6,4.6,4.6935939878452535,4.8,4.8,4.8,4.98243662288022,5.0,5.0,5.0,5.005998456065578,5.1,5.1,5.1,5.1,5.1,5.1,5.1,5.1,5.1,5.1,5.1,5.1,5.167445006307696,5.3,5.362448077470901,5.53505047331505,5.8,5.8,5.8,5.8,5.806829935472439,5.920207607712837,6.1410608664118564,6.4427253143476495,6.6,6.8557457659121726,7.802726674763153
0.5,0.5221271170439141,0.7,0.7,0.7,0.7,0.8,0.8,0.8,0.8,0.8,0.8,0.8,0.8,0.8,0.8104813919600965,0.9,0.9,0.9,0.9,0.9,0.9,0.9,0.9590090298190248,1.1,1.1,1.1,1.1,1.1,1.10370857978007,1.2,1.2,1.2,1.2,1.2,1.2,1.2,1.2,1.2,1.2,1.2329201988926883,1.3,1.3,1.3,1.3,1.3,1.3,1.3,1.3,1.3,1.3,1.3,1.3,1.3,1.3,1.3,1.3,1.3,1.3,1.3,1.3,1.4,1.4,1.4,1.4,1.4,1.4,1.4,1.4,1.4,1.4,1.4,1.4,1.4,1.4,1.4,1.4,1.4,1.4,1.4,1.4,1.4736966480707365,1.5,1.5,1.5,1.5,1.5,1.5,1.5,1.5,1.5,1.5,1.5,1.6,1.6,1.6,1.6,1.6,1.6,1.6,1.6,1.6,1.6,1.7,1.7,1.7,1.7,1.7,1.7,1.7,1.7,1.7,1.7,1.7,1.7,1.7,1.7,1.7,1.7,1.7263033519292548,1.8,1.8,1.8,1.8,1.8,1.9,1.9,1.9,1.9,1.9,1.9,1.9545931739625815,2.0,2.0,2.0,2.0,2.002676948378985,2.1,2.1,2.1,2.1,2.1,2.1920541497097474,2.2,2.2,2.2,2.2,2.2,2.2,2.2,2.2,2.2061387656689533,2.3,2.3,2.4,2.4,2.4,2.4,2.4,2.4,2.4,2.4,2.5,2.5,2.5,2.5,2.5415318772751787,2.6,2.640306890980156,2.7,2.7,2.7,2.7,2.7,2.7,2.7,2.7,2.7,2.7,2.7,2.732890268817948,2.8,2.8,2.8,2.9,3.0,3.0,3.047944441110684,3.1,3.1175252366575252,3.2,3.2,3.2977167337233992,3.5996368694758245,3.8068299354724386,4.1,4.4,4.4,5.1,5.1,5.60981602914735
1.3967279902842478,1.9,2.0,2.0,2.0,2.0,2.1,2.1,2.2022832662765968,2.3,2.3,2.3,2.3687759612645443,2.4,2.4,2.5,2.6860145100745636,2.7,2.7,2.8,2.8,2.8,2.8,2.8,2.8,2.8,2.8,2.8,2.8,2.8037085797800696,2.9,2.9,2.9,2.9,2.9,2.9,2.9,3.0,3.0,3.0,3.0,3.0,3.1,3.1,3.1,3.1,3.1,3.1,3.1,3.1,3.1,3.2,3.2,3.2,3.2,3.2,3.2,3.2,3.2,3.2,3.27263956962276,3.3,3.3,3.3,3.3,3.3,3.3,3.3,3.4,3.4,3.4,3.4,3.4,3.5,3.5,3.5,3.5,3.5,3.6,3.6,3.6,3.6,3.6,3.6,3.6,3.6,3.6,3.6,3.65293269309945,3.7,3.7030739068521825,3.8,3.8,3.8,3.8,3.8,3.8,3.8,3.8,3.8,3.8499999999999996,3.9,3.9,3.9,3.9,3.9,3.9,3.9,4.0,4.0,4.0,4.0,4.0,4.0,4.0,4.0,4.0,4.07439350157847,4.1,4.1,4.1,4.1,4.1,4.1,4.1,4.2,4.2,4.2,4.2,4.2,4.2,4.2,4.2,4.2,4.2,4.2,4.2,4.2,4.2,4.3,4.327360430377235,4.4,4.4,4.4,4.4,4.492345214177163,4.5,4.5,4.5,4.5,4.5,4.506138765668953,4.687355543348678,4.9,4.9,4.9,4.9,5.0,5.082077373987306,5.1,5.1,5.1,5.1,5.1,5.1,5.1,5.3,5.3,5.3,5.3,5.3,5.3,5.4,5.4,5.4,5.4,5.480147534287232,5.5,5.5,5.5,5.6,5.6,5.6,5.7,5.7,5.7,5.7,5.8,5.8,5.8,5.9,5.9,5.9,6.099636869475824,6.2,6.7,6.8,6.871362657173825,7.6,7.6,8.708725359242088
1.4,1.4,1.6854855139391491,2.0,2.0,2.0,2.0,2.0,2.1,2.1,2.1,2.1,2.2,2.3,2.3,2.3,2.3,2.3,2.3,2.4,2.4,2.432717428414268,2.5,2.5,2.6,2.6,2.7,2.7,2.7,2.7,2.8,2.8,2.8,2.8,2.8,2.8,2.8,2.8,2.8,2.8,2.8,2.8,2.8,2.8,2.8,2.8,2.8,2.8,2.8,2.9,2.9,2.9,2.9,2.9,2.9,2.9,2.9,2.9,2.9,2.9,3.0,3.0,3.0,3.0,3.0,3.1,3.1,3.1,3.1,3.1,3.1,3.1,3.1,3.1,3.1,3.1,3.1,3.1,3.1,3.2,3.2,3.2,3.2,3.2,3.2,3.2,3.2,3.2,3.2,3.2,3.2,3.2,3.3,3.3,3.3,3.3,3.3,3.3,3.3,3.3,3.3,3.3,3.3,3.4,3.4,3.4,3.5,3.5,3.5,3.5,3.5,3.5219492382639883,3.6,3.6,3.6,3.6,3.6,3.6,3.6,3.8,3.8,3.8,3.8,3.8,3.8,3.8,3.8,3.8,3.8,3.8,3.825893173330689,3.9,3.9,3.9,3.9,3.9,3.9026769483789847,4.0,4.0,4.0,4.0,4.0,4.0,4.1,4.1,4.1,4.1,4.1,4.1,4.1,4.1,4.2,4.2,4.2,4.2,4.2,4.2,4.2,4.2,4.2,4.2,4.2,4.2,4.2,4.2,4.2,4.241531877275179,4.3,4.4,4.4,4.443198843880208,4.5,4.6,4.805998456065578,4.9,5.0,5.0,5.1,5.1,5.1,5.1,5.1,5.1,5.2,5.3,5.3,5.3,5.3,5.5,5.6,5.607133298446677,5.700390718565365,5.8,5.8,6.006829935472439,6.2,6.2,6.6140879715214735,6.9,7.6,10.001636004857891
0.798363995142124,0.8221271170439142,0.9854855139391493,1.0,1.0,1.1,1.2,1.3,1.3,1.3,1.3,1.3,1.3,1.3,1.3,1.3,1.4,1.4,1.4,1.4,1.4,1.4,1.4,1.4,1.4,1.4,1.4,1.4,1.4,1.4,1.4,1.5,1.5596931090198412,1.6,1.6,1.6,1.6,1.6,1.6,1.6,1.6,1.6757947415640415,1.7,1.7,1.7,1.7,1.7,1.7,1.7,1.7,1.8,1.8,1.9,2.0,2.0,2.0,2.0,2.0,2.0,2.0,2.0,2.0,2.0,2.0,2.0,2.0,2.0,2.0,2.0,2.0,2.0,2.0,2.0,2.0,2.0,2.0,2.0,2.0,2.0945500644173847,2.1,2.1,2.1,2.1,2.1,2.1,2.1,2.1,2.1,2.1,2.1,2.1,2.2,2.2528705692421482,2.3,2.3,2.3,2.3,2.3,2.3,2.3,2.3,2.3,2.3,2.3,2.4,2.4,2.4,2.4,2.4,2.4,2.4,2.4,2.4,2.4,2.4,2.4,2.4,2.5,2.5,2.5,2.5,2.5,2.5,2.5,2.6,2.6,2.6,2.6,2.6693198771606093,2.7,2.7,2.7,2.7,2.8,2.8,2.8,2.8,2.8,2.8,2.8,2.8,2.8,2.8,2.8,2.8,2.8,2.8,2.8,2.8,2.8,2.8,2.8,2.8,2.8,2.8,2.9,2.9,2.9,2.9,2.9,2.9,2.9,3.0,3.0,3.0,3.0,3.0,3.0,3.0,3.0,3.0,3.096291420219933,3.1,3.1,3.1,3.1,3.1,3.2,3.2,3.2,3.2,3.2,3.2,3.3,3.3,3.4790372160798144,3.5,3.5,3.6,3.6,3.8,3.8,3.9,3.9,4.0,4.0,4.1410608664118564,4.2,4.4,5.055745765912172,6.301636004857891
2.6945466504737463,3.1,3.2,3.3286373428261777,3.6,3.6,3.8,3.8003631305241727,4.0,4.0,4.0,4.1,4.1,4.1,4.2,4.2,4.2,4.3,4.3,4.3,4.3,4.3,4.396656111381731,4.4,4.5,4.679256605514607,4.7,4.7,4.849458281606653,4.9,4.9,4.908781688559888,5.0,5.009575860441376,5.1,5.2,5.2,5.299553860249409,5.3,5.3,5.3,5.3,5.3,5.3,5.3,5.3,5.379445275352288,5.4,5.4,5.5,5.5,5.5,5.5,5.5,5.5,5.5,5.5,5.5,5.5,5.540499922358685,5.6,5.6,5.6,5.6,5.6,5.627589739189688,5.7,5.7,5.7,5.7,5.7,5.7,5.7,5.7,5.7,5.7,5.7,5.7,5.7,5.7,5.8,5.8,5.8,5.8,5.9,5.9,5.9,5.9,5.95293269309945,6.0,6.003073906852182,6.1,6.1,6.1,6.1,6.1,6.1,6.1,6.1,6.2,6.2,6.2,6.2,6.3,6.348291057822746,6.5,6.5,6.5,6.5,6.5,6.5,6.5,6.5,6.5,6.597623680861141,6.6,6.6,6.6,6.6,6.6,6.6,6.6,6.6,6.6,6.6,6.6,6.6,6.7,6.7,6.7,6.8,6.8,6.8835834762872885,6.9,6.9,6.9,6.9,6.9,6.9,6.9,6.9,6.9,6.9,6.9,7.0,7.0,7.0,7.0,7.0,7.0,7.06917401898113,7.1,7.1,7.1,7.1,7.3,7.3,7.3,7.3,7.3,7.3,7.3,7.3551727712629775,7.5,7.5,7.6,7.6,7.6,7.6,7.6,7.6,7.7,7.7,7.7,7.7,8.0,8.0,8.0,8.0,8.067282571585736,8.1,8.100258245611018,8.569487052929304,8.6,8.6,8.6,8.667445006307695,8.7,8.7,8.9,8.9,8.9,8.9,9.1,9.5,9.5,9.764243465647427,10.071362657173824,10.114514486060846,10.2,10.7
2.4972733252368733,2.7,2.785485513939149,2.8286373428261777,3.0,3.179792392287166,3.2,3.2,3.3,3.3,3.3,3.482474763342478,3.6,3.6,3.6,3.7,3.8,3.8,3.8,3.8,3.8,3.8,3.8966561113817306,4.0,4.0,4.0,4.1,4.1,4.1,4.1,4.156801156119795,4.2,4.2,4.2,4.258468122724821,4.3,4.3,4.3,4.3,4.3,4.432920198892688,4.5,4.5,4.5,4.5,4.5,4.5,4.618190088503163,4.7,4.7,4.730825981018876,4.8,4.9,4.9,4.9,4.9,4.9,4.9,4.9,4.9,4.9,5.0,5.0,5.1,5.1,5.3,5.3,5.3,5.3,5.3,5.3,5.3,5.3,5.3,5.3,5.3,5.3,5.3,5.3,5.3,5.4,5.4,5.4,5.4,5.4,5.4,5.4,5.5,5.5,5.5,5.5,5.5,5.5,5.5,5.5,5.5,5.5,5.5,5.5,5.5,5.5,5.57455142218925,5.6,5.6,5.6,5.6,5.6,5.6,5.6,5.7,5.7,5.7,5.7,5.7,5.7,5.7,5.7,5.7,5.7,5.7,5.7,5.7,5.7,5.7,5.7,5.7,5.7,5.7,5.7,5.8,5.8,5.8,5.8,5.8,5.8,5.8,5.8,5.833292681424257,5.9,5.9,5.9,5.9,5.9,5.9,5.9584621129678395,6.0,6.0,6.0,6.0,6.0,6.1,6.1,6.1,6.1,6.1,6.1,6.1,6.1,6.1,6.2,6.2,6.2,6.2,6.2,6.2,6.2,6.2,6.2,6.2,6.2,6.2,6.296291420219933,6.3,6.3,6.3,6.420743394485391,6.5801475342872315,6.6,6.6,6.6,6.6,6.600258245611019,6.7,6.9,6.9,6.9,6.9,6.9,6.9,6.9,6.9,6.900390718565365,7.0,7.0,7.0,7.1,7.264243465647428,7.6,7.8,8.6,10.1
0.6994546650473746,0.8221271170439142,0.9,1.1,1.2,1.3,1.3931700645275615,1.4,1.4,1.4,1.4,1.4,1.4,1.4,1.4,1.4,1.4,1.4,1.4,1.4,1.4,1.6,1.6,1.6,1.7,1.7,1.7,1.7,1.7,1.70370857978007,1.8,1.8,1.959693109019841,2.0,2.0,2.0,2.0,2.0,2.0,2.089273309875608,2.1,2.1,2.1,2.1,2.1,2.1,2.1,2.1,2.1,2.2,2.2,2.267234718804218,2.3,2.3,2.3,2.3,2.3,2.3,2.3,2.3,2.3,2.3,2.3,2.3,2.3,2.3,2.3,2.3,2.3,2.3,2.3,2.3,2.3,2.3,2.3,2.3,2.3,2.4,2.4,2.4,2.447494849229611,2.5,2.5,2.5,2.5,2.5,2.5,2.5277108492161204,2.6,2.6,2.6,2.6,2.6,2.677661541373567,2.7,2.7,2.7,2.8,2.8,2.8,2.8,2.8,2.8,2.8,2.8,2.8,2.8,2.8,2.8,2.8,2.8,2.8,2.84706730690055,2.9,2.9,3.0,3.0,3.0,3.0,3.0,3.0,3.0,3.0,3.0,3.1,3.1,3.1,3.1,3.1,3.1,3.1,3.1,3.183583476287288,3.2,3.2,3.2,3.2,3.2,3.3,3.3,3.3,3.3,3.3,3.3,3.3,3.3,3.3,3.361545727139935,3.4,3.4,3.4,3.406138765668953,3.5,3.5,3.5,3.5,3.6,3.6,3.6,3.6,3.6,3.6107266901243977,3.7,3.8,3.8,3.8,3.8,3.8,3.8,3.8,3.9,3.9,3.9,3.9,3.9,4.0,4.0,4.1,4.1,4.1,4.1,4.1,4.1,4.1,4.1,4.1,4.2,4.2,4.2,4.2,4.2,4.4,4.4,4.5,4.6,4.840415215425673,5.2,5.3,5.558057944243387,5.9778728829560865,6.802726674763153
1.6978186601894985,2.0,2.0,2.1,2.1,2.1,2.3,2.3,2.3,2.3996092814346324,2.4,2.482474763342478,2.5,2.6520555588893195,2.7,2.7,2.7,2.8,2.8,2.8,2.8,2.8,2.8,2.8,2.8,2.8792566055146067,2.9,2.9,2.9,2.9,2.9,2.9,2.9,2.9,2.9,2.9,2.9,2.9,2.9,2.9,2.9,2.975794741564042,3.0,3.059328465857746,3.1,3.1,3.1,3.1,3.1,3.1,3.2,3.2,3.2,3.2,3.2,3.2,3.2,3.3,3.3,3.3,3.3,3.3,3.3,3.3,3.3,3.3275897391896874,3.5,3.5871246204709535,3.6,3.6,3.6,3.702527623325867,3.8,3.8,3.8,3.8,3.8,3.8,3.8,3.8,3.8,3.8736966480707364,3.9,3.9,3.9,3.9,3.9,3.9,3.9,3.9,4.0,4.0,4.0,4.0,4.0,4.0,4.0,4.1,4.1,4.1,4.1,4.1,4.2,4.2,4.2,4.2,4.2,4.2,4.2,4.3,4.3,4.3,4.3,4.3,4.3,4.323079872757484,4.4,4.4,4.4,4.4,4.4,4.4,4.4,4.4,4.4,4.5,4.5,4.5,4.5,4.5,4.5,4.5,4.6,4.6,4.6,4.6,4.902676948378986,5.0,5.064269946863908,5.1,5.1,5.1,5.1,5.1,5.1,5.1,5.1,5.1,5.1,5.2,5.2,5.3,5.3,5.3,5.3,5.3,5.3,5.4,5.4,5.4,5.5,5.5,5.555172771262977,5.6,5.646576241885998,5.7,5.8,5.8,5.8,5.8,5.8,5.8,5.8,5.8,5.8,5.8,5.8,5.9,5.9,5.9,5.932890268817949,6.000258245611019,6.1,6.1,6.213985489925437,6.4,6.4,6.4479444411106845,6.5,6.7,6.7,6.7,6.7,6.9,6.906829935472439,7.6,7.6,7.6,7.858057944243387,8.655745765912172,9.602726674763153
0.7,1.1221271170439142,1.3,1.4,1.4,1.4,1.4,1.5,1.6,1.6996092814346326,1.7,1.8,1.8,1.8,1.8,1.8,1.9,1.9,2.0,2.0,2.0,2.0,2.096656111381731,2.1,2.1,2.1,2.1,2.1,2.1,2.1,2.1,2.1,2.1,2.2,2.2,2.3,2.3,2.3,2.3,2.3,2.3,2.3,2.3,2.4,2.4,2.4,2.4,2.4,2.4,2.4,2.5,2.5,2.5,2.5,2.6,2.7,2.7,2.7,2.7,2.7,2.7,2.7,2.8,2.8,2.8,2.8,2.8,2.8,2.8,2.8,2.8,2.8025276233258665,2.9,2.9,2.9,2.9,2.9,2.9,2.9,2.9,2.9,2.9,2.9,2.9,2.9,2.9,2.9,3.0,3.0,3.0,3.1,3.1,3.1,3.1,3.1,3.1,3.1,3.176311592408004,3.2,3.2,3.2,3.2,3.2,3.2,3.2,3.2729278915505744,3.3,3.3,3.3,3.3,3.3,3.3,3.3,3.3,3.3,3.3,3.3,3.3,3.4,3.426303351929255,3.5,3.5,3.5,3.6,3.6,3.6,3.6,3.6,3.6,3.6,3.6,3.6,3.6,3.6,3.6,3.6,3.6,3.6,3.6,3.7,3.7,3.7,3.7,3.8,3.8,3.8,3.8,3.8,3.8,3.8,3.8691740189811297,3.9,3.9,3.9,3.9,3.9,3.9,4.0,4.0,4.024205258435956,4.1,4.1,4.1,4.2,4.2,4.2,4.2,4.2,4.2,4.3,4.343198843880208,4.4,4.4,4.4,4.4,4.4,4.4,4.440990970180974,4.5,4.6,4.6,4.6,4.6,4.7,4.713985489925437,4.8,4.867445006307697,5.0,5.1,5.1,5.1,5.1,5.1,5.3,5.3,5.3,5.523182599235572,5.8,5.814514486060847,6.233618648868259,6.704908014573675
0.5,0.5,0.5,0.5,0.5,0.5,0.5,0.6,0.6,0.7,0.7,0.8,0.8,0.8,0.8,0.8,0.8,0.8,0.8,0.8,0.8,0.8,0.8,0.8,0.8,0.8,0.8,0.8,0.8,0.8,0.8,0.8,0.8,0.8,0.8,0.8,0.8,0.8,0.8,0.8,0.8,0.8,0.8,0.8,0.8,0.8,0.8,0.8,0.8,0.8,0.8,0.8,0.8,0.8,0.8,0.8,0.8,0.8,0.8,0.8,0.8,0.8,0.8,0.8,0.8,0.8,0.8575196044106633,0.9,0.9,0.9,0.9,0.9,0.9,0.9,0.9,0.9,0.9,0.9,0.9,0.9,0.9,0.9,0.9,0.9,0.9,0.9,0.9,0.9,0.9,0.9,0.9,0.9,0.9,1.0,1.0,1.0,1.0,1.0,1.0,1.0,1.0,1.0,1.0,1.1,1.1,1.1,1.1,1.1,1.1,1.1,1.1,1.1,1.1,1.2,1.2,1.2,1.2,1.2,1.2,1.2,1.2,1.2,1.2,1.2,1.2,1.2,1.2,1.3,1.3,1.3,1.3,1.3,1.3,1.3,1.3,1.3,1.3,1.3,1.3,1.3,1.3,1.3,1.3920541497097474,1.4,1.4,1.4,1.4,1.4,1.4,1.5,1.5,1.5,1.5,1.5,1.5,1.6,1.6,1.6,1.6,1.6,1.6,1.6,1.6,1.6,1.6,1.6,1.6,1.6,1.6,1.6,1.6,1.7,1.7,1.7,1.7,1.7,1.7801475342872324,1.8,1.803343888618275,1.9,1.9,2.0,2.0,2.0,2.0,2.0,2.0,2.0,2.1,2.1,2.1071332984466777,2.3,2.3,2.3,2.4,2.4,2.4,2.671362657173825,2.8290289721216935,3.2336186488682586,3.901090669905261
1.1983639951421239,1.4,1.4,1.5,1.5,1.5,1.6,1.6,1.7,1.8992185628692653,1.9,2.0,2.1,2.1,2.1,2.1,2.1860145100745636,2.3,2.330512947070702,2.4,2.5,2.5,2.5,2.5,2.5,2.5,2.5,2.5,2.5,2.6,2.656801156119795,2.708781688559887,2.8,2.8,2.8,2.9,2.9,2.9,2.9,2.9,2.9,2.9,3.0,3.0,3.0,3.0,3.0,3.0,3.0,3.0,3.0,3.0,3.0,3.0,3.0,3.0,3.0,3.0,3.0,3.0,3.0,3.0,3.0,3.0,3.0,3.0,3.0,3.0,3.0,3.0,3.0,3.1,3.1,3.1,3.1,3.1,3.1,3.1,3.1945500644173848,3.2,3.2,3.2736966480707363,3.3,3.3,3.3,3.3,3.3,3.3,3.3,3.3,3.3,3.3,3.3,3.3,3.3,3.3,3.3,3.3,3.3,3.3,3.3,3.3,3.5,3.5,3.5,3.5,3.5,3.6,3.6,3.6,3.6,3.6,3.6,3.6,3.6,3.6,3.6,3.6,3.6,3.6,3.6,3.7,3.7,3.7,3.7,3.7,3.8,3.8,3.8,3.8,3.8,3.8,3.8,3.8,3.9,3.9,3.9,3.9,4.0,4.0,4.0,4.0,4.0,4.0,4.0,4.0,4.0,4.1,4.1,4.1,4.1691740189811295,4.2,4.2,4.2,4.2,4.2,4.299964124280137,4.3,4.3,4.4,4.4,4.4,4.4,4.5,4.546576241885998,4.6,4.6,4.6,4.6,4.6,4.6,4.7,4.7,4.7,4.7,4.8,4.8,4.8,4.8,4.8,4.9,5.0,5.069487052929304,5.1,5.1,5.1,5.1,5.1,5.2,5.217525236657525,5.3,5.3,5.5954334674467985,5.799636869475824,5.8,5.8,6.1,6.7,6.7,7.611491531824345,8.515814713626288
0.8,0.9442542340878284,1.2,1.2286373428261779,1.3,1.3,1.3,1.300363130524173,1.4,1.4,1.4,1.5,1.5687759612645444,1.6,1.6325549936923018,1.7,1.7,1.7,1.7,1.7,1.8,1.8,1.8,1.8,1.9,1.9,1.9,2.0,2.0,2.0,2.0,2.1,2.1,2.1,2.1,2.1,2.153423758114002,2.299553860249409,2.3,2.389273309875608,2.4,2.4,2.4,2.4,2.4,2.4,2.5,2.5,2.5,2.5,2.5,2.5,2.5,2.5,2.5,2.5,2.6,2.6,2.6,2.6,2.77263956962276,2.8,2.8,2.8,2.8,2.9,2.9,2.9,2.9,2.9,3.0,3.0,3.0,3.0,3.0,3.0,3.0,3.0,3.0,3.0,3.0,3.0,3.0,3.0,3.0,3.0,3.0,3.0,3.05293269309945,3.1,3.1,3.1,3.1,3.1,3.1,3.1,3.1,3.1,3.2,3.2,3.2,3.2745514221892504,3.3,3.3,3.3,3.3,3.3,3.3,3.3,3.3,3.3,3.3,3.3,3.3,3.3,3.3,3.3,3.3,3.3,3.3,3.3,3.3,3.3,3.3,3.3,3.3,3.327554072908356,3.5,3.5,3.597472376674125,3.6,3.6,3.6,3.6,3.6,3.6,3.6,3.6,3.6,3.6,3.6,3.6,3.6,3.6,3.6584621129678396,3.7,3.7,3.7,3.7,3.732765281195782,3.8,3.8,3.843677771674339,3.9,3.9,3.9,4.0,4.0,4.0,4.0,4.0,4.0,4.0,4.0,4.0,4.093593987845253,4.1,4.1,4.1,4.2,4.2,4.2,4.2,4.2,4.2,4.2,4.2,4.3,4.4,4.4,4.4,4.5,4.5,4.6,4.6,4.6,4.667445006307696,4.8,4.831224038735451,4.917525236657525,5.0,5.1,5.1,5.1,5.1,5.140415215425673,5.482121732823714,5.8,6.1,7.2451101806926035,7.908180024289459
0.898363995142124,0.9,0.9,1.1,1.2,1.3,1.3,1.4,1.4,1.4,1.4928667015533228,1.5,1.5687759612645444,1.6,1.7,1.7,1.7,1.7,1.7,1.7,1.7671097311820503,1.8,1.9,1.9,1.9,1.9,2.0,2.0,2.0,2.1,2.1,2.1,2.1,2.1,2.1,2.1,2.153423758114002,2.2,2.3,2.3,2.3,2.4,2.4,2.4,2.4,2.4,2.4794452753522878,2.5,2.5,2.5,2.5,2.5,2.5,2.5,2.5,2.5,2.5415378870321605,2.6,2.6,2.6,2.67263956962276,2.8,2.8,2.8,2.8,2.8275897391896874,2.9,2.9,2.9,2.9,2.9,2.9,2.930680122839391,3.0,3.0,3.0,3.0,3.0,3.0,3.0,3.0,3.0,3.0,3.0,3.0,3.0,3.0,3.0,3.0,3.1,3.1,3.1,3.1,3.1,3.2,3.2,3.3,3.3,3.3,3.3,3.3,3.3,3.3,3.3,3.3,3.3,3.3,3.3,3.3,3.3,3.3,3.3,3.34706730690055,3.5,3.5,3.5,3.5,3.57439350157847,3.6,3.6,3.6,3.6,3.6,3.6,3.6,3.6,3.6,3.6,3.6,3.6,3.6,3.6,3.6,3.6,3.6,3.6,3.6,3.6,3.6,3.6,3.6273604303772347,3.7,3.7,3.7,3.7,3.7,3.7,3.7,3.7968948881851645,3.8,3.8,3.8,3.9,3.9,3.9,3.9,3.9,3.9,4.0,4.0,4.0,4.0,4.0,4.0,4.0,4.0,4.041531877275179,4.1,4.1,4.2,4.2,4.2,4.2,4.2,4.2,4.32074339448539,4.4,4.4,4.4,4.4,4.5,4.6,4.6,4.6,4.6,4.6,4.6,4.7,4.7,4.8,4.907133298446678,5.0,5.1,5.1,5.1,5.1,5.1,5.271362657173825,5.629028972121693,6.1,7.70927069419472
2.8934559805684956,4.1,4.3,4.485912028478534,4.9,5.398961961435829,5.7,6.1,6.2,6.2,6.5,6.5,6.568775961264544,6.6520555588893195,6.9,6.9,6.986014510074563,7.1,7.1,7.1,7.1,7.1,7.3,7.4,7.5,7.5,7.63728627214357,8.288003087868843,8.3,8.4,8.4,8.508781688559887,8.6,8.6,8.6,8.6,8.653423758114002,8.899107720498819,8.9,8.9,9.0,9.0,9.11792262601269,9.4,9.400071751439711,9.6,9.6,9.618190088503164,9.7,9.7,9.7,9.7,9.7,9.7,9.7,9.7,9.7,9.7,9.7,9.7,9.7,9.7,9.7,9.7,9.7,9.755179478379375,9.9,9.9,10.0,10.1,10.1,10.1,10.1,10.1,10.1,10.2,10.2,10.3,10.3,10.3,10.3,10.3,10.3,10.3,10.3,10.3,10.3,10.3,10.5117307723978,10.7,10.7,10.7,10.7,10.7,11.4,11.4,11.4,11.4,11.4,11.4,11.4,11.4,11.4,11.4,11.7,11.7,11.7,11.7,11.7,11.7,11.7,11.7,11.7,11.9,11.9,12.6,12.6,12.6,12.6,12.6,12.6,12.6,12.6,12.6,12.6,12.6,12.696439255179245,13.3,13.3,13.3,13.3,13.3,13.3,13.3,13.3,13.3,13.3,13.3,13.3,13.3,13.3,13.538000310565213,13.7,13.7,13.7,13.7,13.7,13.7,13.7,13.7,13.7,13.7,13.7,13.7,13.7,13.7,13.7,13.7,13.7,13.7,13.7,13.7,13.7,14.5,14.5,14.5,14.915318772751789,15.5,15.5,15.5,15.5,15.5,15.5,15.5,15.5,15.5,15.5,15.5,15.5,15.5,15.5,16.2,16.2,16.2,16.2,16.2,16.2,16.2,16.2,18.3,18.3,18.3,18.3,18.3,18.3,18.3,18.3,18.3,18.3,18.3,18.3
1.7,2.6,2.885485513939149,3.028637342826178,3.258939133588138,3.3797923922871655,3.4,3.500363130524173,3.8022832662765964,3.9,3.9,3.982474763342478,4.0,4.052055558889319,4.2,4.3,4.3,4.3,4.3,4.3,4.4,4.5,4.5,4.5,4.6,4.6,4.6,4.7,4.7,4.8,4.8,4.9,4.9,4.9,4.9,4.9,5.0,5.0,5.0,5.0,5.0,5.1,5.135845252025382,5.3,5.3,5.440067539952499,5.5,5.5,5.5,5.6,5.7,5.7,5.8,5.8,5.9,5.9,5.9,5.974963308883616,6.007945850290253,6.1,6.1,6.1,6.1,6.1,6.1,6.1,6.1575196044106635,6.2,6.2,6.2,6.2,6.2,6.2,6.3171501025395,6.4,6.513634252669689,6.6,6.6,6.6,6.6,6.6,6.6,6.6,6.7,6.851333227634661,6.9,6.902376319138856,7.0,7.05293269309945,7.1,7.1,7.1,7.3,7.3,7.4,7.4,7.4,7.4,7.4,7.4,7.4,7.4,7.4,7.4,7.4,7.4,7.5,7.6,7.6,7.7,7.7,7.7219492382639885,7.8,7.8,7.8,7.8,7.8,7.8,7.9,8.026303351929254,8.1,8.178884147332194,8.4,8.4,8.4,8.4,8.4,8.4,8.4,8.4,8.4,8.4,8.4,8.4,8.4,8.572410260810317,8.6,8.6,8.6,8.7,8.75472086075447,8.9,8.9,8.9,8.9,9.2,9.253402408322858,9.5,9.5,9.7,9.7,9.7,9.7,9.7,9.7,10.059932460047508,10.1,10.1,10.1,10.2,10.267079801107315,10.3,10.3,10.3,10.7,10.7,10.7,10.7,10.7,10.7,10.7,10.7,10.7,10.7,10.7,10.7,10.7,11.4,11.4,11.4,11.4,11.4,11.4,11.4,11.4,11.4,11.4,11.7,11.762448077470902,11.9,12.6,12.6,12.6,13.298184347379124,13.3,13.7,13.7,13.7,13.7,14.322983063648689,16.21145203400524
1.7,2.6,2.770971027878298,2.8,2.9,2.9,3.0,3.2,3.3,3.3996092814346324,3.4,3.4,3.4,3.5520555588893195,3.7,3.7,3.7860145100745632,3.859311917748766,3.9,3.9,3.9,3.9,3.9966561113817307,4.0,4.0,4.0792566055146064,4.13728627214357,4.2,4.2,4.2,4.3,4.3,4.359693109019841,4.409575860441376,4.5,4.5,4.5,4.5,4.6,4.6,4.6,4.6,4.6,4.6,4.6,4.6,4.7,4.7,4.7,4.793861234331038,4.8,4.8,4.8,4.8,4.9,4.9,4.9,4.9,4.9,5.0,5.0,5.0,5.0,5.0,5.0,5.027589739189687,5.1,5.1,5.2,5.2,5.2,5.3,5.3,5.3,5.3,5.5,5.5,5.5,5.5,5.5,5.5,5.573696648070737,5.699730735815604,5.7,5.7,5.776920127242517,5.8,5.8,5.9,5.9,5.903073906852183,6.028010926291105,6.1,6.1,6.1,6.1,6.1,6.1,6.1,6.1,6.1,6.1,6.1,6.1,6.1,6.1,6.1,6.1,6.147129430757855,6.2,6.2,6.2,6.2,6.2,6.2,6.2,6.2,6.27439350157847,6.300269264184391,6.4,6.4,6.5,6.6,6.6,6.6,6.6,6.6,6.6,6.6,6.6,6.6,6.6,6.683583476287287,6.9,6.9,6.9,7.0,7.1,7.1,7.291243020127433,7.4,7.4,7.4,7.4,7.4,7.4,7.4,7.4,7.4,7.4,7.4,7.4,7.4,7.481809911496834,7.6,7.6,7.6,7.7,7.7,7.7,7.7670798011073146,7.8,7.8,7.8,7.8,7.8,7.8,7.890424139558622,8.1,8.19121831144011,8.286397687760415,8.4,8.4,8.4,8.4,8.4,8.4,8.440990970180975,8.503343888618275,8.7,8.7,8.900516491222039,9.169487052929304,9.7,10.0,10.179037216079813,10.7,10.7,10.7,10.7,10.7,10.702735029957552,11.4,11.4,11.4,11.4,11.4,11.9,12.201601402425927,13.3,16.21145203400524
1.9978186601894985,2.844254234087828,3.285485513939149,3.5,3.6,3.6,3.7,3.8,3.8,3.8,3.8,3.9,3.9,3.9520555588893194,4.0,4.0,4.0,4.059311917748766,4.2,4.2,4.2671097311820505,4.3,4.3,4.3,4.3,4.3,4.3,4.3,4.3,4.3,4.356801156119795,4.4,4.4,4.409575860441376,4.558468122724821,4.6,4.6,4.7,4.7,4.7,4.7,4.7,4.717922626012691,4.8,4.9,4.9,4.979445275352288,5.0,5.0,5.0,5.0,5.0,5.0,5.0,5.0,5.0,5.0,5.0,5.1,5.1,5.1,5.1,5.1,5.1,5.1,5.2,5.2,5.2,5.2,5.2,5.2,5.202527623325866,5.3,5.3,5.4,5.5,5.540819158515501,5.6,5.694550064417385,5.7,5.8,5.8,5.8,5.9,5.9,5.9,6.0,6.0,6.0,6.0,6.0,6.0,6.1,6.1,6.10239250987916,6.2,6.2,6.2,6.2,6.2,6.2,6.2,6.299111378456268,6.323688407591999,6.4,6.4,6.4,6.4,6.4,6.5,6.5,6.5,6.5,6.5,6.5,6.5,6.5,6.5,6.5,6.5,6.552505150770389,6.6,6.6,6.6,6.6,6.6,6.6,6.6,6.6,6.6,6.6,6.6,6.6,6.6,6.6,6.744820521620636,6.9,6.9,6.9,6.9,6.9,6.9,6.9,6.9,6.9,6.9,6.9,6.9,6.9,6.9,6.9,6.9,6.9,6.9,6.9,6.9,7.099928248560275,7.1,7.1,7.1,7.1,7.1,7.1,7.100892279501181,7.3,7.3,7.3,7.3,7.3,7.3,7.3,7.3,7.3,7.4,7.5,7.5,7.5,7.5,7.70668777723655,8.1,8.3,8.500258245611018,8.6,8.6,8.6,8.7,8.7,8.9,9.03122403873545,9.2,9.2,9.2,9.2,9.4,9.4,9.440415215425674,10.1,10.24272531434765,11.4,12.400855946604775,13.7
1.4,1.6221271170439142,2.0854855139391493,2.3286373428261777,2.5,2.6,2.6,2.7,2.8,2.8,2.9,2.9,3.0,3.0,3.1,3.1,3.2,3.2,3.2,3.2997417543889864,3.3,3.3,3.3,3.3,3.3,3.5,3.5,3.5,3.5,3.5,3.5,3.6,3.6,3.6,3.6,3.7,3.7,3.7,3.7,3.7,3.7,3.7757947415640416,3.8,3.8,3.8,3.8,3.8,3.8,3.8,3.8,3.9,3.9,3.9,3.9,3.9,3.9,3.9,3.9,3.9,3.9,3.9,3.9,3.9,3.9,3.9,3.9,3.9,3.9,3.9,3.9,3.9,3.9,3.9,3.9,3.9,3.9,3.9,3.9,4.0,4.0,4.0,4.0,4.0,4.0,4.0,4.1,4.1,4.1,4.1,4.1,4.1,4.1,4.1,4.2,4.2,4.2,4.3,4.3,4.3,4.3,4.3,4.3,4.3,4.3,4.3,4.3,4.3,4.3,4.3,4.3,4.3,4.3,4.3,4.3,4.3,4.323079872757484,4.4,4.4,4.4,4.5,4.5,4.6,4.6,4.6,4.6,4.6,4.7,4.7,4.7,4.7,4.7,4.7,4.8,4.8,4.842480395589343,4.9,4.902676948378986,5.0,5.0,5.0,5.0,5.0,5.0,5.0,5.0,5.0,5.0,5.0,5.0,5.0,5.0,5.0,5.0,5.0,5.020554724647712,5.1,5.1,5.1,5.1,5.1,5.1,5.1,5.155172771262977,5.2,5.2,5.2,5.2,5.290424139558621,5.3,5.3,5.3,5.4,5.8,5.9,5.962713727856431,6.0,6.0,6.1,6.1,6.2,6.2,6.2,6.2,6.240688082251234,6.3,6.389518608039907,6.4,6.547944441110684,6.6,6.6,6.6,6.700390718565365,6.9,6.9,6.9,6.9,6.9,7.1,7.129028972121693,7.3,8.1
1.098363995142124,1.1221271170439142,1.3,1.3,1.4,1.4797923922871656,1.5,1.5,1.6,1.6,1.6,1.6,1.6,1.6520555588893195,1.7,1.7,1.7,1.7,1.7,1.7,1.7,1.7,1.7,1.7,1.7,1.7,1.7,1.7,1.7,1.7,1.7,1.7,1.7,1.8,1.8,1.8,1.8,1.8,1.9,1.9,1.9,1.9,2.0,2.0,2.0,2.0,2.0,2.0,2.0,2.0,2.0,2.0,2.0,2.0,2.1,2.1,2.1,2.1,2.1,2.1,2.1,2.1,2.135730053136092,2.2,2.2,2.2,2.2,2.2,2.216416523712721,2.3,2.3,2.3,2.3,2.3,2.3,2.3,2.3,2.3,2.3,2.3,2.3,2.3,2.3,2.3,2.4,2.4,2.4,2.4,2.4,2.4,2.4,2.4,2.4,2.4,2.4,2.4,2.4,2.4,2.4,2.4,2.4,2.4745514221892506,2.5,2.5,2.5,2.5,2.5,2.5,2.5,2.6,2.6,2.6,2.6,2.7,2.7,2.8,2.8,2.8,2.8,2.8,2.8,2.8,2.805449935582612,2.9,2.9,2.9,2.9,2.9,2.9,2.9,3.0,3.0,3.0,3.0,3.0424803955893425,3.1,3.1,3.1,3.1,3.1,3.1,3.1,3.1,3.1,3.1,3.1,3.1,3.1,3.196894888185165,3.3,3.3,3.3,3.3,3.3,3.3,3.3,3.3,3.3,3.3,3.4,3.4,3.5,3.5,3.5,3.5,3.5,3.5415318772751787,3.6,3.6,3.6,3.7,3.7,3.7,3.7,3.7,3.7,3.7,3.7,3.8,3.8,3.8,3.8,3.8,3.9,3.9,3.9,3.9,3.9,3.9,3.9,3.9,3.9,3.9,4.0,4.1,4.1,4.2,4.4,4.6145144860608465,5.033618648868258,5.2
1.7,1.7663813511317425,2.0,2.2431867141308897,2.758939133588138,2.8797923922871655,3.0,3.100363130524173,3.2,3.2,3.3,3.4,3.5,3.5,3.5,3.6104813919600964,3.7,3.7,3.7,3.7997417543889864,3.8,3.9,3.9,3.9,4.0,4.0,4.0,4.1,4.2,4.3,4.3,4.4,4.4,4.409575860441376,4.5,4.5,4.5,4.5,4.54482722873702,4.6,4.7,4.775794741564042,4.8,4.9,4.900035875719856,5.0,5.0,5.018190088503164,5.1,5.1,5.1,5.2,5.3,5.3,5.3,5.4,5.441537887032161,5.5,5.5,5.5,5.5,5.6,5.635730053136092,5.766707318575743,5.8,5.8,5.8,5.8,5.8,5.8,5.874106826669302,5.902527623325867,6.0306801228393905,6.1,6.1,6.2,6.2,6.3,6.3,6.3,6.34749484922961,6.4,6.4,6.4,6.5,6.5,6.5,6.5,6.5,6.5,6.5,6.5,6.5,6.5,6.5,6.5,6.5,6.6,6.6,6.6,6.6,6.6,6.699111378456268,6.7,6.7,6.7,6.7,6.7,6.7,6.7,6.7,6.7,6.84706730690055,6.9,6.9,6.9,6.9,6.9,6.9,6.9,6.9,6.9,7.0,7.0,7.1,7.2727314946606265,7.3,7.3,7.3,7.4,7.4,7.4,7.4,7.4,7.4,7.4,7.502676948378985,7.6,7.6,7.695621510063717,7.7,7.7,7.7,7.7,7.7,7.7,7.7,7.7,7.8,7.8,7.8,7.9,7.9,7.9,7.9,7.9,8.0,8.040671534142252,8.264154747974613,8.3,8.3,8.3,8.3,8.3,8.3,8.3,8.3,8.3,8.3,8.3,8.3,8.3,8.3,8.3,8.3,8.42074339448539,8.5,8.5,8.5,8.567282571585736,8.6,8.6,8.6,8.640688082251232,8.7,8.7,8.834890012615393,9.147944441110683,9.4,9.4,9.6,9.7,9.895433467446798,10.498184347379123,10.5,10.5,10.5,10.7,11.9,12.6,12.809270694194721
1.7,1.7,2.598398597574045,2.8,2.9589391335881383,3.1,3.1,3.2,3.3,3.3,3.3,3.4,3.5,3.6,3.7,3.7,3.7860145100745632,3.8,3.830512947070702,3.9,3.9671097311820502,4.0,4.0,4.0,4.0,4.0792566055146064,4.2,4.3,4.3,4.3,4.4,4.5,4.5,4.5,4.5,4.5,4.5,4.5,4.5,4.5,4.6,4.6,4.6,4.6,4.6,4.6,4.679445275352288,4.7,4.8,4.9,4.930825981018876,5.0,5.0,5.038454272860062,5.1,5.1,5.1,5.1,5.2,5.2,5.2726395696227595,5.3,5.3,5.3,5.397323051621021,5.4,5.4,5.5,5.5,5.545406826037424,5.6,5.7,5.7,5.8,5.8,5.9,5.9,5.9,5.9,6.0,6.0,6.0,6.1,6.2,6.2,6.2,6.2,6.2,6.3,6.3,6.3,6.3,6.3,6.4,6.4,6.427072108449437,6.5,6.5,6.5,6.5,6.5,6.5,6.5,6.5,6.5,6.6,6.6,6.6,6.647129430757855,6.7,6.7,6.7,6.7,6.7,6.7,6.823079872757484,6.9,6.9,6.9,6.9,6.952505150770389,7.078884147332195,7.1,7.164424447495628,7.3,7.3,7.3,7.4,7.4,7.4,7.4,7.4,7.4,7.4,7.4,7.4,7.6,7.7,7.7,7.7,7.7,7.7,7.7,7.7,7.758462112967839,7.8,7.8,7.8,7.8,7.8,7.9,7.9,8.0,8.0,8.0,8.059932460047508,8.3,8.3,8.3,8.3,8.3,8.3,8.3,8.3,8.3,8.3,8.3,8.490424139558622,8.5,8.5,8.6,8.6,8.6,8.6,8.7,8.7,8.860295068574464,8.9,9.1,9.2,9.4,9.5,9.6,9.7,9.9,9.9,10.0,10.3,10.5,10.5,10.5,10.5,10.5,11.396731825282421,11.9,11.9,12.1,12.456813285869123,12.8,12.8,14.5
0.5,0.6221271170439141,0.7,0.7,0.8,0.9,1.0,1.1,1.2,1.2,1.3,1.3,1.3,1.3,1.3,1.4,1.4,1.4,1.4,1.4,1.4,1.4,1.4,1.4,1.4,1.4,1.4,1.4,1.4,1.4,1.5,1.5,1.5,1.509575860441376,1.6,1.6,1.6,1.6,1.6,1.6,1.6,1.6,1.7,1.7,1.7,1.7,1.7,1.7,1.7,1.7,1.7308259810188757,1.8,1.8,1.8,1.8,1.8,1.8,1.8,1.8,1.8,1.8,1.8,1.8,1.8,1.8,1.9,1.9,1.9,1.9,1.9,1.974106826669302,2.0,2.0,2.0,2.0,2.0,2.1,2.1,2.1,2.1,2.1,2.1,2.1,2.125606498421527,2.2,2.2,2.2,2.2,2.25293269309945,2.3,2.3,2.3,2.3,2.3,2.3,2.4,2.4,2.4,2.4,2.4,2.4,2.5,2.5,2.5,2.5,2.5,2.5,2.5223384586264332,2.7,2.7,2.7,2.7,2.7,2.7,2.7,2.7,2.7,2.7,2.7,2.7,2.7,2.7,2.8,2.8,2.8,2.8,2.8,2.8,2.8,2.8,2.8,2.8,2.8,2.8,2.8,2.9,2.9,2.9,3.0,3.0,3.0273604303772346,3.1,3.1,3.1,3.1,3.1,3.1,3.1,3.1,3.1,3.1,3.1,3.2,3.2,3.2,3.2,3.2,3.3,3.3,3.3,3.3,3.3,3.3,3.3,3.3,3.3,3.4415318772751786,3.5,3.5,3.5,3.5,3.6,3.6,3.6,3.6,3.6,3.6,3.7,3.8,3.8,3.8,3.8,3.869487052929304,3.9,3.9,4.0,4.1,4.2,4.2,4.317525236657525,4.4,4.400390718565365,4.597716733723399,4.6,5.006829935472439,5.1,5.1410608664118564,5.3,5.9,6.589364414780431,6.902726674763153
2.6961826553316226,3.0,3.285485513939149,3.3,3.3,3.3,3.5,3.6,3.7,3.7996092814346323,3.8,3.9,3.9,3.9,3.9,3.9,3.9,4.0,4.0,4.0,4.0,4.2,4.2,4.2,4.3,4.3,4.437286272143571,4.5,4.5,4.6,4.6,4.6,4.6,4.6,4.7,4.7,4.7,4.7,4.7,4.7,4.7,4.8,4.8,4.9,4.9,4.9,4.9,4.9,4.9,4.9,4.9,4.9,5.0,5.0,5.0,5.0,5.0,5.0,5.0,5.040499922358685,5.1,5.1,5.1,5.166707318575743,5.297323051621021,5.3,5.3,5.3,5.3,5.3,5.374106826669302,5.4,5.4,5.5,5.5,5.5,5.5,5.5,5.5,5.5,5.5,5.573696648070737,5.699730735815604,5.725606498421527,5.8,5.8,5.8,5.9,5.9,5.9,5.9,5.9,5.9,6.0,6.0,6.0270721084494365,6.1,6.1,6.1,6.1,6.1,6.1,6.1,6.1,6.1,6.1,6.1,6.1,6.147129430757855,6.2,6.2,6.2,6.2,6.2,6.2,6.223079872757483,6.3,6.3,6.4,6.5,6.5,6.5,6.5,6.5,6.5,6.5,6.5,6.5,6.5,6.5,6.6,6.6,6.6,6.6,6.6,6.6,6.6,6.6,6.6,6.6,6.627360430377235,6.7,6.792054149709747,6.9,6.9,6.9,6.9,6.9,6.9,6.9,6.9,7.0,7.0,7.0,7.1,7.1,7.1,7.1,7.1,7.1,7.3,7.3,7.3,7.4,7.4,7.4,7.4,7.4,7.4,7.49121831144011,7.543198843880208,7.6,7.6,7.6,7.6,7.62074339448539,7.7,7.7,7.703343888618275,7.8,7.9,8.0,8.0,8.1,8.1,8.189518608039906,8.2,8.4,8.4,8.417525236657525,8.507133298446679,8.6,8.697716733723398,9.099636869475825,9.220489806417316,9.6,10.041060866411858,10.1,10.358057944243388,11.245110180692603,11.715269378673655
1.998363995142124,2.4,2.8,2.8,2.8,2.8797923922871655,2.9,3.0,3.0,3.0,3.2,3.282474763342478,3.3,3.3,3.3,3.3,3.4,3.559311917748766,3.6,3.6,3.6671097311820504,3.732717428414268,3.8,3.8,3.8,3.8,3.8372862721435705,3.9,3.9,3.9,3.956801156119795,4.0,4.0,4.1,4.1,4.106406012154739,4.2,4.2,4.2,4.2,4.2,4.2,4.2,4.3,4.3,4.340067539952498,4.4,4.418190088503164,4.5,4.5,4.5,4.6,4.6,4.6,4.6,4.6,4.6,4.6,4.6,4.6,4.6,4.6,4.6,4.6,4.6,4.6,4.6,4.7,4.7,4.7,4.7,4.8,4.8,4.8,4.8,4.8,4.8,4.8,4.8,4.8,4.84749484922961,4.9,4.9,4.9,4.9,4.9,4.902376319138856,5.0,5.0,5.0,5.0,5.0,5.0,5.0,5.0,5.0,5.0,5.0,5.1,5.1,5.1,5.1,5.1,5.1,5.1,5.1,5.1,5.122338458626433,5.2,5.2,5.296926093147823,5.3,5.3,5.3,5.3,5.3,5.3,5.37439350157847,5.4,5.4,5.452505150770389,5.5,5.6,5.6,5.6,5.7,5.7,5.7,5.7,5.7,5.7,5.754593173962581,5.8,5.8,5.842480395589343,5.9,5.9,5.9,5.9,5.9,6.0,6.1,6.1,6.1,6.1,6.1,6.1,6.2,6.2,6.2,6.2,6.2,6.2,6.2,6.3,6.359932460047509,6.4,6.5,6.582077373987306,6.6,6.6,6.6,6.6,6.6,6.6,6.6,6.6,6.6,6.640306890980156,6.89121831144011,6.9,6.9,6.9,6.9,6.962713727856431,7.1,7.2602950685744645,7.4,7.4,7.4,7.4,7.4,7.4,7.5,7.6,7.6,7.667445006307696,7.7,7.8,7.9,7.9,8.0,8.0,8.1,8.4,8.440415215425674,8.6,8.985450628695299,9.229028972121693,10.077872882956086,11.401636004857892
0.7,0.7,0.7854855139391493,0.8,0.8,0.8,0.8,0.8,0.8,0.8,0.8,0.8,0.8,0.8,0.9,0.9,0.9,0.9,0.9,0.9,0.9,0.9327174284142679,1.0,1.1,1.1,1.1,1.1,1.1,1.1,1.1,1.1,1.1,1.1,1.1,1.1,1.1,1.1,1.1,1.1,1.1,1.1,1.1,1.1,1.1,1.1,1.1,1.1,1.1,1.1,1.1,1.2,1.2,1.2,1.2,1.2,1.2,1.2,1.2,1.2,1.2,1.2,1.2,1.2,1.2,1.2,1.2,1.2,1.2,1.2,1.3,1.3,1.3,1.3,1.3,1.3,1.3,1.3,1.3,1.3,1.3,1.3,1.3,1.3,1.3,1.3,1.3,1.3,1.3,1.3,1.3,1.3,1.3,1.3,1.3,1.3,1.3,1.3,1.3,1.3,1.3254485778107465,1.4,1.4,1.4,1.4,1.4482910578227461,1.5,1.5,1.5,1.5,1.5,1.5,1.5,1.5,1.5,1.5,1.5,1.5,1.5,1.6,1.6,1.6,1.6,1.6,1.6,1.6,1.6,1.6,1.6,1.6,1.6,1.6258931733306896,1.7,1.7,1.7,1.7,1.7,1.7,1.7,1.7,1.7,1.7,1.759500077641303,1.8,1.8,1.8584621129678396,1.9,1.9267012041614293,2.0,2.0,2.0,2.0,2.0,2.0,2.0,2.0205547246477122,2.1,2.1,2.1,2.1,2.1,2.1,2.2,2.2,2.2,2.3,2.3,2.3,2.3,2.3,2.3,2.3,2.3,2.3,2.3,2.3,2.3,2.3,2.3,2.303343888618275,2.4,2.4,2.4,2.4,2.4,2.4,2.4,2.4,2.4,2.4,2.5,2.6,2.6,2.6977167337233996,2.7,2.8,2.8,2.8,3.0,3.3290289721216935,3.7,4.602726674763153
1.1994546650473745,1.4,1.6,1.8,2.0,2.1,2.1,2.200363130524173,2.3,2.3,2.3,2.3,2.4,2.5,2.5,2.6,2.6,2.7,2.7,2.8,2.8,2.8,2.8,2.8,2.819852465712776,2.9,2.9,2.9,2.9,2.9,2.9,2.9,2.9,2.9,2.9,3.0,3.0,3.0,3.0,3.0,3.0,3.0,3.0,3.0,3.0,3.0,3.079445275352288,3.1,3.1,3.1,3.1,3.1,3.1,3.2,3.2,3.3,3.3,3.3,3.3,3.3,3.3,3.3,3.3,3.3,3.3,3.3,3.357519604410663,3.4,3.4,3.5,3.5,3.5,3.5,3.55857505126975,3.6,3.6,3.6,3.6,3.6,3.6,3.6,3.6,3.6,3.625606498421527,3.7,3.8,3.8,3.8,3.8,3.8,3.8,3.8,3.8,3.8,3.8,3.8,3.8,3.8,3.9,3.9,3.9,3.9,3.9,3.9,4.0,4.0,4.0,4.0,4.0,4.1,4.1,4.1,4.1,4.2,4.2,4.2,4.2,4.2,4.3,4.3,4.3,4.3,4.4,4.4,4.4,4.4,4.4,4.4,4.4,4.4,4.4,4.4,4.4,4.4,4.4,4.4,4.5,4.5,4.5,4.5,4.5,4.5,4.6,4.6,4.6,4.6,4.6,4.6,4.6,4.6,4.6,4.6,4.6,4.6,4.6,4.6,4.6,4.7,4.8,4.8,4.8,4.8,4.9,4.9,5.0,5.0,5.0,5.0,5.0,5.1,5.1,5.1,5.1,5.1,5.2,5.220743394485391,5.3,5.3,5.3,5.3672825715857355,5.4,5.4,5.5,5.640688082251233,5.7,5.789518608039907,5.8,5.8,5.9,5.9,5.9,6.0,6.0,6.199636869475825,6.206829935472439,6.3,6.6,6.7,7.4,7.4778728829560865,8.4
1.297273325236873,1.4,1.4,1.7,1.8,2.0,2.0931700645275617,2.1,2.1,2.3,2.3,2.3,2.3,2.3,2.3,2.3,2.3860145100745633,2.459311917748766,2.5,2.5,2.5,2.5,2.5,2.6,2.6,2.679256605514607,2.7,2.7,2.7494582816066524,2.8,2.8,2.8,2.8,2.8,2.8,2.8,2.8,2.8,2.8,2.9,2.9,2.9,2.9,2.9,2.9,2.9,2.9,2.9,2.9,2.9,2.9,2.9,2.9,2.9,3.0,3.0,3.0,3.0,3.0,3.0,3.0,3.0,3.0,3.0,3.0,3.0,3.0,3.0,3.0,3.0,3.0,3.0,3.0,3.0,3.0,3.1,3.1,3.1,3.1,3.1,3.1,3.1,3.1,3.1,3.1,3.1,3.2,3.2,3.2,3.2,3.3,3.3,3.3,3.3,3.3,3.3,3.3,3.3,3.3,3.3,3.4,3.4745514221892506,3.5,3.5,3.5,3.5,3.6,3.6,3.6,3.6,3.6,3.6,3.7,3.7,3.7,3.723079872757484,3.8,3.8,3.8,3.8,3.8,3.8,3.8,3.8,3.8,3.8,3.8,3.8,3.9,3.9,3.9,3.9545931739625813,4.0,4.0,4.0,4.0,4.1,4.1,4.1,4.1,4.2,4.2,4.2,4.225036691116378,4.3,4.3,4.4,4.4,4.4,4.4,4.4,4.4,4.44367777167434,4.5,4.5,4.5,4.5,4.6,4.6,4.6,4.6,4.6,4.6,4.6,4.6,4.6,4.6,4.6,4.6,4.7,4.7,4.8,4.8,4.805998456065578,4.9,4.9,5.0,5.0,5.0,5.1,5.1,5.1,5.1,5.2,5.2,5.3,5.3,5.3,5.331224038735451,5.452575709972575,5.8,5.9,5.9,6.0,6.1068299354724385,6.380830430851347,6.9,7.214087971521473,7.4,7.777872882956086,8.5
0.5,0.7,0.7,0.7,0.7,0.7,0.7,0.7,0.7,0.7,0.7,0.8,0.8,0.8,0.8,0.8,0.8,0.8,0.8,0.8,0.8,0.8,0.8,0.8,0.8,0.8,0.8,0.8,0.8,0.8,0.8,0.8,0.8,0.8095758604413761,0.9,0.9,0.9,0.9,0.9,0.9,0.9,0.9,0.9,0.9,0.9,0.9,0.9,0.9,0.9563222283256664,1.0,1.0,1.1,1.1,1.1,1.1,1.1,1.1,1.1,1.1,1.1,1.1,1.1,1.1,1.1,1.1,1.1,1.1,1.1,1.1,1.1,1.1,1.1,1.2,1.2,1.2,1.2,1.2,1.2,1.2,1.2,1.2,1.2,1.2997307358156036,1.3,1.3,1.3,1.3,1.3,1.3,1.3,1.3,1.3,1.3,1.3,1.3,1.3,1.3,1.3,1.3,1.3,1.3,1.3,1.3,1.3,1.3,1.3,1.3,1.3,1.3,1.3,1.3,1.3,1.3,1.3,1.3,1.3,1.3,1.4,1.4,1.4,1.4,1.4,1.4,1.4,1.4,1.4,1.4,1.4,1.4,1.4,1.5,1.5,1.5,1.5,1.5,1.5,1.5,1.5,1.5,1.5,1.5,1.5,1.5,1.5,1.5,1.5,1.6,1.6,1.6,1.6,1.6,1.6,1.6,1.6,1.6,1.6,1.6,1.6,1.7,1.7,1.7,1.7,1.7,1.7,1.7,1.7,1.7,1.7,1.7,1.7,1.7,1.8,1.8,1.8,1.8627137278564305,1.9,1.9,2.0,2.0,2.0,2.0,2.000258245611019,2.1,2.1,2.1,2.2,2.2,2.3,2.3312240387354506,2.4,2.4,2.4,2.4,2.5996368694758245,2.7,2.7,2.8,2.8,2.8290289721216935,3.3557457659121726,3.802181339810522
0.5,1.1663813511317425,1.4,1.4,1.6,1.7,1.7,1.7,1.7,1.7,1.7,1.7,1.7,1.8,1.8,1.8,1.8860145100745633,1.9,1.9,1.9,1.9,1.9,1.9,2.0,2.0,2.0,2.0,2.0,2.0,2.0,2.0,2.0,2.0,2.0,2.0,2.00640601215474,2.153423758114002,2.2,2.2,2.2,2.2329201988926886,2.3757947415640417,2.517922626012691,2.6,2.6,2.6400675399524984,2.7,2.7,2.7,2.7,2.7,2.7,2.7,2.7,2.7,2.7,2.7,2.7,2.7,2.7,2.7,2.7,2.7,2.7,2.7,2.8,2.8,2.8,2.8,2.8,2.8,2.8,2.8,2.8,2.8,2.8,2.8,2.8,2.8,2.8,2.8,2.8,2.8,2.8,2.8,2.8,2.8,2.8,2.8,2.8,2.8,2.8,2.8,2.8,2.8,2.8,2.8,2.8,2.8,2.8,2.8,2.8,2.8,2.8,2.8,2.8,2.8,2.8,2.8,2.8,2.8,2.821949238263988,2.9,2.9,3.0,3.0,3.0,3.0,3.0,3.0,3.0,3.0,3.0,3.032212223747814,3.1,3.1,3.1,3.1,3.1,3.1,3.1,3.1,3.183583476287288,3.2,3.2,3.2,3.2,3.2,3.2,3.2,3.2273604303772347,3.3,3.3,3.325036691116378,3.4,3.5,3.6,3.6,3.6,3.6,3.6,3.6,3.6436777716743394,3.7,3.7,3.7,3.7,3.7,3.7,3.7,3.8,3.8,3.8,3.8,3.846576241885998,3.9,3.9,3.9,3.9,3.9,4.143198843880207,4.2,4.25054171839335,4.4,4.5,4.5,4.5,4.7,4.8,4.9,4.9,5.0,5.0,5.240688082251234,5.5,5.5,5.667445006307696,5.8,5.9,6.0,6.1,6.2,6.2,6.2,6.5,6.540415215425673,6.7,6.9,7.3,7.633618648868259,8.605998684478935
0.8978186601894985,1.2,1.3709710278782985,1.4,1.4,1.4,1.4,1.6,1.6,1.7,1.7,1.7,1.7,1.7,1.7,1.7,1.7,1.7,1.7,1.8,1.8,1.8,1.8966561113817306,1.9,1.9,1.9,1.9,1.9,1.9494582816066526,2.0,2.0,2.0,2.0,2.0,2.0,2.0,2.0,2.0,2.1,2.2,2.2,2.2,2.2,2.2,2.2,2.3,2.3,2.3,2.3563222283256664,2.4,2.5,2.6,2.6,2.6,2.6,2.7,2.7,2.7,2.7,2.7,2.7,2.7,2.7,2.7,2.7,2.7,2.7,2.7,2.7,2.7,2.7,2.7,2.7,2.7,2.7,2.8,2.8,2.8,2.8,2.8,2.8,2.8,2.8,2.8,2.8,2.8,2.8,2.8,2.8,2.8,2.8,2.8,2.8,2.8,2.8,2.8,2.8,2.8,2.8,2.8,2.8,2.8,2.8,2.8,2.8,2.8,2.8,2.8,2.8,2.8,2.8,2.8,2.8,2.8,2.8,2.8,2.8,2.8,2.8,2.8,2.8,2.878884147332195,2.9,2.9,2.9,3.0,3.0,3.0,3.0,3.0,3.0,3.0,3.0,3.0,3.0424803955893425,3.1,3.1,3.1,3.1,3.1,3.1,3.1,3.1,3.125036691116378,3.2,3.2,3.2,3.2,3.2,3.2,3.2,3.3,3.3,3.3,3.3,3.3,3.3999641242801375,3.4,3.5641547479746123,3.6,3.667079801107315,3.7,3.7,3.7,3.7,3.7,3.7,3.7,3.8,3.8,3.8,3.9,3.9,3.9059984560655776,4.062713727856431,4.12074339448539,4.2,4.2,4.5,4.5,4.632890268817948,4.700258245611019,4.8,4.9,4.9,4.989518608039907,5.0,5.147944441110684,5.2312240387354505,5.5,5.5,5.501562874261458,6.193150201170198,6.2,6.206829935472439,6.5,6.582121732823714,6.771362657173825,7.3,7.3,7.8158147136262865
0.2,0.5,0.5,0.5,0.5,0.5,0.5931700645275615,0.6,0.6045665325531928,0.8,0.8,0.8,0.8,0.8,0.9,1.0,1.1,1.1,1.1,1.1,1.1,1.1,1.1,1.1,1.1,1.1,1.1,1.1,1.1,1.2,1.2,1.2,1.2,1.2,1.316936245449642,1.4,1.4,1.4,1.4,1.4,1.4,1.4,1.4,1.4,1.4,1.4,1.4,1.4,1.4,1.4,1.4,1.4,1.4,1.4,1.4,1.4,1.4,1.4,1.4,1.4,1.4,1.4,1.4,1.4,1.4,1.4,1.4,1.4,1.4,1.4,1.4,1.4,1.4,1.4,1.5,1.5,1.5,1.5,1.5,1.6,1.6,1.6,1.6,1.6,1.6513332276346602,1.7,1.7,1.7,1.7,1.7,1.7,1.7,1.7,1.7,1.7,1.7,1.7,1.7,1.7,1.7,1.7,1.7,1.7,1.7,1.7,1.7,1.7,1.7,1.7,1.7,1.8,1.8,1.8,1.8,1.8,1.8,1.8,1.8,1.8,1.8,1.8,1.8,1.8,1.8,1.8,1.8,1.8,1.8,1.8,1.8,1.8,1.8,1.8,1.8,1.8,1.9,1.9,1.9332926814242568,2.0,2.0,2.0,2.0,2.0,2.1,2.1,2.1,2.2,2.4,2.4,2.4,2.4,2.4,2.5,2.5,2.5,2.559932460047509,2.6,2.6,2.6820773739873065,2.7,2.7,2.7,2.7,2.7,2.7,2.7,2.7,2.7,2.7,2.7,2.8,2.8,2.8,2.8,2.8627137278564305,2.9207433944853904,3.0,3.0,3.003343888618275,3.2,3.2,3.2,3.2,3.3,3.3419564697763118,3.6,3.7,3.7,3.7,3.83505047331505,4.1,4.2,4.2,4.2,4.2,4.320207607712836,4.646365198471142,5.1,5.4725724303042345,6.877872882956086,7.305453349526306
1.3994546650473745,1.4,1.6,1.7,1.8,1.9797923922871656,2.0,2.0,2.0,2.0,2.0,2.082474763342478,2.1,2.1,2.1,2.1,2.2720290201491267,2.4,2.5,2.6,2.6,2.6,2.6,2.7,2.7,2.7,2.7,2.8,2.8,2.8,2.8,2.9,2.9,3.0,3.0,3.1,3.1,3.1,3.1,3.1,3.2,3.2,3.3,3.3,3.3,3.3,3.4,3.5,3.5,3.5,3.5,3.5,3.5,3.5,3.5,3.5,3.5,3.5,3.5,3.5,3.5,3.5,3.5,3.5,3.5,3.5,3.5,3.5,3.5,3.5,3.5,3.5,3.5,3.5,3.5,3.5,3.5,3.5,3.5,3.5,3.5,3.5,3.5,3.5,3.5,3.5,3.5,3.5,3.5,3.5,3.6,3.6,3.6,3.6,3.6,3.627072108449437,3.7,3.7,3.7,3.8,3.8,3.8,3.8,3.8,3.8,3.8,3.8,3.8,3.8,3.8,3.8,3.8,3.8,3.8,3.8,3.8,3.8,3.8,3.8,3.8,3.8,3.8,3.8,3.8,3.8,3.9,3.9,3.9,3.9,4.0,4.0,4.0,4.0,4.0,4.0,4.0,4.0,4.0,4.0,4.0,4.0,4.0,4.0,4.0,4.0,4.0,4.0,4.0,4.096894888185164,4.1,4.1691740189811295,4.2,4.2,4.2,4.2,4.2,4.2,4.2,4.2,4.2,4.2,4.2,4.2,4.2,4.2,4.2,4.2,4.2,4.2,4.29121831144011,4.3,4.3,4.4,4.4,4.5,4.5,4.6,4.6,4.6,4.6,4.6,4.7,4.769487052929304,4.9,5.0,5.1,5.1,5.1,5.2,5.2,5.3,5.3,5.397716733723399,5.699273738951649,5.906829935472439,6.0,6.1,6.2,6.3,6.6,7.60054533495263
0.6,1.4,1.4,1.4,1.4,1.4,1.4,1.6,1.6,1.6,1.7,1.7,1.7,1.7520555588893196,1.8325549936923018,1.9,1.9860145100745634,2.0,2.0,2.0,2.0,2.0,2.0,2.0,2.0,2.0,2.0,2.0,2.0,2.0,2.0,2.0,2.059693109019841,2.1,2.1,2.1,2.1,2.2991077204988186,2.3,2.389273309875608,2.4,2.4,2.417922626012691,2.5,2.5000358757198553,2.6,2.6,2.6,2.6,2.6,2.6,2.767234718804218,2.8,2.8,2.8,2.8,2.8,2.9,2.9,2.9404999223586854,3.0,3.0,3.035730053136092,3.1,3.1,3.2,3.2,3.2,3.2,3.3,3.3,3.3,3.3,3.4171501025395004,3.5,3.5,3.5,3.5,3.5,3.5,3.5,3.5,3.5,3.5,3.5,3.5,3.5,3.5,3.5,3.5,3.5,3.5,3.5,3.5,3.5,3.5,3.5,3.5,3.5,3.5,3.5,3.5,3.5,3.5,3.5,3.5,3.5,3.5,3.5,3.5,3.5,3.5,3.5,3.5,3.5,3.5,3.5,3.5,3.5,3.5,3.5,3.5,3.5,3.5,3.5,3.5,3.5,3.5,3.5,3.5,3.5,3.5,3.6,3.6,3.6,3.6,3.602676948378985,3.7,3.7,3.7,3.7273604303772347,3.8,3.8,3.8,3.8,3.8,3.8,3.8,3.8,3.8,3.8,3.8,3.8,3.881809911496833,3.9,3.9,3.9,3.9,3.9820773739873063,4.0,4.0,4.0,4.0,4.0,4.0,4.0,4.0,4.0,4.0,4.0,4.043198843880208,4.1,4.1,4.105998456065578,4.2,4.2,4.2,4.2,4.2,4.2,4.2,4.2,4.3,4.3,4.4,4.4,4.5,4.6,4.6,4.7,5.007133298446678,5.1,5.197716733723399,5.299636869475824,5.413659870944878,5.9,6.0,6.071362657173824,6.2,6.555745765912172,7.101636004857891
0.2,0.5,0.5,0.5,0.5,0.5,0.6,0.6,0.6,0.6,0.7,0.7,0.8,0.8,0.8,0.8,0.8,0.8,0.8,0.8,0.8,0.8,0.8,0.8,0.8,0.8,0.9,0.9,0.9,0.9,0.9,1.0,1.0596931090198412,1.1,1.1,1.1,1.1,1.1,1.1,1.1,1.1,1.1,1.1,1.1,1.1,1.1,1.1,1.1,1.1,1.1,1.1,1.1,1.1,1.1,1.1,1.2,1.2,1.2,1.2,1.2,1.2,1.2,1.2,1.2,1.3,1.3,1.3,1.3,1.3,1.3,1.3,1.3,1.3,1.3,1.3,1.3,1.3,1.3,1.3,1.3,1.3474948492296108,1.4,1.4,1.4,1.4,1.4,1.4,1.4277108492161203,1.5,1.5,1.5,1.5,1.5,1.6,1.6,1.6,1.6,1.6,1.6,1.6,1.6,1.6,1.6,1.6,1.6,1.6,1.6976074901208391,1.7,1.7,1.7,1.7,1.7,1.7,1.7,1.7,1.7,1.7,1.7,1.7,1.7,1.7,1.7788841473321952,1.8,1.8,1.8,1.8,1.8,1.8,1.8,1.8,1.8,1.8,1.8,1.9,1.9,1.9,1.9,1.9,1.9,1.9,1.9,1.9,1.9,1.9,1.9584621129678397,2.0,2.0,2.0,2.0,2.0,2.0,2.0,2.0,2.0,2.0,2.0,2.0,2.0,2.0,2.0,2.0,2.1,2.1,2.1,2.1,2.1,2.1,2.1,2.1,2.1,2.143198843880208,2.2,2.2505417183933503,2.3,2.3,2.3,2.3,2.4,2.4,2.4,2.4,2.4,2.4,2.4,2.4,2.4,2.5,2.5,2.6,2.6175252366575252,2.8,2.8,2.8,2.8,2.8,2.9,3.041060866411857,3.2,3.3290289721216935,3.8557457659121726,4.202726674763153
1.3994546650473745,2.1885084681756566,3.0,3.3,3.5,3.5797923922871657,3.7,3.9,3.9,3.9,3.9,4.0,4.0,4.0,4.1,4.1,4.186014510074563,4.259311917748766,4.3,4.3,4.3,4.3,4.3,4.3,4.3,4.3,4.3,4.3,4.3,4.30370857978007,4.4,4.5,4.6,4.7,4.7,4.7,4.7,4.7,4.8,4.889273309875609,5.0,5.0,5.0,5.0,5.0,5.0,5.0,5.0,5.0,5.0,5.0,5.0,5.0,5.0,5.0,5.007654785822831,5.1,5.1,5.2,5.2,5.2,5.2,5.2,5.2,5.297323051621021,5.5,5.6,5.6,5.7,5.7,5.8,5.9,5.9,5.9,5.9,5.9,5.9,5.9,5.9,5.9211158526678025,6.0,6.0,6.0,6.0,6.0,6.0,6.1,6.1,6.15293269309945,6.2,6.2,6.2,6.2,6.2,6.2,6.2,6.2,6.2,6.2,6.2,6.2,6.3,6.4,6.4,6.4,6.4,6.497607490120839,6.5,6.5,6.6,6.6,6.6,6.6,6.6,6.6,6.6,6.6,6.67439350157847,6.9,6.9,6.9,6.9,6.9,6.9,6.9,6.9,6.9,6.9,6.9,6.9,6.9,6.9,6.983583476287288,7.1,7.1,7.1,7.1,7.3,7.3,7.3,7.3,7.3,7.3,7.3,7.3,7.3,7.3,7.3,7.3,7.5,7.5,7.5,7.5,7.5,7.5,7.5,7.699928248560275,7.7,7.7,7.9,7.9,7.9,8.055172771262976,8.100892279501181,8.3,8.593593987845253,8.6,8.6,8.6,8.7,8.9,9.092582840439865,9.2,9.2,9.2,9.2,9.2,9.4,9.4,9.4,9.4,9.5,9.569487052929304,9.640688082251232,10.1,10.1,10.1,10.491777764442736,11.4,11.4,11.4,11.7,11.7,11.7,11.7,11.7,11.7,11.9,12.759659346669315,13.7,16.2
2.096727990284248,2.4221271170439143,2.6,3.0,3.2178782671762765,3.3,3.4931700645275616,3.5,3.5022832662765966,3.6,3.692866701553323,3.9,3.9,3.9520555588893194,4.0,4.0,4.0,4.0,4.0,4.0,4.0,4.0,4.09665611138173,4.159009029819025,4.219852465712776,4.3,4.3,4.3,4.3,4.3,4.3,4.3,4.3,4.3,4.4,4.5,4.6,4.6,4.6,4.6,4.7,4.7,4.7,4.7,4.7,4.7,4.7,4.7,4.8,4.8,4.8,4.8,4.9,4.938454272860063,5.0,5.0,5.0,5.0,5.0,5.0,5.0,5.1,5.1,5.1,5.1,5.127589739189688,5.2,5.2,5.2,5.2,5.2,5.2,5.2,5.2,5.2,5.2,5.2,5.2,5.2,5.2,5.2,5.2,5.299730735815603,5.3,5.3,5.3,5.3,5.3,5.3,5.3,5.3,5.3,5.3,5.477661541373567,5.6,5.6,5.6,5.6,5.6,5.6,5.65,5.7,5.7,5.7,5.7,5.8,5.8,5.9,5.9,6.0,6.0,6.0,6.0,6.0,6.0,6.1,6.1,6.1,6.2,6.2,6.2,6.2,6.2,6.2,6.2,6.2,6.2,6.2,6.2,6.2,6.2,6.2,6.2,6.2,6.2,6.2,6.2,6.2,6.2,6.2,6.227360430377234,6.3,6.3,6.3,6.3,6.3,6.3,6.4,6.4,6.4,6.4,6.4,6.4,6.4,6.4,6.459932460047509,6.5,6.5,6.5,6.6,6.6,6.6,6.6,6.6,6.6,6.6,6.6,6.6,6.640306890980156,6.8,6.9,6.9,6.9,6.9,6.9,6.9,6.9,6.9,6.9,7.1,7.1,7.300258245611019,7.4,7.540688082251234,7.7,7.7,7.7,7.8,8.462448077470901,8.787626183287625,9.214266596893355,9.4,9.4,9.499636869475825,9.606829935472438,10.1,10.464243465647428,11.7,11.7,12.94596612729738,15.515269378673656
1.1,1.3,1.4,1.5,1.6589391335881383,1.7,1.7,1.7,1.7,1.7,1.7,1.7,1.7,1.7520555588893196,1.8,1.8,1.8,1.9,1.9,1.9,1.9,2.0,2.0,2.0,2.0,2.0,2.0,2.1,2.1,2.1,2.1,2.1,2.1,2.2,2.2,2.2,2.2,2.2,2.2,2.2,2.2,2.2,2.2,2.2,2.3,2.3,2.3,2.3181900885031634,2.4,2.4,2.4,2.4,2.4,2.4,2.4,2.4,2.4,2.4,2.4,2.4,2.4,2.4,2.4,2.4,2.4,2.6,2.6,2.6,2.8,2.845406826037424,2.9,2.9,2.9,2.9,2.9,2.9,2.9,2.9,2.9945500644173846,3.0,3.0,3.0,3.0,3.1,3.1,3.1,3.1023763191388554,3.3,3.3,3.3,3.3,3.3,3.3,3.3,3.3023925098791604,3.4,3.4,3.4,3.4,3.4,3.5,3.5,3.5,3.5,3.5,3.5,3.5,3.5,3.5,3.5,3.5,3.5,3.5,3.5,3.5,3.5,3.5,3.5,3.5002692641843907,3.6,3.6525051507703896,3.7,3.7,3.7,3.7,3.7,3.7,3.7414249487302413,3.8,3.8,3.8,3.8,3.8,3.8,3.8,3.8,3.8,3.8,3.8,3.8,3.9,3.9,3.9,3.9,3.9,3.9,3.9,3.9,3.9,3.9,3.9,3.9,3.9,3.9,3.9,3.9,3.9,3.9,3.9,3.9,3.9,3.9,3.9,3.9004461397505907,4.0,4.093593987845253,4.1,4.1,4.1,4.1,4.2,4.2,4.3,4.3,4.3,4.3,4.3,4.3,4.7,4.7,4.7,4.800258245611019,5.0,5.0,5.1,5.1,5.1,5.147944441110684,5.2,5.2,5.2,5.2,5.2,5.3,5.906829935472439,6.020207607712837,6.2,6.2,6.4,6.6,6.6
1.6,2.9663813511317425,3.3,3.5,3.6,3.7,3.8,3.9,3.9,3.9996092814346325,4.0,4.0,4.0,4.0,4.0,4.1,4.1,4.2,4.3,4.3,4.3,4.3,4.3,4.3,4.3,4.3,4.3,4.3,4.3,4.3,4.3,4.3,4.3,4.4,4.5,4.5,4.553423758114001,4.6,4.6,4.689273309875609,4.7,4.7,4.7,4.7,4.7,4.7,4.7,4.7,4.7,4.7,4.8,4.867234718804219,4.9,4.938454272860063,5.0,5.0,5.0,5.0,5.0,5.0,5.0,5.004378489936286,5.1,5.1,5.1,5.1,5.1,5.1,5.1,5.1,5.1,5.2,5.2,5.2,5.2,5.2,5.240819158515501,5.3,5.3,5.3,5.3,5.3,5.5,5.525606498421527,5.6,5.6,5.6,5.6,5.6,5.7,5.8,5.8,5.8,5.8,5.9,5.9,5.9,5.9,5.9,6.0,6.0,6.0,6.0,6.0,6.0,6.0,6.0,6.0,6.0,6.0,6.0,6.0,6.0,6.1,6.1,6.1,6.2,6.2,6.2,6.2,6.2,6.278884147332195,6.3,6.3,6.3,6.3,6.3,6.3,6.3,6.4,6.4,6.4,6.5,6.512875379529044,6.6,6.6,6.6,6.6,6.6,6.6,6.6,6.819000155282606,6.9,6.9,6.9,6.9,6.9,6.9,6.9,6.9,6.9,6.9,6.9,6.9,6.9,6.9,6.9,6.9,6.9,6.9,6.9,6.9,6.9,6.9,6.993152483771996,7.1,7.1,7.1,7.1,7.1,7.1,7.1,7.1,7.1,7.1,7.3,7.3,7.540990970180974,7.7,7.7,7.9,7.9,7.9,8.040688082251233,8.1,8.458074432159629,8.5,8.647944441110683,8.824896154941802,9.2,9.4,9.4,9.4,9.4,9.4,9.4,9.4,9.471362657173824,10.801601402425927,11.9,13.704362679621044
1.6,2.632762702263485,3.3,3.5,3.6,3.6,3.6,3.8,3.8,3.9,3.9,3.9,4.0,4.0,4.0,4.0,4.0,4.059311917748766,4.2,4.3,4.3,4.3,4.3,4.3,4.3,4.3,4.3,4.3,4.3,4.3,4.3,4.3,4.3,4.3,4.3,4.3,4.353423758114002,4.4,4.4,4.5,4.5,4.5,4.6,4.6,4.6,4.7,4.7,4.7,4.7,4.7,4.7,4.7,4.7,4.7,4.7,4.7076547858228315,4.84153788703216,5.0,5.0,5.0,5.0,5.0,5.0,5.0,5.0,5.0,5.0,5.0,5.0,5.0,5.0,5.1,5.1,5.1,5.1,5.1,5.1,5.2,5.2,5.2,5.2,5.2,5.2,5.2,5.2,5.276920127242517,5.3,5.3,5.3,5.3,5.503073906852182,5.6,5.6,5.6,5.60239250987916,5.727072108449437,5.8,5.8,5.9,5.9,5.9,5.9,5.9,5.9,5.9,6.0,6.0,6.0,6.0,6.0,6.0,6.0,6.0,6.0,6.0,6.0,6.0,6.07439350157847,6.1,6.2,6.2,6.2,6.2,6.2,6.2,6.2,6.2,6.2,6.2,6.2,6.2258931733306895,6.3,6.3,6.3,6.3,6.3,6.4,6.4,6.4,6.4956215100637165,6.5,6.6,6.6,6.6,6.6,6.6,6.6,6.82309145427987,6.9,6.9,6.9,6.9,6.9,6.9,6.9,6.9,6.9,6.9,6.9,6.9,6.9,6.9,6.9,6.9,6.9,6.9,6.9,6.9,6.9,6.9,6.9,7.092582840439865,7.1,7.1,7.1,7.1,7.1,7.1,7.1,7.1,7.3,7.4002582456110195,7.569487052929304,7.640688082251233,7.7,7.9,7.9,8.047944441110683,8.1,8.5,8.514266596893355,9.2,9.2,9.39927373895165,9.4,9.4,9.4,9.4,9.645144860608468,11.7,12.605998684478935
2.4972733252368733,3.5,3.6,3.8,3.9,3.9,4.0,4.0,4.0,4.0,4.1,4.182474763342478,4.3,4.3,4.3,4.3,4.3,4.3,4.3,4.3,4.3,4.3,4.3,4.3,4.4,4.5,4.537286272143571,4.6,4.6,4.7,4.7,4.7,4.7,4.7,4.7,4.7,4.8,4.999553860249409,5.0,5.0,5.0,5.0,5.0,5.0,5.000035875719855,5.1,5.1,5.1,5.1,5.193861234331038,5.2,5.2,5.2,5.2,5.2,5.2,5.2,5.274963308883616,5.3,5.3,5.3,5.5,5.535730053136092,5.6,5.6,5.6,5.7,5.887124620470954,5.9,5.9,6.0,6.0,6.0,6.0,6.0,6.0,6.0,6.0,6.0,6.0,6.0,6.0,6.0,6.1,6.151333227634661,6.2,6.2,6.2,6.2,6.2,6.2,6.2,6.2,6.3,6.3,6.3,6.3,6.3,6.4,6.4,6.5,6.5,6.5,6.5,6.6,6.6,6.6,6.6,6.6,6.6,6.6,6.6,6.6,6.7,6.895247361722284,6.9,6.9,6.9,6.9,6.9,6.9,6.9,6.9,6.9,6.9,6.9,6.9,6.9,6.9,6.9,6.9,6.9,6.9,6.9,6.9,6.9,6.9,6.9,6.9,6.9,6.9,6.9,6.9,6.9,6.9,6.9,6.9,6.9,6.9,6.9,6.9,6.912277531337907,7.1,7.1,7.1,7.1,7.1,7.1,7.1,7.1,7.1,7.1,7.1,7.1,7.1,7.1,7.183063754550357,7.3,7.3,7.3,7.3,7.4,7.5,7.6,7.66271372785643,7.720743394485391,7.880147534287232,7.940990970180974,8.1,8.1,8.5,8.5,8.569487052929304,8.862752329004934,9.2,9.2,9.2,9.4,9.4,9.4,9.4,9.4,9.4,9.4,9.4,9.4,9.5,9.928175943042946,11.7,11.9,13.704362679621044
0.5,1.4,1.7,1.7286373428261779,1.9,2.0,2.0,2.0,2.0,2.0,2.0,2.0,2.1687759612645445,2.2,2.2,2.2104813919600965,2.3860145100745633,2.4,2.5,2.5,2.6,2.6,2.6,2.6,2.6,2.7,2.7,2.7,2.7,2.7,2.7,2.7,2.8,2.8,2.8,2.8,2.8,2.8,2.8,2.9,3.0,3.0,3.0,3.0,3.1,3.1,3.1,3.1,3.1,3.2,3.2,3.267234718804218,3.3,3.438454272860062,3.5,3.5,3.5,3.5,3.6,3.6,3.6,3.7,3.7,3.7,3.7,3.7,3.7,3.7,3.7,3.7,3.7,3.7,3.7,3.7,3.7,3.7,3.7,3.7,3.7,3.7,3.7,3.7,3.7,3.7,3.8,3.8,3.8,3.8,3.8,3.8,3.8,3.8,3.852870569242148,3.9,3.9,3.9,3.9,4.0,4.0,4.0,4.0,4.0,4.0,4.0,4.0,4.0,4.0,4.1,4.1,4.1,4.1,4.1,4.1,4.1,4.1,4.1,4.1,4.1,4.1,4.1,4.1,4.1,4.105449935582612,4.2,4.2,4.2,4.3,4.3,4.3,4.3,4.5,4.5,4.5,4.5,4.642480395589343,4.7,4.7,4.8,4.864269946863908,4.9,4.9,4.9,4.9,4.9,4.9,5.0,5.0,5.0,5.0,5.0,5.0,5.0,5.087355543348679,5.2,5.3,5.3,5.3,5.5,5.5,5.5,5.5,5.6,5.655172771262977,5.7,5.7,5.8,5.9,5.9904241395586215,6.0,6.0,6.0,6.1,6.1,6.1,6.1,6.1,6.1,6.1,6.1,6.2,6.2,6.2,6.2,6.2,6.2,6.2,6.5,6.5,6.6,6.6,6.7,6.700390718565365,6.8,6.9,6.9,7.0,7.1,7.6,7.6,8.0,8.725085407821005
0.5,1.4,1.4,1.4,1.4,1.5595847845743316,1.6931700645275616,1.7,1.7,1.7,1.8,1.9,1.9,1.9,1.9325549936923017,2.0,2.0,2.0,2.0,2.0,2.0,2.0,2.0,2.1,2.2,2.2,2.2,2.2,2.3,2.4,2.4,2.5,2.6,2.6,2.6,2.6,2.6,2.6,2.6,2.7,2.7,2.7,2.7,2.7,2.7,2.7,2.7,2.8,2.8,2.8,2.8,2.8,2.803105111814835,2.9,2.9,3.0,3.0,3.0,3.0,3.1,3.1,3.1,3.1,3.1,3.1,3.1275897391896876,3.2,3.2,3.2,3.3,3.3,3.3025276233258665,3.430680122839391,3.5,3.5,3.5,3.5,3.567787776252189,3.6,3.6211158526678022,3.7,3.7,3.7,3.7,3.7,3.7,3.7,3.7,3.7,3.7,3.7,3.7,3.7,3.7,3.7,3.7,3.7,3.7,3.7,3.7,3.75,3.8,3.8,3.8,3.8,3.8,3.8,3.8,3.8,3.8,3.8,3.8,3.9,3.9,3.9,4.0,4.0,4.0,4.0,4.0,4.0,4.0,4.0,4.1,4.1,4.1,4.1,4.1,4.1,4.1,4.1,4.1,4.1,4.1,4.1,4.1,4.1,4.1332926814242565,4.2,4.2,4.2,4.2,4.2,4.2,4.3,4.3,4.326701204161429,4.4,4.496894888185165,4.5,4.5,4.5,4.5,4.681809911496833,4.7,4.759932460047509,4.8,4.9,4.9,4.9,4.9,5.0,5.0,5.0,5.0,5.093593987845253,5.141531877275178,5.2,5.3,5.39121831144011,5.5,5.5962914202199325,5.7,5.705998456065578,5.8,6.0,6.0,6.0,6.003343888618275,6.1,6.1,6.1,6.1,6.1,6.2,6.2,6.2,6.2,6.2,6.2,6.2,6.2,6.2,6.5,6.6,6.720207607712837,6.8,6.9,6.929028972121694,7.533618648868258,8.117996053436809
0.5,0.8,1.0709710278782987,1.3,1.4,1.4,1.4,1.4,1.4,1.4,1.4,1.4,1.4,1.4,1.4,1.4,1.4,1.4,1.4,1.4,1.4,1.4,1.4,1.4,1.4,1.6,1.6,1.6,1.6494582816066525,1.7,1.7,1.7,1.7,1.7,1.7,1.70640601215474,1.8,1.8995538602494093,1.9,1.9,1.9,1.9,1.9,1.9,2.0,2.0,2.0,2.0,2.0,2.0,2.0,2.0,2.0,2.0,2.0,2.0,2.0,2.0,2.0,2.0,2.0,2.0,2.0,2.0,2.0,2.0,2.0,2.0,2.0,2.0,2.1,2.1,2.1,2.1,2.1862229635458164,2.2,2.2,2.2,2.2,2.2,2.2,2.2,2.2,2.225606498421527,2.3,2.3,2.4,2.4,2.45293269309945,2.5,2.5,2.6,2.6,2.6,2.6,2.6,2.6,2.676311592408004,2.7,2.7,2.7,2.7,2.7,2.8,2.8,2.8,2.8,2.8,2.9,2.9,2.9,2.9,2.9,2.972289150783877,3.0,3.0,3.0,3.07439350157847,3.1,3.1,3.1,3.1,3.1,3.1,3.1,3.1,3.1,3.1,3.1,3.1,3.1,3.1,3.2,3.2,3.2,3.3,3.3,3.3,3.3,3.3,3.3,3.3,3.3,3.4,3.4584621129678395,3.5,3.5,3.5,3.5,3.5327652811957817,3.6,3.6,3.7,3.7,3.7,3.7,3.7,3.7,3.8,3.8,3.8,3.8,3.8,3.9,3.9,3.9,4.0,4.0,4.0,4.0,4.0,4.0,4.0,4.0,4.0,4.1,4.180147534287232,4.2,4.203343888618275,4.4,4.432890268817949,4.5,4.569487052929304,4.640688082251233,4.8,4.9,4.9,5.1,5.2,5.217525236657525,5.3,5.3,5.4,5.5,5.806829935472439,5.920207607712837,6.0,6.1,6.2,6.667237297736517,7.6
1.7,5.432762702263485,6.070971027878298,7.0,7.1,7.259584784574331,7.5,7.5,7.7,8.29843712573853,8.3,8.564949526684956,8.6,8.7,8.7,8.910481391960097,9.0,9.2,9.2,9.4,9.46710973118205,9.6,9.7,9.7,9.7,9.7,9.7,9.9,9.9,9.9,9.9,10.1,10.1,10.119151720882751,10.3,10.3,10.513695032456008,10.7,11.4,11.4,11.4,11.4,11.4,11.4,11.4,11.4,11.4,11.7,11.7,11.7,11.7,11.7,11.7,11.7,11.846597591677135,11.9,11.9,11.9,11.9,11.9,11.9,11.9,11.9,11.9,11.9,11.9,11.9,11.9,11.9,11.9,11.9,11.9,11.9,12.1,12.1,12.168171263348446,12.6,12.6,12.6,12.6,12.6,12.6,12.6,12.6,12.6,12.6,12.6,12.6,12.6,12.6,12.6,12.6,12.6,12.6,12.6,12.6,12.6,12.6,12.6,12.6,12.6,12.749102844378502,12.8,12.918442037959995,13.3,13.3,13.3,13.3,13.3,13.3,13.3,13.3,13.7,13.7,13.7,13.7,13.7,13.7,13.7,13.7,13.7,13.7,13.7,13.7,13.7,13.7,13.7,13.7,13.7,13.7,13.7,13.7,13.7,13.7,13.7,13.7,13.7,13.7,14.5,14.5,14.5,14.5,14.5,14.5,14.5,14.5,14.5,14.5,14.5,14.5,14.5,14.5,14.5,15.5,15.5,15.5,15.5,15.5,15.5,15.5,15.5,15.5,15.5,15.5,15.5,16.2,16.2,16.2,16.2,16.2,16.2,16.2,16.2,16.2,16.2,16.2,16.2,16.2,16.2,16.2,16.2,18.3,18.3,18.3,18.3,18.3,18.3,18.3,18.3,18.3,18.3,18.3,18.3,18.3,18.3,18.3,18.3,18.3,18.3,18.3,18.3
1.7,2.9885084681756564,3.6,4.3,4.3,4.778754353722994,5.659020387165369,5.9,6.002283266276597,6.2,6.492866701553323,6.5,6.568775961264544,6.752055558889319,6.9,7.010481391960097,7.1,7.1,7.3,7.3,7.5,7.5,7.5,7.7,7.7,8.058513211029213,8.237286272143571,8.3,8.3,8.5,8.6,8.6,8.7,8.7,8.85846812272482,8.9,8.9,9.0,9.04482722873702,9.1,9.132920198892688,9.2,9.235845252025381,9.4,9.5,9.5,9.579445275352287,9.618190088503164,9.7,9.7,9.7,9.7,9.7,9.9,9.9,9.9,9.9,9.9,9.9,10.040499922358686,10.1,10.1,10.1,10.1,10.1,10.3,10.3,10.648498481883815,10.7,10.7,11.218747786685114,11.4,11.4,11.4,11.658668890637449,11.7,11.7,11.7,11.9,11.9,11.9,11.9,11.9,11.9,11.9,11.9,11.9,11.9,11.9,11.9,11.9,11.9,11.9,11.9,11.9,11.9,12.1,12.1,12.1,12.1,12.1,12.1,12.6,12.6,12.6,12.6,12.6,12.6,12.6,12.6,12.6,12.6,12.6,12.6,12.6,12.6,12.6,12.6,12.6,12.6,12.6,12.6,12.6,12.6,12.6,12.6,12.6,12.6,12.738639754321218,12.8,12.8,12.8,12.8,12.864376897645219,13.3,13.3,13.3,13.3,13.3,13.3,13.3,13.3,13.3,13.3,13.3,13.3,13.3,13.3,13.3,13.3,13.3,13.3,13.3,13.3,13.7,13.7,13.7,13.7,13.7,13.7,13.7,13.7,13.7,14.5,14.5,14.5,14.5,14.5,14.5,14.5,14.5,14.5,14.5,14.5,15.5,15.5,15.5,15.5,15.5,15.5,15.5,15.5,15.5,15.5,16.2,16.2,16.2,16.2,16.2,16.2,16.2,16.2,18.3,18.3,18.3,18.3,18.3,18.3,18.3,18.3,18.3
1.498363995142124,1.7,1.7,1.7,1.7,1.7,1.9795101935826847,2.0,2.0,2.0,2.0,2.1649495266849557,2.2,2.2,2.5,2.6,2.6,2.7,2.7,2.7,2.7,2.7,2.8,2.8,2.8,2.8,2.8745725442871417,3.0,3.0,3.0,3.0,3.0,3.0,3.0,3.0,3.1,3.1,3.1,3.1,3.1,3.2,3.2,3.2,3.2,3.300035875719855,3.5400675399524983,3.7,3.7,3.7,3.7,3.7,3.7,3.8,3.9,3.9,3.9,3.9,3.9,3.9,3.9,3.9,3.9,3.9,3.9,3.9,3.9,3.9,3.9,3.9,3.9,3.9,3.9,3.9,3.9,3.9,3.9,4.0,4.0,4.1,4.1,4.1,4.2,4.2,4.2,4.2,4.2,4.2,4.2,4.3,4.5,4.5,4.5,4.5,4.5,4.5,4.5,4.5,4.576311592408004,4.6,4.625448577810746,4.7,4.7,4.8,4.8,4.8,4.8,4.9,4.9,4.9,4.9,4.996926093147823,5.0,5.0,5.0,5.0,5.0,5.0,5.0,5.0,5.0,5.0,5.157768294664391,5.2,5.2,5.259180841484493,5.3,5.327554072908356,5.5,5.5,5.6,5.777679519992069,6.0,6.083583476287288,6.1,6.1,6.1,6.102676948378985,6.2,6.4,6.4,6.4,6.459500077641303,6.5,6.5,6.5,6.5,6.5,6.5,6.5,6.5,6.5,6.5,6.5,6.5,6.5,6.5,6.5,6.6,6.7,6.9,6.9,7.010726690124398,7.3,7.401338419251772,7.7,7.7,7.7,7.7,7.7,7.89121831144011,7.943198843880208,8.0,8.0,8.005998456065578,8.1,8.1,8.1,8.1,8.1,8.167282571585735,8.2,8.2,8.269487052929305,8.5,8.5,8.5,8.5,8.5,8.5,8.517525236657525,8.607133298446678,8.801172155696094,9.1,9.5,9.6,9.620207607712837,9.7,10.3,10.5,10.5,10.706544019431567
1.3989093300947493,1.7,1.7,2.0,2.0,2.0,2.0,2.4,2.5022832662765966,2.7,2.7,2.7,2.8,2.9520555588893194,3.0,3.0,3.0,3.0,3.0,3.0997417543889867,3.1,3.1,3.1,3.1,3.1,3.1,3.1,3.1,3.1,3.1,3.1,3.108781688559887,3.2,3.2,3.2,3.2,3.3,3.3,3.44482722873702,3.5,3.5,3.6,3.6,3.6,3.6,3.6,3.6,3.7,3.7,3.7,3.7,3.7,3.7,3.7,3.7,3.7,3.8,3.874963308883616,3.9,3.9,3.9,3.9,3.9,3.9,3.9,3.9,3.9,3.9,3.9,3.9,3.9,3.9,3.9,4.0,4.0,4.113634252669689,4.2,4.2,4.2,4.2,4.2,4.2,4.2,4.2,4.2,4.276920127242517,4.5,4.5,4.5,4.5,4.5,4.5,4.5,4.5,4.5,4.5,4.551708942177257,4.6,4.7,4.7,4.7,4.7,4.799111378456268,4.8,4.848291057822746,4.9,5.0,5.0,5.0,5.0,5.0,5.0,5.0,5.0,5.097623680861141,5.2,5.2,5.2,5.2,5.3,5.3,5.3,5.3,5.3,5.5,5.5,5.5,5.541424948730241,5.6,5.79494475334825,6.0,6.054593173962581,6.1,6.1,6.1,6.1,6.1,6.2,6.328539893727816,6.4,6.4,6.4,6.492054149709747,6.5,6.5,6.5,6.5,6.5,6.5,6.5,6.5,6.5,6.5,6.581809911496833,6.6,6.6,6.6,6.7,6.864154747974613,6.9,6.9,7.0,7.055172771262977,7.3,7.3,7.3,7.541531877275179,7.7,7.7,7.7,7.8,7.8,7.9,8.0,8.0,8.0,8.0,8.0,8.003343888618275,8.1,8.1,8.1,8.1,8.140688082251232,8.2,8.2,8.2,8.2,8.3,8.5,8.5,8.5,8.5,8.5,8.5,8.6,8.841060866411858,9.04272531434765,9.5,9.6,10.5
0.5,0.8663813511317425,1.2,1.2572746856523558,1.4,1.4,1.5,1.500363130524173,1.6,1.6,1.6,1.6,1.6,1.6,1.6,1.7,1.7,1.7,1.8,1.8,1.8,1.8,1.8,1.9,1.9,1.9,2.0,2.0,2.0,2.0,2.0,2.0,2.0,2.0,2.0,2.0,2.0,2.0,2.0,2.0,2.0,2.0,2.0,2.0,2.0,2.0,2.0,2.0,2.0,2.0,2.0,2.0,2.0,2.0,2.0,2.0,2.0,2.0,2.0,2.0,2.0,2.0,2.0,2.0,2.0,2.0,2.0,2.0,2.0,2.0,2.0,2.0,2.0,2.0,2.0,2.0,2.0,2.0,2.0,2.0,2.0,2.0,2.0,2.0,2.0,2.0,2.0,2.0,2.0,2.0,2.0,2.0,2.0,2.0,2.2,2.2,2.2,2.2,2.3008886215437285,2.4,2.4,2.5,2.5991113784562687,2.6,2.6,2.6,2.7,2.7,2.7,2.7,2.7,2.7,2.7,2.7,2.7,2.7,2.7,2.7,2.8,2.8,2.8,2.8,2.8,2.8,2.9,2.9,2.9,2.9,2.9,2.997472376674125,3.0,3.0,3.0,3.0,3.0,3.0724102608103183,3.1,3.1,3.1,3.1,3.1,3.2,3.2,3.2,3.2,3.3,3.3,3.3,3.3,3.3,3.4,3.4,3.5436777716743393,3.6,3.6,3.7,3.7,3.7,3.7,3.7,3.7,3.7,3.755172771262977,3.8,3.9,3.9,3.9,3.9,3.9,3.9,3.9,3.9,4.0,4.0,4.0,4.0,4.1,4.2,4.2,4.2,4.2,4.3,4.3,4.3406880822512335,4.4,4.489518608039907,4.667445006307696,4.747944441110684,4.931224038735451,5.2,5.3071332984466775,5.5,5.6,5.8,5.8136598709448775,6.220207607712837,6.541060866411857,6.971362657173825,7.429028972121694,7.877872882956086,8.20163600485789
0.49836399514212393,0.6442542340878283,0.9,0.9,1.0,1.2,1.2,1.3,1.3,1.3996092814346326,1.4,1.4,1.4,1.4,1.4,1.4,1.4,1.4,1.4305129470707023,1.5997417543889867,1.6,1.6,1.6,1.6,1.6,1.6,1.637286272143571,1.7,1.7,1.7,1.7,1.7,1.7,1.7,1.7,1.70640601215474,1.9,1.9,2.0,2.0,2.0,2.0,2.0,2.0,2.0,2.0,2.0,2.0,2.0,2.0,2.0,2.0,2.0,2.0,2.0,2.0,2.0,2.0,2.0,2.0,2.0,2.0,2.0,2.0,2.0,2.0,2.0575196044106634,2.1,2.1,2.1,2.174106826669302,2.2,2.230680122839391,2.3,2.3,2.3,2.3,2.3,2.3,2.3,2.3474948492296104,2.4,2.4997307358156036,2.5,2.5,2.5,2.6,2.6,2.6,2.6,2.6,2.6,2.6,2.6,2.6,2.6,2.6,2.7,2.7,2.7,2.7,2.7,2.7,2.8,2.8,2.8,2.8,2.8,2.8,2.8,2.8,2.8,2.84706730690055,2.9,2.9,2.9,2.9,2.9,2.9002692641843906,3.0,3.0,3.0,3.0,3.0,3.1,3.1,3.1,3.1,3.1,3.1,3.1,3.1,3.1,3.1,3.1,3.1,3.1,3.1,3.164269946863908,3.2,3.2,3.3,3.3,3.3,3.3,3.3,3.3,3.3,3.3,3.3327652811957815,3.4,3.4,3.5,3.5,3.5,3.559932460047509,3.6,3.6,3.6,3.6,3.6,3.6,3.6,3.6,3.6,3.6,3.7,3.790424139558621,3.8,3.8,3.8,3.8,3.8,3.9,3.9,3.9,3.9,3.9409909701809736,4.0,4.067282571585736,4.2,4.2,4.2,4.2,4.3,4.4,4.6,4.7,4.9,4.9,4.907133298446678,5.1,5.1,5.299273738951649,5.3,5.3,5.464243465647428,5.9,6.0,6.533618648868258,8.515814713626288
0.2,0.6,0.6,0.828637342826178,0.9,0.9,0.9931700645275615,1.2,1.2,1.2,1.2928667015533228,1.3,1.3,1.3520555588893195,1.4,1.4,1.4,1.4,1.4,1.4,1.4,1.5,1.6,1.6,1.6,1.6,1.6,1.6,1.7,1.7,1.7,1.7,1.7,1.7,1.7,1.7,1.7,1.7,1.8,1.8,1.9,1.9,1.9,1.9,2.0,2.0,2.0,2.0,2.0,2.0,2.0,2.0,2.0,2.0,2.0,2.0,2.0,2.0,2.0,2.0,2.0,2.0,2.0,2.0,2.0,2.0,2.0,2.1,2.1,2.1,2.1,2.2,2.2,2.3,2.3,2.3,2.3,2.3,2.3,2.4,2.4,2.4,2.4,2.5,2.5,2.5,2.5,2.5,2.6,2.6,2.6,2.6,2.6,2.6,2.6,2.6,2.6,2.6,2.6,2.6,2.6500000000000004,2.7,2.7,2.7,2.8,2.8,2.8,2.8,2.8,2.8,2.8,2.9,2.9,2.9,2.9,2.9,2.9,2.9,2.9,2.926303351929255,3.0,3.0,3.0,3.0,3.1,3.1,3.1,3.1,3.1,3.1,3.1,3.1,3.1,3.1,3.1,3.1,3.1,3.1,3.2,3.2,3.3,3.3,3.3,3.3,3.3,3.3,3.3,3.3,3.4,3.4327652811957816,3.5,3.5,3.6,3.6,3.6,3.6,3.6,3.6,3.6,3.6,3.6,3.6,3.6,3.6,3.6,3.7,3.8,3.8,3.8,3.9,3.9,3.9,3.9,4.0,4.0,4.1,4.180147534287232,4.2,4.2,4.2,4.2,4.2,4.369487052929304,4.6,4.9,4.9,4.9,5.1,5.1,5.1,5.207133298446678,5.3,5.3,5.3,5.3,5.3,5.3,5.585450628695298,6.029028972121694,6.3,6.70981602914735
0.2,0.2,0.2,0.5,0.5,0.5,0.5,0.5,0.5,0.5,0.5,0.5,0.5,0.5,0.5,0.5,0.5,0.5,0.5305129470707023,0.6,0.6,0.6,0.6,0.6,0.6,0.6,0.6,0.6,0.6,0.6,0.6,0.6,0.6,0.6,0.6,0.6,0.6,0.6,0.6,0.6,0.6,0.6,0.6,0.6,0.6,0.6,0.6,0.6,0.6,0.6,0.6,0.6,0.6,0.6,0.6,0.6,0.6,0.6,0.6,0.6,0.6,0.6,0.6,0.6,0.7,0.7,0.7,0.7,0.7,0.7,0.7,0.7,0.7,0.7,0.7,0.7,0.7,0.7,0.7,0.8,0.8,0.8,0.8,0.8,0.8,0.8,0.8,0.8,0.8,0.8,0.9,0.9,0.9,0.9,0.9,0.9,0.9,0.9,0.9,0.9,0.9,0.9,0.9,0.9,0.9,0.9,1.0,1.0,1.0471294307578547,1.1,1.1,1.1,1.1,1.1,1.1,1.1,1.148666772365334,1.2,1.2,1.2,1.2,1.2,1.2,1.2,1.2,1.2,1.2,1.2,1.2,1.2,1.2,1.2,1.2,1.2,1.3,1.3,1.3,1.3,1.3,1.3,1.3,1.3,1.3,1.3,1.3,1.3,1.3,1.3,1.3968948881851644,1.4,1.4,1.5,1.6,1.6,1.6,1.6,1.7,1.7,1.7,1.7,1.7,1.7,1.7,1.7,1.746576241885998,1.8,1.841531877275179,1.9,1.9,1.9,2.0,2.0,2.0,2.0,2.0,2.0,2.0,2.0,2.0,2.0,2.1,2.1,2.2,2.3,2.3,2.3,2.3,2.3,2.3312240387354506,2.4,2.6,2.8,2.9,3.0996368694758245,3.1,3.3404152154256734,3.5,3.571362657173825,3.729028972121694,4.1,4.401636004857892
1.6994546650473745,1.7,1.7,2.1145493713047117,2.7,2.8,2.8,2.9,2.9,2.9,2.9,2.9,2.9687759612645443,3.1,3.1,3.1,3.1,3.1,3.1,3.199741754388987,3.2,3.2,3.2,3.2,3.2,3.2792566055146066,3.3,3.4,3.4,3.4037085797800697,3.5,3.5,3.5,3.6,3.6,3.6,3.6,3.6,3.6,3.6,3.6,3.6,3.7,3.7,3.7,3.7,3.8,3.8,3.8563222283256664,3.9,3.9,3.9,3.9,3.9,3.9,4.0,4.0,4.0,4.0,4.0,4.0,4.1,4.2,4.2,4.297323051621021,4.4,4.4,4.5,4.5,4.5,4.5,4.5,4.5,4.5,4.5,4.5,4.5,4.5,4.5,4.5,4.5,4.573696648070737,4.6,4.6,4.6,4.676920127242516,4.7,4.8,4.8,4.9,4.9,4.9,5.0,5.0,5.0,5.0,5.1,5.176311592408004,5.2,5.2,5.25,5.3,5.3,5.3,5.3,5.3,5.3,5.4,5.4,5.471989073708892,5.5,5.5,5.5,5.5,5.5,5.5,5.5,5.5,5.5,5.5,5.5,5.5,5.605449935582612,5.7,5.7,5.7,5.7,5.7,5.7,5.7,5.7,5.7,5.7,5.7,5.7,5.844820521620637,5.9,5.9,5.9,6.0,6.1,6.1,6.1,6.2,6.2,6.2,6.2,6.261545727139935,6.3,6.3,6.3,6.4,6.4,6.4,6.4,6.4,6.499964124280138,6.5,6.5,6.524205258435956,6.6,6.6,6.6,6.6,6.6,6.6,6.6,6.6,6.6,6.7,6.7,6.896291420219933,6.9,7.0,7.0,7.0,7.0,7.040990970180974,7.1,7.1,7.632890268817948,7.7,7.8,7.8406880822512335,8.0,8.1,8.1,8.2,8.693672116206352,8.9,9.12853319378671,9.500390718565365,9.697716733723398,9.9,9.9,10.3,10.5,10.7,12.54354345818254,14.5,15.515269378673656
1.6994546650473745,1.7,1.7,1.7859120284785337,2.4,2.7797923922871655,2.8,2.8,2.9,2.9,2.9,2.9,3.1,3.1,3.1,3.1,3.1,3.1,3.2,3.2,3.2,3.3,3.3,3.3,3.4,3.4,3.5,3.5,3.5,3.5,3.5,3.6,3.6,3.6,3.6,3.6,3.6,3.6,3.6,3.7,3.7,3.7,3.7,3.8,3.8,3.8,3.9,3.9,3.9,3.9,3.9,3.9,3.903105111814835,4.0,4.0,4.0,4.0,4.174963308883616,4.2,4.2,4.2726395696227595,4.3,4.335730053136092,4.4,4.4,4.5,4.5,4.5,4.5,4.5,4.5,4.5,4.5,4.5,4.5,4.5,4.5,4.5,4.6,4.6,4.6,4.6,4.6,4.7,4.7,4.8,4.9,4.9,4.95293269309945,5.0,5.0,5.0,5.0,5.077661541373566,5.1,5.2,5.2,5.2,5.3,5.3,5.3,5.3,5.3,5.3,5.448291057822746,5.5,5.5,5.5,5.5,5.5,5.5,5.5,5.5,5.5,5.5,5.5,5.548666772365334,5.6,5.6,5.6,5.7,5.7,5.7,5.7,5.7,5.7,5.7,5.7,5.7,5.7,5.7,5.7,5.8835834762872885,5.9,6.042480395589342,6.1,6.2,6.2,6.2,6.2,6.227360430377234,6.3,6.3,6.325036691116378,6.4,6.4,6.4,6.4,6.4,6.5,6.5,6.6,6.6,6.6,6.6,6.6,6.6,6.6,6.6,6.6,6.6,6.6,6.7,6.7,6.846576241885998,6.9,6.9,6.9,6.9,6.9,7.0,7.0,7.0,7.0,7.062713727856431,7.1,7.1,7.181981940361947,7.603343888618275,7.7,7.8,7.800516491222038,8.0,8.1,8.113985489925437,8.2,8.667445006307695,8.8,8.831224038735451,8.9,9.507133298446679,9.9,9.9,10.499273738951649,10.7,11.541453253989857,12.1,12.714087971521474,13.046746263034397,14.5,15.515269378673656
1.0994546650473747,1.2,1.4854855139391492,1.6,1.6,1.6,1.6,1.7,1.8,1.8,2.0,2.2474242900274333,2.4,2.4,2.4,2.4,2.4,2.4,2.4,2.4,2.4,2.4,2.4,2.4,2.4,2.4,2.4,2.4,2.4,2.4037085797800697,2.5,2.608781688559887,2.7,2.7,2.8,2.8,2.8,2.8,2.9,2.9,2.9,2.9,3.0,3.0,3.0,3.0400675399524983,3.1,3.1,3.1,3.1,3.1,3.2,3.2,3.2,3.2,3.2,3.2,3.2,3.2,3.2,3.2,3.3,3.3,3.3,3.3,3.3,3.3,3.3,3.3,3.3,3.3,3.3,3.3,3.3,3.3,3.3,3.3,3.3,3.3,3.3,3.4,3.4,3.4,3.5,3.5,3.5,3.5,3.5,3.6,3.6,3.6,3.6,3.6,3.6,3.6023925098791607,3.7,3.7,3.7,3.8,3.8,3.8,3.8,3.8991113784562685,3.9,3.9,3.9,3.9,3.9,3.9,3.9,3.9,4.0,4.0,4.0,4.0,4.0,4.0,4.0,4.0,4.0,4.1,4.1,4.105449935582612,4.2,4.2,4.2,4.2,4.3,4.3,4.3,4.3,4.4,4.4,4.412875379529044,4.5,4.5,4.5,4.5,4.5,4.5,4.5,4.5,4.6,4.6,4.7,4.7,4.726701204161429,4.861545727139935,4.9,4.9,4.9,5.0,5.0,5.081809911496833,5.1,5.1,5.1,5.1,5.2,5.2,5.2670798011073146,5.3,5.4,5.5,5.5,5.6,5.6,5.6,5.7,5.7,5.7,5.7,5.8,5.8,5.8,6.0,6.0,6.0,6.003343888618275,6.1,6.1,6.2,6.2,6.2,6.3,6.3,6.4,6.6,6.6,6.7,6.8,7.1,7.295433467446799,7.699273738951649,7.8,7.8,8.187426064882999,9.171362657173823,9.529028972121694,11.657457659121723,12.809270694194721
2.2983639951421235,2.9,3.1,3.1,3.3589391335881382,3.4,3.6,3.6,3.604566532553193,3.8,3.8,3.9,4.0,4.0,4.1,4.1,4.1,4.159311917748766,4.2,4.3,4.3,4.4,4.4,4.459009029819025,4.5,4.5,4.5,4.5,4.5,4.5,4.5,4.5,4.5,4.5,4.558468122724821,4.7,4.7,4.7,4.7,4.7,4.732920198892688,4.8,4.8,4.9,4.9,4.9,4.9,4.9,4.9,4.9,4.9,4.9,4.9,4.9,4.9,4.9,4.9,4.9,4.9,4.9,5.0,5.0,5.0,5.0,5.0,5.0,5.0,5.0,5.0,5.0,5.0741068266693015,5.1,5.2,5.25857505126975,5.3,5.313634252669689,5.4,5.4,5.4,5.4,5.4,5.4,5.4,5.4,5.45133322763466,5.5,5.5,5.5,5.5,5.5,5.5,5.5,5.6,5.6,5.6,5.6,5.6,5.6,5.6,5.6,5.6,5.6,5.6,5.6,5.6,5.6,5.6,5.6,5.6,5.6,5.6,5.7,5.7,5.7,5.7,5.7,5.7,5.7,5.7,5.7,5.7,5.7,5.7,5.7,5.7,5.7,5.7,5.7,5.7,5.7,5.7,5.7,5.7,5.7,5.7,5.7,5.7,5.7,5.7,5.7,5.7,5.7,5.7,5.7,5.7,5.7,5.9,5.9,5.9,5.932765281195782,6.0,6.1,6.2,6.2,6.2,6.2,6.3,6.3,6.5,6.5,6.567079801107314,6.6,6.6,6.6,6.6,6.6,6.6,6.6,6.7,6.7,6.8,6.8,6.9,6.9,6.9,6.9,6.9,7.1,7.1,7.1,7.1,7.1,7.1,7.1,7.127970979850875,7.3,7.3,7.6,7.7,7.717525236657525,7.8071332984466775,7.9,7.9,7.9,7.9,8.1,8.364243465647426,9.170901257390597,10.014514486060847,10.1,10.1
2.298909330094749,2.444254234087828,2.785485513939149,2.928637342826178,3.0589391335881384,3.1,3.1,3.1,3.1,3.299218562869265,3.3,3.3,3.4,3.4,3.4651099873846034,3.6,3.6,3.6,3.7305129470707024,3.8,3.8,3.8,3.8,3.8,3.8,3.8,3.8,3.894001543934421,3.9,4.0,4.0,4.0,4.0596931090198405,4.1,4.1,4.1,4.1,4.1,4.1,4.2,4.2,4.3,4.317922626012691,4.4,4.4,4.4,4.4,4.4,4.4,4.4,4.5,4.5,4.5,4.5,4.5,4.5,4.5,4.5,4.5,4.5,4.5,4.5,4.5,4.566707318575743,4.697323051621021,4.7,4.7,4.7,4.8,4.8,4.8,4.9,4.9,4.9,4.9,4.9,4.9,4.9,4.9,4.9,4.947494849229611,5.0,5.0,5.0,5.0,5.0,5.0,5.0,5.0,5.0,5.0,5.0,5.0,5.0,5.0,5.0,5.0,5.076311592408004,5.1,5.2,5.3,5.3,5.3,5.4,5.4,5.4,5.4,5.4,5.4,5.4,5.496926093147823,5.5,5.54706730690055,5.6,5.6,5.6,5.6,5.6,5.6,5.6,5.6,5.6,5.6,5.6,5.6,5.6,5.6,5.6,5.7,5.7,5.7,5.7,5.7,5.7,5.7,5.7,5.7,5.7,5.7,5.7,5.7,5.7,5.7,5.7,5.7,5.7,5.7,5.7,5.7,5.7,5.7,5.7,5.7,5.7,5.7,5.7,5.7,5.7,5.7,5.7,5.7,5.910726690124398,6.0,6.0,6.0,6.0,6.1,6.1,6.2,6.2,6.2,6.2,6.3,6.3,6.3,6.5,6.5,6.6,6.6,6.6,6.6,6.7,6.869487052929304,6.9,6.9,6.9,7.1,7.1,7.1,7.1,7.114266596893355,7.300390718565365,7.6,7.699636869475825,7.806829935472439,7.9,7.9,7.9,8.345144860608467,9.477872882956087,10.1
0.5,0.6221271170439141,0.8,0.8,0.8589391335881382,1.0797923922871657,1.1,1.2,1.2022832662765963,1.3,1.3,1.3,1.3,1.3,1.3,1.3,1.3,1.4,1.4,1.4,1.4,1.4,1.4,1.4,1.5,1.579256605514607,1.6,1.6,1.6,1.6,1.6568011561197948,1.7,1.7,1.7,1.7,1.7,1.7,1.7,1.7,1.7,1.7329201988926883,1.8,1.8,1.859328465857746,1.9,1.9,1.9794452753522875,2.0,2.0,2.0,2.0,2.0,2.0,2.0,2.0,2.0,2.0,2.0,2.0,2.0,2.0,2.0,2.0,2.0,2.0,2.0,2.0,2.0,2.0,2.0,2.0,2.1,2.1,2.1,2.1,2.1,2.1,2.1,2.1,2.1,2.1,2.1,2.1,2.125606498421527,2.2513332276346603,2.3,2.3,2.3277108492161203,2.4,2.4,2.4,2.4,2.4,2.4,2.4,2.4,2.4,2.4,2.4,2.4,2.45,2.5,2.5,2.6,2.6,2.6,2.6,2.6,2.6,2.6,2.6,2.6,2.6,2.6,2.6,2.6,2.6,2.7,2.7,2.7263033519292548,2.8,2.8,2.8,2.8,2.8,2.8,2.8,2.8,2.8,2.8,2.8,2.8,2.8,2.8,2.8,2.8,2.8,2.8,2.8,2.8,2.8,2.8,2.8,2.8,2.8,2.8,2.8,2.8,2.8,2.8,2.8,2.8,2.8,2.8,2.8,2.8599324600475087,2.9,2.9,2.9,2.9,2.9,2.9,2.9,2.9004461397505907,3.0,3.0,3.0,3.0,3.0,3.0,3.0,3.0,3.1,3.1,3.162713727856431,3.2,3.2,3.2,3.3,3.3,3.3657805376358962,3.5,3.5,3.7406880822512334,3.8,3.8,3.8,3.8,3.9,3.9,4.007133298446678,4.1,4.1,4.1,4.1,4.1,4.2,4.2,4.4,4.8672372977365175,5.300545334952631
2.8978186601894986,3.2,3.3,3.4,3.7,3.9,3.9,4.1,4.202283266276597,4.3,4.4,4.4,4.4,4.5,4.565109987384604,4.8,4.886014510074563,4.9,4.9,4.999741754388987,5.1,5.232717428414268,5.3,5.3,5.4,5.4,5.5,5.5,5.5,5.5,5.6,5.6,5.6,5.6,5.6,5.7,5.7,5.7,5.7,5.7,5.7,5.8,5.9,5.9,5.9,5.9,5.9,5.918190088503164,6.056322228325667,6.1,6.1,6.2,6.2,6.2,6.2,6.2076547858228315,6.4,6.5,6.5,6.5,6.5,6.5,6.5,6.5,6.5,6.5,6.5,6.6,6.6,6.6,6.6,6.6,6.7,6.7,6.8,6.8,6.8,6.8,6.9,6.9,6.9,6.9,6.9,6.9,6.9,7.1,7.1,7.1,7.1,7.1,7.1,7.1,7.1,7.1,7.1,7.1,7.1,7.1,7.101777243087457,7.3,7.3,7.3,7.3,7.3,7.3,7.3,7.3,7.3,7.3,7.3,7.396926093147823,7.443898476527977,7.6,7.6,7.6,7.7,7.7,7.7,7.7,7.7,7.7,7.7,7.8,7.8,7.8,7.8,7.9,8.041424948730242,8.1,8.1,8.1,8.154593173962581,8.2,8.3,8.3,8.3,8.3,8.3,8.428539893727816,8.595621510063717,8.6,8.6,8.6,8.625036691116378,8.7,8.792345214177164,9.0,9.0,9.0,9.1,9.16917401898113,9.406138765668954,9.5,9.5,9.5,9.5,9.6,9.6,9.6,9.6,9.6,9.6,9.6,9.6,9.6,9.7,9.7,9.9,9.9,9.9,9.9,9.9,10.0,10.0,10.1,10.1,10.1,10.1,10.1,10.1,10.1,10.1,10.1,10.2,10.3,10.3,10.5,10.6,10.6,11.452575709972574,12.6,12.6,12.6,12.6,12.6,13.3,13.3,13.3,13.7,15.10171189320955,18.1
1.798363995142124,2.0,2.3,2.628637342826178,2.7,2.8,2.9,2.900363130524173,3.1,3.1,3.1,3.1,3.268775961264544,3.3,3.3,3.3,3.3,3.4,3.4,3.5,3.6,3.632717428414268,3.7966561113817305,3.8,3.8,3.8,3.8,3.8,3.8494582816066525,3.9,3.9,3.9,3.959693109019841,4.0,4.058468122724821,4.1,4.1,4.1,4.1,4.1,4.232920198892688,4.3,4.4,4.5,4.5,4.5,4.5,4.5,4.6,4.6,4.730825981018876,4.8,4.8,4.8,4.8,4.807654785822831,4.9,4.9,4.9,4.9,4.9,4.9,4.935730053136092,5.0,5.0,5.027589739189687,5.1,5.1,5.1,5.1,5.1,5.1,5.1,5.1,5.286222963545816,5.3,5.3,5.3,5.3,5.4,5.4,5.4,5.4,5.4,5.4,5.4,5.4,5.4,5.4,5.4,5.4,5.4,5.4,5.5,5.5,5.5,5.5,5.5,5.5,5.5,5.5,5.57455142218925,5.6,5.6,5.6,5.672927891550574,5.7,5.7,5.7,5.7,5.7,5.7,5.7,5.7,5.7,5.7,5.7,5.7,5.700269264184391,5.8,5.8,5.8,5.8,5.832212223747814,5.9,5.9,5.9,5.9,5.9,5.9,6.0,6.0,6.0,6.0,6.0,6.0,6.0,6.0,6.0,6.1,6.127360430377235,6.2,6.2,6.2,6.2,6.2,6.2,6.2,6.3,6.5,6.5,6.6,6.6,6.6,6.6,6.6,6.699964124280138,6.7,6.8,6.8,6.8,6.8107266901243975,6.9,6.9,6.9,6.9,7.0,7.1,7.1,7.1,7.1,7.1,7.3,7.3,7.3,7.3,7.3,7.3,7.3,7.3,7.3,7.3,7.3,7.3,7.4,7.6,7.6,7.6,7.631224038735451,7.7,7.814266596893355,8.10078143713073,8.6,9.397458086330772,10.0,10.0,10.1,10.1,10.1,10.177872882956086,11.9196320582947
1.4994546650473746,1.8,2.0,2.3,2.3,2.4797923922871656,2.693170064527562,2.8,2.8,2.9,2.9,2.982474763342478,3.0,3.1,3.1,3.1,3.1,3.1,3.2305129470707024,3.3,3.3,3.3,3.3,3.3,3.4,3.4,3.5,3.5,3.6,3.6,3.6,3.7,3.7,3.709575860441376,3.8,3.8,3.8,3.8,3.8,3.8,3.8,3.8,3.9,3.9,3.9,3.9,3.9,3.9,3.9,3.993861234331038,4.030825981018876,4.1,4.1,4.1,4.1,4.3,4.3,4.4,4.4,4.440499922358685,4.5,4.5,4.5,4.5,4.597323051621021,4.6,4.7,4.787124620470953,4.8,4.8,4.8,4.8,4.9,4.9,4.9,4.9,4.9,4.9,5.0,5.0,5.0,5.1,5.1,5.1,5.1,5.1,5.1,5.1554216984322405,5.3,5.3,5.3,5.328010926291105,5.4,5.4,5.4,5.4,5.4,5.4,5.4,5.4,5.4,5.4,5.4,5.4,5.4,5.4,5.497607490120839,5.5,5.5,5.5,5.5,5.5,5.6,5.6,5.6,5.6,5.648666772365334,5.7,5.7,5.7,5.7,5.7,5.7,5.7,5.759180841484493,5.8,5.8,5.8,5.8,5.8,5.9,5.9,5.9,5.9,5.942480395589342,6.0,6.0,6.0,6.0,6.0,6.0,6.0,6.0,6.025036691116378,6.1,6.1,6.126701204161429,6.2,6.2,6.2,6.2,6.2,6.2,6.2,6.220554724647712,6.459932460047509,6.5,6.540671534142251,6.6,6.6,6.6,6.6,6.6,6.6004461397505905,6.7,6.793593987845253,6.8,6.9,6.9,6.9,6.9,6.9,6.9,7.0,7.1,7.1,7.1,7.1,7.10668777723655,7.3,7.3,7.3,7.3,7.3,7.3,7.3,7.3,7.347944441110684,7.4,7.6,7.6,7.6,7.795433467446799,7.999636869475824,8.7,9.521245646277022,10.0,10.0,10.1,10.1,11.720722728199961
1.6994546650473745,2.0442542340878282,2.5709710278782985,2.8,2.8,3.0797923922871657,3.1,3.1,3.2,3.3996092814346324,3.492866701553323,3.6,3.7,3.7,3.832554993692302,3.9,3.9,4.0,4.030512947070702,4.499741754388987,4.56710973118205,4.6,4.6,4.659009029819025,4.719852465712776,4.8,4.8,4.8,4.8,4.8,4.8,4.8,4.8,4.8,4.858468122724822,4.9,5.0,5.0,5.0,5.0,5.1329201988926885,5.275794741564042,5.317922626012691,5.4,5.5,5.5,5.7,5.7,5.9,6.093861234331038,6.1,6.1,6.1,6.1,6.1,6.1,6.1,6.1,6.1,6.1,6.1,6.2,6.2,6.2,6.297323051621021,6.3,6.357519604410664,6.4,6.4,6.4,6.4,6.4,6.4,6.4,6.4,6.5,6.5,6.5,6.5,6.5,6.5,6.6,6.6,6.6,6.6,6.6,6.6,6.7,6.7,6.856101523472029,6.9,6.9,6.9,6.9,6.9,6.9,6.9,6.9,6.900888621543729,7.0,7.0,7.0,7.0,7.0,7.0,7.0,7.0,7.022338458626433,7.1,7.1,7.293852186295646,7.3,7.3,7.372289150783877,7.4,7.4,7.448666772365335,7.57439350157847,7.7,7.7,7.7,7.7,7.7,7.7,7.7,7.7,7.7,7.7,7.7,7.7,7.8,7.8,7.8,7.8,7.842480395589343,7.9,8.0,8.0,8.0,8.0,8.0,8.1,8.1,8.125036691116378,8.2,8.2,8.353402408322859,8.5,8.5,8.5,8.5,8.5,8.5,8.5,8.5,8.5,8.5,8.5,8.5,8.5,8.5,8.5,8.5,8.5,8.5,8.5,8.5,8.5,8.5,8.5,8.5,8.5,8.5,8.5,8.6,8.6,8.6,8.6,8.6,8.734565143171471,8.9,8.9,9.038974105858609,9.1,9.1,9.458074432159629,9.6,9.7,9.7,9.7701009466301,10.1,10.1,10.495433467446798,10.5,10.5,10.5,10.5,10.7,10.7,11.4,12.615814713626287
1.4,2.0,2.3709710278782983,2.628637342826178,2.8,3.0797923922871657,3.1,3.2,3.4,3.4996092814346325,3.592866701553323,3.6,3.6,3.7,3.7,3.7,3.9,4.0,4.030512947070702,4.1,4.3,4.5,4.6,4.6,4.6,4.679256605514607,4.737286272143571,4.8,4.8,4.8,4.8,4.8,4.8,4.8,4.8,4.806406012154739,4.953423758114002,5.0,5.04482722873702,5.1,5.2,5.2,5.3,5.4,5.5,5.5,5.579445275352287,5.7,5.8,6.0,6.1,6.1,6.1,6.1,6.1,6.1,6.1,6.1,6.107945850290252,6.2,6.3,6.3,6.4,6.4,6.4,6.4,6.457519604410663,6.5,6.5,6.5,6.5,6.5,6.5,6.6,6.6,6.6,6.6,6.6,6.6,6.7,6.7,6.8,6.899730735815604,6.9,6.9,6.9,6.9,6.9,6.9,6.9,6.9,6.9,6.9,6.9,6.9,7.0,7.0,7.0,7.0,7.0,7.05,7.1,7.1,7.1,7.1,7.1,7.295214980241679,7.3,7.347129430757855,7.4,7.4,7.5,7.5,7.5,7.5,7.5,7.5,7.57439350157847,7.7,7.7,7.7,7.7,7.7,7.7,7.7,7.7,7.7,7.7,7.7,7.7,7.7,7.754593173962581,7.8,7.8,7.9,7.9,8.0,8.0,8.0,8.0,8.0,8.0,8.0,8.0,8.0,8.1,8.12670120416143,8.2,8.5,8.5,8.5,8.5,8.5,8.5,8.5,8.5,8.5,8.5,8.5,8.5,8.5,8.5,8.5,8.5,8.5,8.5,8.5,8.5,8.5,8.6,8.6,8.6,8.6,8.6,8.6,8.6,8.780147534287233,8.9,8.9,8.9,9.1,9.1,9.1,9.1,9.1,9.1,9.1,9.5,9.7,9.7701009466301,10.1,10.1,10.1,10.1,10.1,10.5,10.5,10.7,10.7,10.7,11.406544019431568
1.098363995142124,1.4,1.4,1.5,1.5,1.6797923922871658,1.7,1.8,1.9,1.9996092814346327,2.0,2.1,2.2,2.2,2.432554993692302,2.5,2.5,2.6,2.6,2.7,2.8,2.8,2.8,2.8,2.8,2.8,2.8,2.8,2.8,2.8,2.8,2.8,2.8596931090198408,2.9,2.9,2.9,2.9,2.9,2.9,2.9,2.9,2.9,2.9,3.018656931715492,3.1,3.1,3.1,3.1,3.1,3.193861234331038,3.3,3.3,3.3,3.3,3.3,3.3,3.3,3.3,3.3,3.3,3.3,3.4,3.435730053136092,3.6,3.6,3.6,3.6,3.6,3.6,3.6,3.6,3.6,3.6,3.6,3.6,3.6,3.640819158515501,3.7,3.7,3.7,3.7,3.7,3.7,3.7,3.7,3.7,3.8,3.8,3.8,3.8,3.8,3.8,3.8,3.8,3.8023925098791604,3.9,3.9,3.9,4.0,4.0,4.0,4.0,4.0,4.0,4.0,4.0,4.0,4.0,4.0,4.0,4.1,4.1,4.14706730690055,4.2,4.2,4.2,4.2,4.2,4.2,4.2,4.2,4.2,4.3,4.3,4.3,4.3,4.3,4.4,4.4,4.497472376674125,4.5,4.554593173962581,4.6,4.6,4.6,4.6,4.6,4.6,4.6,4.6,4.6,4.6,4.6,4.6,4.6,4.6,4.6,4.6,4.6,4.7,4.7,4.8,4.8,4.8,5.0,5.0,5.099964124280137,5.1,5.1,5.1,5.1,5.110726690124397,5.2,5.2,5.2,5.2,5.2,5.2,5.240306890980156,5.3,5.3,5.3,5.3,5.311996912131155,5.5,5.8,5.8,5.8,5.8,5.8672825715857355,6.0,6.200258245611019,6.3,6.4,6.4,6.5,6.567445006307696,6.6,6.7,6.817525236657525,6.9,6.9,6.9,7.1,7.113659870944877,7.4,7.5,7.7,8.158057944243387,9.08936441478043,10.107089354384197
0.5,0.8,0.9,1.4,1.4,1.5797923922871657,1.6,1.6,1.7,1.7,1.7,1.7,1.7,1.7,1.7,1.8,1.9,1.9,1.9,1.9,1.9,2.0,2.0,2.0,2.0,2.0,2.0,2.1,2.1494582816066528,2.20370857978007,2.3,2.4,2.459693109019841,2.5,2.5,2.5,2.5,2.5,2.5,2.5,2.6,2.6,2.617922626012691,2.7,2.7,2.7400675399524985,2.8,2.8,2.8,2.9,3.0,3.0,3.0,3.0,3.0,3.0,3.0,3.0,3.1,3.1,3.1,3.1,3.1,3.1,3.1,3.1,3.1,3.1,3.1,3.1,3.1,3.1,3.2,3.2,3.2,3.2,3.3,3.3,3.3,3.3,3.3,3.3,3.3,3.3,3.3,3.4,3.4,3.4,3.4,3.5780507617360144,3.6,3.6,3.6,3.6,3.7,3.7,3.8,3.8,3.8,3.8,3.8,3.8745514221892505,3.9,3.9,3.9,3.9,3.9,3.9,3.9,3.9,3.9,3.9,3.9,3.9,3.9,3.9,3.9,3.9,4.0,4.0,4.0,4.0,4.0,4.0,4.0,4.0,4.0,4.0,4.0,4.0,4.0,4.0,4.0,4.012875379529044,4.1,4.172410260810318,4.2,4.233292681424257,4.3,4.395621510063717,4.4,4.4,4.4,4.5,4.5,4.5,4.5,4.5,4.5,4.5,4.5,4.5,4.5,4.5,4.5,4.5,4.5,4.5,4.5,4.5,4.5,4.5,4.5,4.5,4.546576241885998,4.6,4.6,4.780848279117242,4.8,4.8,4.8,4.8,4.8,4.8,4.8,4.9,5.0,5.0,5.0,5.0,5.0,5.0,5.0,5.0,5.0,5.0,5.067445006307696,5.147944441110684,5.456120193677253,6.4,6.507133298446678,6.7,6.7,6.7,7.413659870944878,7.8,8.0,8.1,8.3,10.300855946604775,11.904908014573676
0.5,0.9,0.9,1.328637342826178,1.4,1.4,1.6,1.6,1.6,1.7,1.7,1.7,1.7,1.7,1.7,1.8104813919600964,1.9,1.9,1.9,1.9,1.9,1.9,2.0,2.0,2.0,2.0,2.0,2.0,2.0,2.0,2.1,2.1,2.2,2.3,2.358468122724821,2.4,2.4534237581140017,2.5,2.5,2.5,2.5,2.5,2.5,2.5,2.5000358757198553,2.6,2.6,2.7,2.7,2.793861234331038,2.8,2.8,2.8,2.9,2.9,3.0,3.0,3.0,3.0,3.0,3.0,3.1,3.1,3.1,3.1,3.1,3.1,3.1,3.1,3.1,3.1,3.1,3.1,3.1,3.1,3.1,3.1,3.167787776252189,3.2,3.2,3.2,3.3,3.3,3.3,3.3,3.3,3.3,3.3,3.3,3.4,3.4,3.4,3.4528705692421484,3.577661541373567,3.6,3.6,3.6,3.6,3.6,3.6,3.7,3.8,3.8,3.8,3.8,3.8,3.8,3.8,3.9,3.9,3.9,3.9,3.9,3.9,3.9,3.9,3.9,3.9,3.9,3.9,3.9,3.978884147332195,4.0,4.0,4.0,4.0,4.0,4.0,4.0,4.0,4.0,4.0,4.0,4.0,4.0,4.0,4.0,4.0,4.0,4.195621510063717,4.2,4.2,4.2,4.3,4.3,4.4,4.4,4.4,4.5,4.5,4.5,4.5,4.5,4.5,4.5,4.5,4.5,4.5,4.5,4.5,4.5,4.5,4.5,4.5,4.5,4.5,4.6,4.6,4.6,4.8,4.8,4.8,4.8,4.8,4.8627137278564305,5.0,5.0,5.0,5.0,5.0,5.0,5.0,5.0,5.1,5.2,5.3,6.0,6.4479444411106845,6.53122403873545,6.7,6.7,6.7,6.7,6.7,7.4,7.6,7.6410608664118564,7.8,8.014514486060847,8.3,10.507634689336829
0.2,0.5,0.5,0.5,0.5,0.5,0.5,0.5,0.5,0.6,0.6,0.6,0.6,0.6,0.7,0.7,0.7,0.7593119177487658,0.8,0.8,0.8,0.8,0.8,0.8,0.9,0.9,0.9,0.9,0.9,0.9,0.9,0.9,1.0,1.0,1.0,1.0,1.0,1.0,1.0,1.0,1.0,1.0,1.0,1.0,1.0,1.0,1.0,1.0181900885031638,1.1,1.1,1.1,1.2,1.2,1.2,1.2,1.2,1.2,1.2,1.2,1.2,1.3,1.3,1.3,1.3,1.3,1.3,1.3,1.3871246204709535,1.4,1.4,1.4,1.4,1.4,1.4,1.4,1.4,1.4,1.4,1.4,1.4,1.4,1.4,1.4,1.4,1.4,1.4,1.4,1.4,1.4,1.4,1.4,1.4,1.4,1.4,1.5,1.5,1.5,1.5,1.6,1.6,1.6,1.6,1.6,1.6,1.6,1.6729278915505745,1.7,1.7,1.7,1.7,1.7969260931478233,1.8,1.8,1.8,1.8,1.9,1.9,1.9,1.9,1.9,1.9,2.0,2.0,2.0,2.0,2.0,2.0,2.0,2.0,2.0,2.0,2.0,2.0,2.0,2.1,2.1,2.1,2.1,2.1,2.1,2.1,2.1,2.1920541497097474,2.3,2.4,2.4,2.4,2.4,2.4,2.4,2.4,2.5,2.5,2.5,2.5,2.5,2.5,2.5,2.5,2.5,2.5,2.6,2.6,2.6,2.6,2.6,2.641531877275179,2.7,2.7,2.79121831144011,2.8,2.8,2.8,2.8,2.8,2.9,2.9,3.0,3.1,3.1,3.1,3.1,3.1,3.1,3.2,3.2,3.2,3.3,3.3,3.3,3.5,3.7,3.7,3.7,3.7,3.8,3.9,4.0,4.4,4.677872882956086,5.601090669905261
1.498363995142124,1.6,1.7854855139391492,2.0,2.0,2.3797923922871655,2.4,2.5,2.5022832662765966,2.6,2.6,2.7,2.7,2.7,2.7325549936923017,2.8,2.8,2.8,2.8,2.8,2.8,2.8,2.8,2.8,2.8,2.8,2.9,2.9,2.9,2.9,2.9,2.9,2.9,2.9,2.9,2.9,2.9,2.9,2.9,2.9,2.9,2.9,2.9,2.9,2.9,2.9,2.9,3.0,3.1,3.1,3.1,3.1,3.1,3.1,3.1,3.1,3.1,3.1749633088836164,3.2,3.2,3.2,3.2,3.2,3.2,3.3,3.3,3.3,3.3,3.3,3.3,3.3,3.3,3.3306801228393907,3.4,3.4,3.4,3.440819158515501,3.5,3.5,3.6,3.6,3.6,3.6,3.625606498421527,3.7,3.7,3.7,3.7,3.7,3.7,3.8,3.8,3.8,3.8,3.8,3.8,3.8,3.8,3.8,3.8,3.8,3.8,3.8,3.8,3.8,3.8,3.9,3.9,3.9,3.9,3.9,3.9,3.9,3.9,3.9,3.9,4.0,4.0,4.0,4.0,4.0,4.0,4.0,4.0,4.0,4.0,4.0,4.0,4.1,4.1,4.2,4.2,4.2,4.2,4.2,4.2,4.302676948378985,4.4,4.4,4.4,4.5,4.5,4.5,4.5,4.5,4.6,4.7,4.7,4.7,4.7,4.7,4.8,4.8,4.9,4.9,4.9,4.9,4.940671534142251,5.0,5.0,5.0,5.0,5.055172771262977,5.1,5.2,5.293593987845253,5.3,5.3,5.4,5.4,5.5,5.5,5.5,5.505998456065578,5.6,5.62074339448539,5.7,5.8,5.8,5.8,5.9,6.0,6.0,6.0,6.1,6.1,6.167445006307696,6.2,6.2312240387354505,6.5,6.5,6.5,6.6,6.7,6.806829935472439,6.9,7.041060866411857,7.5,7.714514486060847,7.9,8.608180024289458
1.3983639951421238,1.5,1.6854855139391491,1.9286373428261778,2.0,2.0,2.0931700645275617,2.3,2.4,2.4,2.4,2.482474763342478,2.5,2.5520555588893195,2.632554993692302,2.7,2.7,2.7593119177487657,2.8,2.8,2.8,2.8,2.8,2.9,2.9,2.9,2.9,2.9,2.9,3.0,3.0,3.008781688559887,3.1,3.1,3.1,3.1,3.1,3.1,3.2,3.2,3.2,3.2,3.3,3.3,3.3,3.3,3.3,3.3,3.3,3.3,3.4,3.4,3.4,3.5,3.5,3.5,3.5,3.5749633088836164,3.6,3.6,3.6,3.6,3.6,3.7,3.7,3.7,3.7,3.7,3.7,3.7,3.7,3.702527623325867,3.8,3.8,3.8,3.8,3.8,3.8,3.8,3.8,3.8,3.8,3.8,3.8,3.8,3.8,3.8,3.8,3.8,3.8,3.803073906852182,3.9,3.9,3.9,3.9,3.9,3.9,3.976311592408004,4.0,4.0,4.0,4.0,4.0,4.0,4.0,4.0,4.0,4.0,4.0,4.0,4.0,4.0,4.0,4.0,4.0,4.0,4.0,4.0,4.000269264184391,4.1,4.1,4.1,4.2,4.232212223747814,4.3,4.386365747330314,4.4,4.4,4.4,4.5,4.5,4.5,4.5,4.5,4.5,4.672410260810318,4.7,4.7,4.7,4.795621510063716,4.8,4.8,4.892054149709748,4.9,4.9,4.9,4.9267012041614295,5.0,5.1,5.132765281195781,5.26917401898113,5.3,5.3,5.3,5.4,5.4,5.5,5.5,5.5,5.5,5.5,5.510726690124398,5.6,5.6,5.6,5.6935939878452535,5.7,5.7,5.7,5.79121831144011,5.8,5.8,5.8,5.805998456065578,5.9,5.9,5.9,6.0,6.0,6.0,6.0,6.1,6.1,6.1,6.1,6.2,6.2,6.2,6.3,6.33505047331505,6.5,6.6,6.795433467446799,6.8,6.906829935472439,7.1,7.5,7.671362657173825,7.9,8.655745765912172,9.101636004857891
0.9,1.2442542340878282,1.4,1.4286373428261778,1.5589391335881382,1.6,1.6931700645275616,2.0,2.0,2.0,2.0,2.182474763342478,2.3,2.4,2.4,2.4,2.4,2.5,2.5,2.5,2.5671097311820503,2.632717428414268,2.7,2.7,2.7198524657127763,2.8,2.8,2.8,2.8,2.8,2.8,2.8,2.8596931090198408,2.9,2.9,2.9,2.9,2.9,2.9,2.9,2.9,2.9,2.9,2.9,2.9,2.9400675399524983,3.0,3.0,3.1,3.1,3.1,3.1,3.1,3.1,3.1,3.1,3.1,3.1,3.1,3.1,3.17263956962276,3.2,3.2,3.2,3.2,3.2275897391896877,3.3,3.3,3.3,3.3,3.3,3.3,3.3,3.3,3.3,3.3,3.3,3.3,3.3,3.4,3.4,3.4736966480707365,3.5,3.5,3.5,3.5769201272425164,3.6,3.6,3.6,3.6,3.6,3.6,3.6,3.677661541373567,3.7,3.7,3.7,3.7,3.7,3.7,3.75,3.8,3.8,3.8,3.8,3.8,3.8,3.8,3.8,3.8,3.8,3.8,3.8,3.8,3.8,3.8,3.8,3.9,3.9,3.9,3.9,3.9,4.0,4.0,4.0,4.0,4.0,4.0,4.0,4.0,4.0,4.0,4.0,4.1,4.1,4.2,4.2,4.2,4.264269946863908,4.3,4.4,4.4,4.4,4.4,4.5,4.5,4.5,4.5,4.5,4.532765281195782,4.6691740189811295,4.7,4.7,4.7,4.7,4.8,4.9,4.9,4.9,5.0,5.1,5.1,5.1,5.1,5.146576241885998,5.3,5.3,5.3,5.3,5.4,5.4,5.496291420219933,5.5,5.5,5.5,5.6,5.6,5.7,5.703343888618275,5.8,5.8,5.8,5.869487052929304,5.9,6.0,6.0,6.0,6.1,6.131224038735451,6.2,6.2,6.3,6.3,6.4,6.5,6.6,6.741060866411857,7.1,7.3,7.8557457659121726,9.108725359242088
2.5989093300947492,3.3,3.5,3.5,3.6589391335881385,3.7797923922871655,3.8,3.8,3.8,3.9,4.0,4.0,4.0,4.0,4.0,4.2,4.2,4.2,4.2,4.299741754388987,4.36710973118205,4.4,4.49665611138173,4.6,4.6,4.6,4.63728627214357,4.7,4.949458281606653,5.0,5.0,5.008781688559887,5.1,5.1,5.1,5.1,5.2,5.2,5.2,5.2,5.2,5.2,5.2,5.2,5.2000358757198555,5.3,5.3,5.418190088503164,5.5,5.5,5.530825981018876,5.767234718804218,5.8,5.8,5.8,5.8,5.8,5.8,5.807945850290253,5.940499922358685,6.0,6.0,6.0,6.0,6.0,6.0,6.0,6.1,6.11641652371272,6.2,6.2,6.202527623325866,6.3,6.3,6.3,6.3,6.3,6.4,6.494550064417385,6.5,6.5,6.5,6.5,6.5,6.5,6.6,6.6,6.6,6.6,6.6,6.6,6.6,6.6,6.677661541373567,6.7,6.7,6.7,6.7,6.7,6.7,6.7,6.7,6.8,6.8,6.8,6.8,6.8,6.8,6.8,6.8,6.8,6.821949238263988,6.9,6.9,6.9,6.9,6.9,6.9,6.9,6.9,6.9,6.9,6.9,6.9,6.9,6.9,6.9,6.9,6.9,6.9,6.9,6.9,6.9,6.9,6.9,6.9,6.9,6.9,6.9,6.9,6.9,6.9,7.0,7.025036691116378,7.1,7.1,7.1,7.1,7.1,7.3,7.3,7.3,7.3,7.3,7.3,7.3,7.399964124280138,7.440671534142251,7.5,7.548410516871911,7.7,7.7,7.7,7.7,7.7,7.7,7.7,7.7,7.8,7.8,7.8,7.9,7.9,7.9,7.9,7.9,7.9,7.9,7.9,7.9,7.9,8.000258245611018,8.2,8.5,8.5,8.5,8.5,8.5,8.5,8.6,8.6,8.6,8.7,8.899636869475826,9.013659870944878,9.301038038564183,9.7,10.385450628695299,10.801601402425927,12.48936441478043,14.5196320582947
1.9967279902842479,2.4221271170439143,2.6,2.8,3.1,3.3,3.5,3.600363130524173,3.7022832662765968,3.8,3.8,3.8,3.9,3.9520555588893194,4.0,4.0,4.0,4.0,4.0,4.0,4.0,4.0,4.0,4.0,4.019852465712776,4.1,4.2,4.2,4.2,4.2,4.3,4.3,4.3,4.3,4.358468122724822,4.4,4.4,4.4,4.4448272287370205,4.589273309875608,4.6,4.6,4.6,4.6,4.6,4.6,4.6,4.7,4.7,4.7,4.8,4.9,5.0,5.0,5.073298795838568,5.1,5.1,5.1,5.1,5.1,5.17263956962276,5.2,5.2,5.2,5.2,5.2,5.2,5.2,5.2,5.2,5.2,5.202527623325866,5.3,5.3,5.3,5.4,5.4,5.5,5.594550064417384,5.8,5.8,5.8,5.8,5.8,5.851333227634661,5.976920127242517,6.0,6.0,6.0,6.0,6.0,6.0,6.0,6.0,6.002392509879161,6.1,6.1,6.1,6.2,6.2,6.2,6.27455142218925,6.3,6.3,6.3,6.3,6.3,6.3,6.3,6.4,6.4,6.5,6.5,6.5,6.5,6.6,6.6,6.6,6.6,6.6,6.65250515077039,6.7,6.7,6.7,6.7,6.7,6.7,6.7,6.7,6.7,6.8,6.8,6.8,6.8,6.8,6.8,6.9,6.9,6.9,6.9,6.9,6.9,6.9,6.9,6.9,6.9,6.9,6.9,6.9,6.9,6.9,6.9,6.9,6.9,6.9,6.9,6.9,6.9,6.9,6.9,6.9,6.9,6.955172771262977,7.1,7.1,7.1,7.1,7.280848279117242,7.3,7.3,7.3,7.3,7.4,7.5,7.5,7.5,7.7,7.7,7.7,7.7,7.7,7.8,7.8,7.9,7.9,7.9,7.9,7.9,7.9,8.0,8.1,8.201172155696092,8.5,8.5,8.6,8.7,8.9,9.171362657173823,9.272572430304233,10.411491531824344,11.904908014573676
1.4,1.6663813511317425,2.0,2.2,2.4,2.5797923922871657,2.7,2.8,2.8022832662765964,2.9,2.9,2.9,2.9,2.9,3.1,3.1,3.1,3.1,3.1,3.1,3.1671097311820504,3.2,3.2966561113817305,3.3,3.3,3.3,3.3,3.394001543934421,3.5,3.5,3.556801156119795,3.6,3.6,3.609575860441376,3.7,3.7,3.7,3.7,3.7,3.789273309875608,3.8,3.8,3.8,3.8,3.8,3.8,3.8,3.9,3.9,3.9,3.9,3.9672347188042183,4.0,4.0,4.0,4.0,4.0,4.0,4.0,4.0,4.0,4.0,4.0,4.0,4.0,4.0,4.057519604410663,4.1,4.11641652371272,4.2,4.2,4.2,4.2,4.2,4.2,4.2,4.2,4.2,4.2,4.2,4.2,4.2,4.2,4.2,4.2,4.2,4.2,4.3,4.3,4.3,4.3,4.3,4.3,4.4,4.4,4.4,4.4,4.4,4.4,4.4,4.4,4.5,4.599111378456268,4.6,4.6,4.6,4.6,4.6,4.6,4.6,4.6,4.6,4.6,4.6,4.6,4.6,4.6,4.6,4.6,4.6,4.6,4.678884147332195,4.705449935582613,4.8,5.0,5.0,5.1,5.1,5.1,5.1,5.2,5.2,5.2,5.2,5.2,5.2,5.2,5.2,5.2,5.2,5.2,5.2,5.2,5.2,5.2,5.2,5.226701204161429,5.3,5.3,5.3,5.36917401898113,5.5,5.543677771674339,5.7,5.8,5.8,5.8,5.8,5.8,5.824205258435955,5.9,6.0,6.0,6.0,6.0,6.0,6.041531877275179,6.2,6.2,6.2,6.3,6.3,6.3,6.5,6.5,6.7,6.7,6.7,6.7,6.7,6.8,6.9,6.9,6.9,6.9,6.9,6.9,6.9,6.9,6.9,7.1,7.3,7.3,7.4,7.8,7.9,7.9,7.9,8.072572430304234,8.8,10.113633373815764
0.9994546650473747,1.222127117043914,1.4,1.4,1.5589391335881382,1.6,1.7,1.8,1.9,1.9996092814346327,2.0,2.082474763342478,2.1,2.1520555588893195,2.2,2.2,2.2,2.2593119177487657,2.3,2.3,2.3,2.3327174284142678,2.4,2.4,2.5,2.5,2.5,2.5,2.5,2.5,2.5,2.5,2.5,2.5,2.5,2.5,2.6,2.6,2.6,2.6,2.6,2.6,2.7,2.7,2.7,2.7,2.7,2.7,2.7,2.793861234331038,2.8,2.8,2.8,2.8,2.8,2.8,2.8,2.8,2.8,2.8,2.8,2.8,2.8,2.8,2.8,2.8,2.8,2.9,2.9,2.9,2.9,2.9,2.9,2.9,2.9,2.9,2.9,2.9,2.9,2.9,2.9,2.9,2.9,2.9,2.9513332276346604,3.0,3.0023763191388553,3.1,3.1,3.1,3.1,3.1,3.1,3.1,3.1,3.1,3.1,3.1,3.1,3.1,3.1,3.174551422189251,3.2,3.2,3.2,3.2,3.3,3.3,3.3,3.3,3.3,3.3,3.3,3.3,3.3,3.3,3.3,3.3,3.3,3.3,3.4,3.4,3.5,3.5,3.5591808414844937,3.6,3.6,3.6,3.6,3.6,3.7,3.7,3.7,3.8,3.8,3.8,3.8,3.8,3.8,3.8,3.8273604303772344,3.9,3.9,3.9,3.9,3.9,3.9,3.961545727139935,4.0,4.1,4.1691740189811295,4.2,4.3,4.4,4.5,4.5,4.5,4.5,4.5,4.5,4.567079801107314,4.6,4.6,4.6,4.6,4.6,4.7,4.7,4.7,4.7,4.8,4.9,4.9,4.9,4.9,4.920743394485391,5.1,5.1,5.1,5.1,5.1,5.1,5.1,5.1,5.113985489925437,5.2,5.3,5.3,5.3,5.3,5.314266596893355,5.7,5.7,5.7,5.9,5.9,5.941060866411857,6.2,6.314514486060847,6.577872882956086,6.7043626796210445
0.898363995142124,1.1442542340878283,1.5,1.7,1.8589391335881382,1.9,2.0,2.000363130524173,2.1,2.1,2.2,2.2,2.268775961264544,2.3,2.3,2.3,2.4,2.4,2.4,2.4,2.5,2.5,2.5,2.5,2.5,2.5,2.5,2.5,2.5,2.5,2.5,2.5,2.5,2.5,2.5,2.6,2.6,2.6,2.6,2.6,2.6,2.6,2.6,2.659328465857746,2.7,2.7,2.7,2.7,2.8,2.8,2.8,2.8,2.8,2.8,2.8,2.8,2.8,2.8,2.8,2.8,2.8,2.8,2.8,2.8,2.897323051621021,2.9,2.9,2.9,2.9,2.9,2.9,2.9,2.9,2.9,2.9,2.9,2.9,2.9,2.9,2.9,2.9,3.0,3.0,3.0,3.0,3.1,3.1,3.1,3.1,3.1,3.1,3.1,3.1,3.1,3.1,3.1,3.1,3.1,3.1,3.1,3.1,3.1,3.1,3.2,3.2,3.2,3.2,3.2,3.2,3.2,3.3,3.3,3.3,3.3,3.3,3.3,3.3,3.3,3.3,3.3,3.3,3.3,3.3,3.3,3.3591808414844935,3.4,3.5,3.5,3.5,3.597472376674125,3.6,3.6,3.6,3.6,3.6,3.6,3.7,3.733292681424257,3.8,3.8,3.8,3.8,3.8,3.8,3.8,3.8,3.9,3.9,3.9,3.9,4.0,4.0,4.1,4.1,4.2,4.2,4.3,4.4,4.4,4.5,4.5,4.5,4.5,4.6,4.6,4.6,4.6,4.6,4.7,4.7,4.7,4.7,4.7,4.8,4.8,4.9,4.9,4.9,4.903343888618275,5.1,5.1,5.1,5.1,5.1,5.1,5.1,5.1,5.247944441110684,5.3,5.3,5.3,5.5,5.695433467446799,5.7,5.7,5.720207607712837,5.9,5.9,6.3,6.6,6.7
0.7989093300947493,1.2,1.2854855139391492,1.328637342826178,1.5,1.5,1.6,1.600363130524173,1.7,1.8,1.9,1.9,2.0,2.0,2.1,2.1,2.2,2.2,2.2,2.2,2.3,2.3,2.3,2.3,2.319852465712776,2.4,2.4,2.5,2.5,2.5,2.5,2.5,2.5,2.5,2.5,2.5,2.5,2.5,2.5,2.5,2.5,2.575794741564042,2.6,2.6,2.6,2.6,2.6,2.6,2.6,2.6,2.6,2.6,2.7,2.7,2.7,2.8,2.8,2.8,2.8,2.8,2.8,2.8,2.8,2.8,2.8,2.8,2.8,2.8,2.8,2.8,2.8,2.8025276233258665,2.9,2.9,2.9,2.9,2.9,2.9,2.9,2.9,2.9,2.9,2.9,2.9,2.9,2.9,2.9,2.9,2.95293269309945,3.0,3.0,3.0280109262911052,3.1,3.1,3.1,3.1,3.1,3.1,3.1,3.1,3.1,3.1,3.1,3.1,3.1,3.1729278915505748,3.2,3.2,3.2,3.2,3.2,3.2,3.24706730690055,3.3,3.3,3.3,3.3,3.3,3.3,3.3,3.3,3.3,3.3,3.3,3.3,3.3,3.4,3.4,3.469319877160609,3.5,3.5,3.5,3.583583476287288,3.6,3.6,3.6,3.6,3.633292681424257,3.7,3.7956215100637163,3.8,3.8,3.8,3.8,3.8,3.8,3.9,3.9,3.9,3.9,3.9,4.0,4.0,4.0,4.020554724647712,4.1,4.1,4.2,4.2,4.324205258435955,4.4,4.5,4.5,4.5,4.5,4.5,4.6,4.6,4.6,4.6,4.643198843880207,4.7,4.7,4.7,4.7,4.8,4.8,4.8409909701809735,4.9,4.9,5.1,5.1,5.1,5.1,5.1,5.1,5.1,5.2,5.3,5.3,5.314266596893355,5.7,5.7,5.7,5.9,5.9,6.2,6.3,6.514514486060847,6.677872882956086,7.620722728199961
0.798363995142124,1.7,1.9,2.0,2.0,2.2,2.2,2.3,2.6,2.6,2.6,2.8,2.8,2.8520555588893193,2.9,2.9,2.9,2.9,3.0,3.1,3.1,3.1,3.1,3.1590090298190248,3.2,3.3,3.3,3.3,3.3494582816066525,3.4,3.4,3.4,3.4,3.5,3.5,3.6,3.6,3.6,3.7,3.7,3.7,3.7,3.717922626012691,3.8,3.8,3.8,3.8,3.9,3.9,3.9,3.9,4.0,4.0,4.0,4.0,4.1,4.1,4.2,4.2,4.2,4.2726395696227595,4.3,4.3,4.3,4.397323051621021,4.4,4.4,4.4,4.4,4.4,4.4,4.4,4.4,4.4,4.4,4.4,4.4,4.5,4.5,4.5,4.5,4.5,4.5,4.5,4.5,4.576920127242516,4.6,4.6,4.6,4.6,4.6,4.6,4.6,4.6,4.6,4.7,4.7,4.7,4.7,4.7,4.7,4.7,4.7,4.723688407591999,4.8,4.8,4.8,4.8,4.8,4.8,4.8,4.821949238263988,4.9,4.9,4.997623680861142,5.0,5.0,5.0,5.1,5.1,5.1,5.178884147332195,5.2,5.232212223747814,5.3,5.3,5.3,5.3,5.3,5.3,5.4,5.4,5.5,5.6,5.6,5.6,5.7,5.733292681424257,5.8,5.895621510063717,5.9,6.0,6.0,6.0,6.0,6.092345214177163,6.1,6.1,6.1,6.1,6.1,6.2,6.2,6.2,6.3,6.3,6.399964124280138,6.440671534142251,6.5,6.5,6.5,6.6,6.6,6.6,6.6,6.6,6.641531877275178,6.7,6.8,6.89121831144011,6.9,6.9,6.9,6.9,6.9,7.1,7.3,7.3,7.4,7.4,7.432890268817949,7.6,7.6,7.7,7.7,7.789518608039907,7.867445006307697,8.0,8.1,8.1,8.107133298446678,8.30078143713073,8.5,8.5,8.5,8.6,8.9,9.314087971521474,10.0,10.1,11.704908014573675
1.7994546650473746,2.2,2.285485513939149,2.4572746856523557,2.6589391335881385,2.8,2.8,2.8,2.8,2.9,2.9,2.9,2.9,3.0041111177786393,3.1,3.1,3.1,3.1,3.1,3.2,3.26710973118205,3.3,3.3,3.3,3.3,3.3,3.4,3.4,3.4,3.4,3.456801156119795,3.5,3.5,3.509575860441376,3.6,3.6,3.6,3.6,3.6,3.6892733098756083,3.7,3.7,3.7,3.7,3.7,3.8,3.8,3.8,3.8,3.8,3.830825981018876,3.9,3.9,3.9,3.9,3.9,3.9,3.9,4.0,4.0,4.0,4.0,4.0,4.066707318575743,4.1,4.2,4.2,4.2,4.2,4.3,4.3,4.3,4.3,4.3,4.3,4.3,4.3,4.4,4.4,4.4,4.4,4.4,4.4,4.4,4.4,4.4,4.4,4.4,4.5,4.5,4.5,4.5,4.5,4.5,4.5,4.5,4.5,4.5,4.5,4.525448577810747,4.6,4.6,4.6,4.6,4.6,4.6,4.6,4.6,4.647129430757855,4.7,4.7,4.7,4.7,4.7,4.7,4.7,4.8,4.8,4.8,4.8,4.8,4.8,4.8,4.8,4.8,4.886365747330314,4.9,5.0,5.0,5.0,5.0,5.0,5.0,5.0,5.1,5.1,5.1,5.1,5.1,5.1,5.1,5.159500077641303,5.2,5.3,5.3,5.3,5.3,5.3,5.3,5.3,5.3,5.3,5.3,5.4,5.5,5.5,5.5,5.540671534142251,5.6,5.7,5.8,5.8,5.9,5.9,5.9,5.993593987845253,6.1,6.1,6.1,6.1,6.2,6.2,6.2,6.2,6.3,6.3,6.3,6.4,6.5,6.5,6.532890268817948,6.6,6.6,6.6,6.6,6.6,6.7,6.7,6.9,6.9,7.007133298446678,7.1,7.3,7.3,7.4,7.620207607712836,7.8,8.071362657173824,8.214514486060846,8.5,10.0
1.5978186601894986,1.8442542340878283,2.1,2.3,2.4,2.5,2.5,2.600363130524173,2.7,2.8,2.8,2.8,2.8,2.8,2.8,2.8,2.8,2.9,2.9,2.9,2.9,2.9,2.9,3.1,3.1,3.1,3.1,3.1,3.1,3.1,3.1,3.1,3.2,3.2,3.2,3.20640601215474,3.3,3.3,3.3,3.3,3.3,3.3,3.3,3.3,3.3,3.3,3.3,3.3,3.3563222283256664,3.4,3.4,3.4,3.4,3.4,3.4,3.4,3.5,3.5,3.5,3.5404999223586855,3.6,3.6,3.6,3.6,3.6,3.7,3.7,3.7,3.7,3.7,3.774106826669302,3.8,3.8,3.8,3.8,3.8,3.8,3.9,3.9,3.9,3.9,3.9,3.9,4.0,4.0,4.0,4.0,4.0,4.0,4.078050761736014,4.1,4.2,4.2,4.2,4.2,4.3,4.3,4.3,4.3,4.3,4.35,4.4,4.4,4.4,4.4,4.4,4.4,4.4,4.447129430757855,4.5,4.5,4.5,4.5,4.5,4.5,4.5,4.5,4.6,4.6,4.6,4.6,4.6,4.6,4.6,4.6,4.6,4.7,4.7,4.7,4.7,4.7,4.7,4.7,4.7,4.7,4.7,4.7,4.8,4.8,4.8,4.8,4.8,4.8,4.8,4.85846211296784,4.9,4.9267012041614295,5.0,5.0,5.0,5.1,5.1,5.1,5.1,5.1,5.1,5.199964124280138,5.240671534142251,5.3,5.3,5.3,5.3,5.3,5.3,5.3,5.4,5.5,5.5,5.5,5.5,5.643198843880207,5.7,5.7,5.8,5.8,5.8,5.880147534287232,5.9,6.0,6.0,6.1,6.2,6.2,6.2,6.3,6.3,6.3,6.3,6.331224038735451,6.5,6.6,6.6,6.6,6.7,6.7,6.820207607712836,6.982121732823714,7.371362657173825,7.714514486060847,8.411491531824344,9.104908014573676
1.5989093300947494,1.922127117043914,2.0,2.1,2.1,2.179792392287166,2.3,2.3,2.4,2.4,2.5,2.6,2.6,2.6,2.632554993692302,2.7,2.7,2.8,2.8,2.8,2.8,2.8,2.8,2.8,2.8,2.8,2.8372862721435705,2.9,2.9,2.9,2.9,2.9,2.9,3.0,3.0,3.1,3.1,3.1,3.1,3.1,3.1,3.1,3.1,3.1,3.1,3.1,3.2,3.2,3.3,3.3,3.3,3.3,3.3,3.3,3.3,3.3,3.3,3.3,3.3,3.3,3.3,3.3,3.3,3.3,3.3,3.3,3.3,3.3,3.4,3.4,3.4,3.5,3.5,3.5,3.5,3.5,3.6,3.6,3.6,3.6,3.6,3.6,3.6,3.6,3.6,3.6,3.7,3.7,3.75293269309945,3.8,3.8,3.8,3.8,3.8,3.8,3.8,3.8,3.9,3.9,3.9,3.9,3.9,3.9,3.9,3.9,3.9,3.9,3.9,3.9,3.9,3.9,3.9,3.9,3.9,3.9,4.0,4.0,4.0,4.0,4.0,4.0,4.078884147332195,4.1,4.2,4.2,4.2,4.2,4.3,4.3,4.3,4.4,4.4,4.4,4.5,4.5,4.5,4.5,4.5,4.5,4.5,4.6,4.6,4.6,4.6,4.6,4.7,4.7,4.761545727139935,4.8,4.8,4.8,4.8,4.9,4.9,4.9,4.959932460047509,5.0,5.0,5.0,5.0,5.0,5.0,5.0,5.1,5.1,5.1,5.1,5.1,5.1,5.1,5.1,5.1,5.2,5.2,5.2,5.2,5.3,5.3,5.3,5.3,5.3,5.3,5.3,5.3,5.3,5.3,5.467445006307696,5.5,5.5,5.6,5.6,5.6003907185653645,5.797716733723399,5.999636869475824,6.2,6.2,6.3,6.671362657173825,6.9725724303042345,9.2,9.4
1.2,1.6221271170439142,2.0,2.1,2.1,2.1,2.1,2.3,2.3,2.3,2.4,2.4,2.4,2.4520555588893194,2.5,2.6,2.6,2.6,2.6,2.699741754388987,2.7,2.7,2.7966561113817305,2.8,2.8,2.8,2.8,2.8,2.8,2.8,2.8,2.9,2.9,2.9,2.9,2.9,2.9,2.9,2.94482722873702,3.0,3.0,3.1,3.1,3.1,3.1,3.1,3.1,3.1,3.1,3.1,3.1,3.1,3.1,3.1,3.2,3.2,3.2,3.274963308883616,3.3,3.3,3.3,3.3,3.3,3.3,3.3,3.3,3.3,3.3,3.3,3.3,3.3,3.3,3.3,3.3,3.3,3.3,3.3,3.3,3.3,3.4,3.4,3.4,3.4,3.5,3.5,3.5,3.5,3.5,3.5,3.6,3.6,3.6,3.6,3.6,3.6,3.6,3.6,3.6,3.600888621543729,3.7,3.7,3.7,3.7991113784562685,3.8,3.8,3.8,3.8,3.8,3.8,3.8719890737088916,3.9,3.9,3.9,3.9,3.9,3.9,3.9,3.9,3.9,3.9,3.9,3.9,3.9,3.9,3.9,3.9,4.0,4.0,4.0,4.0,4.0,4.0,4.0,4.0,4.042480395589342,4.1,4.102676948378985,4.2,4.2,4.2,4.2,4.3,4.4,4.425036691116379,4.5,4.5,4.5,4.5,4.5,4.6,4.6,4.6,4.6,4.681809911496833,4.7,4.7,4.8,4.8,4.8,4.8,4.867079801107315,4.9,4.9,4.900446139750591,5.0,5.0,5.0,5.0,5.0,5.0,5.1,5.1,5.1,5.1,5.16271372785643,5.2,5.2,5.2,5.3,5.3,5.3,5.3,5.3,5.3,5.3,5.3,5.3,5.3,5.3,5.3,5.314266596893355,5.5,5.5,5.6,5.6,5.620207607712836,5.7,5.971362657173825,6.214514486060847,6.777872882956086,9.20109066990526
0.8,0.9,0.9,0.9,0.9,0.9,0.9,0.9,0.9,0.9,0.9,1.1,1.1,1.1,1.1,1.1,1.1,1.1,1.1305129470707023,1.2,1.2,1.2,1.2,1.2,1.2,1.2,1.2,1.2,1.3,1.3,1.3,1.3,1.3,1.3,1.3,1.3,1.3,1.3,1.3,1.3,1.3329201988926882,1.4,1.4,1.4,1.4,1.4,1.5,1.5,1.5,1.5,1.5,1.5,1.5,1.5,1.6,1.6,1.6,1.6,1.6,1.6,1.6,1.6,1.6,1.6,1.7,1.7,1.7,1.7,1.7,1.7,1.7,1.7,1.7,1.7,1.7,1.7,1.7,1.7,1.7,1.7,1.7,1.7,1.7,1.7,1.7,1.7,1.7,1.7,1.7,1.7,1.7,1.7,1.7,1.7,1.7,1.7,1.7,1.7,1.7,1.7,1.7,1.7,1.7,1.7,1.7,1.7,1.7,1.7,1.7,1.7,1.7,1.7,1.7,1.7,1.7,1.7,1.8,1.8,1.8,1.8,1.8,1.8,1.8,1.8,1.8,1.8,1.8,1.8,1.8,1.8,1.8,1.8,1.8,1.8,1.8,1.8,1.8,1.8,1.8,1.8,1.8,1.859500077641303,1.9,1.9,1.9,1.9,1.9,1.9,1.9,1.9,2.0,2.0,2.0,2.0,2.0,2.0,2.0,2.1,2.1,2.1,2.1,2.1,2.1,2.1,2.1465762418859984,2.2,2.3,2.3,2.4,2.4,2.4,2.4,2.4,2.4,2.4,2.4,2.4,2.4,2.4,2.4672825715857356,2.6,2.6002582456110193,2.8,2.8,2.8139854899254373,2.989518608039907,3.1,3.1,3.1,3.1175252366575252,3.4,3.5,3.5,3.899273738951649,3.9,3.9,3.9,4.1,4.7,4.777872882956086,5.103817344668414
1.8983639951421238,2.5221271170439143,2.8,2.9,3.0589391335881384,3.1,3.1,3.3,3.3,3.3,3.3,3.3,3.4,3.4,3.4,3.5,3.6,3.6,3.8,3.8,3.8,3.8,3.8,3.8,3.9,3.9,3.9,3.9,3.9494582816066526,4.0,4.0,4.008781688559887,4.1,4.1,4.1,4.2,4.2,4.2,4.2,4.3,4.3,4.3,4.3,4.3,4.4,4.4,4.4,4.4,4.4,4.4,4.4,4.467234718804218,4.5,4.5,4.5,4.5,4.5,4.5,4.5,4.6,4.7,4.7,4.7,4.7,4.7,4.7,4.7,4.7,4.8,4.8,4.8,4.802527623325866,4.9,4.9,4.9,4.9,4.9,4.9,5.0,5.0,5.0,5.0,5.0,5.0,5.0,5.0,5.0,5.0,5.0,5.0,5.0,5.0,5.1,5.1,5.1,5.1,5.2,5.2,5.200888621543728,5.3,5.3,5.374551422189251,5.4,5.4,5.4,5.4,5.4,5.4,5.4,5.4,5.4,5.5,5.5,5.5722891507838765,5.6,5.6,5.6,5.6,5.6,5.6,5.6,5.6,5.7,5.7,5.7,5.7,5.7,5.7,5.7,5.7,5.7,5.7,5.7,5.7,5.7,5.7,5.7,5.766585362848514,5.9,5.9,6.0,6.0,6.0,6.025036691116378,6.1,6.1,6.126701204161429,6.2,6.2,6.2,6.2,6.2,6.3,6.3,6.3,6.3,6.499928248560275,6.5,6.5,6.5,6.5,6.5,6.6,6.6,6.6,6.6,6.641531877275178,6.7,6.7,6.8,6.8,6.8,6.9,6.9,6.9,6.9,6.9,6.9,6.9,7.1,7.1,7.1,7.1,7.1,7.1,7.1,7.1,7.1,7.3,7.4,7.607133298446677,7.7,7.7,7.899636869475825,7.9,7.9,8.1,8.599538600216773,9.5,10.1,10.108725359242088
0.5,1.4442542340878284,1.9,2.0,2.1,2.2797923922871655,2.3931700645275615,2.4,2.4,2.4996092814346325,2.692866701553323,2.782474763342478,2.8,2.8,2.8,2.9,2.9,2.9,3.0,3.0,3.0671097311820503,3.1,3.1,3.1,3.1,3.1,3.1,3.294001543934421,3.3,3.3,3.3,3.3,3.3,3.4,3.4,3.4,3.4534237581140017,3.5,3.5,3.6,3.6,3.6,3.7,3.759328465857746,3.8,3.8,3.8,3.9,3.9,3.9,4.0,4.0,4.0,4.0,4.0,4.0,4.0,4.0,4.1,4.1,4.1,4.1,4.1,4.1,4.1,4.1,4.1,4.1,4.1,4.1,4.2,4.2,4.2,4.2,4.2,4.2,4.2,4.2,4.3,4.3,4.3,4.3,4.3,4.3,4.4,4.4,4.4,4.4,4.4,4.4,4.4,4.4,4.4,4.4,4.5,4.5,4.5,4.5,4.5,4.625448577810746,4.7,4.7,4.7,4.7,4.7,4.7,4.797607490120839,4.8,4.8,4.871989073708892,4.9,4.921949238263989,5.0,5.0,5.0,5.0,5.0,5.0,5.0,5.0,5.0,5.0,5.0,5.0,5.0,5.0,5.0,5.0,5.0,5.0,5.1,5.1,5.183583476287287,5.212875379529044,5.3,5.3,5.3,5.3,5.4,5.4,5.4,5.4,5.4,5.4,5.5,5.5,5.6,5.6,5.6,5.6,5.6,5.6,5.6,5.6,5.620554724647712,5.7,5.7,5.7,5.7,5.7,5.7,5.7,5.7,5.7,5.7,5.793593987845253,5.8,5.9,6.0,6.0,6.043198843880208,6.1,6.2,6.2,6.2,6.2,6.3,6.3,6.30668777723655,6.5,6.6,6.6,6.6,6.7,6.713985489925437,6.8,6.867445006307697,6.9,6.9,6.9,6.907133298446678,7.1,7.1,7.1,7.306829935472439,7.4404152154256735,7.8,7.871362657173825,8.1,8.6,9.511997368957873
0.9,1.4,1.4,1.4,1.7,1.8,1.9,2.0,2.0,2.0996092814346325,2.1,2.3,2.3687759612645443,2.4,2.5,2.5,2.5,2.5,2.5,2.5,2.6,2.6,2.7,2.7,2.7,2.7,2.7,2.794001543934421,2.8,2.8,2.8,2.9,2.9,2.9,3.0,3.0,3.0,3.1,3.1,3.1,3.1329201988926885,3.2,3.2,3.259328465857746,3.3,3.3,3.3,3.3,3.3,3.3,3.3,3.3,3.4,3.4,3.4,3.4,3.4,3.4,3.4,3.4,3.5,3.5,3.6,3.6,3.6,3.6275897391896876,3.8,3.8,3.8,3.8,3.8,3.9,3.9,3.9,3.9,3.9,3.9,3.9,3.9,3.921115852667802,4.0,4.173696648070736,4.2,4.2,4.2,4.3,4.3,4.3,4.3,4.3,4.3,4.3,4.3,4.3,4.3,4.3,4.3,4.3,4.3,4.3,4.3,4.3,4.3,4.3,4.3,4.3,4.3,4.3,4.3,4.3,4.3,4.3,4.3,4.372289150783877,4.4,4.4,4.4,4.5,4.5,4.5,4.5,4.5,4.5,4.5,4.5,4.5,4.5,4.5,4.5,4.5,4.5,4.5,4.5,4.5,4.5,4.5,4.5,4.5,4.5,4.5,4.5,4.5,4.5,4.5,4.5,4.5,4.5,4.5,4.5,4.5,4.5,4.5,4.5,4.6,4.6,4.6,4.6,4.6,4.6,4.6,4.6,4.6,4.6,5.1,5.1,5.1,5.1,5.1,5.1,5.1,5.1,5.1,5.1,5.1,5.1,5.1,5.1,5.1,5.1,5.1,5.1,5.1,5.169487052929304,5.3,5.3,5.768555824119721,5.8,5.8,5.8,5.8,5.8,5.8,5.8,5.8,5.8,5.8,5.9,6.4427253143476495,6.558057944243387,7.6,7.6130880388631335
0.9,1.1221271170439142,1.385485513939149,1.4,1.4,1.4,1.4931700645275616,1.600363130524173,1.7,1.8,1.8,1.9824747633424777,2.0,2.0,2.032554993692302,2.1104813919600964,2.3,2.3,2.3,2.3,2.4,2.4,2.5,2.5,2.5,2.5,2.5,2.5,2.5,2.5,2.5,2.6,2.7,2.7,2.7,2.7,2.7,2.7,2.7,2.7,2.7,2.7,2.7,2.8,2.8,2.8,2.8,2.8,2.8,2.8,2.9,2.9,2.9,2.938454272860062,3.0,3.0,3.0,3.1,3.1,3.1,3.1,3.2,3.2,3.2,3.2,3.3,3.3,3.3,3.3,3.3,3.3,3.3,3.4,3.4,3.4,3.4,3.4,3.4,3.5,3.6,3.6,3.6,3.6,3.6,3.7,3.776920127242516,3.8,3.8,3.8,3.8,3.8,3.828010926291105,3.9,3.9,3.9,3.9,3.9,3.9,4.0,4.1,4.2,4.2,4.2,4.2,4.248291057822746,4.3,4.3,4.3,4.3,4.3,4.3,4.3,4.3,4.3,4.3,4.3,4.3,4.3,4.3,4.3,4.3,4.3,4.3,4.3,4.3,4.3,4.3,4.341424948730241,4.4693198771606095,4.5,4.5,4.5,4.5,4.5,4.5,4.5,4.5,4.5,4.5,4.5,4.5,4.5,4.5,4.5,4.5,4.5,4.5,4.5,4.5,4.5,4.5,4.5,4.5,4.5,4.5,4.5,4.6,4.6,4.6,4.6,4.6,4.6,4.6,4.600892279501181,5.0,5.093593987845253,5.1,5.1,5.1,5.1,5.1,5.1,5.1,5.1,5.1,5.1,5.1,5.1,5.1,5.1,5.1,5.1,5.1,5.1,5.1,5.1,5.669780025230784,5.8,5.8,5.8,5.8,5.8,5.8,5.8,5.8,5.9,5.9,6.5,6.7,7.6,7.804908014573675
0.5994546650473747,0.7,0.7,0.8,0.8,0.8,0.9,0.9,1.0,1.1,1.1,1.1824747633424777,1.3,1.3,1.3,1.3,1.3,1.3,1.4,1.4,1.4,1.4,1.4,1.4,1.4,1.4,1.4,1.4,1.4,1.4,1.4568011561197949,1.5,1.5,1.5,1.5584681227248212,1.6,1.6,1.6,1.6,1.6,1.6,1.6757947415640415,1.7,1.7,1.7,1.7400675399524985,1.8,1.8,1.8,1.9,1.9308259810188757,2.0,2.0,2.0,2.0,2.0,2.0415378870321605,2.1,2.1,2.1,2.17263956962276,2.3,2.3,2.3,2.4,2.4,2.4,2.4,2.4,2.445406826037424,2.5,2.5,2.5,2.5,2.5,2.5,2.5,2.5,2.5,2.5,2.5,2.5,2.6,2.625606498421527,2.7,2.7,2.7,2.7,2.7,2.7,2.7,2.7,2.7,2.7,2.7,2.7,2.7,2.7,2.7,2.7,2.7,2.7,2.7,2.7,2.7,2.7,2.7,2.7,2.7,2.7,2.7,2.7,2.7,2.7,2.7,2.7,2.7,2.7,2.7,2.7,2.7,2.7,2.7,2.7,2.7,2.7,2.7,2.7,2.7,2.7,2.7,2.7,2.7,2.7,2.742480395589342,2.8,2.8,2.8,2.8,2.8,2.8,2.8,2.8,2.8,2.8,2.8,2.8,2.8,2.8,2.8,2.8,2.8,2.9,2.9,2.9,2.9,2.9,3.0,3.0,3.0242052584359556,3.1,3.1107266901243977,3.255172771262977,3.3,3.3,3.3,3.3,3.3,3.3,3.3,3.3,3.4,3.4,3.4,3.4,3.5,3.5,3.5,3.603343888618275,3.7,3.8,3.9,3.9,4.081376164502467,4.2,4.2,4.3,4.3,4.3,4.317525236657525,4.4,4.5,4.5,4.5,4.506829935472439,5.020207607712837,5.1,5.1,5.1,5.8,5.910361364099981
1.9989093300947494,2.9,2.9,3.3,3.3,3.3,3.3931700645275615,3.4,3.4,3.6996092814346326,3.7,3.8,3.8,3.8,3.8,3.8,3.9,3.9,3.9,3.9,3.9,3.9,3.9,3.9,3.9,3.979256605514607,4.0,4.0,4.1,4.103708579780069,4.2,4.3,4.3,4.3,4.3,4.3,4.4,4.4,4.4,4.5,4.5,4.5,4.6,4.6,4.6,4.6,4.6,4.6,4.6,4.6,4.6,4.6,4.7,4.8,4.8,5.0,5.0,5.1,5.1,5.1,5.17263956962276,5.3,5.3,5.3,5.3,5.3,5.3,5.3,5.3,5.3,5.3,5.3,5.3,5.35857505126975,5.4,5.5,5.5,5.5,5.5,5.5,5.5,5.5,5.5,5.5,5.5,5.6,5.6,5.6,5.7,5.7,5.7,5.728010926291105,5.8,5.8,5.8,5.8,5.8,5.8,5.8,5.8,5.8,5.8,5.8,5.8,5.8,5.8,5.8,5.9,5.9,5.9,5.9,5.9,5.9,5.9,5.9,5.9,5.9,5.9,5.9,5.9,5.9,5.9,5.9,5.9,5.9,5.9,6.0,6.0,6.0,6.1,6.2,6.2,6.2,6.2,6.2,6.3,6.3,6.3,6.3,6.3,6.3,6.3,6.3,6.3,6.35846211296784,6.4,6.4,6.4,6.4,6.5,6.5,6.6,6.6,6.6,6.6,6.7,6.7,6.7,6.7,6.7,6.7670798011073146,6.8,6.9,6.9,6.9,6.9,6.9,6.9,6.9,6.9,6.9,7.0,7.0,7.0,7.0,7.0,7.0,7.0,7.0,7.0,7.3,7.300258245611019,7.4,7.481376164502467,7.6,7.6,7.6,7.6,7.6,7.6,7.6,7.6,7.6,7.6,7.6,7.6,7.682121732823713,8.171362657173823,8.5,9.03361864886826,10.0
1.3989093300947493,1.4,1.7,1.9286373428261778,2.0,2.0,2.1,2.200363130524173,2.4022832662765965,2.5,2.8,2.8,2.8687759612645443,2.9,2.9,2.9,2.9,3.059311917748766,3.1,3.1,3.2,3.3,3.3,3.3,3.3,3.3,3.3,3.3,3.4,3.4,3.4,3.4,3.4,3.4,3.4,3.4,3.4,3.4,3.4,3.5785466197512164,3.7,3.7,3.8,3.8,3.8,3.8,3.8,3.8,3.8,3.8,3.8,3.8,3.8,3.8,3.8,3.9,3.9,3.9,3.9,3.9,3.9,3.9,3.9,3.9,3.9,3.9,3.9,3.9,3.9,3.9,3.9,3.9,3.9,3.95857505126975,4.0,4.0,4.040819158515501,4.1,4.1,4.1,4.14749484922961,4.2,4.299730735815603,4.3,4.3,4.4,4.4,4.4,4.4,4.4,4.5,4.5,4.552870569242148,4.6,4.6,4.6,4.6,4.6,4.6,4.6,4.6,4.6,4.6,4.6,4.748291057822746,4.945855783101149,5.0,5.1,5.1,5.1,5.1,5.1,5.1,5.1,5.1,5.1,5.248666772365334,5.3,5.3,5.3,5.3,5.3788841473321956,5.5,5.5,5.5,5.5,5.5,5.5,5.5,5.5,5.5,5.5,5.583583476287288,5.6,5.7,5.772410260810318,5.8,5.8,5.8,5.8,5.8,5.8,5.8,5.8,5.8,5.8,5.8,5.8,5.8,5.8,5.8,5.8,5.8,5.8,5.820554724647712,5.9,5.9,5.9,5.9,5.9,5.9,5.9,5.9,5.9,5.9,5.9,5.9,5.9,6.0,6.0,6.0,6.0,6.1,6.2,6.2,6.3,6.3,6.3,6.3,6.3,6.4,6.4002582456110195,6.5,6.6,6.7,6.7,6.9,6.9,6.9,6.917525236657525,7.0,7.001172155696094,7.5954334674467985,7.6,7.6,7.6,7.6,7.6,8.772572430304233,9.822983063648689,10.0
1.2994546650473746,1.4,1.6854855139391491,1.8,1.8,2.0393771768614974,2.1,2.3,2.3,2.3996092814346324,2.4,2.682474763342478,2.7,2.7520555588893196,2.8,2.8,2.8,2.8,2.830512947070702,2.9,2.9,2.9,2.9,2.9,2.9,2.9,2.9,3.0,3.0,3.0,3.0,3.1,3.1,3.1,3.1,3.2,3.253423758114002,3.3,3.3,3.3,3.3,3.3,3.3,3.3,3.3,3.3,3.3,3.3,3.3,3.3,3.3,3.3,3.3,3.3,3.3,3.3,3.3,3.4,3.4,3.4,3.4,3.4,3.4,3.4,3.4,3.4,3.4,3.4,3.4,3.4,3.4,3.4,3.4,3.4,3.4,3.4,3.4,3.5,3.5,3.6,3.6,3.6,3.7,3.725606498421527,3.8,3.8,3.8,3.8,3.8,3.8,3.8,3.8,3.8,3.8,3.8,3.8,3.8,3.8,3.8,3.8,3.8,3.9,3.9,3.9,3.9,3.9,3.9,3.9,3.9,3.9,3.9,3.9,3.9,3.9,3.9,3.9,3.9,3.9,3.9,3.9,3.9,3.9,3.9,3.9,3.9,3.9,3.9,4.0,4.0,4.0,4.0,4.0,4.0,4.1,4.1,4.1,4.1,4.1,4.1,4.1,4.1,4.1,4.1,4.1,4.1,4.1,4.1,4.1,4.1,4.1,4.1691740189811295,4.2,4.2,4.2,4.2,4.2,4.3999282485602755,4.4,4.4,4.4,4.4,4.4,4.4,4.4,4.446576241885999,4.5,4.6,4.6,4.6,4.78243662288022,4.8,4.9,5.1,5.1,5.1,5.1,5.1,5.1,5.3,5.3,5.3,5.3,5.3,5.3,5.413985489925437,5.5,5.6,5.6,5.7312240387354505,5.8,5.9,5.900390718565365,6.0,6.099636869475824,6.1068299354724385,6.220207607712837,6.482121732823714,6.7,7.4,7.6,7.6054533495263055
3.294001315521121,3.822127117043914,4.18548551393915,4.4,4.7,5.0,5.0,5.2,5.4,5.5,5.5,5.6,5.6,5.6,5.832554993692302,5.9,5.9,5.9,5.9,5.9,5.9,5.9,6.0,6.0,6.1,6.1,6.13728627214357,6.2,6.2,6.2,6.2,6.2,6.2,6.3,6.3,6.31281202430948,6.5,6.5,6.5,6.5,6.5,6.5,6.6,6.6,6.6,6.6,6.6,6.6,6.6,6.6,6.6,6.6,6.8,6.8,6.8,6.9,6.9,6.9,6.9,6.9,6.9,6.9,6.9,6.9,6.9,6.9,6.9,6.9,6.9,7.0,7.0741068266693015,7.105055246651733,7.3,7.3,7.3,7.3,7.3,7.3,7.3,7.3,7.3,7.4,7.7,7.7,7.851333227634661,7.9,8.1,8.1,8.1,8.1,8.1,8.1,8.152870569242147,8.3,8.5,8.5,8.6,8.6,8.6,8.6,8.6,8.6,8.6,8.6,8.6,8.6,8.6,8.6,8.647129430757854,8.7,8.7,8.7,8.9,9.072289150783876,9.2,9.246159745514968,9.4,9.4,9.6,9.7,9.80501030154078,9.9,9.9,10.1,10.1,10.1,10.1,10.1,10.6,10.6,10.6,10.6,10.6,10.6,10.642480395589342,11.206871825672227,11.4,11.4,11.4,11.4,11.4,11.4,11.4,11.4,11.4,11.4,11.4,11.4,11.4,11.4,11.7,11.7,11.7,11.7,11.7,11.7,11.7,11.7,11.7,11.7,11.7,11.7,11.7,11.7,11.7,11.7,11.7,11.7,11.7,11.7,11.7,11.7,11.7,11.7,11.7,11.9,11.9,11.9,11.923407220327926,12.6,12.6,12.6,13.147435264646521,13.7,13.7,13.7,13.7,13.7,13.7,13.7,13.7,15.5,15.5,15.5,16.2,16.2,16.2,18.1,18.2,18.2,18.3
2.7983639951421235,3.4221271170439143,3.5,3.6,3.7,3.7,3.8931700645275615,3.9,4.0,4.0,4.0,4.0,4.068775961264544,4.252055558889319,4.3,4.4,4.5,4.6,4.7,4.7,4.7,4.7,4.79665611138173,4.8,4.9,5.0,5.0,5.0,5.0,5.0,5.0,5.0,5.0,5.1,5.1,5.2,5.2,5.2,5.2,5.2,5.2,5.2,5.2,5.259328465857746,5.3,5.3,5.3,5.3,5.3,5.4,5.430825981018876,5.5,5.5,5.5,5.5,5.6,5.6,5.6,5.6,5.6,5.6,5.604378489936286,5.7,5.7,5.7,5.8,5.8,5.8,5.8164165237127206,5.9,5.9,5.9,5.9,5.9,5.9,5.9,5.9,5.9,5.9,5.9,5.947494849229611,6.0,6.1,6.125606498421527,6.2,6.2,6.2,6.2,6.2,6.2,6.2,6.2,6.2,6.2,6.2,6.2,6.2,6.2,6.2,6.2,6.2,6.2,6.2,6.3,6.3,6.4,6.5,6.5,6.5,6.5,6.5,6.521949238263988,6.6,6.6,6.6,6.6,6.6,6.6,6.6,6.6,6.6,6.6,6.6,6.6,6.6,6.6,6.6,6.6,6.769319877160609,6.8,6.8,6.8,6.8,6.9,6.9,6.9,6.9,6.9,6.9,6.9,6.9,6.9,6.9,6.9,6.9,6.9,6.9,6.9,6.9,6.9,6.9,6.9,6.9,6.9,6.9,6.9,6.9,7.1,7.3,7.3,7.3,7.3,7.3,7.3,7.3,7.3,7.3,7.3,7.3,7.3,7.3,7.3,7.3,7.3,7.3,7.3,7.380147534287232,7.7,7.7,7.7,7.7,7.7,7.7,7.7,7.7,7.7,7.7,7.9,7.9,8.017525236657525,8.1,8.1,8.1,8.1,8.6,8.7,8.782121732823713,9.414087971521473,11.7,11.7,12.506544019431567
1.9994546650473746,2.2,2.385485513939149,2.6,2.8,2.9,3.1,3.1,3.3,3.3,3.3,3.382474763342478,3.5,3.5,3.5,3.5,3.5,3.6,3.7,3.7,3.7,3.7,3.7,3.7,3.7,3.7,3.8,3.8,3.8,3.8037085797800696,3.9,3.9,3.9,3.9,3.9,3.9,3.9,3.9,3.9,3.9,3.9,3.9,3.917922626012691,4.0,4.0,4.0,4.0,4.0,4.0,4.0,4.0,4.0,4.0,4.0,4.0,4.0,4.0,4.1,4.2,4.3,4.3,4.304378489936286,4.4,4.4,4.5,4.6,4.6,4.7,4.7,4.7,4.7,4.7,4.7,4.7,4.7,4.7,4.7,4.7,4.7,4.7,4.7,4.7,4.7,4.7,4.7,4.7,4.7,4.7,4.7,4.8,4.8,4.8,4.8,5.0,5.0,5.0,5.0,5.0,5.0,5.0,5.0,5.0,5.0,5.0,5.0,5.0,5.0,5.022338458626433,5.1,5.2,5.2,5.2,5.2,5.272289150783877,5.3,5.3,5.3,5.5,5.5,5.526303351929255,5.6,5.6,5.6,5.6,5.6,5.6,5.7,5.7,5.7,5.7,5.8,5.8,5.8,5.9,5.9,5.9,5.9,5.9,5.9,5.9,6.0,6.0,6.1,6.2,6.2,6.2,6.2,6.2,6.2,6.2,6.2,6.2,6.2,6.2,6.2,6.2,6.3,6.3,6.5,6.524205258435956,6.6,6.6,6.6,6.6,6.6,6.6,6.6,6.790424139558621,6.8,6.9,6.9,6.9,6.9,6.9,6.9,7.141486788970781,7.3,7.3,7.3,7.3,7.3,7.3,7.3,7.3,7.3,7.3,7.5,7.7,7.7,7.7,7.7,7.7,7.7,7.7,7.7,7.7,7.7,7.9,8.729028972121693,9.355745765912172,11.704908014573675
2.794001315521121,2.9,2.9,3.0,3.258939133588138,3.4,3.4,3.7,3.7,3.7,3.8,3.8,3.9687759612645443,4.0,4.0,4.0,4.0,4.059311917748766,4.3,4.3,4.3,4.3,4.5,4.5,4.5,4.5,4.5,4.6,4.6,4.6,4.6,4.7,4.7,4.7,4.758468122724821,4.9,5.0,5.0,5.1,5.1,5.1,5.1,5.3,5.3,5.3,5.3,5.3,5.3,5.3,5.3,5.3,5.3,5.3,5.3,5.3,5.3,5.3,5.3,5.3,5.3,5.3,5.3,5.3,5.3,5.3,5.3,5.3,5.3,5.3,5.3,5.3,5.3,5.3,5.3,5.3,5.3,5.3,5.3,5.3,5.3,5.3,5.3,5.3,5.3,5.3,5.3,5.3,5.3,5.3,5.3,5.3,5.3,5.3,5.377661541373567,5.5,5.5,5.5,5.5,5.5,5.6,5.6,5.6,5.699111378456268,5.7,5.7,5.7,5.7,5.8,5.8,5.9,5.9,6.0,6.1,6.1,6.1,6.1,6.1,6.1,6.1,6.1,6.1,6.178884147332195,6.2,6.2,6.259180841484493,6.3,6.313777036454177,6.4,6.4,6.4,6.4,6.5,6.5,6.5,6.5,6.5,6.5,6.6,6.6,6.6,6.6,6.6,6.7,6.7,6.8,6.892345214177164,6.9,6.9,6.9,6.9,6.9,6.9,6.9,6.9,6.9,6.9,6.9,7.0,7.0,7.0,7.0,7.010726690124398,7.3551727712629775,7.4,7.4,7.6,7.6,7.6,7.6,7.6,7.6,7.6,7.6,7.6,7.6,7.7,7.7,7.7,7.8,7.8,7.8,7.8007747368330564,8.1,8.2,8.2,8.2,8.2,8.395888882221369,8.5,8.5,8.7,8.7,8.895433467446798,9.1,9.5,9.620207607712837,10.0,10.0,10.1,10.455745765912173,11.4
1.2,1.6,1.7,1.828637342826178,1.9,1.9,2.0,2.0,2.0,2.0,2.0,2.2,2.2,2.304111117778639,2.5,2.7,2.8,2.8,2.8,2.8,2.8,2.9,2.9,2.9,2.9,2.9,2.9,2.9,2.9494582816066526,3.0,3.0,3.0,3.0,3.1,3.1,3.1,3.1,3.1,3.2,3.289273309875608,3.4,3.4,3.4,3.459328465857746,3.6,3.7,3.7,3.7,3.7,3.7,3.7,3.7,3.8,3.8,3.8,3.8,3.8,3.874963308883616,3.9,3.9,3.9,3.9,3.9,3.9,3.9,3.9,3.9,3.9,3.9,3.9,3.9,3.9,3.9,4.0,4.0,4.0,4.0,4.0,4.0,4.0,4.0,4.1,4.1,4.1,4.1,4.1,4.2,4.2,4.2,4.2,4.2,4.2,4.2,4.277661541373567,4.3,4.3,4.3,4.3,4.300888621543728,4.4,4.4,4.4,4.4,4.4,4.4,4.4,4.4,4.4,4.4,4.5,4.5,4.5,4.6,4.6,4.6,4.6,4.6,4.6,4.6,4.6,4.6,4.6,4.6,4.6,4.6,4.6,4.6,4.6,4.6,4.6,4.625893173330689,4.7,4.7,4.7,4.7,4.7,4.7,4.7,4.7,4.7,4.7,4.8,4.8,4.8,4.8,4.892345214177164,5.0,5.0,5.096894888185164,5.1,5.1691740189811295,5.2,5.3,5.3,5.3,5.3,5.3,5.3,5.3,5.3,5.3,5.3107266901243975,5.5,5.5,5.6,5.6,5.8,5.8,5.8,5.8,5.8,5.8,5.9,5.9,5.9,5.920743394485391,6.0,6.1,6.2,6.2,6.2,6.3,6.3,6.3,6.3,6.389518608039907,6.4,6.5,6.5,6.5,6.6,6.6003907185653645,6.7,6.7,6.9,7.0,7.6,7.6,7.6,7.8,9.505453349526306
0.5,0.7,0.7,0.8,0.9,1.0,1.1,1.2,1.2,1.2,1.2928667015533228,1.3,1.3,1.3520555588893195,1.4,1.4,1.4,1.4,1.4,1.4,1.4,1.4,1.4,1.4,1.4198524657127762,1.5,1.6,1.6,1.6,1.6,1.6568011561197948,1.7,1.7,1.709575860441376,1.8,1.8,1.8,1.8,1.8,1.8,1.8,1.8,1.8,1.8,1.8,1.8,1.8,1.8,1.8,1.8,1.8,1.8,1.8,1.8,1.8,1.9076547858228308,2.0,2.0,2.1,2.1,2.2452791392455196,2.3,2.3,2.3,2.3,2.3,2.3,2.3,2.3,2.3,2.3,2.3,2.3306801228393907,2.4,2.4,2.4,2.4,2.4,2.4,2.4,2.4,2.4,2.4,2.5,2.5,2.5,2.5,2.5,2.5,2.5,2.5,2.5,2.5,2.5,2.5023925098791606,2.7,2.7,2.7,2.7,2.7,2.7,2.7,2.7,2.7,2.7,2.7,2.7,2.7,2.7,2.7,2.7,2.7219492382639885,2.8,2.8,2.8,2.8,2.8,2.8,2.8,2.8,2.8,2.878884147332195,2.9,2.9,2.9,2.9,3.0,3.0,3.0,3.0,3.0,3.0,3.0,3.0,3.0,3.0,3.0,3.0,3.0,3.0956215100637166,3.1,3.1,3.1,3.2,3.2584621129678397,3.3,3.3,3.3,3.3,3.3,3.3,3.3,3.3,3.381809911496833,3.4,3.4,3.4,3.440671534142251,3.5,3.5,3.5,3.5,3.5,3.5,3.5,3.5,3.5,3.5,3.5,3.59121831144011,3.6,3.7962914202199327,3.8,3.8,3.8,3.8,3.8,3.8409909701809735,3.9,3.9,3.9,3.9,3.969487052929304,4.1,4.1,4.1,4.167445006307696,4.2,4.2,4.2,4.3071332984466775,4.4,4.497716733723399,4.5,4.6,4.680830430851347,5.1,5.171362657173825,6.072572430304234,6.577872882956086,7.604908014573675
3.1994546650473747,3.3,3.5709710278782985,4.0,4.1,4.2,4.3,4.3,4.3,4.4,4.4,4.4,4.5,4.5,4.5,4.620962783920192,4.8,4.8,4.9,4.9,4.9,4.9,4.9,4.9,5.019852465712776,5.279256605514607,5.3,5.3,5.4,5.5,5.5,5.5,5.5,5.5,5.5,5.5,5.5,5.599553860249409,5.6,5.6,5.6329201988926885,5.7,5.7,5.759328465857746,5.800035875719855,5.9,5.9,6.0,6.1,6.1,6.1,6.1,6.2,6.2,6.2,6.2,6.2,6.2,6.2,6.2,6.37263956962276,6.504378489936286,6.6,6.6,6.6,6.6,6.6,6.6,6.7,6.7,6.7,6.702527623325866,6.8,6.8,6.8862229635458165,6.9,6.9,6.9,6.9,6.9,7.0,7.0,7.099730735815603,7.1,7.1,7.1,7.1,7.1,7.1,7.1,7.1,7.1,7.3,7.3,7.3,7.327072108449437,7.6,7.6,7.6,7.6,7.6,7.6,7.6,7.7,7.7,7.7,7.7,7.7,7.7,7.7,7.7,7.7,7.8,7.8,7.8,7.8,7.9,7.9,7.9,7.9,7.9,7.9,7.9,7.9,7.9,7.9,7.913777036454178,8.1,8.1,8.1,8.1,8.1,8.1,8.1,8.1,8.1,8.102676948378985,8.2,8.264269946863909,8.3,8.354720860754469,8.6,8.6,8.6,8.6,8.6,8.6,8.6,8.6,8.6,8.6,8.6,8.643677771674339,8.881809911496834,8.9,8.9,8.9,9.0,9.082077373987305,9.1,9.1,9.1,9.1,9.1,9.5,9.5,9.5,9.5,9.5,9.5,9.5,9.5,9.5,9.5,9.5,9.5,9.5,9.5,9.6,9.6,9.6,9.6,9.808461158787912,9.9,9.9,9.989518608039907,10.0,10.0,10.1,10.1,10.1,10.1,10.1,10.1,10.2,10.2,10.2,10.2,10.614514486060846,10.7,13.3
3.0989093300947492,3.3885084681756568,3.885485513939149,4.0,4.0,4.259584784574331,4.3,4.4,4.4,4.5,4.5,4.5,4.5,4.7,4.8,4.9,4.9,4.9,4.9,4.9,4.9,5.0,5.09665611138173,5.1,5.219852465712776,5.3,5.3,5.394001543934421,5.4,5.5,5.5,5.5,5.5596931090198405,5.6,5.6,5.606406012154739,5.7,5.7,5.7,5.7,5.7,5.775794741564042,5.8,5.859328465857746,5.9,5.9,5.9,6.0,6.1,6.1,6.1,6.1,6.2,6.2,6.2,6.2,6.2,6.2,6.2,6.2,6.2,6.2,6.2,6.2,6.2,6.2,6.2,6.2,6.3,6.345406826037424,6.4,6.402527623325867,6.5,6.6,6.6,6.6,6.6,6.6,6.6,6.6,6.64749484922961,6.773696648070737,6.899730735815604,6.9,6.9,6.9,6.9,6.9,6.95293269309945,7.0,7.0,7.0,7.052870569242148,7.1,7.1,7.3,7.3,7.3,7.3,7.3,7.3,7.549102844378501,7.6,7.6,7.6,7.6,7.6,7.6,7.6,7.6,7.6,7.6,7.6,7.6,7.6,7.6,7.7,7.7,7.7,7.7,7.7,7.778884147332195,7.8,7.8,7.9,7.9,8.0,8.1,8.1,8.1,8.1,8.1,8.1,8.1,8.1,8.1,8.1,8.2,8.2,8.2,8.5,8.559500077641303,8.6,8.6,8.6,8.6,8.6,8.6,8.6,8.6,8.6,8.6,8.6,8.6,8.6,8.6,8.6,8.6,8.6,8.6,8.6,8.6,8.6,8.6,8.6,8.6,8.6,8.6,8.6,8.6,8.7,8.7,8.9,9.005998456065578,9.1,9.1,9.1,9.1,9.1,9.1,9.231561075271793,9.5,9.5,9.5,9.5,9.5,9.5,9.5,9.5,9.5,9.5,9.5,9.893150201170199,10.0,10.0,10.0,10.1,10.1,10.114514486060846,10.2,10.301090669905262
2.7934559805684955,3.1442542340878283,3.3,3.428637342826178,3.7178782671762765,3.8,3.8,3.8003631305241727,3.9,3.9,3.992866701553323,4.0,4.0,4.1,4.1,4.110481391960096,4.3,4.359311917748766,4.4,4.499741754388987,4.5,4.6,4.6966561113817304,4.7,4.719852465712776,4.8,4.8,4.8,4.8,4.8,4.8,4.9,4.959693109019841,5.0,5.1,5.1,5.2534237581140015,5.3,5.3,5.3,5.3,5.3,5.3,5.359328465857746,5.4,5.4,5.479445275352288,5.6,5.6,5.6,5.6,5.6,5.6,5.6,5.6,5.6,5.6,5.6,5.607945850290252,5.7,5.7,5.7,5.7,5.7,5.797323051621021,5.9,5.9,5.987124620470953,6.0,6.0,6.0,6.0,6.0,6.0,6.0,6.0,6.0,6.0,6.0,6.0,6.0,6.0,6.0,6.0,6.0,6.0,6.0,6.02771084921612,6.1,6.1,6.1,6.1,6.1,6.1,6.1,6.1,6.1,6.1,6.1,6.1,6.1,6.1,6.1,6.1,6.1,6.1,6.1,6.1,6.1,6.1,6.1,6.1,6.1,6.1,6.1,6.2,6.2,6.2,6.2,6.2,6.2,6.2,6.2,6.2,6.2,6.2,6.2,6.2,6.2,6.2,6.2,6.2,6.2,6.2,6.2,6.2,6.2,6.2,6.2,6.2,6.2,6.2,6.2,6.2,6.2,6.2,6.2,6.2,6.2,6.2,6.2,6.2,6.2,6.2,6.3,6.3,6.3,6.3,6.3,6.3,6.3,6.3,6.3,6.3,6.3,6.393593987845254,6.4,6.4,6.5,6.5,6.5,6.6,6.6,6.6,6.6,6.6,6.6,6.6,6.6,6.6,6.6,6.7,6.7,6.8,6.9,6.9,6.9,6.9,6.9,6.9,6.9,6.9,6.9,7.1,7.1,7.420207607712837,7.6,7.6,8.001601402425928,8.6,9.5
1.6989093300947493,2.110635585219571,2.5854855139391493,2.8,2.9,3.1,3.1,3.3,3.3022832662765964,3.4,3.5857334031066457,3.7,3.7,3.7,3.8,3.8,3.8,3.9,3.9,3.9,3.9,3.9,3.9,3.9590090298190246,4.0,4.0,4.0,4.0,4.0,4.0,4.0,4.017563377119774,4.2,4.3,4.4,4.5,4.5,4.5,4.5,4.5,4.5,4.5,4.517922626012691,4.6,4.6,4.6,4.6,4.6,4.6,4.7,4.8,4.8,4.8,4.8,4.8,4.8,4.8,4.8,4.8,4.8,4.8,4.9,4.9,5.0,5.0,5.0,5.0,5.0,5.0,5.045406826037424,5.1,5.2,5.2,5.2,5.2,5.3,5.3,5.467787776252189,5.5,5.5,5.5,5.5,5.5,5.5,5.5,5.5,5.5,5.5,5.5,5.5,5.5,5.628010926291105,5.8,5.8,5.8,5.9,6.0,6.1,6.1,6.1,6.1,6.1,6.199111378456268,6.3,6.3,6.3729278915505745,6.4,6.4,6.447129430757855,6.5,6.5,6.5,6.5,6.5,6.5,6.5,6.5,6.5,6.500269264184391,6.6,6.7,6.7,6.7,6.7,6.7,6.7,6.7,6.741424948730241,6.9,6.9,6.9,6.9,6.9,6.9,6.9,6.9,6.9,6.9,6.9,7.0,7.1,7.3,7.3,7.3,7.3,7.3,7.3,7.3,7.3,7.3,7.3,7.4,7.4,7.6,7.7,7.7,7.7,7.7,7.7,7.7,7.7,7.710726690124398,7.8,7.8,7.8,7.8,7.8,8.0,8.0,8.0,8.0,8.0,8.0,8.105998456065578,8.2,8.3,8.3,8.5,8.5,8.5,8.6,8.700258245611018,9.44743526464652,9.7,9.7,9.7,10.5,10.5,10.5,10.5,10.5,10.5,10.5,10.5,10.5,10.5,10.5,10.7,11.501601402425928,12.5,12.8
0.798363995142124,0.8221271170439142,0.9,0.9286373428261779,1.0,1.2,1.2,1.2,1.2022832662765963,1.3,1.4,1.4,1.4,1.4,1.4,1.4,1.4,1.4,1.5,1.5,1.6,1.6,1.7,1.7,1.7,1.7,1.8,1.8,1.9,1.9,1.9,1.9,1.9,1.9,1.9,2.0,2.0,2.0,2.04482722873702,2.1,2.1,2.1,2.135845252025382,2.3,2.4,2.4,2.4,2.4181900885031635,2.5,2.5,2.5,2.5,2.5,2.5,2.5,2.507654785822831,2.6,2.6,2.6,2.6404999223586856,2.7,2.7,2.7,2.7,2.8,2.8,2.8,2.8,2.8,2.8,2.8,2.8,2.8,2.8,2.8,2.8,2.8,2.8,2.8,2.8,2.8,2.8,2.8,2.8,2.8,2.8,2.802376319138855,2.9,2.9,2.9,3.0,3.0,3.0,3.0,3.0023925098791606,3.1,3.1,3.1,3.1,3.1,3.1,3.1,3.1,3.1,3.1,3.1,3.1,3.1,3.1,3.1,3.1,3.1,3.1,3.1,3.1,3.1,3.1,3.1,3.1,3.1,3.1,3.1,3.1,3.1,3.1,3.1,3.1,3.1,3.1,3.1,3.1,3.1,3.1,3.2,3.2,3.2,3.2,3.2,3.2,3.2,3.2,3.2,3.2,3.2,3.2,3.2,3.2,3.261545727139935,3.3,3.3,3.3,3.3,3.3,3.3,3.3,3.3,3.3,3.3,3.3,3.3,3.3,3.4,3.455172771262977,3.5,3.6,3.6,3.6,3.6,3.7,3.7,3.7,3.7,3.7,3.7,3.7,3.7,3.7,3.8,3.803343888618275,3.9,4.0,4.000516491222038,4.2,4.2,4.313985489925437,4.489518608039907,4.5,4.6,4.662448077470901,5.017525236657525,5.2,5.2,5.2,5.2,5.2,5.340415215425673,5.5,5.714087971521473,6.7,6.7,6.703272009715784
0.798363995142124,1.1442542340878283,1.4,1.657274685652356,1.958939133588138,2.0,2.0,2.0,2.0022832662765966,2.1,2.1,2.1,2.1,2.1,2.2325549936923017,2.3,2.3,2.3,2.4,2.4,2.4,2.432717428414268,2.5,2.5,2.6,2.6,2.6,2.6,2.6,2.6,2.6,2.6,2.6,2.6,2.6,2.6,2.6,2.6,2.7,2.7,2.7,2.8,2.8,2.8,2.8,2.8,2.8,2.8,2.8,2.8,2.8,2.8,2.8,2.8,2.8,2.8,2.8,2.8,2.8,2.8,2.8,2.8,2.8,2.8,2.8,2.8,2.8,2.8,2.8,2.8,2.8,2.8,2.8,2.8,2.8,2.8,2.8,2.8,2.8,2.8,2.9,2.9,2.9,2.9,2.9,2.9,2.902376319138855,3.0,3.0,3.0,3.0,3.0,3.0,3.0,3.0,3.0,3.0,3.0,3.0,3.0,3.0,3.0,3.0991113784562687,3.1,3.1,3.1,3.1,3.1,3.1,3.1,3.1,3.1,3.1,3.1,3.1,3.2,3.2,3.2,3.3,3.3,3.3,3.3,3.3,3.3,3.3,3.3863657473303133,3.5,3.5,3.5,3.5,3.5,3.5545931739625813,3.6,3.6,3.6,3.6,3.6,3.6,3.7,3.7,3.7273604303772347,3.8,3.8,3.8,3.8,3.8,3.8,3.8,3.8,3.9,3.9,3.9,3.9,3.9,4.0,4.0,4.0,4.0,4.1,4.1,4.1,4.1,4.1,4.1,4.1,4.1,4.1,4.1,4.1,4.2,4.2,4.2,4.2,4.2,4.262713727856431,4.4,4.4,4.4,4.403343888618275,4.5,4.7,4.7,4.7,5.0,5.0,5.0,5.0,5.1,5.2312240387354505,5.4,5.5,5.7,5.7,5.7,5.7,5.720207607712837,5.882121732823713,6.0,6.2,6.533618648868258,7.903817344668415
1.096727990284248,1.4442542340878284,1.9709710278782986,2.028637342826178,2.1,2.1,2.1,2.2,2.3,2.3,2.4,2.4,2.4687759612645443,2.5520555588893195,2.6,2.6,2.6,2.6,2.6,2.7,2.7,2.8,2.8,2.8,2.8,2.8,2.8,2.8,2.8,2.8,2.8,2.8,2.8,2.8,2.8,2.8,2.8,2.8,2.8,2.8,2.8,2.8,2.8,2.8,2.8,2.8,2.8,2.8,2.8,2.8,2.9,2.9,2.9,2.9,2.9,2.9,2.9,2.9749633088836163,3.0,3.0,3.0,3.0,3.1,3.1,3.1,3.1,3.1,3.1,3.1,3.1,3.1,3.1,3.1,3.1,3.1,3.1,3.1,3.1,3.2,3.2,3.2,3.2736966480707363,3.3,3.3,3.3,3.3,3.3,3.3,3.3,3.3,3.3,3.3,3.4,3.4,3.4,3.427072108449437,3.5,3.5,3.5,3.5254485778107467,3.6,3.6,3.7,3.7,3.748291057822746,3.8,3.8,3.8,3.8,3.8,3.8,3.8,3.8,3.8,3.8,3.8,3.8,3.9,3.9,3.9,3.9,3.9,4.0,4.0,4.0,4.0,4.013777036454178,4.1,4.1,4.1,4.1,4.1,4.1,4.2,4.2,4.2,4.2,4.2,4.2,4.2,4.3,4.4,4.4,4.4,4.4,4.4,4.4267012041614295,4.5,4.69378977637033,4.7,4.7,4.7,4.7,4.7,4.7,4.8,4.8,4.840671534142251,4.9,4.9,5.0,5.0,5.0,5.0,5.0,5.0,5.0,5.1,5.1,5.29121831144011,5.3,5.496291420219933,5.5,5.6,5.6,5.62074339448539,5.7,5.7,5.7,5.7,5.7,5.800258245611019,5.9694870529293045,6.0,6.0,6.0,6.1,6.2,6.2312240387354505,6.3,6.507133298446678,6.6,6.6,6.899636869475825,7.1,7.16062282313851,7.6,7.9,7.9,8.055745765912173,10.1
1.297273325236873,1.422127117043914,1.6,1.7,1.8,2.0,2.0,2.0,2.1,2.1,2.1,2.2,2.3,2.3,2.3,2.4,2.4,2.4,2.4,2.4,2.5,2.5,2.5,2.5,2.6,2.6,2.6,2.6,2.6,2.6,2.6,2.6,2.6,2.6,2.6,2.60640601215474,2.7,2.7,2.8,2.8,2.8,2.8,2.8,2.8,2.8,2.8,2.8,2.8,2.8,2.8,2.8,2.8,2.8,2.8,2.8,2.8,2.8,2.8,2.8,2.8,2.8,2.8,2.8,2.8,2.8,2.8,2.8,2.8,2.8,2.8,2.8,2.8,2.8,2.9,2.9,2.9,2.9,2.9,2.9,2.9,2.9,2.9,2.9,3.0,3.0,3.0,3.0,3.0,3.0,3.0,3.0,3.0,3.1,3.1,3.1,3.1,3.1,3.1,3.1,3.1,3.1,3.1,3.1,3.1,3.1,3.1,3.1,3.1,3.1,3.1,3.1,3.2,3.2,3.2,3.2,3.3,3.3,3.3,3.3,3.3,3.3,3.4,3.4,3.5,3.5,3.5,3.513777036454178,3.6,3.6,3.6,3.7,3.7,3.7835834762872875,3.8,3.8,3.8,3.8,3.8,3.8,3.9,3.9,3.9,3.9,4.0,4.0,4.0,4.1,4.1,4.1,4.1,4.1,4.1,4.2,4.2,4.2,4.2,4.3,4.3,4.4,4.4,4.4,4.410726690124398,4.7,4.7,4.7,4.7,4.7,4.7,4.8,4.89121831144011,4.9,5.0,5.0,5.0,5.0,5.1,5.1,5.240990970180974,5.4,5.5,5.6,5.6,5.6,5.7,5.7,5.7,6.0,6.0,6.03122403873545,6.117525236657525,6.2,6.3,6.397716733723399,6.6,6.706829935472439,6.9,7.1,7.514087971521473,7.9,8.6,10.00054533495263
1.9,2.2885084681756567,2.885485513939149,2.9,3.0178782671762763,3.1,3.1,3.3,3.4,3.4,3.4,3.582474763342478,3.6,3.8,3.9,3.9,3.9,3.959311917748766,4.0,4.0,4.1,4.2,4.2,4.3,4.3,4.3,4.4,4.4,4.4,4.4,4.4,4.4,4.4,4.5,4.5,4.5,4.5,4.5,4.5,4.5,4.5,4.5,4.5,4.6,4.6,4.6,4.6,4.6,4.6,4.7,4.7,4.7,4.7,4.7,4.7,4.8,4.8,4.8,4.8,4.8,4.8,4.8,4.8,4.8667073185757435,4.9,4.9,4.957519604410663,5.0,5.0,5.1,5.1,5.1,5.1,5.1,5.186222963545816,5.2136342526696895,5.3,5.3,5.3,5.3,5.3,5.3,5.4,5.5,5.5,5.5,5.5,5.5,5.5,5.5,5.5,5.5,5.5,5.577661541373566,5.6,5.627072108449437,5.7,5.776311592408004,5.8,5.8,5.8,5.8,5.8,5.9,5.9,6.0,6.097607490120839,6.1,6.1,6.1,6.1,6.1,6.1,6.1,6.1,6.1,6.2,6.2,6.2,6.2,6.2,6.2,6.2,6.2,6.2,6.2,6.3,6.3,6.3,6.3,6.4,6.5,6.5,6.6,6.6,6.6,6.6,6.6,6.6,6.6,6.7,6.7,6.7,6.8,6.8,6.8,6.8,6.8,6.8,6.8,6.8,6.9,6.9,6.9,6.9,6.9,6.9,7.0,7.1,7.1,7.1,7.1,7.3,7.4,7.4,7.4,7.4,7.4,7.4,7.58243662288022,7.6,7.7,7.7,7.7,7.7,7.7,7.7,7.9,8.1,8.1,8.1,8.1,8.1,8.1,8.1,8.5,8.5,8.547944441110683,8.6,8.7,8.7,9.0,9.1,9.4,9.5,9.920207607712838,10.1,10.1,10.329028972121694,10.7,12.504362679621044
1.1961826553316224,1.6663813511317425,2.0,2.128637342826178,2.3,2.6,2.6,2.7,2.7022832662765968,2.8,2.8,2.9,2.9,2.9,2.9,2.9,2.9860145100745634,3.1,3.1,3.1,3.1,3.1,3.1,3.1,3.1,3.2,3.2,3.294001543934421,3.3,3.3,3.3,3.3,3.3596931090198408,3.4,3.4,3.4,3.4,3.5,3.5,3.6,3.6,3.6,3.7,3.7,3.8,3.8,3.8,3.9,3.9,3.9,4.0,4.0,4.0,4.0,4.073298795838568,4.2,4.2,4.2,4.3,4.4,4.4,4.4,4.4,4.4,4.4,4.4,4.4,4.5,4.5,4.5,4.5741068266693015,4.6,4.6,4.6,4.6,4.6,4.6,4.6,4.7,4.7,4.7,4.7,4.7,4.7,4.7,4.7,4.8,4.8,4.8,4.8,4.8,4.8,4.8,4.8,4.8,4.827072108449437,4.9,4.9,4.9,4.9,4.9,5.0,5.0,5.023688407591999,5.1,5.1,5.1,5.1,5.1,5.1,5.1,5.121949238263988,5.24706730690055,5.3,5.3,5.3,5.3,5.5,5.5,5.526303351929255,5.6,5.6,5.7,5.8,5.8,5.8,5.813777036454177,5.9,6.069319877160609,6.1,6.1,6.1,6.1,6.2,6.2,6.2,6.2,6.2,6.2,6.2,6.2,6.2,6.3,6.3,6.3,6.3,6.3,6.3,6.4,6.4,6.5,6.5,6.5,6.581809911496833,6.6,6.6,6.6,6.6,6.6,6.6,6.667079801107315,6.7,6.7,6.8,6.8,6.8,6.8,6.8,6.8,6.9,6.9,6.9,7.0,7.1,7.1,7.4,7.4,7.4,7.6,7.7,7.7,7.7005164912220385,8.1,8.1,8.1,8.1,8.3,8.547944441110683,8.6,8.617525236657524,8.814266596893356,9.400390718565365,9.697716733723398,10.1,10.1,10.220207607712837,10.7,10.7,11.4,12.5,13.306544019431568
0.49836399514212393,0.6,0.6854855139391492,0.8,0.8,0.8797923922871658,0.9,1.0,1.0,1.0,1.0,1.2,1.2,1.2,1.3,1.3,1.3,1.3,1.3,1.4,1.4,1.4327174284142679,1.5,1.5,1.6,1.6,1.6,1.6,1.6,1.7,1.7,1.7,1.7,1.709575860441376,1.8,1.8,1.8,1.8,1.8,1.9,1.9329201988926883,2.0,2.0,2.0,2.0,2.0,2.079445275352288,2.1,2.1,2.1,2.2,2.2,2.3,2.3,2.3,2.3,2.3,2.3,2.3079458502902526,2.4,2.4,2.4,2.4,2.4,2.4,2.4,2.4,2.5,2.5164165237127207,2.6,2.6,2.7,2.7,2.7,2.7862229635458164,2.8,2.8,2.8,2.8,2.8,2.8,2.8,2.8,2.9,2.9,2.9,2.902376319138855,3.0,3.0,3.0780507617360144,3.1,3.1,3.1,3.1,3.1,3.1,3.1,3.1,3.1,3.1,3.1500000000000004,3.2,3.2,3.3,3.3,3.3,3.4,3.4,3.4,3.4,3.496926093147823,3.5,3.5,3.5,3.5,3.6,3.6,3.67439350157847,3.8,3.8,3.8,3.8,3.8,3.832212223747814,3.9,3.9,3.9,3.9,3.9,3.9,3.9,3.9,3.9,3.9,3.9,3.9,3.9,3.9,3.9,3.9,3.9,3.9,3.9,3.9,3.9,3.9,3.9,3.9,3.9968948881851647,4.0,4.06917401898113,4.106138765668953,4.2,4.2,4.241109449295425,4.4,4.4,4.4,4.4,4.4,4.467079801107315,4.5,4.555172771262977,4.7,4.8,4.9,4.9,4.9,4.9,4.9,4.9,4.9,4.9,4.9,4.9,4.9,4.9,5.0,5.1,5.1,5.1,5.1,5.1,5.1,5.1,5.1,5.1,5.1,5.1,5.1,5.1,5.1007814371307285,5.3,5.499636869475824,5.7,5.920207607712837,6.0,6.4427253143476495,6.929028972121694,7.555745765912172,7.903817344668415
1.2,1.4,1.6,1.8,1.8,2.0,2.3,2.4,2.5,2.5,2.5,2.5,2.7,2.7,2.7,2.7,2.7860145100745632,2.8,2.8,2.8,2.8,2.8,2.8966561113817306,2.9,2.9,2.9,2.9372862721435706,3.0,3.1494582816066528,3.3,3.3,3.3,3.3,3.3,3.358468122724821,3.4,3.4,3.4,3.4,3.4,3.4329201988926883,3.575794741564042,3.6,3.6,3.8,3.8,3.8,3.8,3.8,3.8,3.8,3.8,3.8,3.9,3.9,3.9,3.9,3.9,3.9079458502902527,4.0,4.072639569622759,4.104378489936286,4.2,4.2,4.297323051621021,4.3,4.3,4.3,4.3,4.3,4.3,4.3,4.3,4.3,4.3,4.3,4.3,4.367787776252189,4.4,4.4,4.4,4.4,4.4,4.4,4.4,4.4,4.4,4.4,4.4,4.4,4.403073906852183,4.5,4.5,4.5,4.5,4.5,4.5,4.5,4.5,4.5,4.5,4.5,4.5,4.5,4.5,4.5,4.6,4.6,4.6,4.6,4.6,4.6,4.6,4.6,4.6,4.6,4.6,4.7,4.8,4.926303351929255,5.0,5.1,5.1,5.1,5.1,5.1,5.1,5.1,5.1,5.1,5.1,5.1,5.1,5.1,5.1,5.1,5.1,5.1,5.1,5.1,5.1,5.1,5.1,5.125036691116378,5.258462112967839,5.3,5.3,5.3,5.3,5.3,5.3,5.3,5.343677771674339,5.481809911496834,5.6,5.759932460047509,5.8,5.8,5.8,5.8,5.8,5.8,5.8551727712629775,5.9,5.9,5.9,5.9,5.9,5.9,5.9,5.9,5.9,6.0,6.2,6.262713727856431,6.3,6.3,6.4,6.4,6.4,6.5,6.5,6.5,6.5,6.5,6.5,6.567445006307696,6.7,6.831224038735451,7.13505047331505,7.4,7.4,7.4,7.4,7.413659870944878,7.6,7.682121732823713,8.3,8.6,9.267237297736518,12.5
1.2,1.4,1.6,1.8,1.9178782671762764,2.0,2.3,2.400363130524173,2.5,2.5,2.7,2.7,2.7,2.7,2.7,2.8,2.8,2.8,2.8,2.8,2.8,2.9,2.9,2.9,2.9,2.9,2.9,2.9,2.9,2.9,2.956801156119795,3.0,3.0,3.1,3.1,3.3,3.3,3.3,3.3,3.3,3.4,3.4,3.4,3.4,3.5,3.5400675399524983,3.6,3.7,3.8,3.8,3.8,3.8,3.9,3.9,3.9,3.9,3.9,3.9,3.9,4.0,4.0,4.1,4.1,4.1,4.1,4.2,4.2,4.2,4.3,4.3,4.3,4.3,4.3,4.3,4.3,4.3,4.3,4.4,4.4,4.4,4.4,4.4,4.4,4.4,4.4,4.4,4.4,4.4,4.4,4.4,4.4,4.4,4.452870569242148,4.5,4.5,4.5,4.5,4.5,4.5,4.5,4.5,4.5,4.5,4.5,4.5,4.5,4.5,4.5,4.5,4.571989073708892,4.6,4.6,4.6,4.6,4.6,4.6,4.6,4.6,4.700269264184391,4.926303351929255,5.0,5.1,5.1,5.1,5.1,5.1,5.1,5.1,5.1,5.1,5.1,5.1,5.1,5.1,5.1,5.1,5.1,5.1,5.1,5.1,5.2,5.2,5.2,5.3,5.3,5.3,5.3,5.3,5.3,5.3,5.3,5.3,5.4,5.563619822993666,5.620554724647712,5.7,5.8,5.8,5.8,5.8,5.8,5.8107266901243975,5.9,5.9,5.9,5.9,5.9,5.9,6.0,6.0,6.0,6.196291420219933,6.3,6.305998456065578,6.462713727856431,6.5,6.5,6.5,6.5,6.5,6.5,6.5,6.5,6.5,6.5,6.5,6.5,6.547944441110684,6.7,6.7,6.9,7.3,7.397716733723399,7.4,7.4,7.6,7.6410608664118564,7.8,8.214514486060846,9.03361864886826,12.5
0.5,0.7221271170439142,0.8,0.8,0.8,0.8,0.8,0.9,0.9,0.9,0.9,1.0824747633424778,1.1,1.1,1.1325549936923018,1.2,1.2860145100745635,1.3,1.3,1.3,1.3,1.3,1.3,1.3,1.3,1.3,1.3,1.3,1.3,1.3,1.3,1.4,1.4,1.4,1.4,1.4,1.4,1.4,1.4,1.4,1.4,1.4,1.4,1.4,1.4,1.4,1.4,1.4,1.4,1.4,1.4,1.4,1.4,1.438454272860062,1.5,1.5,1.5,1.5,1.5,1.5,1.5,1.5,1.5,1.5,1.5,1.5,1.5,1.5,1.5,1.5,1.5,1.5,1.5,1.5,1.5,1.5136342526696893,1.6,1.6,1.6,1.6,1.6,1.6,1.6,1.6256064984215273,1.7,1.7,1.7,1.7,1.7,1.7,1.7,1.7,1.7,1.7,1.7,1.7,1.7,1.7,1.7,1.7,1.7,1.7,1.7,1.7,1.7,1.7,1.7,1.7,1.7,1.7,1.7,1.7,1.7,1.7,1.7,1.7,1.7,1.7,1.7,1.7,1.8,1.8,1.8,1.8,1.8,1.8,1.8,1.8,1.8,1.8,1.8,1.9,1.9,1.9128753795290434,2.0,2.0,2.0,2.0,2.0,2.0,2.1,2.1,2.1,2.3,2.3584621129678394,2.4,2.4,2.4,2.4,2.5,2.6,2.7,2.7,2.7,2.7,2.7,2.7,2.7,2.7,2.7,2.7,2.7,2.7,2.7,2.7,2.7,2.7,2.7,2.7,2.7,2.7,2.7,2.7,2.7,2.7,2.7,2.780147534287232,2.8,2.8,2.8,2.8,2.8,2.8,2.8,2.8,2.8,3.0,3.0,3.0,3.017525236657525,3.1,3.2,3.2977167337233992,3.4996368694758244,3.5,3.5,3.5,3.8,3.9,4.177872882956086,5.113633373815764
1.2989093300947494,1.6,1.7,1.9,2.0,2.0797923922871657,2.1,2.2,2.2,2.3,2.3,2.4,2.4,2.4520555588893194,2.5,2.5,2.5,2.559311917748766,2.6,2.6,2.6,2.7,2.8,2.8,2.819852465712776,2.9,2.9,2.9,3.1,3.1,3.1,3.208781688559887,3.3,3.3,3.3,3.3,3.3,3.3,3.3,3.3,3.3,3.3,3.3,3.3,3.3,3.3,3.3,3.3,3.3,3.3,3.3,3.3,3.3,3.3,3.3,3.3,3.3,3.3,3.3,3.3,3.3,3.3,3.3,3.3,3.3,3.3,3.3,3.4871246204709534,3.5,3.5,3.5,3.5,3.5,3.5,3.5,3.5,3.5,3.5,3.5,3.5,3.6,3.6,3.6,3.6,3.6,3.6,3.6,3.6277108492161205,3.7,3.7,3.7,3.7,3.7,3.7,3.7,3.7,3.7,3.7,3.7,3.7,3.7,3.7,3.7,3.8,3.8,3.8,3.8,3.8,3.9,3.9,3.9,3.9,3.9,3.9,3.9,3.9,3.9,3.9,3.9,4.0,4.0,4.0,4.0,4.0,4.0,4.0,4.0,4.0,4.0,4.0,4.125893173330689,4.2,4.2,4.2,4.2,4.3,4.3,4.3,4.3,4.3,4.3,4.3,4.392054149709748,4.4,4.4,4.6,4.6,4.6,4.7,4.7,4.7,4.7,4.7,4.7,4.7,4.7,4.7,4.7,4.782077373987306,5.0,5.0,5.0,5.0,5.0,5.0,5.093593987845253,5.2,5.2,5.2,5.2,5.2,5.2,5.2,5.2,5.2,5.2,5.2,5.2,5.2,5.2,5.2,5.2,5.3,5.3,5.313985489925437,5.489518608039907,5.5,5.6,5.6,5.6,5.6,5.6,5.6,5.6,5.9,6.120207607712836,6.2,6.271362657173825,6.5,6.577872882956086,7.701090669905262
0.9,1.3442542340878283,1.6,1.7,1.8,1.9,2.0,2.000363130524173,2.2,2.2,2.2,2.2,2.2,2.2,2.2,2.3,2.3,2.3,2.330512947070702,2.4,2.5671097311820503,2.6654348568285355,2.8,2.9,2.9,2.9,2.9,2.9,2.9,2.9037085797800697,3.056801156119795,3.1,3.1,3.1,3.1,3.1,3.1,3.1,3.1,3.1,3.1,3.1,3.1,3.218656931715492,3.3,3.3,3.3,3.3,3.3,3.3,3.3,3.3,3.3,3.338454272860062,3.4,3.5,3.5,3.5,3.5,3.5,3.5,3.5,3.5,3.5,3.5,3.5,3.5,3.5,3.5,3.5,3.5,3.5,3.5,3.5,3.5,3.6,3.6,3.7,3.7,3.7,3.7,3.7,3.7,3.7,3.7,3.7,3.7,3.7,3.7,3.7,3.7,3.7,3.7,3.7,3.7,3.7,3.7,3.7,3.7,3.7,3.7,3.7,3.7,3.7,3.7,3.7,3.7,3.7,3.7,3.7,3.7,3.7,3.7,3.7,3.7,3.7,3.7,3.7,3.7,3.7,3.7,3.778884147332195,3.8,3.8,3.8,3.8,3.9,3.9,3.9,3.9,3.9,3.9,3.9,3.9,3.9,3.9,3.9,3.9,3.9,3.9,3.9,3.9,3.9,3.9,3.9,3.9,4.0,4.0,4.0,4.0,4.0,4.0,4.0,4.0,4.0,4.1,4.1,4.1,4.1,4.1,4.1,4.2,4.255172771262977,4.3,4.3,4.3,4.4,4.4,4.4806137819603125,4.6,4.6,4.7,4.7,4.7,4.7,4.7,4.7,4.7,4.7,4.7,4.7,4.7,4.7,4.7,4.7,4.7,4.7,4.7,4.8,4.83505047331505,5.0,5.000390718565365,5.1,5.2,5.2,5.2,5.241060866411857,5.5,5.558057944243387,6.511491531824345,7.708180024289459
0.7994546650473747,0.9,0.9,0.9572746856523559,1.1,1.1797923922871658,1.2931700645275617,1.3,1.3,1.3,1.3,1.4,1.5,1.5,1.5325549936923017,1.7,1.7,1.7,1.7,1.7,1.7,1.7,1.7,1.7,1.7,1.7,1.7,1.7,1.7,1.7,1.7,1.7,1.7,1.7,1.7,1.7,1.7,1.7,1.7,1.7,1.7,1.7,1.7,1.7,1.7,1.7,1.7,1.7,1.7,1.7,1.7,1.7,1.7,1.7,1.7,1.7,1.7,1.7,1.7,1.7,1.7,1.7,1.7,1.7,1.7,1.7,1.7,1.7,1.7,1.7,1.7,1.7,1.7,1.7,1.7,1.7,1.7,1.7,1.7,1.7,1.7,1.7,1.7,1.7,1.7,1.7,1.7,1.7,1.7,1.7,1.7,1.7,1.7,1.7,1.7,1.7,1.7517089421772567,1.8,1.9,2.0,2.0,2.0,2.0,2.1,2.1,2.1,2.1,2.1,2.1,2.171989073708892,2.2,2.2,2.2,2.2,2.2,2.2,2.2,2.2,2.2,2.2,2.2,2.2,2.2,2.2,2.2,2.2,2.2,2.2,2.2,2.2,2.2,2.2,2.2,2.2,2.2,2.2,2.2,2.2,2.2,2.2,2.2,2.2,2.2,2.2,2.2,2.2,2.2,2.2,2.2,2.2,2.2,2.2,2.2,2.3,2.3,2.3,2.3,2.3,2.3,2.3,2.3,2.3,2.3,2.3,2.3,2.3,2.3,2.390424139558621,2.4,2.4,2.4,2.4,2.4,2.4,2.4,2.8207433944853904,2.9,2.9,2.9,2.9,2.9,2.9,2.9,2.9,2.9,2.989518608039907,3.1,3.1,3.1,3.1,3.1,3.1,3.1,3.299273738951649,3.5,3.5,3.541060866411857,3.7,3.8,3.9,4.101636004857891
0.798363995142124,1.1221271170439142,1.2854855139391492,1.4,1.4,1.4,1.4,1.4,1.4,1.4,1.4,1.5,1.6,1.7,1.8,1.8,1.8860145100745633,1.9,2.0,2.0,2.0,2.2,2.2,2.2,2.2,2.2,2.3,2.3,2.3,2.5,2.556801156119795,2.6,2.759693109019841,2.8,2.8,2.8,2.8,2.8,2.8,2.9,2.9,2.9,2.9,3.0,3.0000358757198553,3.1,3.1,3.1,3.1,3.1,3.130825981018876,3.2,3.3,3.3,3.3,3.3,3.3,3.3,3.4,3.4,3.4,3.4,3.4,3.4,3.4,3.4,3.5,3.5871246204709535,3.6,3.645406826037424,3.7,3.7,3.7,3.7,3.8,3.8,3.8,3.8,3.8,3.8,3.8,3.8,3.8,3.8,3.9,3.9,3.9,3.9,3.9,3.9,3.9030739068521823,4.0,4.0,4.0,4.0,4.1,4.1,4.1,4.1,4.1,4.15,4.2,4.2,4.2,4.2,4.3729278915505745,4.4,4.4,4.4,4.4,4.4,4.4,4.4,4.5,4.5,4.5,4.6,4.6,4.6,4.6,4.65250515077039,4.7,4.7,4.732212223747814,4.859180841484494,4.9,5.0,5.1,5.1,5.1,5.1,5.1,5.1,5.2,5.2,5.2,5.3,5.3,5.3,5.3,5.3,5.3,5.3,5.3,5.3,5.3,5.5,5.5,5.5,5.5,5.56917401898113,5.6,5.7,5.7818099114968335,5.9,5.9,5.9,5.9,5.9,5.9,5.9,5.9,5.955172771262977,6.0,6.0,6.0,6.1,6.190424139558622,6.2,6.29121831144011,6.3,6.3,6.3,6.4059984560655785,6.6,6.6,6.7,6.740990970180974,6.9,6.9,6.932890268817949,7.0,7.069487052929304,7.3,7.3,7.389518608039907,7.6,7.6,7.6,7.7,8.014266596893355,8.5,8.5,8.699273738951648,8.827319741889756,9.2,9.2,9.4,10.0,10.1,13.70981602914735
0.5994546650473747,1.1221271170439142,1.2,1.4,1.4,1.4,1.4,1.4,1.4,1.4,1.6,1.6824747633424777,1.7,1.8,1.8,1.8,1.8860145100745633,1.9,1.9305129470707023,2.0,2.0,2.0,2.0,2.1,2.2,2.2,2.2,2.2,2.2,2.20370857978007,2.3,2.3,2.5,2.5,2.6,2.6,2.6,2.8,2.8,2.8,2.8,2.8,2.9,2.9,2.9,2.9,2.9,2.9181900885031635,3.0,3.0,3.1,3.1,3.1,3.1,3.1,3.2,3.2,3.274963308883616,3.3,3.3,3.3,3.3,3.3,3.3,3.4,3.4,3.4,3.4,3.4,3.4,3.4,3.4,3.430680122839391,3.5,3.6,3.6,3.6,3.667787776252189,3.7,3.7,3.7,3.7736966480707363,3.8,3.8,3.8,3.8,3.8,3.8,3.8,3.8,3.8,3.8,3.8,3.9,3.9,3.9,3.9,3.9,3.9,3.9,4.0,4.0,4.0,4.0,4.048291057822746,4.1,4.1,4.1,4.1,4.1,4.2,4.2,4.2,4.2,4.397623680861142,4.4,4.4,4.4,4.4,4.4,4.4,4.4,4.4,4.5,4.5,4.5,4.6,4.6,4.6,4.6,4.6,4.6,4.6,4.7,4.7,4.7,4.702676948378985,4.8,4.8,4.895621510063717,4.9273604303772345,5.1,5.1,5.1,5.1,5.1,5.126701204161429,5.2,5.2968948881851645,5.3,5.3,5.3,5.3,5.3,5.3,5.3,5.3,5.381343068284502,5.5,5.6,5.6,5.8,5.8,5.9,5.9,5.9,5.9,5.9,5.9,5.9,5.9,5.9,6.0,6.1,6.1,6.2,6.280147534287232,6.3,6.3,6.3,6.4,6.4,6.6,6.681376164502467,6.9,7.089518608039906,7.3,7.4,7.6,7.6,7.6,7.7,7.897716733723399,8.498910608427474,8.5,8.7,9.2,9.2,10.0,11.478728829560861,15.514724043721026
0.49836399514212393,0.5,0.5,0.6,0.6,0.7,0.7,0.8,0.8,0.8,0.8,0.8,0.8687759612645444,0.9,0.9,0.9,0.9,1.0,1.0,1.0997417543889867,1.1,1.1,1.1,1.1,1.1,1.1,1.1,1.1,1.1,1.1,1.1,1.2,1.2,1.2,1.2,1.2,1.2,1.2,1.2,1.2,1.2,1.2,1.2,1.259328465857746,1.3,1.3,1.3,1.3,1.3,1.3,1.3,1.3,1.3,1.3,1.3,1.3,1.3,1.3,1.3,1.3,1.3,1.3,1.3,1.3,1.3,1.3,1.3,1.3,1.3,1.3,1.3,1.3,1.3,1.3,1.3,1.3,1.3,1.3,1.3,1.3,1.3,1.3,1.3,1.3,1.3,1.3,1.3,1.3,1.3,1.3,1.3,1.3,1.3,1.3,1.3,1.3,1.3,1.3,1.3,1.3,1.3,1.4,1.4,1.4,1.4,1.4,1.4,1.4,1.4,1.4,1.4,1.5,1.5,1.5,1.5,1.5,1.5,1.6,1.6,1.6,1.6,1.6,1.6,1.6,1.6,1.6,1.6,1.6,1.6,1.6,1.6,1.6,1.6,1.7,1.7,1.7,1.7,1.7,1.7,1.7,1.7,1.7,1.7,1.7,1.7,1.7,1.7,1.7,1.8,1.8,1.8,1.8,1.8,1.8,1.8,1.8599324600475085,1.9,1.9,1.9,2.0,2.0,2.0,2.0,2.0,2.0,2.0,2.0,2.090424139558621,2.1,2.1,2.1,2.1,2.1,2.2,2.2,2.3207433944853904,2.4,2.4,2.4,2.4,2.5328902688179484,2.6,2.6,2.7,2.8,2.8,2.8,2.8,2.8,2.8,2.8,2.8,2.8,2.9,3.1,3.1,3.5,3.6427253143476492,3.8,4.2,4.601090669905261
1.7,1.7,1.7,1.7,1.7,1.7,1.7,1.7,1.7,1.7,1.7,1.7,1.7,1.7,1.7,1.7,1.7,1.7,1.7,1.7,1.7,1.7,1.7,1.7,1.7,1.7,1.7,1.7,1.7,1.7,1.7,1.7175633771197738,1.959693109019841,2.019151720882752,2.2,2.3192180364642194,2.7,2.7,2.8,2.8,2.8,2.8,2.817922626012691,2.9,2.9,2.9,2.9,3.0,3.0,3.093861234331038,3.1,3.1,3.1031051118148354,3.238454272860062,3.4,3.4,3.4,3.5,3.6,3.7,3.7,3.7,3.8,3.8,3.8,3.8,3.857519604410663,3.9,3.9,3.9,3.9,3.9,3.9,3.9,3.9,3.9,3.9,3.9,3.9,3.9,3.9,3.9,3.9,3.9,3.9,3.9,3.9,3.9,3.9,3.9,3.9,3.9,3.9528705692421484,4.0,4.2,4.227072108449437,4.3,4.5,4.5,4.525448577810747,4.6,4.6,4.6,4.6,4.6,4.6,4.7,4.722338458626433,4.8,4.8,4.8,4.8,4.8,4.8,4.8,4.8,4.8,4.87439350157847,4.9,4.9,4.9,4.9,4.9,4.932212223747814,5.0,5.0,5.0,5.0,5.0,5.0,5.0,5.0,5.0,5.0,5.0,5.0,5.0,5.0,5.0,5.0,5.0,5.0,5.0,5.0,5.0,5.0,5.0,5.0,5.0,5.0,5.0,5.0,5.0,5.1,5.261664173943138,5.559932460047508,5.699964124280138,5.940671534142251,6.082077373987306,6.1,6.1,6.2,6.2,6.2,6.2465762418859985,6.393593987845254,6.4,6.4,6.4,6.4,6.4,6.4,6.5,6.5,6.6,6.6,6.860295068574465,7.2229729105429215,7.7,7.7,7.7,7.8,7.8,7.881376164502467,8.1,8.458074432159629,8.734890012615393,9.5,9.9,9.952575709972574,10.207133298446678,10.5,10.7,12.099273738951648,12.5,12.8,12.8,12.8,14.5,14.5,15.503817344668414
1.7,1.7,1.7,1.7,1.7,1.7,1.7,1.7,1.7,1.7,1.7,1.7,1.7,1.7,1.7,1.7,1.7,1.7,1.7,1.7,1.7,1.7,1.7,1.7,1.7,1.7,1.7,1.7,1.798916563213305,2.00741715956014,2.2,2.7,2.7,2.8,2.8,2.8,2.8,2.8,2.9,2.9,2.9,2.9,2.917922626012691,3.059328465857746,3.1,3.1,3.1,3.1,3.3,3.4,3.4,3.4672347188042183,3.6031051118148354,3.7,3.8,3.8,3.8415378870321604,3.9,3.9,3.9,3.9,3.9,3.9,3.9,3.9,3.9,3.9,3.9,3.9,3.9,3.9,3.9,3.9,3.9,3.9,3.9,3.9,3.9,3.9,3.9,3.9,3.9736966480707365,4.0,4.2,4.25133322763466,4.476920127242517,4.5,4.5,4.55293269309945,4.6,4.6,4.6,4.7,4.777661541373567,4.8,4.8,4.8,4.8,4.8,4.8,4.8,4.8,4.8,4.8,4.8,4.8729278915505745,4.9,4.9,4.9,4.9,4.9,4.9,5.0,5.0,5.0,5.0,5.0,5.0,5.0,5.0,5.0,5.0,5.0,5.0,5.0,5.0,5.0,5.0,5.0,5.0,5.0,5.0,5.0,5.0,5.0,5.0,5.0,5.0,5.0,5.0,5.0,5.0,5.0,5.0,5.0,5.1923452141771635,5.353402408322858,5.661545727139935,5.7,5.765530562391564,6.0,6.1,6.1,6.181809911496833,6.2,6.2,6.2,6.2,6.3,6.4,6.4,6.4,6.4,6.400446139750591,6.5,6.5,6.541531877275179,6.6,6.640306890980156,6.8824366228802205,7.043198843880208,7.7,7.7,7.705998456065578,7.8,7.8,7.880147534287232,8.0,8.1,8.1,8.5,8.8,8.969487052929304,9.040688082251233,9.5,9.6,9.667445006307695,9.9,9.9,10.2,10.207133298446678,10.3,10.7,10.7,12.1,12.180830430851346,12.623182599235571,12.8,14.5,14.5,15.503817344668414
1.4,1.5,1.6,1.6,1.6,1.6,1.6,1.7,1.8,1.9996092814346327,2.1857334031066458,2.4,2.4,2.4,2.4,2.4209627839201926,2.6860145100745636,2.7593119177487657,2.8,2.8,2.9,2.9,2.9966561113817307,3.0,3.0,3.1,3.1,3.1,3.2,3.2,3.2,3.2,3.2,3.2,3.2,3.2,3.2,3.2,3.2,3.3,3.3,3.3,3.3,3.3,3.3,3.3,3.3,3.3,3.4,3.4,3.4,3.4,3.4,3.4,3.4,3.5,3.5,3.5,3.5,3.5,3.5,3.5,3.5,3.5,3.6,3.6,3.6,3.6,3.6,3.6,3.6,3.6,3.6,3.6,3.6,3.6,3.6,3.6,3.7,3.7,3.7,3.7,3.7,3.7,3.7,3.7,3.8,3.9,3.9,3.9,4.0,4.0,4.0,4.0,4.0,4.0,4.0,4.0,4.000888621543728,4.125448577810746,4.2,4.2,4.2,4.2,4.3,4.3,4.3,4.3,4.4,4.4,4.4,4.5,4.5,4.5,4.5,4.5,4.5,4.5,4.5,4.5,4.5,4.5,4.5,4.5,4.5,4.5,4.5,4.5,4.5,4.5,4.7,4.7,4.7,4.7,4.7,4.8,4.9,4.9,4.9,5.1,5.1,5.1,5.1,5.1,5.15846211296784,5.2,5.2,5.3,5.396894888185165,5.4,5.46917401898113,5.5,5.5,5.5,5.520554724647712,5.6,5.7,5.7,5.7,5.7,5.7,5.7,5.8,5.8,5.8,5.893593987845254,6.0,6.0,6.1,6.1,6.343198843880208,6.5,6.55054171839335,6.6,6.6,6.720743394485391,6.9,6.9,7.1,7.234565143171471,7.365780537635897,7.5,7.669487052929304,7.8,7.913985489925437,8.0,8.1,8.2,8.5,8.6,8.614266596893355,8.90078143713073,9.1,9.498547477903298,10.006829935472439,10.1,10.5,11.413626571738245,12.030630374547622,15.5,16.21036136409998
1.6,2.0,2.0854855139391493,2.4,2.4,2.679792392287166,2.8,2.8,2.8022832662765964,2.9,2.9,2.9,2.9,2.9,2.9,2.9,2.9860145100745634,3.1,3.1,3.1,3.1,3.1,3.1,3.1,3.2,3.2,3.3,3.4,3.4,3.4,3.4,3.5,3.6,3.609575860441376,3.7,3.7,3.7,3.7,3.7,3.7,3.7,3.7,3.7,3.7,3.8,3.8,3.8,3.8,3.8,3.8,3.8,3.8,3.8,3.8,3.8,3.8,3.8,3.9,3.9,3.9,3.9726395696227597,4.0,4.0,4.0,4.0,4.0,4.0,4.087124620470953,4.11641652371272,4.2,4.374106826669302,4.4,4.4,4.4,4.4,4.4,4.4,4.4,4.4,4.4211158526678025,4.5,4.5,4.5,4.5,4.5,4.5,4.5,4.52771084921612,4.6,4.6,4.6,4.6,4.6,4.6,4.6,4.6,4.6,4.6,4.6,4.6,4.6,4.6,4.699111378456268,4.7,4.8,4.8,4.8,5.0,5.0,5.0,5.0,5.0,5.04706730690055,5.1,5.1,5.123079872757484,5.248666772365334,5.3,5.3,5.3,5.3,5.4,5.4,5.4,5.4,5.486365747330313,5.5,5.5,5.5,5.5,5.5,5.5,5.5,5.5,5.5,5.5,5.5,5.5,5.6,5.7,5.727360430377234,5.8,5.8,5.8,5.8,5.8,5.8,5.8,5.8,5.8327652811957815,5.9,5.9,5.9,5.9,5.9,5.959932460047509,6.0,6.1,6.1,6.1,6.1,6.110726690124397,6.2,6.2,6.2,6.2,6.2,6.290424139558621,6.3,6.3,6.3,6.3,6.4,6.4,6.4,6.5,6.5,6.5,6.5,6.5,6.6,6.6,6.6,6.6,6.613985489925437,6.7,6.7,6.7,6.7,6.717525236657525,6.9,6.9,6.9,6.9,7.006829935472439,7.4,7.6,7.6,7.814514486060847,8.5,8.806544019431568
1.6,2.4,2.8,2.8,2.9,2.9,2.9,2.9,3.0,3.1,3.1,3.1,3.1,3.2,3.2,3.310481391960096,3.4,3.4,3.4,3.5997417543889867,3.7,3.7,3.7,3.7,3.7,3.7,3.737286272143571,3.8,3.8,3.8,3.8,3.8,3.8,3.8,3.8,3.80640601215474,3.9,3.9,3.94482722873702,4.0,4.0,4.0,4.0,4.0,4.0,4.0,4.079445275352287,4.1,4.256322228325667,4.3,4.4,4.4,4.4,4.438454272860063,4.5,4.5,4.5,4.5,4.5,4.5,4.6,4.6,4.6,4.6,4.6,4.6,4.6,4.687124620470954,4.7,4.8,4.8,4.8,4.9,4.9,4.9,5.0,5.0,5.0,5.0,5.0,5.1,5.1,5.1,5.2,5.3,5.3,5.3,5.3,5.3,5.4,5.4,5.4,5.4,5.4,5.5,5.5,5.5,5.5,5.5,5.5,5.5,5.5,5.5,5.5,5.5,5.5,5.5,5.5,5.5,5.5,5.5,5.521949238263988,5.6,5.672289150783877,5.7,5.7,5.7,5.8,5.8,5.8,5.8,5.8,5.8,5.8,5.8,5.8,5.8,5.841424948730241,5.9,5.9,5.9,5.9,5.9,5.9,5.9,5.9,5.9,6.0,6.0,6.0,6.027360430377234,6.1,6.1,6.1,6.1,6.1,6.2,6.2,6.2,6.2,6.2,6.2,6.2,6.2,6.220554724647712,6.3,6.3,6.3,6.3,6.3,6.4,6.4,6.4,6.5,6.5,6.5,6.5,6.5,6.6,6.6,6.6,6.6,6.6,6.6,6.6,6.6,6.7,6.7,6.7,6.7,6.7,6.9,6.9,6.9,6.9,6.9,6.9,6.9,6.9,7.0,7.3071332984466775,7.6,7.6,7.6,7.8,7.820207607712836,8.0,8.1,8.5,8.677872882956086,8.806544019431568
0.49836399514212393,0.5,0.5,0.6,0.6,0.6,0.6,0.6,0.6,0.6,0.7,0.7,0.7,0.7,0.7,0.7,0.7,0.7,0.7,0.7,0.8,0.8,0.8,0.8,0.8,0.8,0.8,0.8,0.8,0.8,0.8,0.8,0.8,0.8,0.8,0.8,0.8,0.8,0.8,0.8,0.8,0.8,0.8,0.8,0.8,0.8,0.9,0.9,0.9,0.9,0.9,0.9,0.9,0.9,0.9,0.9,0.9,0.9,0.9,0.9,0.9,0.9,0.9,0.9,0.9,0.9,0.9,0.9,0.9,0.9,0.9,0.9,0.9,0.9,0.9,0.9,0.9,0.9,0.9,0.9,0.9,0.9,0.9,0.9,0.9,0.9,0.9,0.9,0.9,0.9,0.9,0.9,0.9,0.9,0.9,0.9,0.9,0.9,0.9,0.9,0.9,0.9,0.9,0.9,0.9,0.9,0.9,0.9,1.0,1.0,1.0,1.0,1.04706730690055,1.1,1.1,1.1,1.1,1.1,1.1,1.1,1.1,1.1,1.1,1.1,1.1,1.1,1.2,1.2,1.2,1.2,1.2,1.2,1.2,1.2,1.2,1.2,1.2,1.2,1.2,1.2956215100637167,1.3,1.3,1.3,1.3,1.3,1.3,1.3,1.3,1.3,1.3,1.3,1.3,1.4,1.4,1.4,1.4,1.4,1.4,1.4,1.4,1.4,1.4,1.4,1.4,1.4,1.4,1.4,1.4,1.4,1.4,1.4,1.4,1.5,1.5,1.5,1.5,1.5,1.5,1.5,1.5,1.5,1.5,1.5694870529293041,1.6,1.7,1.7,1.767445006307696,1.8,1.8,1.8,1.9,1.9003907185653643,2.0,2.0996368694758245,2.1,2.3202076077128364,2.4,2.4,2.4,2.8,3.3098160291473504
2.798909330094749,3.4,3.485485513939149,4.028637342826178,4.2,4.2,4.2,4.2,4.3,4.399609281434633,4.5,4.7,4.7,4.7,4.7,4.7,4.786014510074563,4.8,4.9,4.9,4.967109731182051,5.0,5.0,5.059009029819024,5.319852465712776,5.4,5.4,5.494001543934421,5.6,5.6,5.6,5.7,5.7,5.8,5.8,5.9,5.9,5.9,5.9,5.9,5.932920198892688,6.0,6.0,6.0,6.0,6.0,6.0,6.0,6.0,6.0,6.0,6.0,6.1,6.1,6.173298795838567,6.2,6.2,6.2,6.2,6.2,6.2,6.2,6.2,6.2,6.2,6.227589739189687,6.3,6.3,6.3,6.3,6.3,6.3,6.3,6.35857505126975,6.4,6.5,6.5,6.5,6.5,6.5,6.5,6.5,6.5,6.5,6.5,6.5,6.5,6.5,6.5,6.5,6.5,6.5,6.5,6.5,6.5,6.5,6.5,6.5,6.5,6.5,6.6,6.6,6.6,6.6,6.6,6.6,6.6,6.8,6.8,6.8,6.8,6.8,6.84706730690055,6.9,6.9,6.9,6.9,6.9,6.9,6.9,6.9,6.9,6.9,6.9,6.9,6.9,6.9,6.9,6.9,6.9,6.9,6.9,6.9,6.9,6.9,6.9,6.9,6.9,6.9,6.9,6.9,6.9,6.9,6.9,6.9,6.9,6.9,6.9,6.9,6.9,6.9,6.9,6.9,6.9,6.9,6.9,6.9,6.9,6.9,6.9,6.9,6.9,6.9,6.9,6.9,6.9,6.941531877275179,7.1,7.1,7.1,7.3,7.3,7.3,7.3,7.3,7.4,7.480147534287232,7.5,7.7,7.7,7.9,7.9,8.038974105858609,8.1,8.1,8.1,8.1,8.1,8.6,8.617525236657524,8.7,8.7,8.9,8.999636869475825,9.213659870944877,9.66062282313851,10.1,10.3,11.7,11.7,13.302181339810524
0.7989093300947493,0.8221271170439142,0.9,0.9,1.1,1.1,1.1,1.1,1.1,1.1996092814346326,1.2928667015533228,1.3,1.3,1.3,1.3,1.3,1.3,1.3,1.3,1.3,1.3,1.3,1.3,1.3,1.3,1.3,1.3,1.3,1.3,1.3,1.3,1.3,1.359693109019841,1.4,1.458468122724821,1.5,1.6,1.6,1.6,1.6,1.6,1.6,1.6,1.7,1.7,1.7,1.7,1.7,1.7,1.7,1.7,1.7,1.7,1.7,1.7,1.7,1.7,1.7,1.7,1.7,1.7,1.7,1.7,1.7,1.7,1.7,1.7,1.7,1.7,1.7,1.7,1.7,1.7,1.7,1.7,1.7,1.7,1.7,1.7,1.7,1.7,1.7,1.7,1.7,1.7,1.7,1.7,1.7,1.7,1.7,1.7,1.7,1.7,1.7,1.7,1.7,1.7,1.7,1.7,1.7,1.8,1.8,1.8,1.8,1.8,1.8,1.9,2.0,2.0,2.0,2.0,2.0,2.0,2.0,2.0,2.0,2.0,2.0,2.0,2.0,2.0,2.0,2.0,2.0,2.0,2.0,2.0,2.0,2.0,2.0,2.0,2.0,2.0,2.0,2.0,2.1,2.1,2.1,2.1,2.1,2.1,2.1,2.1920541497097474,2.2,2.2,2.2,2.2,2.2,2.2,2.2,2.2,2.2,2.2,2.2,2.2,2.2,2.2,2.3,2.3,2.3,2.3,2.4,2.4,2.4,2.4,2.4,2.4,2.4,2.4,2.4,2.4,2.4,2.4,2.4,2.4,2.4,2.4,2.4,2.4,2.4,2.4,2.4,2.4,2.4,2.4,2.4,2.534890012615392,2.743833323332052,2.9,2.917525236657525,3.1,3.1,3.4,3.4,3.4,3.5,3.741060866411857,3.8,3.8145144860608466,3.9,4.103272009715783
