q0.001,q0.005,q0.01,q0.015,q0.02,q0.025,q0.03,q0.035,q0.04,q0.045,q0.05,q0.055,q0.06,q0.065,q0.07,q0.075,q0.08,q0.085,q0.09,q0.095,q0.1,q0.105,q0.11,q0.115,q0.12,q0.125,q0.13,q0.135,q0.14,q0.145,q0.15,q0.155,q0.16,q0.165,q0.17,q0.175,q0.18,q0.185,q0.19,q0.195,q0.2,q0.205,q0.21,q0.215,q0.22,q0.225,q0.23,q0.235,q0.24,q0.245,q0.25,q0.255,q0.26,q0.265,q0.27,q0.275,q0.28,q0.285,q0.29,q0.295,q0.3,q0.305,q0.31,q0.315,q0.32,q0.325,q0.33,q0.335,q0.34,q0.345,q0.35,q0.355,q0.36,q0.365,q0.37,q0.375,q0.38,q0.385,q0.39,q0.395,q0.4,q0.405,q0.41,q0.415,q0.42,q0.425,q0.43,q0.435,q0.44,q0.445,q0.45,q0.455,q0.46,q0.465,q0.47,q0.475,q0.48,q0.485,q0.49,q0.495,q0.5,q0.505,q0.51,q0.515,q0.52,q0.525,q0.53,q0.535,q0.54,q0.545,q0.55,q0.555,q0.56,q0.565,q0.57,q0.575,q0.58,q0.585,q0.59,q0.595,q0.6,q0.605,q0.61,q0.615,q0.62,q0.625,q0.63,q0.635,q0.64,q0.645,q0.65,q0.655,q0.66,q0.665,q0.67,q0.675,q0.68,q0.685,q0.69,q0.695,q0.7,q0.705,q0.71,q0.715,q0.72,q0.725,q0.73,q0.735,q0.74,q0.745,q0.75,q0.755,q0.76,q0.765,q0.77,q0.775,q0.78,q0.785,q0.79,q0.795,q0.8,q0.805,q0.81,q0.815,q0.82,q0.825,q0.83,q0.835,q0.84,q0.845,q0.85,q0.855,q0.86,q0.865,q0.87,q0.875,q0.88,q0.885,q0.89,q0.895,q0.9,q0.905,q0.91,q0.915,q0.92,q0.925,q0.93,q0.935,q0.94,q0.945,q0.95,q0.955,q0.96,q0.965,q0.97,q0.975,q0.98,q0.985,q0.99,q0.995,q0.999
0.2,0.3,0.3,0.3,0.3,0.4,0.4,0.4,0.4,0.4,0.4,0.4,0.4,0.4,0.4,0.4,0.4,0.5,0.5,0.5,0.5,0.5,0.5,0.5,0.5,0.5,0.5,0.5,0.5,0.5,0.5,0.6,0.6,0.6,0.6,0.6,0.6,0.7,0.7,0.7,0.7,0.7,0.8,0.8,0.8,0.8,0.8,0.8,0.8,0.8,0.8,0.8,0.8,0.8,0.8,0.8,0.8,0.8,0.8,0.9,0.9,0.9,0.9,0.9,0.9,0.9,0.9,0.9,0.9,0.9,0.9,0.9,0.9,0.9,0.9,0.9,0.9,0.9,0.9,0.9,0.9,0.9,0.9,0.9,0.9,0.9,0.9,0.9,0.9,0.9,0.9,0.9,0.9,0.9,0.9,0.9270721084494369,1.0,1.0,1.0,1.0,1.0,1.0,1.0,1.0,1.0,1.0,1.0,1.0,1.0,1.0,1.0,1.0,1.0,1.0,1.0,1.0,1.0,1.0,1.0,1.0,1.0,1.0,1.0054499355826123,1.1,1.1,1.1,1.1,1.1,1.1,1.1,1.1,1.1,1.1,1.1,1.1,1.1,1.2,1.2,1.2,1.2,1.2,1.2,1.2,1.2,1.2,1.2,1.3,1.3,1.3,1.3,1.3,1.3,1.3,1.3,1.3,1.3,1.3,1.3406715341422513,1.4,1.4,1.4,1.4,1.4,1.4,1.4,1.4,1.4,1.4,1.4,1.4,1.4,1.4962914202199329,1.5,1.5,1.5,1.5,1.5,1.5,1.5,1.5,1.5,1.5,1.5,1.5406880822512334,1.6,1.7,1.7,1.7,1.7,1.7,1.7071332984466778,1.8,1.8,1.8,1.9,1.9,1.941060866411857,2.1427253143476492,2.2,2.511491531824345,2.700545334952631
0.19945466504737464,0.2,0.2854855139391493,0.3,0.3,0.3,0.3,0.3,0.3,0.3,0.3,0.3,0.3,0.3,0.3,0.31048139196009644,0.4,0.4,0.4,0.4,0.4,0.4,0.4,0.4,0.4,0.4,0.4,0.4,0.4,0.4,0.4,0.4,0.4,0.4,0.4,0.4,0.4,0.4,0.4,0.4,0.4,0.5,0.5,0.5,0.5,0.5,0.5,0.5,0.5,0.5,0.5,0.5,0.5,0.5,0.5,0.5,0.5,0.5,0.5,0.5,0.5,0.5,0.5,0.5,0.5,0.5,0.5,0.5,0.5,0.5,0.5,0.5,0.5,0.5,0.5,0.5,0.5,0.5,0.5,0.5,0.5474948492296108,0.6,0.6,0.6,0.6,0.6,0.6,0.6,0.6,0.6,0.6,0.6,0.6,0.6,0.6,0.6,0.6,0.6,0.6,0.6,0.6,0.7,0.7,0.7,0.7,0.7,0.7,0.7,0.7,0.7,0.7,0.7,0.7,0.7,0.7,0.8,0.8,0.8,0.8,0.8,0.8,0.8,0.8,0.8,0.8,0.8,0.8,0.8,0.8,0.8,0.8,0.8,0.8,0.8,0.8424803955893424,0.9,0.9,0.9,0.9,0.9,0.9,0.9,0.9,0.9,0.9,0.9,0.9,0.9,0.9,0.9,1.0,1.0,1.0,1.0,1.0,1.0,1.0,1.0,1.0,1.0,1.0,1.0,1.0,1.0,1.0,1.0,1.0,1.0,1.0,1.0,1.0,1.096291420219933,1.1,1.1,1.1,1.1,1.1,1.2,1.2,1.2,1.3,1.3,1.3,1.3,1.4,1.4,1.4,1.4,1.4,1.5,1.5,1.5,1.5,1.5996368694758247,1.7,1.7,1.7,1.8,1.9145144860608467,2.2,2.901090669905261
0.2,0.2,0.2,0.3,0.3,0.3,0.3,0.3,0.3,0.3,0.3,0.3,0.3,0.3,0.3,0.3,0.3,0.3,0.3,0.3,0.3,0.3,0.3,0.3,0.3,0.3,0.3,0.3,0.3,0.3,0.3,0.3,0.3,0.3,0.3,0.3,0.4,0.4,0.4,0.4,0.4,0.4,0.4,0.4,0.4,0.4,0.4,0.4,0.4,0.4,0.4,0.4,0.4,0.4,0.4,0.4,0.4,0.4,0.4,0.4,0.4,0.4,0.4,0.4,0.4,0.4,0.4,0.4,0.4,0.4,0.4,0.4,0.4,0.4,0.4,0.4,0.4,0.4,0.4,0.4,0.4,0.4,0.4,0.4,0.4,0.4,0.4,0.4,0.4,0.4,0.4,0.4,0.4,0.4,0.4,0.4,0.4,0.4,0.4,0.4,0.45,0.5,0.5,0.5,0.5,0.5,0.5,0.5,0.5,0.5,0.5,0.5,0.5,0.5,0.5,0.5,0.5,0.5,0.5,0.5,0.5,0.5,0.5,0.5,0.5,0.5,0.5,0.5,0.5,0.5,0.5,0.5,0.5,0.5,0.5,0.5,0.5,0.5,0.5,0.5,0.5,0.5,0.5,0.5,0.5,0.5,0.5,0.5,0.5,0.5,0.5,0.5,0.5,0.5,0.5,0.5,0.5,0.5,0.5,0.5,0.5,0.5,0.5,0.5,0.6,0.6,0.6,0.6,0.6,0.6,0.6,0.6,0.6,0.6,0.6627137278564305,0.7,0.7,0.7,0.7,0.7,0.7,0.7,0.7,0.7406880822512335,0.8,0.8,0.8,0.8,0.8,0.8,0.8,0.8003907185653646,0.9,0.9,1.0,1.0,1.0,1.0713626571738246,1.1290289721216937,1.4,1.7005453349526305
0.6994546650473746,1.222127117043914,1.385485513939149,1.528637342826178,1.6589391335881383,1.7,1.7931700645275617,1.8,1.8,1.8,1.8,1.9,1.9,1.9,1.9,1.9,1.9,1.9,1.9305129470707023,2.0,2.0,2.1,2.1,2.1590090298190248,2.2,2.2,2.2,2.2,2.2,2.2,2.2,2.2,2.2,2.2,2.2,2.3,2.3,2.3,2.3,2.3,2.3,2.3,2.3,2.3,2.3,2.3,2.3,2.3,2.3563222283256664,2.4,2.5,2.5,2.5,2.5,2.5,2.507654785822831,2.6,2.6,2.6,2.6404999223586856,2.7,2.7,2.7,2.7,2.7,2.7,2.8,2.8,2.8,2.8,2.8,2.9,2.9,2.9,2.9,2.9,2.940819158515501,3.0,3.0,3.0,3.0,3.0,3.0,3.0,3.0,3.0,3.0,3.0,3.0,3.0,3.0,3.0280109262911052,3.1,3.1,3.1,3.1,3.1,3.1,3.1,3.1,3.1,3.1,3.1,3.123688407591999,3.2,3.2729278915505744,3.3,3.3,3.3,3.3,3.3,3.3,3.3,3.372289150783877,3.4,3.4,3.4,3.4,3.4,3.4,3.4,3.4,3.4,3.4,3.4,3.4,3.4,3.4,3.4,3.4,3.4,3.4,3.4,3.4,3.4,3.4,3.4,3.433292681424257,3.5,3.5,3.5,3.559500077641303,3.6,3.6,3.6,3.6,3.6,3.6,3.6,3.632765281195782,3.7,3.7,3.7,3.7,3.7,3.7,3.7,3.7,3.7,3.7242052584359557,3.8,3.8,3.8,3.8,3.8,3.8,3.8,3.8,3.8,3.8,3.9,3.9,3.9,3.9,3.9,3.9207433944853904,4.0801475342872315,4.1,4.1,4.1,4.1,4.1,4.1,4.1,4.1,4.1,4.2,4.2,4.2,4.2,4.3,4.4,4.4,4.4,4.4,4.6,4.6,4.742725314347649,4.8,6.400855946604776,6.602181339810522
0.6994546650473746,1.3,1.4854855139391492,1.6,1.7,1.7,1.7,1.8,1.8,1.8,1.8,1.8,1.8,1.8,1.9,1.9,1.9,1.9,1.9,1.9,1.9,1.9,1.9966561113817307,2.0,2.1,2.1,2.1,2.1,2.1494582816066528,2.2,2.2,2.2,2.2,2.2,2.2,2.2,2.2,2.2,2.2,2.289273309875608,2.3,2.3,2.3,2.3,2.3,2.3,2.3,2.3,2.3,2.3,2.3,2.3,2.3,2.3,2.3,2.4,2.5,2.5,2.5,2.5,2.5,2.5,2.5,2.5,2.5,2.5275897391896875,2.6,2.6,2.616416523712721,2.7,2.7,2.7,2.7,2.7,2.7,2.7,2.7,2.7677877762521885,2.8,2.8,2.8,2.8736966480707364,2.9,2.925606498421527,3.0,3.0,3.0,3.0,3.0,3.0,3.0,3.0,3.0,3.0,3.0,3.0,3.0,3.0,3.0,3.0,3.05,3.1,3.1,3.1,3.1,3.1,3.1,3.1,3.1,3.1,3.1,3.1,3.1,3.1,3.2,3.2,3.248666772365334,3.3,3.3,3.3,3.3,3.3,3.3,3.3,3.3,3.3863657473303133,3.4,3.4,3.4,3.4,3.4,3.4,3.4,3.4,3.4,3.4,3.4,3.4,3.4,3.4,3.4,3.4,3.4920541497097473,3.5,3.5,3.6,3.6,3.6,3.6,3.6,3.6,3.6,3.6,3.6,3.6,3.6,3.6,3.7,3.7,3.7,3.7,3.7,3.7,3.7,3.7,3.7,3.8,3.8,3.8,3.8,3.8,3.8,3.8,3.8,3.8,3.9,3.9,3.9,3.9,4.0,4.1,4.1,4.1,4.1,4.1,4.1,4.1,4.1,4.2,4.2,4.2,4.2,4.397716733723399,4.4,4.4,4.4,4.4,4.6,4.714514486060847,4.8,5.903817344668415
0.6994546650473746,0.9442542340878284,1.2,1.2286373428261779,1.3,1.3,1.4,1.4003631305241728,1.5,1.5,1.5,1.5,1.5,1.5,1.5,1.5,1.5,1.5,1.5,1.5,1.5,1.5,1.5,1.5,1.6,1.6,1.6,1.6,1.6,1.7,1.7,1.7,1.7,1.7,1.7,1.8,1.8,1.8,1.8,1.8,1.8,1.8,1.8,1.8,1.8,1.8,1.9,1.9,1.9,1.9,1.9,1.9,1.9,1.9,1.9,1.9,1.9,1.9,1.9,1.9,1.9,1.9,1.9,1.9,1.9,1.9,1.9,1.9871246204709536,2.0,2.0,2.0,2.0,2.0,2.0,2.0,2.0,2.0,2.0,2.0,2.0,2.0,2.0,2.0,2.1,2.1,2.1,2.1,2.1,2.1,2.1,2.1030739068521824,2.2,2.2,2.2,2.2,2.2,2.2,2.2,2.2,2.2,2.2,2.2,2.2,2.2,2.2,2.2,2.2,2.2,2.2,2.2,2.2,2.2,2.2,2.2,2.2,2.2,2.2,2.2,2.2,2.2,2.2525051507703893,2.3,2.3,2.3,2.3,2.3,2.3,2.3,2.3,2.3,2.3,2.3,2.3,2.3,2.3,2.3,2.3,2.3,2.3,2.3,2.3,2.3,2.3,2.3,2.3,2.3,2.3,2.3,2.3,2.3,2.3,2.3,2.3,2.3,2.3,2.3,2.3,2.3,2.3,2.3,2.4,2.5,2.5,2.5,2.5,2.5,2.6,2.6,2.6,2.7,2.7,2.7,2.7,2.705998456065578,2.8,2.8,2.8,2.8,2.803343888618275,2.9,2.9,3.0,3.0,3.0,3.0139854899254375,3.1,3.1674450063076964,3.2,3.231224038735451,3.317525236657525,3.4,3.5,3.5,3.5,3.6,3.6,3.7,3.7,3.729028972121694,4.177872882956086,4.905453349526306
0.2,0.4,0.5,0.6,0.6,0.6,0.6,0.6,0.6,0.6,0.6,0.6,0.6,0.6520555588893195,0.7,0.7,0.7,0.7,0.7,0.7,0.7,0.7,0.7,0.7,0.7,0.7,0.7,0.7,0.7,0.7,0.7,0.7,0.7,0.7,0.8,0.8,0.8,0.8,0.8,0.8,0.9,0.9,0.9,0.9,0.9,0.9,0.9,0.9,0.9,0.9,0.9,0.9,0.9,0.9,0.9,0.9,0.9,0.9,0.9,0.9,0.9,0.9,0.9,0.9,0.9,0.9,0.9,0.9871246204709536,1.0,1.0,1.0,1.0,1.0,1.0,1.0,1.0,1.0,1.0,1.0,1.0,1.0,1.0,1.0,1.0,1.0,1.0,1.0,1.0,1.0,1.0,1.0,1.0,1.0,1.0,1.0,1.0,1.0,1.0,1.0,1.0,1.0,1.0,1.0,1.0,1.0,1.0,1.0,1.0,1.0,1.0,1.0,1.0,1.0,1.0,1.0,1.1,1.1,1.1,1.1,1.1,1.1,1.1,1.1,1.1,1.1,1.1,1.1,1.1,1.1,1.1,1.1258931733306896,1.2,1.2,1.2,1.2,1.2,1.2,1.2,1.2,1.2,1.2273604303772345,1.3,1.3,1.3,1.3,1.3,1.3,1.3,1.3,1.3,1.3,1.3,1.3,1.3,1.4,1.4,1.4,1.4,1.4,1.4,1.4,1.4,1.5,1.5,1.5,1.5,1.5,1.5,1.5,1.5,1.6,1.6,1.6,1.6,1.6627137278564306,1.7,1.7,1.8,1.8,1.8,1.9,1.9,1.9,1.9,2.0,2.0,2.1,2.1,2.1,2.1,2.1,2.2,2.2977167337233992,2.4,2.506829935472439,2.8,2.982121732823714,3.4,5.045144860608469,7.1,7.2
0.2994546650473746,0.4,0.4854855139391493,0.5,0.5589391335881382,0.6,0.6,0.6,0.6,0.6,0.6,0.6,0.6,0.6,0.6,0.6,0.6,0.6,0.6,0.6,0.6,0.6,0.6,0.6,0.6,0.6,0.6,0.6,0.6,0.60370857978007,0.7,0.7,0.7,0.7,0.7,0.7,0.7,0.7,0.7,0.7,0.7,0.7757947415640416,0.8,0.8,0.8,0.8,0.9,0.9,0.9,0.9,0.9,0.9,0.9,0.9,0.9,0.9,0.9,0.9,0.9,0.9,0.9,0.9,0.9,0.9,0.9,0.9,0.9,0.9,0.9,0.9,0.9,0.9,0.9,0.9,0.9,0.9,0.9,0.9,0.9945500644173848,1.0,1.0,1.0,1.0,1.0,1.0,1.0,1.0,1.0,1.0,1.0,1.0,1.0,1.0,1.0,1.0,1.0,1.0,1.0,1.0,1.0,1.0,1.0,1.0,1.0,1.0,1.0,1.0,1.0,1.0,1.0,1.0,1.0,1.0,1.0,1.0,1.0,1.0,1.0,1.0,1.0,1.0525051507703893,1.1,1.1,1.1,1.1,1.1,1.1,1.1,1.1,1.1,1.1,1.1,1.1,1.2,1.2,1.2,1.2,1.2,1.2,1.2,1.2,1.3,1.3,1.3,1.3,1.3,1.3,1.3,1.3,1.3,1.3,1.3,1.3,1.3818099114968334,1.4,1.4,1.4,1.4,1.4,1.4,1.4,1.4,1.4,1.5,1.5,1.5,1.5,1.5,1.5,1.5,1.5,1.5,1.5,1.5,1.6,1.6,1.6,1.6,1.7,1.7,1.7,1.7,1.8,1.8,1.8,1.8,1.867445006307696,1.9,1.9,1.9,1.9071332984466778,2.0,2.0,2.0996368694758245,2.1,2.1,2.182121732823714,2.4713626571738248,2.514514486060847,2.7557457659121725,3.002181339810522
0.1,0.1,0.1,0.1,0.1,0.1,0.1,0.1,0.1,0.1,0.1,0.1,0.1,0.1,0.1325549936923018,0.2,0.2,0.2,0.2,0.2,0.2,0.2,0.2,0.2,0.2,0.2,0.2,0.2,0.2,0.2,0.2,0.2,0.2,0.2,0.2,0.2,0.2,0.2,0.2,0.2,0.2,0.2,0.2,0.2,0.2,0.2,0.2,0.2,0.2,0.2,0.2,0.2,0.2,0.2,0.2,0.2,0.2,0.2,0.2,0.2,0.2,0.2,0.2,0.2,0.2,0.2,0.2,0.2,0.2,0.2,0.2,0.2,0.2,0.2,0.2,0.2,0.2,0.2,0.2,0.2,0.2,0.2,0.2,0.2,0.2,0.2,0.2,0.22771084921612045,0.3,0.3,0.3,0.3,0.3,0.3,0.3,0.3,0.3,0.3,0.3,0.3,0.3,0.3,0.3,0.3,0.3,0.3,0.3,0.3,0.3,0.3,0.3,0.3,0.3,0.3,0.3,0.3,0.3,0.3,0.3,0.3,0.3,0.3,0.4,0.4,0.4,0.4,0.4,0.4,0.4,0.4,0.4,0.4,0.4835834762872878,0.5,0.5,0.5,0.5,0.5,0.5,0.5,0.5,0.5,0.5,0.5,0.5,0.5,0.5,0.5,0.5,0.5,0.5,0.5,0.5,0.5,0.6,0.6,0.6,0.6,0.6,0.6,0.6,0.6,0.6,0.6,0.6,0.6,0.6,0.6,0.6,0.6912183114401103,0.7,0.7,0.7505417183933503,0.8,0.8,0.8,0.8,0.8,0.8,0.8,0.9,0.9,0.9694870529293041,1.0,1.0,1.0895186080399073,1.1,1.1,1.2,1.2,1.2,1.2003907185653644,1.3,1.3996368694758246,1.4,1.5,1.5,1.6,1.7145144860608468,2.0,2.9
0.6,0.6,0.7,0.7,0.7589391335881382,0.8,0.9,0.9,0.9,0.9996092814346327,1.0,1.0,1.0,1.0,1.0,1.0,1.0,1.0,1.0,1.0,1.0,1.1,1.1,1.1,1.1,1.1,1.1,1.1,1.1,1.1,1.1,1.2,1.2,1.2,1.2,1.2,1.2,1.2,1.3,1.3,1.3,1.3,1.3,1.3,1.4,1.4,1.4,1.4,1.4,1.4,1.4,1.4,1.4,1.4,1.4,1.4,1.4415378870321602,1.5,1.5,1.5,1.5,1.5,1.6,1.6,1.6,1.6,1.6,1.6,1.6,1.7,1.7,1.7,1.7306801228393909,1.8,1.8,1.8,1.8,1.8,1.8,1.8,1.8,1.8,1.9,1.9,1.9,1.9,1.9,1.9,1.9,1.9,1.9,1.9,1.9,1.9,1.9,1.9,1.9,1.9,2.0,2.0,2.0,2.0,2.0,2.0,2.0,2.0,2.0,2.1,2.1,2.1,2.1,2.1219492382639884,2.2,2.2,2.2,2.2,2.2,2.2,2.2,2.2,2.2,2.278884147332195,2.3,2.3,2.3,2.3,2.3,2.341424948730241,2.4,2.4,2.4,2.4,2.4,2.5,2.5,2.5,2.5,2.5,2.5,2.5,2.5,2.6,2.6,2.6,2.6,2.6,2.6267012041614293,2.7,2.7,2.7,2.7,2.7,2.7436777716743395,2.8,2.8,2.8,2.8,2.8,2.8,2.8,2.8,2.8,2.9,3.0,3.0465762418859983,3.1,3.1,3.1904241395586213,3.2,3.2,3.2,3.2962914202199327,3.3,3.3,3.3,3.3,3.3,3.3819819403619475,3.5,3.5,3.5,3.5,3.5,3.5406880822512337,3.6,3.6,3.6674450063076964,3.7,3.7,3.7,3.7285331937867117,4.3,4.3,4.5,4.5,4.5,4.6,4.9,5.1,5.589364414780431,6.60981602914735
0.6,0.6,0.7,0.7,0.7,0.8,0.8931700645275615,0.9,0.9,0.9996092814346327,1.0,1.0,1.0,1.0,1.0,1.0,1.0,1.0,1.0,1.0,1.0,1.032717428414268,1.1,1.1,1.1,1.1,1.1,1.1,1.1,1.1,1.1568011561197948,1.2,1.2,1.2,1.2,1.2,1.2,1.2,1.3,1.3,1.3,1.3,1.3,1.3,1.3,1.3,1.4,1.4,1.4,1.4,1.4,1.4,1.4,1.4,1.4,1.4,1.4,1.4,1.4,1.4,1.5,1.5,1.5,1.5,1.6,1.6,1.6,1.6,1.7,1.7,1.7,1.8,1.8,1.8,1.8,1.8,1.8,1.8,1.8,1.8,1.8,1.8,1.8997307358156035,1.9,1.9,1.9,1.9,1.9,1.9,1.9,1.9,1.9,1.9,1.9,1.9,1.9,1.9517089421772567,2.0,2.0,2.0,2.0,2.0,2.0,2.0,2.0,2.0,2.0,2.0,2.0,2.1,2.1,2.1,2.1,2.1,2.197623680861142,2.2,2.2,2.2,2.2,2.2,2.2,2.2,2.2,2.2,2.2591808414844934,2.3,2.3,2.3,2.3,2.397472376674125,2.4,2.4,2.4,2.4,2.4,2.5,2.5,2.5,2.5,2.5,2.5,2.5,2.5,2.5,2.6,2.6,2.6,2.6,2.6,2.632765281195782,2.7,2.7,2.7,2.7,2.7205547246477124,2.8,2.8,2.8,2.8,2.8,2.8,2.8,2.8,2.8,2.9,2.993593987845253,3.0415318772751787,3.1,3.2,3.2,3.2,3.2962914202199327,3.3,3.3,3.3,3.3,3.3,3.3409909701809735,3.5,3.5,3.5,3.5,3.5,3.5,3.6,3.6,3.6,3.7,3.7,3.7,3.7,3.7015628742614584,4.1,4.3,4.3,4.5,4.541060866411857,4.9,5.1,5.7,6.60981602914735
0.2,0.2,0.3,0.3,0.3,0.3,0.3,0.3,0.3,0.3,0.3,0.3,0.3,0.3,0.4,0.4,0.4,0.4,0.4,0.4,0.4,0.4,0.4,0.4,0.4,0.4,0.4,0.4,0.4,0.4,0.4,0.4,0.4,0.4,0.4,0.4,0.4,0.4,0.4,0.4,0.5,0.5,0.5,0.5,0.5,0.6,0.6,0.6,0.6,0.6,0.6,0.6,0.7,0.7,0.7,0.7,0.7,0.7,0.7,0.7,0.7726395696227598,0.8,0.8,0.8,0.8,0.8,0.8,0.8,0.9,0.9,0.9,0.9,0.9,0.9,0.9,0.9,0.9,0.9,0.9,0.9,1.0,1.0,1.0,1.0,1.0,1.0,1.0,1.0,1.0,1.0,1.0,1.0,1.0,1.0,1.0,1.0,1.0,1.0,1.0,1.0,1.05,1.1,1.1,1.1,1.1,1.1,1.1,1.1,1.1,1.1,1.1,1.1,1.1,1.1,1.1,1.1,1.2,1.2,1.2,1.2,1.2,1.2,1.2,1.2,1.2,1.2,1.3,1.3,1.3,1.3,1.3,1.3,1.3,1.3,1.3,1.3,1.3,1.3,1.3,1.3,1.3,1.3,1.4,1.4,1.4,1.4,1.4,1.4,1.4,1.4,1.4,1.4,1.4,1.4,1.4,1.4,1.4,1.4,1.4,1.4,1.4,1.5,1.5,1.5,1.5,1.5,1.5,1.5,1.5,1.5,1.5,1.5,1.5,1.6,1.6,1.6,1.6,1.7,1.7,1.7,1.8,1.8,1.8,1.8,1.8139854899254375,1.9,1.967445006307696,2.0,2.0,2.0,2.0,2.0,2.0,2.1996368694758246,2.2,2.2,2.3410608664118566,2.5,2.714514486060847,3.277872882956086,4.513633373815765
0.6,0.6,0.7,0.7572746856523558,0.9,1.0,1.0,1.0,1.0,1.0,1.0,1.1,1.1,1.1,1.1,1.1,1.1,1.1,1.1,1.1997417543889866,1.2671097311820503,1.3,1.3,1.3,1.3,1.3,1.3,1.4,1.4,1.4,1.4,1.4,1.4,1.4,1.4,1.5,1.5,1.5,1.5,1.5,1.6,1.6,1.6,1.6,1.6,1.6,1.7,1.7,1.7,1.8,1.8,1.8,1.8,1.8,1.8,1.8,1.8,1.8,1.8,1.8,1.9,1.9,1.9,1.9,2.0,2.0,2.0,2.1,2.1,2.145406826037424,2.2,2.2,2.2,2.2,2.2,2.2,2.2,2.2,2.2,2.3,2.3,2.3736966480707364,2.4,2.4,2.4,2.4,2.4,2.4,2.4,2.4,2.4,2.4,2.4,2.4,2.4,2.427072108449437,2.5,2.5,2.5,2.5,2.5,2.5745514221892507,2.6,2.6,2.6,2.6,2.6,2.6,2.6,2.6,2.696926093147823,2.7,2.7,2.7,2.8,2.8,2.8,2.8,2.8,2.8,2.8,2.8,2.9,2.932212223747814,3.0,3.0,3.0,3.0,3.069319877160609,3.1,3.1,3.2,3.2,3.2,3.2,3.2,3.202676948378985,3.3,3.3,3.3,3.3,3.3,3.4,3.4,3.4,3.4923452141771634,3.5,3.5,3.5,3.5,3.5,3.5,3.5,3.5,3.5,3.5,3.5,3.5,3.6,3.6,3.6,3.6,3.6,3.7,3.7,3.7,3.7,3.7,3.8,3.8,3.8,3.8,3.8,3.8,3.9,3.9,3.9,3.9,3.9,3.9,4.0,4.0,4.0,4.1,4.2,4.2,4.2,4.2,4.2,4.2,4.2,4.200390718565365,4.3,4.499636869475824,4.5,4.6,4.7,4.7,4.729028972121694,4.9,6.4
0.5,0.6,0.7,0.7,0.7,0.9,0.9,0.9,1.0,1.0,1.0,1.0,1.0,1.0,1.0,1.1,1.1,1.1,1.1,1.1997417543889866,1.2,1.3,1.3,1.3,1.3,1.3,1.337286272143571,1.4,1.4,1.4,1.4,1.4087816885598867,1.5,1.5,1.5,1.5,1.553423758114002,1.6,1.6,1.6,1.6,1.6,1.6,1.6,1.6,1.6,1.6,1.7,1.7,1.7,1.7,1.7,1.8,1.8,1.8,1.8,1.8,1.8,1.8,1.8,1.8726395696227598,1.9,1.9,1.9,1.9,1.9,1.9575196044106633,2.0,2.0,2.1,2.1,2.1025276233258667,2.2,2.2,2.2,2.2,2.2,2.2,2.2,2.2,2.2,2.2,2.3,2.3,2.4,2.4,2.4,2.4,2.4,2.4,2.4,2.4,2.4,2.4,2.4,2.4,2.5,2.5,2.5,2.5,2.5,2.5,2.5,2.6,2.6,2.6,2.6,2.6,2.6,2.6,2.6,2.7,2.7,2.8,2.8,2.8,2.8,2.8,2.8,2.8,2.852505150770389,2.9,2.9,2.9,2.9,3.0,3.0,3.0,3.1,3.1,3.1258931733306894,3.2,3.2,3.2,3.2,3.2,3.2,3.2,3.2,3.2956215100637163,3.3,3.3,3.392054149709747,3.4,3.4,3.4923452141771634,3.5,3.5,3.5,3.5,3.5,3.5,3.5,3.5,3.5205547246477122,3.6,3.6,3.6,3.6,3.6,3.667079801107315,3.7,3.7,3.7,3.7,3.7935939878452527,3.8,3.8,3.8,3.8,3.8,3.8,3.9,3.9,3.9,3.9,3.9801475342872323,4.0,4.003343888618275,4.167282571585735,4.2,4.2,4.2,4.2,4.2,4.2,4.267445006307696,4.4,4.5,4.5,4.507133298446678,4.6,4.697716733723399,4.7,4.713659870944878,4.9,4.9,4.9,5.6,5.8557457659121726,6.4021813398105225
0.1,0.2,0.2,0.2,0.2,0.2,0.3,0.4,0.4,0.4,0.4,0.4,0.4,0.4,0.4,0.4,0.4,0.4,0.4,0.4,0.5,0.5,0.5,0.5,0.5,0.5,0.5,0.5,0.5,0.5,0.5,0.5,0.5,0.5,0.5,0.5,0.5534237581140019,0.6,0.6,0.6,0.6,0.6,0.6,0.6,0.6,0.6,0.6,0.6,0.6,0.6,0.6,0.6,0.6,0.6,0.6,0.6,0.6,0.6,0.6,0.6,0.6726395696227598,0.7,0.7,0.7,0.7,0.7,0.7,0.7,0.7,0.7,0.7,0.7,0.7,0.7,0.7,0.7,0.7,0.7,0.7,0.7,0.7474948492296107,0.8,0.8,0.8,0.8,0.8,0.8,0.8,0.8,0.8,0.9,0.9,0.9,0.9,0.9023925098791609,1.0,1.0,1.0,1.0,1.1,1.1,1.1,1.1,1.1,1.1,1.1,1.1,1.1,1.1,1.1,1.1969260931478232,1.2,1.2,1.2,1.2,1.2,1.2,1.2,1.2,1.2,1.2,1.2,1.2,1.2,1.3,1.3,1.3,1.3,1.3,1.3,1.3,1.3,1.3,1.3128753795290435,1.4,1.4,1.4,1.4,1.4,1.4,1.4,1.4,1.4,1.4250366911163779,1.5,1.5,1.5,1.5,1.5968948881851646,1.6,1.6,1.6,1.6,1.6,1.6205547246477126,1.7,1.7,1.7,1.7,1.7,1.7670798011073146,1.8,1.8,1.8,1.8,1.8,1.841531877275179,1.9,1.9,1.9,1.9,1.9962914202199329,2.0,2.0,2.0,2.0,2.0,2.0,2.0,2.0672825715857357,2.2,2.2,2.2,2.2,2.2,2.2,2.3,2.3958888822213678,2.5,2.6,2.6,2.6,2.6,2.6,2.7,2.8,3.041060866411857,3.442725314347649,3.6,3.7,4.10054533495263
0.6,0.6,0.6,0.6,0.6,0.6,0.6,0.6,0.6,0.6,0.6,0.6824747633424777,0.7,0.7,0.7325549936923018,0.8,0.8,0.8,0.8,0.8997417543889867,1.0,1.0,1.0966561113817308,1.1,1.1,1.1,1.1,1.1,1.1,1.1,1.1,1.1,1.1,1.1,1.1,1.2,1.2,1.2,1.2,1.2,1.2,1.2,1.2,1.2,1.2,1.2,1.2,1.2,1.2,1.2,1.2,1.2,1.2,1.2,1.2,1.3,1.3,1.3,1.4,1.4,1.4,1.4,1.4,1.4,1.4,1.5,1.5,1.5,1.5,1.5,1.5,1.5,1.5,1.5,1.5,1.5,1.5,1.5,1.5,1.5,1.5,1.5,1.5,1.6,1.6,1.6,1.6,1.6,1.6,1.6,1.6,1.6,1.6,1.6,1.6,1.6,1.6,1.6,1.6,1.6,1.6,1.6,1.6,1.6,1.6,1.6,1.6,1.6,1.6,1.6,1.6,1.6,1.6,1.6,1.6,1.6,1.6,1.6,1.6,1.6,1.6525051507703892,1.7,1.8,1.8,1.8,1.8,1.8,1.8,1.8,1.8,1.9258931733306894,2.0,2.0,2.1,2.1,2.1,2.2,2.2,2.2,2.2,2.2,2.2,2.2,2.2,2.2584621129678397,2.3,2.4,2.4,2.4,2.4327652811957816,2.5,2.5,2.5,2.5,2.5,2.5,2.6,2.6,2.6,2.6,2.6,2.6,2.7,2.700446139750591,2.8,2.8,2.8,2.8,2.8,2.8,2.8,2.8,2.8,2.8,2.8,2.8,2.8801475342872322,2.9,2.9,3.0,3.1,3.1,3.169487052929304,3.2406880822512334,3.4,3.4,3.4,3.5,3.6,3.6,3.7,3.9,3.9,4.1,4.8,5.1,5.9874260648829996,6.885450628695298,7.0,8.134474595473035,8.501636004857891
0.6,0.6,0.6,0.6,0.6,0.6,0.6,0.6,0.6022832662765963,0.7996092814346327,0.8,0.9824747633424777,1.0687759612645444,1.1,1.1,1.1,1.1,1.1,1.1,1.2,1.2,1.2,1.2,1.2,1.2,1.2,1.3,1.3,1.3494582816066525,1.4,1.4,1.4,1.459693109019841,1.5,1.5,1.5,1.6,1.6,1.6,1.6,1.6,1.6,1.6,1.6,1.6,1.6,1.6,1.6,1.6,1.6,1.6,1.6,1.6,1.6,1.7,1.7,1.8,1.8,1.8,1.9404999223586856,2.0726395696227597,2.1,2.2,2.2,2.2,2.2,2.2,2.2,2.2,2.2,2.2,2.4,2.4,2.4,2.5,2.5,2.5,2.5,2.5,2.5,2.5,2.5,2.5,2.5,2.5,2.5,2.5023763191388553,2.6,2.6,2.6,2.6,2.6,2.6,2.6,2.6,2.6,2.6,2.6,2.6,2.625448577810747,2.7,2.7745514221892504,2.8,2.8,2.8,2.8,2.8,2.8,2.8,2.8,2.8,2.8,2.8,2.8,2.8,2.8,2.8,2.8,2.8,2.8,2.8,2.8,2.8,2.8,2.8,2.9,2.9,2.9,2.9,2.9,2.925893173330689,3.1,3.1,3.1,3.1,3.1,3.1,3.1,3.1,3.1,3.1,3.2,3.3,3.3,3.3,3.3,3.4,3.4,3.4,3.4327652811957816,3.5,3.5,3.6,3.6,3.6,3.7599324600475086,3.8999641242801375,3.9,3.9,4.024205258435956,4.1,4.1,4.1,4.1,4.1,4.1,4.1,4.1,4.2,4.2,4.2,4.3,4.3,4.4,4.5,4.5,4.6,4.740990970180974,4.8,4.8672825715857355,4.9,5.1,5.669487052929304,5.7813761645024675,5.9,5.9,5.9,5.9,6.331224038735451,6.4,6.4,6.400781437130729,6.795433467446799,6.8,6.8,6.820207607712836,7.0,7.14272531434765,8.4,8.8,8.8
0.1,0.1,0.1,0.2,0.2,0.2,0.2,0.2,0.2,0.2,0.2,0.2,0.2,0.2,0.2,0.2,0.2,0.2,0.2,0.2,0.2,0.2,0.2,0.2,0.2,0.2,0.2,0.2,0.2,0.2,0.2,0.2,0.2,0.2,0.2,0.2,0.3,0.3,0.3,0.3,0.4,0.4,0.4,0.4,0.4,0.4,0.4,0.4,0.4,0.4,0.4,0.4,0.4,0.4,0.4,0.4,0.4,0.4,0.4,0.4,0.4,0.4,0.4,0.4,0.4,0.4,0.4,0.4,0.4,0.4,0.4,0.4,0.5,0.5585750512697502,0.6,0.6,0.6,0.6,0.6,0.6,0.6,0.6,0.6,0.6,0.6,0.6,0.6,0.6,0.6,0.6,0.6,0.6,0.6,0.6,0.6,0.6,0.6,0.6,0.6,0.6,0.6,0.6,0.6,0.6,0.6,0.6,0.6,0.7,0.7,0.7,0.7,0.7,0.7,0.7,0.7,0.7,0.7486667723653341,0.8,0.8,0.8,0.8,0.8,0.8,0.8,0.8,0.8,0.9,0.9,0.9,0.9,0.9,0.9,0.9,0.9,0.9,0.9,0.9,0.9,0.964269946863908,1.0,1.0,1.0,1.0,1.0,1.0,1.0,1.0267012041614294,1.1,1.1,1.1,1.1,1.1,1.1,1.1,1.1,1.1599324600475085,1.2,1.2,1.2,1.2,1.2,1.2,1.2,1.2,1.246576241885998,1.3,1.3,1.3,1.3,1.3912183114401102,1.4,1.4,1.4,1.4,1.5,1.5,1.5,1.5,1.6,1.6,1.6,1.6,1.6,1.6,1.6,1.6,1.6,1.6,1.6,1.6175252366575252,1.8,1.9,1.9,1.9996368694758246,2.1,2.1,2.2,2.5,2.5290289721216936,2.8,2.801090669905261
0.6,1.3663813511317426,1.7,2.028637342826178,2.1589391335881385,2.2,2.3,2.3003631305241727,2.4,2.4,2.4,2.482474763342478,2.6,2.6,2.6,2.6,2.6,2.6,2.6305129470707023,2.7,2.7,2.8,2.8,2.8,2.8,2.8,2.9,2.9,2.9,3.0,3.0,3.0,3.0,3.009575860441376,3.1,3.1,3.1,3.1,3.1,3.1,3.1329201988926885,3.2,3.2,3.2,3.2,3.3,3.3,3.3,3.3,3.3,3.4,3.4,3.4,3.4,3.4,3.4,3.4,3.4749633088836163,3.5,3.5,3.5,3.5,3.5,3.5,3.5,3.5,3.5,3.5,3.5,3.545406826037424,3.6,3.6,3.6,3.6,3.6,3.6,3.6,3.6,3.6,3.6211158526678022,3.7,3.7,3.7,3.7,3.7,3.7,3.7,3.7,3.7,3.7,3.7,3.7,3.7528705692421482,3.8,3.8,3.9541442168988734,4.1,4.1,4.1,4.2,4.2,4.2,4.2,4.2,4.2,4.2,4.2,4.2,4.2,4.2,4.2,4.2,4.2,4.2,4.2,4.2,4.2,4.2,4.2,4.2,4.2,4.2,4.2,4.232212223747814,4.3,4.3,4.3,4.3,4.3,4.3,4.3,4.4,4.4,4.412875379529044,4.5,4.5,4.5,4.5,4.5,4.5,4.5,4.5,4.5,4.5,4.6,4.6,4.626701204161429,4.7,4.7,4.7,4.7,4.7,4.7,4.7,4.7,4.7,4.7,4.7,4.7,4.7,4.7670798011073146,4.9,4.9,4.9,4.993152483771996,5.1,5.1,5.1,5.1,5.1,5.1,5.1,5.2,5.2,5.2,5.2,5.2,5.2,5.2,5.2,5.6,5.6,5.6,5.6,5.6,5.6,5.7,5.7,5.9,5.9,5.9,5.9,5.9,5.9,6.306829935472439,6.6,6.6,6.742725314347649,7.0,8.8,10.303817344668415
0.19945466504737464,0.4,0.4,0.4,0.5,0.5,0.5,0.5,0.5,0.5,0.5,0.5,0.5,0.6,0.6,0.6,0.6,0.7,0.7,0.7,0.7,0.7,0.7,0.7,0.7,0.7,0.7,0.7,0.8,0.8,0.8,0.8,0.8,0.8,0.8,0.8,0.8,0.8,0.8,0.8,0.9,0.9,0.9,0.9,0.9,0.9,0.9,0.9,0.9,0.9,0.9,0.9,0.9,0.9,0.9,0.9,0.9,0.9,0.9,0.9,0.9,0.9,0.9,0.9,0.9,0.9,0.9,0.9,0.9,0.9,0.9,0.9,0.9,0.9,0.9,0.9,0.9,0.9,0.9945500644173848,1.0,1.0,1.0,1.0,1.0,1.0513332276346603,1.1,1.1,1.1,1.1,1.1,1.1,1.1,1.1,1.1,1.1,1.1,1.1,1.1,1.2,1.2,1.2,1.2,1.2,1.2,1.2,1.2,1.3,1.3,1.3,1.3,1.3,1.3,1.3,1.3,1.3,1.3,1.3,1.37439350157847,1.4,1.4,1.4,1.4,1.4,1.4,1.4,1.4,1.4,1.4,1.4,1.4,1.4,1.4,1.4,1.4,1.4,1.4,1.4,1.4,1.4,1.4,1.4273604303772345,1.5,1.5,1.5,1.5,1.5,1.5,1.5,1.5,1.6,1.6,1.6,1.6,1.6,1.6,1.6,1.6999641242801373,1.7,1.7,1.7,1.7,1.7,1.7,1.7,1.7,1.7,1.8,1.8,1.8,1.9,1.9,1.9,1.9,2.0,2.0,2.0,2.0,2.0,2.0,2.0,2.0,2.1,2.1,2.2,2.2,2.2,2.3,2.4,2.5,2.517525236657525,2.6,2.7,2.7,2.7,2.8068299354724386,3.0,3.2,3.3713626571738247,3.4,3.4,3.7021813398105223
0.5994546650473747,0.6,0.6,0.6,0.6,0.6,0.7,0.7,0.8,0.8,0.8,0.9,1.0,1.1,1.1,1.1,1.1,1.1,1.2,1.2,1.2,1.232717428414268,1.3,1.3,1.4,1.4,1.4,1.4,1.4,1.4,1.4,1.4,1.4,1.4,1.4,1.40640601215474,1.5,1.5,1.5,1.5,1.5,1.5,1.5,1.5,1.5,1.5,1.5,1.5,1.5,1.5,1.5308259810188758,1.6,1.6,1.6,1.6,1.6,1.6,1.6,1.6,1.6,1.6,1.6,1.6,1.6,1.6,1.6,1.6,1.6,1.6,1.6,1.6,1.6,1.6,1.6,1.6,1.6,1.6,1.6,1.6,1.6,1.6474948492296106,1.7,1.8,1.8,1.8,1.8,1.8,1.8,1.8,1.8,1.8,1.8,1.9,1.9,1.9023925098791608,2.0,2.0,2.076311592408004,2.1,2.1,2.1500000000000004,2.2,2.2,2.2,2.2,2.2,2.2,2.3,2.3,2.3,2.4,2.4219492382639882,2.5,2.5,2.5,2.5,2.5,2.5,2.6,2.6,2.6,2.6,2.6,2.6,2.6,2.7,2.7,2.7,2.8,2.8,2.8,2.8,2.8,2.8,2.8,2.8,2.8,2.8,2.8,2.8956215100637164,2.9,2.9,2.9,2.925036691116378,3.0584621129678395,3.1,3.1,3.2,3.3,3.3,3.3,3.4,3.4,3.4,3.5,3.5,3.5,3.540671534142251,3.6,3.7,3.8,3.8,3.9,3.900892279501181,4.1,4.1,4.241531877275179,4.3,4.3,4.48243662288022,4.7,4.7,4.85054171839335,4.9,5.1,5.6,5.9,5.9,6.3,6.3,6.4,6.4,6.4,6.4,6.4,6.4,6.4,6.495888882221368,6.8,6.8,6.8,6.8,6.8,6.8,6.8136598709448775,7.0,7.041060866411857,7.2,8.4,8.4,8.8
0.5994546650473747,0.6,0.6,0.6,0.6589391335881382,0.7,0.7,0.7003631305241729,0.8,0.8,0.8,0.9,1.0,1.1,1.1,1.1,1.1,1.1,1.1,1.2,1.2,1.2,1.2,1.2,1.3,1.3,1.3,1.3,1.3494582816066525,1.4,1.4,1.4,1.4,1.4,1.4,1.4,1.4,1.4,1.4,1.4,1.4,1.4,1.4,1.4,1.4,1.4,1.4794452753522875,1.5,1.5,1.5,1.5,1.5,1.5,1.5,1.5,1.5,1.5,1.5,1.5,1.5,1.5,1.5,1.5,1.5,1.5973230516210208,1.6,1.6,1.6,1.6,1.6,1.6,1.6,1.6,1.6,1.6,1.6,1.6,1.6,1.6,1.6,1.6,1.6,1.6,1.6,1.6,1.6,1.6,1.6,1.6,1.6780507617360143,1.7,1.8,1.8,1.8,1.8,1.8,1.8,1.8,1.8008886215437288,1.9,1.9,1.9745514221892506,2.0,2.0236884075919988,2.1,2.1,2.2,2.2,2.2,2.2,2.2,2.2,2.24706730690055,2.3,2.3,2.4,2.448666772365334,2.5,2.5,2.5,2.5,2.5,2.6,2.6,2.6,2.6,2.613777036454178,2.7,2.7,2.7,2.8,2.8,2.8,2.8,2.8,2.8,2.8,2.8,2.8,2.8,2.9,2.9,2.9,3.0,3.1,3.1,3.2,3.3,3.3,3.3327652811957815,3.4,3.4,3.5,3.5,3.5,3.5,3.6,3.6813430682845025,3.8,3.8,3.8,3.9,3.9,4.1,4.1,4.1,4.2,4.290424139558621,4.3,4.3,4.5,4.696291420219933,4.85054171839335,4.911996912131156,5.788141183569292,5.9,5.9,6.3,6.4,6.4,6.4,6.4,6.4,6.4,6.4,6.4,6.734890012615392,6.8,6.8,6.8,6.8,6.8,6.8,6.8,7.0,7.020207607712837,7.2,8.4,8.4,8.477872882956087,8.8
0.1,0.2,0.2,0.2,0.2,0.2,0.2,0.2,0.2,0.2,0.2,0.2,0.2,0.2,0.2,0.2,0.2,0.2,0.2,0.2,0.2,0.2,0.2,0.2,0.21985246571277628,0.3,0.3,0.3,0.3,0.3,0.3568011561197949,0.4,0.4,0.4,0.4,0.4,0.4,0.4,0.4,0.4,0.4,0.4,0.4,0.4,0.4,0.4,0.4,0.4,0.4,0.4,0.5,0.5,0.5,0.5,0.5,0.5,0.5,0.6,0.6,0.6,0.6,0.6,0.6,0.6,0.6,0.6,0.6,0.6,0.6,0.6,0.7,0.7,0.7,0.7,0.7,0.7,0.7,0.7,0.7,0.8,0.8,0.8,0.8,0.8,0.8,0.8,0.8,0.8277108492161205,0.9,0.9,0.9,0.9,0.9,0.9,0.9,0.9,1.0,1.0,1.0,1.0,1.0,1.0,1.0,1.0,1.0,1.0,1.0,1.0,1.0,1.0,1.0,1.0219492382639885,1.1,1.1,1.1,1.1,1.1,1.1,1.1,1.1,1.1,1.1,1.1,1.132212223747814,1.2,1.2,1.2,1.2,1.2,1.2,1.2,1.2,1.2,1.2,1.2,1.2,1.2,1.2,1.2,1.3,1.3,1.3,1.3,1.3,1.3,1.3923452141771633,1.4,1.4,1.4,1.4,1.4,1.4,1.4436777716743392,1.5,1.5,1.5,1.5,1.5,1.5,1.6,1.6,1.6,1.6,1.6,1.6465762418859982,1.7,1.7,1.7,1.8,1.8,1.8,1.8,1.8,1.8059984560655777,1.9,2.0,2.0,2.0,2.103343888618275,2.2,2.2,2.2,2.3,2.5,2.5,2.5,2.5,2.547944441110684,2.6,2.7,2.8,2.9,2.9,2.9,3.106829935472439,3.2202076077128368,3.5,4.842263914564421,6.814514486060847,7.1,10.303817344668415
1.1967279902842478,1.6,1.6854855139391491,1.8,1.8,1.8,1.9,2.1,2.1,2.1,2.192866701553323,2.2,2.2,2.2,2.2,2.2,2.2,2.2,2.2,2.2997417543889864,2.3,2.4,2.4,2.4,2.4,2.4,2.4,2.4,2.5,2.5,2.5,2.5,2.6,2.6,2.6,2.6,2.6,2.6995538602494094,2.7,2.7,2.7,2.7,2.7,2.7,2.7,2.7,2.7,2.7,2.7,2.7,2.7,2.7,2.7,2.7,2.7,2.8,2.8,2.8,2.8079458502902526,2.9,2.9,2.9,2.9,2.9,2.9,2.9,2.9,2.9871246204709534,3.0164165237127207,3.1,3.1,3.2,3.2,3.2,3.2,3.3,3.3,3.3,3.3,3.3,3.3,3.3,3.3,3.3,3.3,3.3,3.3,3.3,3.3,3.3,3.3,3.3,3.3,3.4,3.4,3.4,3.4,3.4,3.4008886215437286,3.5,3.5,3.5,3.5,3.5,3.5,3.5,3.5,3.5,3.6,3.6,3.6,3.6,3.6,3.6,3.6,3.6,3.6,3.6,3.6,3.6,3.6,3.6,3.7,3.7,3.7,3.7,3.7,3.7,3.8,3.8,3.8,3.8,3.8,3.8,3.8,3.8,3.8,3.8,3.8,3.8,3.8,3.8,3.8,3.8,3.8,3.8,3.8,3.8,3.8,3.8,3.8,3.8,3.9,3.9,3.9,3.9,3.9,3.9,3.9,3.9,3.9,4.0,4.0,4.0,4.0,4.0,4.041531877275179,4.1,4.1,4.2,4.3,4.396291420219933,4.4,4.4,4.4,4.4,4.4,4.4,4.4,4.4,4.4,4.5,4.6,4.6,4.6,4.6,4.6,4.6,4.7,4.7,4.7,4.7,4.7,4.7,4.7,4.8,4.8,4.871362657173825,5.9,6.377872882956086,6.410906699052612
1.0994546650473747,1.2,1.2,1.4286373428261778,1.5589391335881382,1.6,1.6,1.6,1.6,1.6,1.6,1.6,1.7,1.8,1.8,1.8,1.8,1.8,1.8,1.8,1.8,1.8327174284142678,1.9,1.9,1.9,2.0,2.0,2.0,2.1,2.1,2.2,2.2,2.2,2.2,2.2,2.2,2.2,2.2,2.2,2.2,2.2,2.2,2.2,2.2,2.2,2.2,2.2,2.3,2.3,2.3,2.3,2.3,2.3,2.3,2.3,2.3,2.3415378870321604,2.4,2.4,2.4,2.4,2.4,2.4,2.466707318575743,2.5,2.5,2.5,2.5871246204709535,2.6,2.6,2.6,2.6,2.6,2.6,2.6,2.6,2.6,2.6,2.6,2.6,2.6,2.6,2.6,2.6,2.7,2.7,2.7,2.7,2.7,2.7,2.7,2.7,2.7,2.7,2.7,2.7,2.7,2.7,2.7,2.7,2.7,2.7,2.7,2.7,2.7,2.8,2.8,2.8,2.8,2.9,2.9,2.9,2.9,2.9,2.9,2.9,2.948666772365334,3.0,3.0,3.026303351929255,3.1,3.1,3.1,3.1,3.2,3.2,3.2,3.2,3.2,3.2,3.3,3.3,3.3,3.3,3.3,3.3,3.3,3.3,3.3,3.3,3.3,3.3,3.3,3.3,3.3,3.3,3.3,3.3,3.3,3.3,3.4,3.5,3.5,3.5,3.5,3.5,3.5,3.5,3.6,3.6,3.6,3.6,3.6,3.6,3.7,3.7935939878452527,3.8,3.8,3.8,3.8,3.8,3.8,3.8,3.8,3.8,3.8,3.8,3.8409909701809735,3.9,3.9,3.9,3.9,3.9,4.0,4.0,4.089518608039906,4.1,4.195888882221368,4.331224038735451,4.4,4.407133298446678,4.6,4.6,4.7,4.7,4.8,4.9,6.042725314347649,6.14354345818254,6.4,6.908180024289459
0.9983639951421239,1.3,1.5854855139391493,1.8,1.8,1.8,1.8,1.8,1.9,1.9,1.9,2.0,2.0,2.0,2.032554993692302,2.1,2.1,2.1,2.1,2.1,2.1,2.1,2.1,2.2,2.2,2.2,2.2,2.2,2.2,2.2,2.2,2.3,2.3,2.3,2.3,2.3,2.3,2.3,2.3,2.3,2.3,2.3,2.4,2.4,2.4,2.4,2.4,2.4,2.4,2.4,2.430825981018876,2.5,2.5031051118148353,2.6,2.6,2.6,2.6,2.7,2.7,2.7,2.7,2.7,2.7,2.7,2.7,2.7,2.7,2.7,2.7,2.7,2.7,2.7,2.7,2.7,2.7,2.7,2.7,2.7,2.7,2.7,2.8,2.8,2.8,2.8,2.8,2.8769201272425162,2.9,2.9,2.9,2.9,2.9,2.9,2.9,2.9,3.0,3.0,3.0,3.0,3.0,3.0,3.0,3.0,3.1,3.1,3.1,3.1,3.1,3.1223384586264333,3.2,3.2,3.2,3.2,3.2,3.2,3.2,3.2,3.2,3.2743935015784698,3.3,3.3,3.3,3.3,3.3,3.332212223747814,3.4,3.4,3.4,3.4,3.4,3.4,3.425893173330689,3.5,3.5,3.5,3.5,3.5724102608103183,3.6,3.6,3.6,3.6,3.6,3.659500077641303,3.7,3.7,3.7,3.7,3.8,3.8,3.8,3.8,3.8,3.8,3.8,3.8,3.8,3.8,3.8,3.8,3.8,3.8242052584359554,3.9,3.9,3.955172771262977,4.0,4.0,4.093593987845253,4.1,4.1,4.140306890980156,4.2,4.2,4.2,4.2,4.2,4.4,4.4,4.4,4.4,4.403343888618275,4.6,4.6,4.6,4.6,4.6,4.6,4.6,4.6,4.6,4.6,4.6,4.6,4.6,4.6,4.6,4.7,4.7,4.8,5.84272531434765,6.314514486060847,6.555745765912172,6.6
0.7,0.8,0.9,1.028637342826178,1.1,1.1,1.2,1.2,1.2022832662765963,1.3,1.3,1.3,1.4,1.5,1.5,1.5,1.5,1.5,1.5,1.6,1.6,1.6,1.6,1.6,1.6,1.6,1.6,1.6,1.6,1.60370857978007,1.7,1.7,1.7,1.7,1.7,1.7,1.8,1.8,1.8,1.8,1.8,1.8,1.8,1.8,1.8,1.8,1.8,1.8,1.8,1.8938612343310381,1.9,1.9,1.9,2.0,2.0,2.0,2.0,2.0,2.1,2.1,2.1,2.1,2.1,2.1,2.1,2.1275897391896876,2.2,2.2,2.2,2.2,2.2,2.2,2.2,2.2,2.2,2.2,2.2,2.2,2.2,2.221115852667802,2.3,2.3,2.3,2.3,2.3,2.3,2.3,2.3,2.3,2.3,2.3,2.3,2.3,2.3,2.3,2.3,2.3,2.3,2.3,2.4,2.4,2.4,2.4,2.4,2.4,2.4,2.5,2.5,2.5,2.5719890737088917,2.6,2.6,2.6,2.6,2.6,2.6,2.6,2.6,2.6,2.6,2.6,2.6,2.7,2.7,2.7,2.7,2.7,2.7,2.7,2.7,2.7,2.7,2.7,2.7,2.7,2.7,2.7,2.7,2.7,2.7,2.7,2.7,2.7,2.7,2.7,2.7,2.7,2.761545727139935,2.8,2.8,2.8,2.8,2.8,2.9,2.9,2.9,2.9,2.940671534142251,3.0,3.0242052584359556,3.1,3.1,3.1,3.1,3.1,3.1,3.141531877275179,3.2,3.2,3.2,3.2,3.2,3.2,3.2,3.2,3.3,3.3,3.3,3.3,3.3,3.3,3.3,3.3,3.3,3.4,3.5,3.5,3.5,3.5312240387354508,3.6,3.6,3.600781437130729,3.8,3.8,3.8,3.8,3.8,4.2,4.6,4.6,5.903817344668415
0.6,0.6,0.6,0.6,0.6,0.7,0.8,0.9,0.9,0.9,1.0,1.0,1.0,1.0,1.0,1.0,1.1,1.1,1.1,1.1,1.1,1.1,1.1,1.1,1.1,1.1,1.1,1.1,1.1,1.1,1.1,1.1,1.1,1.1,1.1,1.2,1.2,1.2,1.2,1.2,1.3,1.3,1.3,1.3,1.4,1.4,1.4,1.4,1.4,1.4,1.4308259810188757,1.5,1.5,1.5,1.5,1.6,1.6,1.6,1.6,1.6,1.6,1.6,1.6,1.666707318575743,1.7,1.7,1.7,1.7,1.8,1.8,1.8,1.8,1.8,1.8,1.9,1.9,2.0,2.0,2.0,2.1,2.1,2.1,2.1,2.2,2.2,2.2,2.2,2.3,2.3,2.3,2.3,2.4,2.4,2.4,2.4,2.4,2.4,2.5,2.5,2.5,2.55,2.6,2.6,2.6,2.6,2.6,2.6,2.6,2.6,2.7,2.7,2.7,2.7,2.7,2.7,2.7,2.7,2.7743935015784698,2.8,2.8,2.8,2.8,2.8,2.8,2.8,2.8,2.8,2.8,2.9,2.9,2.9,2.9,2.9,2.9,2.9,2.9,3.0,3.0,3.0,3.0,3.0273604303772346,3.1,3.1,3.1,3.1,3.1,3.2,3.2,3.2,3.3,3.3,3.3,3.3,3.4,3.4,3.4,3.4,3.4,3.4,3.5,3.5,3.5107266901243976,3.6,3.6,3.6,3.6,3.641531877275179,3.7,3.7,3.7,3.7,3.7,3.8,3.8,3.8,3.8,3.8,3.8409909701809735,3.9,3.9,3.9,3.900258245611019,4.0,4.1,4.1,4.1,4.2,4.2,4.2,4.2,4.2142665968933555,4.4,4.4,4.499636869475824,4.6,4.6,4.7,4.871362657173825,5.2580579442433875,5.9,6.401090669905262
0.4994546650473746,0.6,0.6,0.6,0.7,0.7,0.7,0.7,0.7,0.7,0.7,0.7,0.7,0.7,0.8,0.8,0.8,0.8,0.8,0.8997417543889867,0.9,0.9,0.9,0.9,0.9,0.9,0.9,0.9,0.9,0.9,0.9568011561197949,1.0,1.0,1.0,1.0,1.0,1.0,1.0,1.0,1.0,1.0329201988926884,1.1,1.1,1.1,1.1,1.1,1.1,1.1,1.1,1.1,1.1,1.1,1.1,1.1,1.1,1.1,1.1,1.1,1.1,1.1,1.1,1.1,1.1,1.1,1.1,1.1,1.1,1.1,1.1,1.1,1.1,1.1,1.1,1.1,1.1,1.1,1.1,1.1,1.1,1.1,1.1,1.1,1.1,1.1,1.1,1.1769201272425165,1.2,1.2,1.2,1.2,1.2,1.2,1.2,1.2,1.2,1.2,1.2,1.2,1.2,1.2254485778107465,1.3,1.3,1.3,1.3,1.3,1.3,1.3,1.3,1.3,1.3,1.3,1.3,1.3,1.3,1.3,1.3,1.3,1.3,1.3,1.3,1.3,1.3,1.3,1.4,1.4,1.4,1.4,1.4,1.4,1.4,1.4,1.4,1.4,1.4,1.5,1.5,1.5,1.5,1.5,1.5,1.5273604303772346,1.6,1.6,1.6,1.6,1.6,1.6,1.6,1.6,1.6,1.6,1.6061387656689534,1.7,1.7,1.7205547246477124,1.8,1.8,1.8,1.8,1.8242052584359556,1.9,1.9,1.9,1.9,2.0,2.0,2.1,2.1,2.2,2.2,2.3,2.3,2.35054171839335,2.5,2.5,2.5,2.5801475342872324,2.6,2.7033438886182752,2.8,2.8,2.8,2.8,2.9,3.0,3.0895186080399073,3.1,3.247944441110684,3.3,3.3,3.3,3.3,3.3,3.3996368694758243,3.6,3.6202076077128367,3.741060866411857,3.9,4.243543458182541,4.877872882956086,5.704908014573675
0.1,0.1,0.1,0.1,0.1,0.1,0.1,0.1,0.2,0.2,0.2,0.2,0.2,0.2,0.2,0.2,0.2,0.2,0.2,0.2,0.2,0.2,0.2966561113817306,0.3,0.3,0.3,0.3,0.3,0.3,0.3,0.3,0.3,0.4,0.4,0.4,0.4,0.4,0.4,0.4,0.5,0.5,0.5,0.5,0.5,0.5,0.5,0.5,0.5,0.5,0.5,0.5,0.5,0.5,0.5,0.5,0.5,0.5,0.5,0.5,0.5,0.5,0.5,0.535730053136092,0.6,0.6,0.6,0.6,0.6,0.6,0.6,0.6,0.6,0.6,0.6,0.6,0.6,0.6,0.6,0.6,0.6,0.6,0.6,0.6,0.6,0.6,0.6,0.6,0.6277108492161204,0.7,0.7,0.7,0.7,0.7,0.7,0.7,0.7,0.7,0.7,0.7,0.7,0.7,0.7,0.7,0.7,0.7,0.7,0.7976074901208392,0.8,0.8,0.8,0.8,0.8,0.8,0.8,0.8,0.8,0.8,0.8,0.8,0.8,0.8,0.8,0.8,0.8,0.8,0.8,0.8,0.8,0.8,0.8,0.8,0.8545931739625815,0.9,0.9,0.9,0.9,0.9,0.9,0.9,0.9,0.9,0.9,1.0,1.0,1.0,1.0,1.0,1.0,1.0,1.0,1.0,1.0061387656689533,1.1,1.1,1.1,1.1,1.1,1.1,1.182077373987306,1.2,1.2,1.2,1.2,1.2,1.2,1.2,1.2,1.3,1.3,1.3,1.3,1.3,1.3,1.3,1.3,1.3,1.3,1.4,1.4,1.4,1.4328902688179481,1.5,1.5,1.5,1.5,1.5,1.6,1.6,1.7,1.7,1.7,1.8,1.9,1.9,2.0,2.0,2.0,2.171362657173825,2.3,2.6,2.801090669905261
0.5,0.5,0.6,0.6,0.6,0.6797923922871657,0.7,0.8,0.8,0.8,0.8,0.9,0.9,0.9,0.9,0.9,0.9,0.9,0.9,0.9,0.9,0.9,0.9,0.9,0.9,1.0,1.0,1.0,1.0,1.0,1.056801156119795,1.1,1.1,1.1,1.1,1.1,1.1,1.1,1.1448272287370203,1.2,1.2,1.2,1.2,1.2,1.2,1.2,1.2,1.2,1.2,1.2,1.2,1.2,1.2,1.2,1.2,1.2,1.2,1.2,1.2,1.2,1.2,1.2,1.2,1.2,1.2973230516210208,1.3,1.3,1.3,1.3,1.3,1.3,1.3,1.3,1.3,1.3,1.3,1.3,1.3,1.3,1.3,1.3,1.3,1.3,1.3,1.3,1.3,1.3,1.3,1.4,1.4,1.4,1.4,1.4,1.4,1.4,1.4,1.4,1.4,1.4,1.4,1.4,1.4,1.4,1.4,1.4,1.4,1.4,1.4,1.4,1.4,1.4,1.4,1.4,1.4,1.4,1.4,1.4,1.4,1.4,1.4,1.4,1.4,1.4,1.4,1.4,1.4,1.4,1.4,1.4,1.4,1.5,1.5,1.5,1.5,1.5,1.5,1.5,1.5,1.5,1.5,1.5,1.5,1.5,1.5,1.5,1.5,1.6,1.6,1.6,1.6,1.6,1.6,1.6,1.6,1.7,1.7,1.7,1.7,1.7,1.7,1.7,1.7,1.7,1.7,1.7,1.7,1.7,1.7,1.7,1.7,1.7,1.7,1.7,1.7,1.7,1.7207433944853903,1.8,1.8,1.8,1.9,1.9,1.9,1.9,1.9,2.0,2.0,2.0,2.0,2.0,2.1,2.1,2.1,2.1,2.2,2.2,2.3202076077128364,2.4410608664118567,2.5,2.6290289721216937,2.8,3.100545334952631
0.1,0.2,0.2,0.2,0.2,0.2,0.3,0.3,0.3,0.3,0.4,0.4,0.4,0.4,0.4,0.4,0.4,0.4,0.4,0.4,0.4,0.4,0.4,0.4,0.4,0.4,0.4,0.4,0.4,0.4,0.4,0.4,0.4,0.409575860441376,0.5,0.5,0.5,0.5,0.5,0.5,0.5,0.5,0.5,0.5,0.5,0.5,0.5,0.5,0.5,0.5,0.5,0.5,0.5,0.5,0.5,0.5,0.5,0.5,0.5,0.5,0.5,0.5,0.5,0.5,0.5,0.5,0.5,0.5871246204709536,0.6,0.6,0.6,0.6,0.6,0.6,0.6,0.6,0.6,0.6,0.6,0.6,0.6,0.6,0.6,0.6,0.6,0.6,0.6,0.6,0.6,0.6,0.6030739068521825,0.7,0.7,0.7,0.7,0.7,0.7,0.7,0.7,0.7,0.7,0.7,0.7991113784562686,0.8,0.8,0.8,0.8,0.8,0.8,0.8,0.8,0.8,0.8,0.8,0.8,0.8,0.8,0.8743935015784701,0.9,0.9,0.9,0.9,0.9,0.9,0.9,0.9,0.9,0.9,0.9,0.9,0.9,0.9,0.9,0.9,0.9,0.9,0.9,0.9,0.9,0.9956215100637167,1.0,1.0,1.0,1.0,1.0,1.0,1.0,1.0,1.0,1.0,1.0,1.0,1.0,1.0,1.0,1.0,1.0,1.0,1.0,1.0,1.0,1.1,1.1,1.1,1.1,1.1,1.141531877275179,1.2,1.2,1.2,1.2,1.2,1.2,1.3,1.3,1.3,1.3,1.3,1.3,1.3,1.3,1.3,1.4,1.4,1.4,1.4,1.4,1.4,1.5,1.5,1.5,1.5,1.5,1.5,1.5,1.7,1.7,1.7,1.8145144860608469,1.9,2.0059986844789366
0.19945466504737464,0.2,0.2,0.2,0.2,0.3,0.3,0.3,0.3,0.3,0.3,0.3,0.3,0.3,0.3,0.3,0.3,0.3,0.3,0.3,0.3,0.3,0.3,0.3,0.3,0.3,0.3,0.3,0.3,0.3,0.3568011561197949,0.4,0.4,0.4,0.4,0.4,0.4,0.4,0.4,0.4,0.4,0.4,0.4,0.4,0.4,0.4,0.4,0.4,0.4,0.4,0.4,0.4,0.4,0.4,0.4,0.4,0.4,0.4,0.4,0.4,0.4,0.4,0.4,0.4,0.4,0.4,0.4,0.4,0.4,0.4,0.4,0.4,0.4,0.4,0.4,0.4,0.4,0.4,0.4,0.4,0.4,0.4,0.4,0.4,0.4,0.4,0.4,0.4,0.5,0.5,0.5,0.5,0.5,0.5,0.5,0.5,0.5,0.5,0.5,0.5,0.5,0.5,0.5,0.5,0.5,0.5,0.5,0.5,0.5,0.5,0.5,0.5,0.5,0.5,0.5,0.5,0.5,0.5,0.5,0.5,0.5,0.5,0.5,0.5,0.5,0.5,0.5,0.5,0.5,0.5,0.5,0.5,0.5,0.5,0.5,0.5,0.5,0.5,0.5,0.5,0.5,0.5,0.5,0.5,0.5,0.5,0.5,0.5,0.5,0.5,0.5,0.6,0.6,0.6,0.6,0.6,0.6,0.6,0.6,0.6,0.6,0.6,0.6,0.6,0.6,0.6,0.6,0.6,0.6403068909801561,0.7,0.7,0.7,0.7,0.7,0.7,0.7,0.7,0.7,0.703343888618275,0.8,0.8,0.8,0.8,0.8,0.8,0.8,0.8,0.9,0.9,0.9,0.9,1.0,1.0,1.0,1.2068299354724388,1.3,1.3,1.4,1.4,1.6557457659121724,2.001090669905261
1.5,1.8,1.8,1.9,2.1,2.2,2.2,2.2,2.3,2.4,2.5,2.6,2.7,2.7,2.7,2.7,2.7,2.7,2.7305129470707024,2.8,2.8,2.8,2.8,2.8590090298190245,2.9,2.9,3.0,3.0,3.0,3.0,3.0,3.0,3.0,3.0,3.0,3.0,3.0,3.1,3.1,3.1,3.1,3.1,3.117922626012691,3.2,3.2,3.2,3.2,3.3,3.3,3.3,3.3,3.3,3.3,3.3,3.3,3.3,3.3,3.4,3.4,3.4,3.4,3.4,3.4,3.4,3.497323051621021,3.5,3.5,3.5,3.5,3.6,3.6,3.6,3.6,3.6,3.6,3.6,3.6,3.6,3.6,3.6,3.6,3.6,3.6,3.6,3.6,3.6,3.6,3.6277108492161205,3.7,3.7,3.7,3.7,3.7,3.7,3.7,3.7,3.7,3.7763115924080037,3.8,3.8,3.8,3.8,3.8,3.8,3.8,3.8,3.8,3.8,3.8,3.8,3.8,3.8,3.8,3.8,3.8,3.8230798727574835,3.9,3.9,3.9,3.9,3.9,3.9,3.9,3.9,3.9,3.9,3.9,3.9,3.9,3.9,3.9,3.9,4.0,4.0,4.0,4.0,4.0,4.0,4.0,4.0,4.1,4.1,4.1,4.1,4.1,4.1,4.1,4.1,4.1,4.1,4.1691740189811295,4.2,4.2,4.2,4.2,4.2,4.2,4.2,4.2,4.224205258435956,4.3,4.4,4.4,4.4,4.4,4.5,4.6,4.6,4.6,4.6,4.6,4.6,4.6,4.6,4.6,4.6,4.6,4.7,4.7,4.7,4.7,4.7,4.7,4.740688082251234,4.8,4.8,4.8,4.8,4.8,4.8,4.8,4.8,4.8,4.8,4.8,4.8,4.8,4.8,5.272572430304234,6.377872882956086,8.4
0.6,0.7221271170439142,1.1854855139391491,1.3,1.458939133588138,1.5,1.5,1.5,1.5022832662765964,1.6,1.6,1.7,1.7,1.7520555588893196,1.8,1.8,1.8,1.8593119177487658,1.9,1.9,1.9,1.9327174284142679,2.0,2.0,2.0,2.0,2.0,2.0,2.0,2.0037085797800698,2.1,2.1,2.1,2.2,2.2,2.2,2.2,2.2,2.2,2.2,2.2,2.2,2.2,2.3,2.3,2.3,2.3,2.3,2.3,2.3,2.3,2.3,2.3,2.3,2.3,2.3,2.3,2.3,2.3,2.3,2.3,2.3,2.3,2.3,2.3,2.3,2.3,2.3,2.3,2.4,2.4,2.4,2.4,2.45857505126975,2.5,2.5,2.5,2.6,2.6,2.6,2.6,2.6,2.6,2.625606498421527,2.7,2.7,2.7,2.7,2.7,2.7,2.7,2.7,2.7,2.777661541373567,2.8,2.8,2.8,2.8,2.8,2.9,2.9,2.9,2.9,3.0,3.0,3.0,3.0,3.0,3.0,3.0,3.0,3.0,3.0,3.0,3.0,3.0,3.0,3.0,3.0,3.0,3.0,3.0,3.1,3.1,3.1,3.1,3.1,3.1,3.1,3.197472376674125,3.2,3.2,3.2,3.2,3.2,3.2,3.2,3.2,3.2,3.2,3.2,3.2,3.2,3.2,3.2,3.2,3.2,3.2,3.2,3.2,3.2,3.2,3.2,3.2,3.2205547246477124,3.3,3.3,3.3,3.3,3.3,3.3,3.3,3.3,3.3,3.3,3.3,3.4,3.4,3.440306890980156,3.5,3.5,3.5,3.5,3.5059984560655777,3.6,3.6,3.6,3.6,3.6,3.6,3.6,3.6,3.6,3.7,3.7,3.7,3.7,3.747944441110684,3.8,3.8,3.8,3.8,3.9,3.9,3.9,4.120207607712836,4.341060866411857,4.4,4.6,4.7,4.808725359242089
0.7,0.7,0.7854855139391493,0.8,0.9589391335881382,1.1,1.1931700645275616,1.2,1.2,1.2,1.2,1.3,1.3,1.3,1.3,1.3,1.4,1.4,1.4,1.4,1.5,1.5,1.5,1.5,1.5,1.5,1.6,1.6,1.6,1.7,1.7,1.7,1.7,1.7,1.7,1.7,1.7,1.7,1.7,1.7,1.8,1.8,1.8,1.8,1.8,1.8,1.8,1.8,1.8,1.8,1.8,1.8,1.8,1.8,1.8,1.9,1.9,1.9,1.9,1.9,1.9,1.9,1.9,1.9,1.9,1.9,1.9,2.0,2.0,2.0,2.0,2.0,2.0,2.0,2.0,2.0,2.0,2.0,2.0,2.0,2.0,2.0,2.0,2.0,2.0,2.0,2.0,2.0,2.0,2.0780507617360144,2.1,2.1,2.1,2.1,2.2,2.2,2.2,2.2,2.2,2.2,2.2,2.2,2.2,2.2,2.2,2.2,2.297607490120839,2.3,2.3,2.3,2.3,2.3,2.3,2.3,2.3,2.3,2.3,2.3,2.3,2.3,2.3,2.3,2.3,2.3,2.3,2.3,2.3,2.3,2.4,2.4,2.4,2.4,2.4,2.4,2.4,2.4,2.5,2.5,2.5,2.6,2.6,2.6,2.7,2.7,2.7,2.7,2.7,2.7,2.7,2.7,2.7,2.7,2.7,2.7,2.7,2.7,2.7,2.7,2.7,2.7,2.7,2.7,2.7,2.7,2.7,2.8,2.8,2.8,2.940306890980156,3.0,3.0,3.0,3.0,3.0,3.0,3.0,3.0,3.0409909701809736,3.1,3.1,3.1,3.2,3.2,3.2,3.2,3.3,3.3,3.3,3.3,3.3,3.5,3.5,3.5,3.5,3.5,3.6,3.7,3.8,3.9,3.9,4.607089354384197
0.5978186601894985,0.7,0.7,0.7,0.7,0.8,0.8,0.8,0.9,0.9,0.9,0.9,0.9,1.0,1.0325549936923017,1.1,1.1,1.1,1.2,1.2,1.2,1.2,1.2,1.2,1.2,1.2,1.2,1.2,1.2,1.2,1.2,1.2,1.2,1.2,1.2,1.2,1.2,1.2,1.2,1.3,1.3,1.3,1.3,1.3,1.3,1.3,1.3,1.3,1.4,1.4,1.5,1.5,1.5,1.5,1.5,1.5,1.5,1.5,1.5,1.5,1.5,1.5,1.5,1.5,1.5,1.5,1.5,1.5,1.5,1.5,1.5,1.6,1.6,1.6,1.6,1.6,1.6,1.6,1.6,1.6,1.6,1.6736966480707367,1.7,1.7,1.7,1.7,1.7,1.7,1.7,1.7,1.7,1.7,1.7,1.7,1.7,1.7,1.7,1.8,1.8,1.8,1.8,1.8,1.8,1.8,1.8,1.8,1.8,1.8,1.8,1.8719890737088918,1.9,1.9,1.9,1.9,1.9,1.9,1.9,1.9,1.9,1.9,1.9,1.9,1.9,1.9,1.9,1.9863657473303136,2.0,2.0,2.0,2.0,2.0,2.0,2.0,2.0,2.0,2.0,2.0,2.0,2.0,2.0,2.0,2.0,2.0,2.0,2.0,2.1,2.1,2.1,2.1,2.1,2.1,2.1,2.1,2.1,2.1,2.1,2.1999641242801378,2.2,2.2,2.2,2.2,2.2,2.255172771262977,2.3,2.3,2.4,2.4415318772751786,2.590424139558621,2.6,2.7,2.7,2.7,2.7,2.7,2.7,2.7,2.7,2.7,2.7,2.7,2.7,2.7,2.7,2.7,2.7,2.7,2.8,2.8,2.8,2.8,2.8,2.8003907185653643,2.9,3.0,3.1,3.1,3.2,3.2,3.3,3.3,3.7
0.2994546650473746,0.5,0.6,0.6,0.6,0.6,0.6,0.6,0.6,0.6,0.6,0.6,0.6,0.6,0.7,0.7,0.7,0.7,0.7,0.7,0.7,0.7,0.7,0.7,0.7,0.7,0.7,0.7,0.7,0.7,0.7,0.7,0.7,0.7,0.7,0.7,0.7,0.7,0.7,0.7,0.7,0.7,0.7,0.7,0.8,0.8,0.8,0.8,0.8,0.8,0.8,0.8,0.8,0.8,0.8,0.8,0.8,0.8,0.8,0.8,0.8,0.8,0.8,0.8,0.8,0.8,0.8,0.8,0.8,0.8,0.8,0.9,0.9,0.9,0.9,0.9,0.9,0.9,0.9,0.9,0.9,0.9,0.9,0.9,0.9,0.9,0.9,1.0,1.0,1.0,1.0,1.0,1.0,1.0,1.0,1.0,1.0,1.0,1.1,1.1,1.1,1.1,1.1,1.1,1.148291057822746,1.2,1.2,1.2,1.2,1.2,1.2,1.2,1.2,1.2,1.2,1.2,1.2,1.2,1.2,1.2,1.2,1.2,1.2,1.2,1.2,1.2,1.2,1.2,1.2,1.2,1.2,1.2,1.2,1.2,1.2,1.2,1.2,1.2,1.2,1.2,1.2,1.2,1.2,1.2,1.2,1.2,1.2,1.2,1.2,1.3,1.3,1.3,1.3,1.3,1.3,1.3,1.3,1.3,1.3,1.3,1.3,1.3,1.3,1.3,1.3,1.3,1.3,1.4,1.4,1.5,1.5,1.5,1.5,1.5,1.5,1.5,1.5,1.5,1.5,1.5,1.5,1.5,1.5,1.6,1.6,1.6,1.667445006307696,1.7,1.7,1.7,1.7,1.7,1.7,1.7,1.7068299354724388,1.8,1.9,2.071362657173825,2.1,2.1,3.0005453349526308
0.5989093300947492,0.6,0.7,0.7,0.7589391335881382,0.8,0.8,0.8,0.8,0.8,0.8,0.8,0.8,0.8,0.8,0.8,0.8,0.8,0.8,0.8,0.9,0.9327174284142679,1.0,1.0,1.0,1.0,1.0,1.0,1.0494582816066527,1.1,1.1,1.108781688559887,1.2,1.2,1.2,1.2,1.2,1.2,1.2,1.2,1.3,1.3,1.3,1.3,1.3,1.3,1.3,1.3,1.3563222283256664,1.4,1.4,1.4,1.4,1.4,1.4,1.5,1.5,1.5,1.5,1.5,1.5,1.5,1.5,1.5,1.5,1.5,1.5,1.5,1.5,1.5,1.5,1.5,1.5,1.5,1.5,1.5,1.5,1.5,1.6,1.6,1.6,1.6,1.6,1.6,1.6,1.6,1.6,1.7,1.7,1.7,1.7,1.7,1.7,1.7,1.7,1.7,1.7,1.7,1.7,1.7,1.7,1.7,1.7,1.8,1.8,1.8,1.8,1.8,1.8,1.8,1.8,1.8,1.8,1.8,1.8,1.8,1.8,1.8,1.9,1.9,1.9,1.9,2.0,2.0,2.0,2.0,2.0,2.0,2.0,2.0,2.0,2.0,2.0,2.0,2.0,2.0,2.0,2.0,2.0,2.0,2.0,2.0,2.0,2.0,2.0,2.0,2.0,2.0,2.0,2.0,2.0,2.006138765668953,2.1,2.1,2.1,2.1,2.1,2.2,2.2,2.2,2.2,2.3,2.3,2.3004461397505906,2.4,2.4,2.4,2.4,2.4,2.4,2.5,2.5,2.5,2.5,2.5,2.5,2.5,2.6,2.6,2.6,2.6,2.6,2.6,2.7,2.7,2.7,2.8,2.8,2.8,2.8,2.8,2.8,2.8,2.8,2.8,2.9,3.0,3.071362657173825,3.3145144860608466,3.4,3.704362679621045
0.5989093300947492,0.6,0.7,0.7,0.7589391335881382,0.8,0.8,0.8,0.8,0.8,0.8,0.8,0.8,0.8,0.8,0.8,0.8,0.8,0.8,0.8,0.8,0.8,0.8966561113817306,0.9,0.9,1.0,1.0,1.0,1.0,1.0,1.0,1.0,1.0,1.1,1.1,1.1,1.2,1.2,1.2,1.2,1.2,1.2,1.2,1.2,1.3,1.3,1.3,1.3,1.3563222283256664,1.4,1.4,1.4,1.4,1.4,1.4,1.4,1.4415378870321602,1.5,1.5,1.5,1.5,1.5,1.5,1.5,1.5,1.5,1.5,1.5,1.5,1.5,1.5,1.5,1.5,1.5,1.5,1.5,1.5,1.5,1.5,1.5,1.5,1.5,1.5,1.5256064984215272,1.6,1.6,1.6,1.6,1.6,1.6,1.6,1.6,1.6,1.6,1.602392509879161,1.7,1.7,1.7,1.7,1.7,1.7,1.7,1.7,1.7,1.7,1.7,1.7,1.7,1.7,1.7,1.7,1.7,1.7,1.7,1.8,1.8,1.8,1.8,1.8,1.8,1.8,1.8,1.8,1.8,1.8,1.9,1.9,1.9414249487302413,2.0,2.0,2.0,2.0,2.0,2.0,2.0,2.0,2.0,2.0,2.0,2.0,2.0,2.0,2.0,2.0,2.0,2.0,2.0,2.0,2.0,2.0,2.0,2.0,2.0,2.0,2.0,2.0,2.0,2.0,2.0,2.0,2.0,2.0107266901243976,2.1,2.1,2.1,2.1,2.1,2.1,2.2,2.2,2.2,2.2,2.3,2.3059984560655775,2.4,2.4,2.4,2.4,2.403343888618275,2.5,2.5,2.5,2.5,2.5,2.5,2.5,2.5674450063076963,2.6479444411106843,2.7,2.7175252366575253,2.8,2.8,2.8,2.8,2.8,2.8,2.8,2.9,3.014514486060847,3.1,3.4016360048578917
0.1,0.2,0.2,0.2,0.2,0.2,0.2,0.2,0.2,0.2,0.2,0.2,0.2,0.3,0.3,0.3,0.3,0.3,0.3,0.3,0.3,0.3,0.3,0.3,0.3,0.3,0.3,0.3,0.3,0.3,0.3,0.3,0.3,0.3,0.3,0.3,0.3,0.3,0.3,0.3,0.3,0.3,0.3,0.3,0.3,0.3,0.3,0.3,0.3,0.3,0.3,0.3,0.3,0.3,0.3,0.3,0.3,0.3,0.3,0.3,0.3,0.3,0.3,0.3,0.3,0.3,0.3,0.3,0.3,0.3,0.3,0.3,0.3,0.3,0.3,0.3,0.3,0.3677877762521888,0.4,0.4,0.4,0.4,0.4,0.4,0.4,0.4,0.4,0.4,0.4,0.4,0.4,0.4,0.4,0.4,0.4,0.4,0.4,0.4,0.4,0.4,0.4,0.4,0.4,0.4,0.4,0.4,0.4,0.4,0.4,0.4,0.4,0.4,0.4,0.4,0.4,0.4,0.4,0.4,0.4,0.4,0.4,0.4,0.4,0.4,0.4,0.4,0.4,0.4,0.4,0.4,0.4,0.4,0.4,0.4,0.4,0.4,0.4,0.4,0.4,0.4,0.4,0.4,0.4,0.4,0.4,0.4,0.4,0.4,0.4,0.4,0.4,0.4,0.4,0.4,0.4,0.4,0.4,0.4,0.4,0.4,0.4,0.4,0.4,0.4,0.4,0.4,0.4,0.4,0.4,0.4,0.4,0.4962914202199329,0.5,0.5,0.5,0.5,0.5,0.5,0.5,0.5,0.5,0.5,0.6,0.6,0.6,0.6,0.6,0.6,0.6,0.6,0.6,0.6,0.6,0.6,0.6068299354724388,0.7,0.741060866411857,0.8,1.0,1.0,1.3010906699052611
0.8989093300947493,1.2,1.4854855139391492,1.528637342826178,1.6,1.7,1.7,1.8,1.8,1.8,1.8,1.9,1.9,1.9,1.9325549936923017,2.0,2.0,2.0,2.1,2.1,2.1,2.2,2.2,2.2,2.2,2.2,2.4,2.4,2.4,2.4,2.456801156119795,2.5,2.5,2.5,2.5,2.5,2.5,2.5,2.5,2.5,2.5,2.5,2.517922626012691,2.6,2.6,2.6,2.6,2.6,2.6,2.6,2.6,2.6,2.6031051118148354,2.8,2.8,2.8,2.8,2.8,2.8,2.8,2.8,2.8,2.8,2.8,2.8,2.8,2.8,2.8,2.8,2.8,2.8,2.8,2.8306801228393907,2.9,2.9,2.9,2.9,2.9,2.9,2.9,2.9,2.9,2.9,2.9,2.9,2.9,2.9,2.9,2.9,2.9,2.9,2.9,2.9,2.9,2.9,2.9,2.9,2.9,2.9,2.9,2.9,2.9745514221892506,3.0,3.0,3.0,3.0,3.0976074901208395,3.1,3.1,3.1,3.1,3.1,3.1,3.1,3.1,3.1,3.1,3.1,3.1002692641843907,3.2,3.2,3.2,3.2,3.2,3.2,3.2,3.2,3.2,3.2,3.2,3.2,3.2,3.2,3.2,3.2,3.2,3.3,3.3,3.3,3.3,3.4,3.4,3.4,3.4,3.4,3.4,3.4,3.5,3.5,3.5,3.5,3.5,3.5,3.5,3.5,3.5,3.5,3.5,3.5,3.5,3.5,3.5,3.5,3.5,3.5,3.5,3.5,3.5,3.5,3.5,3.5,3.5,3.5,3.5,3.5,3.5,3.5,3.5,3.6,3.6,3.6328902688179485,3.7,3.7,3.7,3.7,3.7,3.7,3.7,3.8,3.8,3.8071332984466775,4.0,4.0,4.1,4.2,4.2,4.241060866411857,4.7,4.814514486060847,5.511491531824345,5.901090669905262
1.4,1.5,1.5854855139391493,1.7,1.8589391335881382,1.9,1.9,2.000363130524173,2.1,2.1,2.2,2.2,2.3,2.4,2.4,2.4,2.5,2.5,2.5,2.5,2.5,2.6,2.6,2.6,2.6,2.679256605514607,2.8,2.8,2.8,2.8,2.8,2.8,2.8,2.8,2.8,2.8,2.8,2.8,2.8,2.8,2.8,2.8,2.8,2.8,2.800035875719855,2.9,2.9,2.9,2.9,2.9,2.9,2.9,2.9,2.9,2.9,2.9,2.9,2.9,3.0,3.0,3.0,3.0,3.0,3.0,3.0,3.0275897391896875,3.1,3.1,3.1,3.1,3.1,3.1,3.1,3.15857505126975,3.2,3.2,3.2,3.2,3.2,3.2,3.2,3.2,3.2,3.2,3.2,3.2,3.2,3.2,3.2,3.2,3.2,3.2,3.2,3.2,3.2,3.2,3.2,3.2,3.2,3.2,3.2,3.2,3.2,3.2,3.2,3.2,3.3,3.3,3.3,3.3,3.3,3.4,3.4,3.4,3.4,3.4,3.4,3.4,3.4,3.426303351929255,3.5,3.5,3.5,3.5,3.5,3.5,3.5,3.5,3.5,3.5,3.5,3.5,3.5,3.5,3.5,3.5,3.5,3.5,3.5,3.5,3.5,3.5,3.5,3.5,3.5,3.5,3.5,3.5,3.5,3.5,3.5,3.5,3.5,3.5,3.5,3.5,3.5,3.5,3.5,3.5,3.5,3.5,3.5,3.5,3.5,3.5,3.5,3.5,3.5,3.5,3.5,3.6,3.6,3.6,3.6,3.6,3.6,3.6,3.6,3.7,3.7,3.7,3.7,3.7,3.7,3.7,3.7,3.7,3.8,3.8,3.8,3.8003907185653643,3.9977167337233994,4.0,4.1068299354724385,4.2,4.3231825992355715,4.7,4.8,5.511491531824345,5.6
0.2,0.3,0.3,0.4,0.45893913358813826,0.5,0.5,0.5,0.5,0.5,0.5,0.5,0.5,0.5520555588893196,0.6,0.6,0.6,0.6,0.6,0.6,0.6,0.7,0.7,0.7,0.7,0.7,0.7,0.7,0.7,0.70370857978007,0.8,0.8,0.8,0.8,0.8,0.8,0.8,0.8,0.8,0.8,0.8,0.8,0.9,0.9,0.9,0.9,0.9,0.9,0.9,0.9,0.9,0.9,0.9,0.9,0.9,0.9,0.9,0.9,1.0,1.0,1.0,1.0,1.0,1.0,1.1,1.1,1.1,1.1,1.1,1.1,1.1,1.2,1.2,1.2,1.2,1.2,1.2,1.2,1.2,1.2,1.2,1.2,1.2,1.2,1.3,1.3,1.3,1.3,1.3,1.3,1.3,1.3,1.3,1.377661541373567,1.4,1.4,1.4,1.4,1.4,1.4,1.4,1.4,1.4,1.4,1.4,1.4,1.4,1.4,1.4,1.4,1.5,1.5,1.5,1.5,1.5,1.5,1.5,1.5,1.5,1.5,1.5,1.5,1.5,1.5,1.5,1.6,1.6,1.6,1.6,1.6,1.6,1.6,1.6,1.6,1.6,1.6,1.6,1.6,1.6,1.7,1.7,1.7,1.7,1.7,1.7,1.7,1.7,1.7,1.7,1.7,1.7,1.7,1.7,1.7,1.7,1.7,1.7,1.7,1.7,1.7,1.7,1.7,1.7,1.7,1.7,1.7,1.7,1.7,1.7,1.7912183114401103,1.8,1.8,1.8,1.8,1.8,1.8,1.8,1.8,1.9,1.9,2.0,2.0,2.0,2.0,2.0,2.0,2.0,2.0,2.1,2.2,2.3,2.3,2.5,2.6,2.6,2.6404152154256737,2.8,2.9,2.9145144860608467,3.1,3.5070893543841977
0.6994546650473746,0.8,1.0,1.2,1.3,1.3,1.3,1.4,1.5,1.5,1.5,1.5,1.5,1.5,1.5,1.5,1.5,1.5,1.5305129470707024,1.6,1.6,1.6,1.6,1.6,1.6198524657127764,1.7,1.7,1.7,1.7,1.7,1.7,1.8,1.8,1.8,1.8,1.8,1.8,1.8,1.8,1.8,1.8,1.8,1.8,1.8,1.8000358757198556,1.9,1.9,1.9,1.9,1.9,1.9,1.9,1.9,1.9,1.9,1.9,2.0,2.0,2.0,2.0,2.0,2.0,2.0,2.0,2.0,2.0,2.0575196044106634,2.1,2.1,2.1,2.1,2.1,2.1,2.1,2.1,2.1,2.1,2.1,2.1,2.1,2.1,2.1,2.1,2.1,2.1,2.2,2.2,2.2,2.2,2.2,2.2,2.2,2.2528705692421482,2.3,2.3,2.3,2.3,2.3,2.3,2.3,2.3,2.3,2.3,2.3,2.3,2.3,2.3,2.3,2.3,2.3,2.4,2.4,2.4,2.4,2.4,2.4,2.4,2.4,2.4,2.4,2.4,2.4,2.4,2.4,2.4591808414844936,2.5,2.5,2.5,2.5,2.5,2.5,2.5,2.583583476287288,2.6,2.6,2.6,2.6,2.6,2.6,2.7,2.7,2.7,2.7,2.7,2.7,2.7,2.7,2.7,2.7,2.7,2.7,2.7,2.7,2.7,2.7,2.7,2.7,2.8,2.8,2.9,2.9,2.9,2.9,3.0,3.0,3.0,3.0,3.0,3.0,3.1,3.1,3.1,3.1,3.1,3.1,3.1,3.1,3.1,3.2,3.2,3.2,3.2002582456110193,3.3,3.3,3.3139854899254373,3.5,3.5,3.5,3.6,3.6,3.6071332984466777,3.7,3.7,3.7,3.8,3.8,3.8410608664118566,4.1,4.429028972121694,4.6,4.80981602914735
0.6,0.7,0.7,0.8,0.8,0.9,0.9931700645275615,1.0,1.1,1.1,1.2,1.2,1.2,1.2,1.3,1.3,1.3,1.3,1.3,1.3,1.3,1.3327174284142678,1.4,1.4,1.5,1.5,1.5,1.5,1.5,1.5,1.5,1.5,1.5,1.5,1.5,1.5,1.5,1.5,1.5,1.5,1.5,1.5,1.5,1.5,1.5,1.5,1.5,1.5,1.5,1.5,1.5,1.5,1.5,1.5,1.5,1.5,1.5415378870321603,1.6,1.6,1.6,1.6,1.6,1.6,1.6,1.6,1.6,1.6,1.6,1.6,1.6,1.6,1.7,1.7,1.7,1.7,1.7,1.7,1.7,1.7,1.7,1.7,1.7736966480707366,1.8,1.8,1.8,1.8,1.8,1.8,1.8,1.8,1.8,1.8,1.8,1.877661541373567,1.9,1.9,1.9,1.9,1.9,1.9,1.9,2.0,2.0,2.0,2.0,2.0,2.0,2.0,2.0,2.0,2.0,2.0,2.0,2.0,2.0,2.0230798727574837,2.1,2.1,2.1,2.1,2.1,2.1,2.1,2.1,2.1,2.1,2.1,2.1,2.1,2.1,2.1,2.1,2.1,2.1,2.1424803955893426,2.2,2.2,2.2,2.2,2.2,2.2,2.2,2.2,2.2,2.2,2.2,2.2,2.261545727139935,2.3,2.3,2.3,2.3,2.3,2.3,2.3,2.3,2.3,2.3,2.3,2.3,2.3,2.4,2.4,2.4,2.4,2.4,2.4,2.4,2.5,2.5,2.5,2.596291420219933,2.6,2.6,2.7,2.7,2.7,2.7,2.7,2.7,2.7,2.7002582456110193,2.8,2.9,2.9,2.989518608039907,3.0,3.1,3.1,3.1175252366575252,3.2,3.2,3.2,3.3,3.3136598709448775,3.5,3.5,3.5,3.614514486060847,3.7,3.8016360048578917
0.2,0.2,0.2854855139391493,0.3,0.3,0.3,0.3,0.3,0.3,0.3,0.3,0.3,0.4,0.4,0.5,0.5,0.5,0.5,0.5,0.5,0.5,0.5,0.5,0.5,0.6,0.6,0.6,0.6,0.6,0.6,0.6,0.6,0.6,0.6,0.6,0.6,0.6,0.6,0.6,0.6,0.7,0.7,0.7,0.7,0.7,0.7,0.7,0.7,0.7,0.7,0.7,0.7,0.7,0.7,0.7732987958385679,0.8,0.8,0.8,0.8,0.8,0.8,0.8,0.8,0.8,0.8,0.8,0.8,0.8,0.8,0.8,0.8,0.9,0.9,0.9,0.9,0.9,0.9,0.9,0.9,0.9,0.9,0.9736966480707366,1.0,1.0,1.0,1.0,1.0,1.0,1.0,1.0,1.0,1.0,1.0,1.0,1.0,1.0,1.0,1.0,1.0008886215437287,1.1,1.1,1.1,1.1,1.1,1.2,1.2,1.2,1.2,1.2,1.2,1.2,1.2,1.2,1.2,1.2,1.2,1.2,1.2,1.2,1.2,1.2,1.2,1.2,1.2,1.2,1.2,1.2,1.2,1.2,1.2,1.2,1.2,1.2,1.3,1.3,1.3,1.3,1.3,1.3,1.3,1.3,1.3,1.3,1.3,1.3,1.3,1.3,1.3,1.3,1.3,1.3,1.3,1.3,1.3,1.3,1.3599324600475085,1.4,1.4,1.4,1.4,1.4,1.4,1.4,1.4,1.446576241885998,1.5,1.5,1.5,1.5,1.5,1.5,1.5,1.5,1.5,1.5,1.5,1.5,1.5,1.6,1.6,1.6,1.6,1.7,1.7,1.7,1.7,1.767445006307696,1.8,1.8312240387354506,1.9,2.0,2.0,2.0977167337233995,2.1,2.2,2.2,2.241060866411857,2.442725314347649,2.614514486060847,2.7,3.001090669905261
1.1994546650473745,1.222127117043914,1.5,1.6,1.8,1.8,1.8,1.8,1.8,1.8,1.9,1.9,2.0,2.0520555588893195,2.1,2.1,2.1,2.1,2.1,2.1,2.2,2.2,2.2966561113817305,2.3,2.3,2.3,2.3,2.3,2.3,2.3,2.3,2.3,2.3,2.4,2.4,2.4,2.4,2.4,2.4,2.4,2.4,2.4,2.4,2.4,2.400035875719855,2.5,2.579445275352288,2.6,2.6,2.693861234331038,2.7,2.7,2.7,2.7,2.7,2.7,2.7,2.7,2.7,2.7,2.7,2.7,2.7,2.7,2.7,2.7,2.7,2.7,2.7,2.7,2.7,2.7,2.7,2.7,2.7,2.7,2.7,2.7,2.7,2.7,2.7,2.7,2.7,2.725606498421527,2.8,2.8,2.8,2.8,2.85293269309945,2.9,2.9,2.9,2.9,2.9,2.9,2.9,2.9,2.9,2.9,2.9,2.9,2.9745514221892506,3.0,3.0,3.0,3.0,3.0,3.0,3.0,3.0,3.096926093147823,3.1,3.1,3.1,3.1,3.1,3.1,3.1,3.1,3.1,3.1,3.1,3.2,3.2,3.2,3.2,3.2,3.2,3.2,3.2,3.2,3.2,3.2,3.2,3.3,3.3,3.3,3.3,3.3,3.3,3.3,3.4,3.4,3.4,3.4,3.4,3.4,3.5,3.5,3.5,3.5,3.6,3.6,3.6,3.6,3.6,3.6,3.6,3.7,3.7,3.7,3.7,3.7,3.7,3.8,3.8,3.8,3.8,3.8,3.8,3.8,3.8,3.8,3.8,3.8,3.8,3.8,3.8,3.8,3.8,3.9,3.9,3.9,4.0,4.0,4.1,4.1,4.1,4.2,4.2,4.2,4.4,4.4,4.4,4.4,4.520207607712837,4.6,4.6,4.7,5.656601712516948,6.4021813398105225
1.0989093300947494,1.3,1.4854855139391492,1.5,1.5,1.6,1.7,1.7,1.8,1.8,1.8,1.8,1.8,1.8,1.8,1.8,1.8,1.8,1.8305129470707022,1.9,1.9,1.9,1.9,1.9,2.0,2.0,2.0,2.0,2.0,2.0,2.0,2.1,2.1,2.1,2.1,2.1,2.1,2.1,2.1,2.1,2.1,2.2,2.2,2.2,2.2,2.2,2.2,2.3,2.3,2.3,2.3,2.3,2.3,2.3,2.3,2.3,2.3,2.3,2.3,2.3,2.4,2.4,2.4,2.4,2.4,2.4,2.4,2.4,2.4,2.4,2.4,2.4025276233258666,2.5,2.6,2.6,2.6,2.6,2.6,2.6,2.6,2.6,2.6,2.6,2.7,2.7,2.7,2.7,2.7,2.7,2.7,2.7,2.7,2.7,2.7,2.7,2.7,2.7,2.7,2.7,2.7,2.7,2.7,2.7,2.7,2.7,2.7,2.7,2.7,2.7,2.7,2.7,2.7,2.7,2.8,2.8,2.8,2.8,2.8,2.8,2.9,2.9,2.9,2.9,2.9,2.9,2.9,2.9,2.9,2.9,2.997472376674125,3.0,3.0,3.0,3.0,3.0,3.0,3.0,3.0,3.0,3.1,3.1,3.1,3.1,3.1,3.1,3.1,3.1,3.1,3.1,3.1,3.1,3.1,3.1,3.1,3.1,3.1,3.2,3.2,3.2,3.2,3.2,3.2,3.2,3.2,3.246576241885998,3.3,3.3,3.3,3.3,3.3,3.4,3.496291420219933,3.5,3.5,3.5,3.5,3.6,3.7,3.7,3.7,3.7,3.7,3.7,3.7406880822512334,3.8,3.8,3.8,3.8,3.8,3.8,3.9,4.000390718565365,4.1,4.2,4.4,4.4,4.482121732823714,4.6,4.6,4.777872882956086,6.301636004857891
0.5994546650473747,0.6221271170439141,0.9,1.0,1.1,1.2,1.2,1.3,1.3,1.3996092814346326,1.5,1.5,1.5,1.5,1.5,1.5,1.5,1.5,1.5,1.5997417543889867,1.6,1.6,1.6,1.7,1.7,1.7,1.7,1.7,1.7,1.70370857978007,1.8,1.8,1.8,1.8,1.8,1.8,1.8,1.8,1.8,1.8,1.8,1.8,1.8,1.8,1.8,1.8,1.8,1.9,1.9,1.9,1.9,1.9,1.9,1.9,1.9,1.9,1.9,1.9,1.9,1.9,1.9,2.0,2.0,2.0,2.0,2.0,2.0,2.0,2.0,2.0,2.074106826669302,2.1,2.1,2.1,2.1,2.1,2.1,2.1,2.1,2.1,2.1,2.1,2.1,2.1,2.1513332276346606,2.2,2.2,2.2,2.2,2.2,2.2,2.2,2.2,2.2,2.2,2.3,2.3,2.3,2.3,2.3,2.3,2.3,2.3,2.3,2.3,2.3,2.3,2.3,2.3,2.3,2.3,2.3,2.3,2.3,2.3,2.3230798727574835,2.4,2.4,2.4,2.4,2.4,2.478884147332195,2.5,2.5,2.5591808414844937,2.6,2.6,2.6414249487302413,2.7,2.7,2.7,2.7,2.7,2.7,2.7,2.7,2.7,2.7,2.7,2.7,2.7,2.7,2.7,2.7,2.7,2.7,2.7,2.7,2.7,2.7,2.7,2.7,2.7,2.7,2.7,2.7599324600475086,2.8,2.8,2.8,2.8,2.9,2.9,2.9,2.9004461397505907,3.0,3.0,3.0,3.0,3.0,3.0,3.0,3.0,3.1,3.1,3.1,3.1,3.1,3.1409909701809737,3.2,3.2,3.2,3.2,3.269487052929304,3.3,3.3139854899254373,3.4,3.5,3.5,3.5,3.6,3.6071332984466777,3.7,3.7,3.7,3.8,3.8,3.9,3.9,4.4,4.4778728829560865,5.9
1.3994546650473745,1.5221271170439141,1.6,1.628637342826178,1.8,1.8,1.8,1.9,2.0,2.1,2.1,2.1,2.1,2.2,2.2,2.2,2.2,2.2,2.2,2.2,2.2,2.2,2.2,2.2,2.2,2.2792566055146066,2.3,2.3,2.3,2.3,2.3,2.3,2.3,2.3,2.3,2.3,2.3,2.3,2.3,2.3,2.3,2.3,2.3,2.3,2.3,2.3,2.3,2.3,2.4,2.4,2.4,2.4,2.4,2.5,2.5,2.507654785822831,2.6,2.6,2.6,2.6,2.6,2.6,2.6,2.6,2.6,2.6,2.6,2.6,2.6,2.6,2.6,2.6,2.6,2.7,2.7,2.7,2.7,2.7,2.7,2.7,2.7,2.7,2.7,2.7,2.7,2.7,2.7,2.7,2.7,2.7,2.7,2.7,2.7,2.7,2.7,2.7,2.7,2.8,2.8,2.8,2.8,2.8,2.8,2.8,2.848291057822746,2.9,2.9,2.9,2.9,2.9,2.9,2.9,2.94706730690055,3.0,3.0,3.0,3.0,3.1,3.1,3.1,3.1,3.1,3.1,3.2,3.2,3.2,3.2,3.2,3.2,3.2,3.2,3.2,3.2,3.2,3.2,3.2,3.202676948378985,3.3,3.3,3.3,3.3,3.3,3.3,3.3,3.3,3.3,3.3,3.3,3.4,3.4,3.5,3.5,3.5,3.5,3.5,3.5,3.5,3.5,3.5,3.5,3.5,3.5,3.5,3.5,3.6,3.6,3.6,3.6,3.6,3.6,3.6,3.6,3.6,3.6,3.6,3.6207433944853906,3.7,3.7,3.7033438886182752,3.8,3.8,3.8,3.8,3.8,3.8,3.8,3.8,3.9,3.9,4.0,4.1,4.1,4.197716733723399,4.399273738951649,4.4,4.6,4.6,4.6,4.6145144860608465,4.7,4.905453349526306
1.2961826553316225,1.5221271170439141,1.6,1.6,1.7,1.7797923922871657,1.8,1.8,1.8,1.8,1.9,1.9,2.0,2.1,2.1,2.1,2.2,2.2,2.2,2.2,2.2,2.2,2.2,2.2,2.2,2.2,2.2,2.2,2.2494582816066524,2.3,2.3,2.3,2.3,2.3,2.3,2.3,2.3,2.3,2.3,2.3,2.3,2.3,2.3,2.3,2.3,2.3,2.3,2.3,2.3,2.3,2.3,2.3,2.3,2.3,2.3,2.3,2.3,2.374963308883616,2.4,2.4,2.4,2.4,2.4,2.4,2.497323051621021,2.5,2.5,2.5,2.5,2.545406826037424,2.6,2.6,2.6,2.6,2.6,2.6,2.6,2.6,2.6,2.6,2.6,2.6,2.6,2.6,2.6,2.6,2.6,2.6,2.6,2.7,2.7,2.7,2.7,2.7,2.7,2.7,2.7,2.7,2.7,2.7,2.7,2.7,2.7,2.7,2.7,2.7,2.7,2.7,2.7,2.7,2.7,2.7,2.7,2.7,2.7,2.7,2.7,2.7,2.8,2.8,2.8,2.8,2.8,2.8,2.8,2.8,2.813777036454178,2.9,2.9,2.9,2.9,2.9,2.9835834762872877,3.0,3.0,3.0,3.0,3.0,3.1,3.1,3.1,3.1,3.1,3.125036691116378,3.2,3.2,3.2,3.2,3.2,3.2,3.2,3.2,3.2,3.2,3.2,3.2,3.3,3.3,3.3,3.3,3.3,3.3,3.3,3.3,3.346576241885998,3.4,3.5,3.5,3.5,3.5,3.5,3.5,3.5,3.5,3.5,3.5,3.5,3.5,3.5,3.6,3.6,3.6,3.6,3.6,3.6,3.7,3.7,3.8,3.8,3.8,3.8,3.8,3.8,3.8,3.9136598709448776,4.1,4.1410608664118564,4.271362657173825,4.429028972121694,4.6,4.800545334952631
0.5,0.6,0.7,0.7,0.7,0.7,0.7,0.7,0.7,0.7,0.8,0.8,0.8,0.8,0.8,0.8,0.8,0.8,0.8,0.8,0.8,0.8,0.8,0.8,0.8,0.8,0.8,0.8,0.8,0.8,0.8,0.8,0.8,0.8,0.8,0.9,0.9,0.9,0.9,0.9,0.9,0.9,0.9,0.9,0.9,1.0,1.0,1.0,1.0,1.0,1.1,1.167234718804218,1.2,1.2,1.2,1.2,1.2,1.2,1.2,1.2,1.2,1.2,1.2,1.2,1.2,1.2,1.2,1.2,1.2164165237127207,1.3,1.3,1.3,1.3,1.3,1.3,1.3,1.3,1.3,1.3,1.3,1.3,1.3,1.3,1.3,1.3,1.3,1.3,1.3277108492161205,1.4,1.4,1.4,1.4,1.4,1.4,1.4023925098791608,1.5,1.5,1.5,1.5,1.5,1.5,1.5,1.5,1.5,1.5,1.5,1.5,1.5,1.5,1.5,1.5,1.5,1.5,1.5,1.5,1.5,1.5,1.5,1.6,1.6,1.6,1.6,1.6,1.6,1.6,1.6,1.6,1.6,1.6,1.6,1.6,1.7,1.7,1.7,1.7,1.7,1.7,1.7,1.7,1.7,1.7,1.7,1.7,1.7,1.7,1.7,1.7,1.7,1.7,1.7,1.7,1.7,1.8,1.8,1.8,1.8,1.8,1.8,1.8,1.8242052584359556,1.9,1.9,1.9,1.9,1.946576241885998,2.0,2.0415318772751787,2.1,2.1,2.1,2.1,2.1,2.1505417183933506,2.2,2.2,2.2,2.2,2.2,2.2033438886182752,2.3,2.3328902688179483,2.6,2.6,2.6406880822512337,2.7,2.7,2.7,2.7,2.7,2.7,2.7,2.7,2.7,2.7,2.706829935472439,3.1,3.1,3.1,3.2,3.277872882956086,3.5005453349526308
0.6,0.6,0.7,0.828637342826178,0.9,1.0,1.0,1.0,1.1,1.1,1.2,1.2,1.2,1.3,1.3,1.4,1.4,1.4,1.4305129470707023,1.5,1.5,1.5,1.5966561113817308,1.6,1.6,1.6,1.7,1.7,1.7,1.7,1.756801156119795,1.8,1.8,1.8,1.8,1.8,1.8,1.9,1.9,1.9,1.9,1.9,1.9,1.959328465857746,2.0,2.0,2.0,2.0,2.0,2.093861234331038,2.1,2.1,2.1,2.1,2.173298795838568,2.2,2.2,2.2,2.2,2.2,2.2,2.2,2.3,2.3,2.3,2.3,2.3,2.3,2.4,2.4,2.4,2.4,2.4,2.4,2.4,2.4136342526696892,2.5,2.5,2.5,2.5,2.5,2.5,2.6,2.6,2.6,2.6,2.6,2.6,2.6,2.6780507617360145,2.7,2.7,2.7528705692421482,2.8,2.8,2.8,2.8,2.8,2.8,2.8,2.8,2.8745514221892505,2.9,2.9,2.9,2.9,2.9,2.9,2.9,3.0,3.0,3.0,3.04706730690055,3.1,3.1,3.1230798727574838,3.2,3.2,3.2,3.2,3.2,3.3,3.3,3.3,3.3,3.3,3.4,3.4,3.4,3.4,3.4,3.5,3.5,3.5,3.5,3.5,3.6,3.633292681424257,3.7,3.7,3.7,3.7,3.8,3.8,3.8,3.9,3.9,3.961545727139935,4.0,4.032765281195782,4.1,4.1,4.1,4.1,4.120554724647712,4.2,4.299964124280137,4.3,4.3,4.3,4.3,4.3107266901243975,4.4,4.5,4.5,4.5,4.5,4.6,4.7,4.7,4.7,4.7,4.8,4.8,4.8627137278564305,4.9,4.9,4.9,5.6,5.6,5.6,5.6,5.6,5.722064246753701,5.9,5.9,6.1,6.195888882221368,6.3,6.3,6.4,6.4,6.4,6.4,6.6,6.6,6.8,6.8,8.4,8.4,11.0
0.898363995142124,0.9,1.0,1.1,1.1589391335881383,1.2,1.2931700645275617,1.3,1.3022832662765964,1.4,1.4,1.5,1.5,1.5,1.5,1.5,1.6,1.7,1.7,1.7,1.7,1.7,1.7,1.7,1.7,1.7,1.7,1.7,1.7,1.7,1.7,1.7,1.7,1.8,1.8,1.8,1.8,1.8,1.8,1.8,1.8,1.8,1.8,1.8,1.8,1.8,1.8,1.8,1.8,1.8,1.8,1.8,1.8,1.8,1.8,1.8,1.8,1.8,1.8,1.8,1.8,1.8043784899362862,1.9,1.9,1.9,1.9,1.9,1.9,1.9,1.9,1.9,1.9,1.9,1.9,1.9,1.9,1.9,1.9,1.9,1.9211158526678018,2.0,2.0,2.0,2.0,2.0,2.0,2.0,2.0,2.0,2.0,2.1,2.1,2.1,2.177661541373567,2.2,2.2,2.2,2.2,2.2,2.2,2.2,2.2,2.2,2.2,2.2,2.2,2.2,2.2,2.2,2.2,2.3,2.3,2.3,2.3,2.3,2.3,2.3,2.3,2.3,2.3,2.3,2.3,2.3,2.4,2.4,2.4,2.4,2.4,2.4,2.4,2.4,2.4,2.4835834762872877,2.5,2.5,2.5,2.5,2.5,2.5,2.5,2.5,2.5,2.5,2.5,2.5,2.5,2.526701204161429,2.6,2.6,2.6,2.6,2.6,2.6,2.6,2.6,2.6,2.6,2.6,2.6,2.6,2.6,2.6,2.6551727712629773,2.7,2.7,2.8,2.8,2.8,2.8,2.8,2.9,2.9,2.9,2.9,2.9627137278564306,3.0,3.0,3.0,3.1,3.1,3.1,3.1,3.169487052929304,3.2,3.2,3.2,3.2,3.4,3.4,3.4,3.4071332984466776,3.5,3.5,3.5,3.506829935472439,3.6202076077128367,3.7,3.7713626571738246,3.8,4.2,4.500545334952631
0.3,0.3,0.3854855139391493,0.4,0.4,0.4,0.4931700645275615,0.5,0.5,0.5,0.5,0.5,0.5,0.5,0.5,0.5,0.5860145100745633,0.6,0.6,0.6,0.6,0.6,0.6,0.6590090298190248,0.7,0.7,0.7,0.7,0.7,0.7,0.7,0.7,0.7,0.7,0.7,0.7064060121547399,0.8,0.8,0.8,0.8,0.8,0.8,0.8,0.8,0.8,0.8,0.8,0.8,0.8,0.8,0.8,0.8,0.8,0.8,0.8,0.8,0.8,0.8,0.8,0.8,0.8,0.8,0.8,0.8,0.8,0.8,0.8575196044106633,0.9,0.9,0.9,0.9,0.9,0.9,0.9,0.9,0.9,0.9,0.9,0.9,0.9,0.9,0.9,0.9,0.9,0.9,0.9,0.9,1.0,1.0,1.0,1.0,1.0,1.0,1.0,1.0,1.0,1.0,1.0,1.0,1.0,1.0,1.0,1.0,1.0,1.0482910578227462,1.1,1.1,1.1,1.1,1.1,1.1,1.1,1.1,1.1,1.1,1.1,1.1,1.1,1.1,1.1,1.1,1.1,1.1054499355826124,1.2,1.2,1.2,1.2,1.2,1.2,1.2,1.2,1.2,1.3,1.3,1.3,1.3,1.3,1.3,1.3,1.3,1.3,1.3,1.3,1.3,1.3,1.3,1.4,1.4,1.4,1.4,1.4,1.4,1.4,1.4,1.4,1.4,1.4,1.4,1.4,1.4,1.4,1.4,1.4,1.4004461397505905,1.5,1.5,1.5,1.5,1.5,1.5,1.5,1.5,1.6,1.6059984560655778,1.7,1.7,1.7,1.7,1.7,1.7,1.7,1.7,1.7,1.7,1.7,1.7,1.7,1.7,1.7,1.7,1.7,1.7,1.7977167337233995,1.8,1.8,1.8,1.9,2.0,2.2,2.4336186488682587,2.6032720097157838
1.2961826553316225,1.422127117043914,1.6854855139391491,1.7,1.7589391335881381,1.8,1.8,1.8,1.8,1.8,1.8,1.9,2.0,2.0,2.032554993692302,2.1,2.1,2.1,2.1,2.1,2.2,2.2,2.2,2.2,2.2,2.2,2.2,2.294001543934421,2.3,2.3,2.3,2.4,2.4,2.4,2.4584681227248213,2.50640601215474,2.6,2.6,2.7,2.7,2.7,2.7,2.7,2.7,2.7,2.7,2.7,2.7,2.7,2.7,2.7,2.767234718804218,2.8,2.8,2.8,2.8,2.8,2.8,2.8,2.8,2.8,2.8,2.8,2.8,2.8,2.8,2.8,2.8,2.8,2.8,2.8,2.8,2.8,2.8,2.8,2.8,2.8,2.8,2.8,2.8,2.8,2.8,2.8,2.825606498421527,2.9,2.9,2.9,2.9,2.9,2.9,2.9,2.9,2.9,2.9,2.9,2.9,2.9,2.9,2.9,2.9,2.9,2.9,2.9,2.9236884075919987,3.0,3.0,3.0,3.0,3.0471294307578547,3.1,3.1,3.1,3.1,3.1,3.1,3.1,3.1,3.1,3.1,3.1,3.1,3.1788841473321954,3.2,3.2,3.2,3.2,3.2,3.2,3.2,3.2,3.2,3.2,3.2,3.2,3.2,3.2,3.2,3.2,3.2,3.2,3.2273604303772347,3.3,3.3,3.3,3.3,3.3,3.3,3.3,3.3968948881851646,3.4,3.4,3.4,3.4,3.4,3.4,3.4,3.4,3.4,3.4820773739873063,3.5,3.5,3.5,3.5,3.6,3.6,3.6,3.6,3.6,3.6,3.6,3.6,3.6,3.6,3.6,3.7,3.7,3.7,3.7,3.8,3.8,3.8,3.8,3.8,3.8,3.8,3.8,3.9,3.9,4.1,4.1,4.1,4.2,4.395433467446799,4.4,4.406829935472439,4.7,4.841060866411857,5.9,5.9,6.377872882956086,6.908180024289459
0.5994546650473747,0.7,0.9854855139391493,1.1,1.2,1.2,1.2,1.3,1.3,1.3,1.3,1.3824747633424777,1.4687759612645443,1.5,1.5,1.5,1.5,1.5,1.5,1.6,1.6,1.6,1.7,1.7,1.7,1.7,1.7,1.7,1.7,1.7,1.7,1.7,1.7,1.709575860441376,1.8,1.8,1.8,1.8,1.8,1.8,1.8,1.8,1.8,1.8,1.8,1.8,1.8,1.8,1.8,1.8,1.8,1.8,1.8,1.8,1.9,1.9,1.9,1.9,1.9,1.9,1.9,1.9,1.9,1.966707318575743,2.0,2.0,2.0,2.0,2.0,2.0,2.0,2.0,2.0,2.0,2.0,2.0,2.1,2.1,2.1,2.1,2.1,2.1,2.1,2.125606498421527,2.2,2.2,2.2,2.2,2.2,2.2,2.2030739068521825,2.3,2.3,2.3,2.3,2.3,2.3517089421772566,2.4,2.4,2.4,2.5,2.5,2.5,2.5,2.6,2.6,2.6,2.6,2.6,2.6,2.696926093147823,2.7,2.7,2.7,2.7,2.7,2.7,2.7,2.7,2.7,2.7,2.7,2.7,2.732212223747814,2.8,2.8,2.8,2.8,2.8,2.8,2.8,2.8,2.8,2.8,2.8,2.8,2.8,2.8,2.8,2.8,2.8,2.9,2.9,2.9,2.9,2.9,3.0,3.0,3.0,3.0,3.0,3.0,3.0,3.1,3.1,3.1,3.1,3.1,3.1,3.1,3.1,3.1107266901243977,3.2,3.2,3.2,3.2,3.2,3.2,3.2,3.2,3.2,3.2,3.2,3.2,3.2,3.2,3.2,3.2,3.3,3.3,3.3,3.3,3.3,3.3,3.3,3.3,3.367445006307696,3.4,3.5,3.5,3.5,3.5003907185653644,3.6,3.6,3.6,3.7,3.8,3.8,3.8145144860608466,4.1,4.2
0.2,0.2,0.2,0.2,0.2,0.2,0.2,0.2,0.3,0.3,0.3,0.3,0.3,0.3,0.3,0.3,0.3,0.3,0.3,0.3,0.3,0.3,0.3,0.3,0.3,0.3,0.3,0.3,0.3,0.3,0.3,0.3,0.3,0.3,0.3,0.3,0.3,0.3,0.4,0.4,0.4,0.4,0.4,0.4,0.4,0.4,0.4,0.4,0.4,0.4,0.4,0.46723471880421813,0.5,0.5,0.5,0.5,0.5,0.5,0.5,0.5,0.5,0.5,0.5,0.5,0.5973230516210207,0.6,0.6,0.6,0.6,0.6,0.6,0.6,0.6,0.6,0.6,0.6,0.6,0.6,0.6,0.6,0.6,0.6,0.6,0.6,0.6,0.6,0.6,0.6,0.6,0.6,0.6,0.6,0.6,0.6,0.6,0.6,0.6,0.6,0.6,0.6,0.6,0.6,0.6,0.6,0.6,0.6,0.6,0.622338458626433,0.7,0.7,0.7,0.7,0.7,0.7,0.7,0.7,0.7,0.7,0.7,0.7,0.7,0.7,0.7,0.7,0.7,0.7,0.7137770364541779,0.8,0.8,0.8,0.8,0.8,0.8,0.8,0.8,0.8,0.8,0.8,0.8,0.8,0.8,0.8,0.8,0.8,0.8,0.8,0.9,0.9,0.9,0.9,0.9,0.9,1.0,1.0,1.0,1.0,1.0,1.0,1.0,1.0,1.0,1.1,1.155172771262977,1.2,1.2,1.2,1.2,1.2,1.2,1.2,1.3,1.3,1.3,1.3,1.3,1.3,1.3,1.3,1.3,1.3,1.3,1.3,1.3,1.3,1.3,1.3,1.4,1.4479444411106839,1.5,1.5,1.5,1.5,1.5,1.5996368694758247,1.606829935472439,1.7,1.7,2.042725314347649,2.1,2.1,2.100545334952631
0.6,0.8221271170439142,1.1,1.3,1.3,1.3,1.3,1.300363130524173,1.4022832662765963,1.5,1.5,1.5,1.5,1.5,1.5,1.5,1.5,1.5,1.5,1.5,1.5,1.5,1.5,1.6,1.6,1.6,1.6,1.6,1.6,1.6,1.6,1.6,1.6,1.7,1.7,1.7,1.7,1.7995538602494094,1.8,1.8,1.8,1.8,1.8,1.8,1.8,1.8,1.8,1.8181900885031639,1.9,1.9,1.9,1.9,1.9,1.9,1.9,1.9,2.0,2.0,2.0,2.0,2.0,2.0,2.1,2.1,2.1,2.1,2.1,2.1,2.1,2.1,2.1,2.1,2.1,2.1,2.1,2.1,2.1,2.1,2.1,2.1,2.1,2.1736966480707367,2.2,2.2,2.2,2.2,2.2,2.2,2.2,2.2,2.2,2.2,2.2,2.2,2.3,2.3,2.3,2.3,2.4,2.4,2.4,2.4,2.4,2.4,2.4,2.4,2.4,2.5,2.5,2.5,2.5,2.5,2.5,2.6,2.6,2.6,2.6,2.6,2.6002692641843907,2.7,2.7,2.7,2.7,2.7,2.7,2.7,2.7,2.7,2.7,2.7,2.7,2.7,2.7835834762872875,2.8,2.8,2.9,2.9,2.9,2.9,2.9,2.9,2.9,2.9,3.0,3.0,3.0,3.0,3.0,3.0,3.0,3.1,3.1,3.1,3.1,3.1,3.1,3.1,3.1,3.1,3.2,3.2,3.2,3.3,3.3,3.3,3.3,3.3415318772751785,3.4,3.5,3.5,3.5,3.5,3.6,3.6,3.6,3.7,3.7,3.7,3.7,3.7,3.7,3.7,3.7,3.7,3.7,3.8,3.8,3.8,3.8,3.8,3.8,3.9,4.1,4.4,4.506829935472439,4.7,5.31060866411857,5.9,5.9,5.9,8.402181339810523
0.7989093300947493,0.8221271170439142,1.0,1.0,1.1,1.1,1.1,1.2,1.2,1.2,1.3,1.3,1.3,1.4,1.4,1.5,1.5,1.5,1.5,1.5,1.5,1.5,1.5,1.5,1.5,1.5,1.5,1.5,1.5,1.5,1.5,1.5,1.5,1.5,1.5,1.5,1.5,1.5,1.5448272287370202,1.6,1.6,1.6,1.6,1.6,1.6,1.6,1.6,1.6,1.6,1.6,1.6,1.6,1.7,1.7,1.7,1.7,1.7,1.7,1.7079458502902525,1.8,1.8,1.8,1.8,1.8,1.8,1.8,1.8,1.8,1.8,1.8,1.8,1.8,1.8,1.85857505126975,1.9,1.9,1.9,1.9,2.0,2.0,2.0,2.0,2.0,2.0,2.0,2.0,2.0,2.1,2.1,2.1,2.1,2.1,2.1,2.1,2.1,2.1,2.1,2.1,2.1,2.1,2.1500000000000004,2.2,2.2,2.2,2.2,2.2,2.2,2.2,2.2,2.2,2.2,2.2,2.2,2.2,2.2,2.3,2.3,2.3,2.3,2.3,2.3,2.3,2.4,2.4,2.4,2.4,2.4,2.4,2.4,2.4,2.5,2.5,2.5,2.5,2.5,2.5,2.5,2.5,2.5,2.5,2.5273604303772346,2.6,2.6,2.6,2.6,2.6,2.6,2.6,2.6,2.6,2.6,2.606138765668953,2.7,2.7,2.7,2.7,2.7,2.7,2.7,2.7,2.7,2.8,2.8,2.9,2.9,2.9,2.9415318772751786,3.0,3.040306890980156,3.1,3.1,3.1,3.1,3.2,3.2,3.2,3.3,3.3,3.3,3.3,3.5,3.5,3.569487052929304,3.6,3.7,3.7,3.7,3.7,3.7,3.7,3.7,3.7,3.7,3.8,3.9068299354724387,4.120207607712836,4.441060866411857,5.5277145432597194,5.9,5.9,6.410906699052612
0.19945466504737464,0.2,0.3,0.5,0.5589391335881382,0.6,0.6,0.6,0.6,0.6,0.6,0.6,0.6687759612645443,0.7,0.7,0.7,0.7,0.7,0.7,0.7997417543889868,0.8,0.8,0.8,0.8,0.8,0.8,0.8,0.8,0.8,0.8,0.8,0.8,0.8,0.8,0.8,0.8,0.8,0.8,0.8,0.8,0.8,0.8,0.8,0.8,0.9,0.9,0.9,0.9,0.9,0.9,0.9,0.9,0.9,0.9,0.9,0.907654785822831,1.0,1.0,1.0,1.0,1.0,1.0,1.0,1.0,1.0,1.0,1.0,1.0,1.0,1.0,1.0,1.0,1.0,1.0,1.0,1.0,1.0,1.0,1.0,1.0,1.0,1.0,1.0,1.0,1.0,1.0,1.0,1.0,1.0,1.0,1.0,1.0,1.0,1.0,1.0023925098791608,1.1,1.1,1.1,1.1,1.1,1.1,1.2,1.2,1.2,1.2,1.2,1.2,1.2,1.2,1.2,1.2,1.2,1.2,1.2,1.2,1.2,1.2,1.2,1.2,1.2,1.2,1.2,1.2,1.2,1.2,1.2863657473303136,1.3,1.3,1.3,1.3,1.3,1.3,1.3,1.3,1.3,1.3,1.3,1.3,1.3,1.3,1.3,1.3,1.3,1.3,1.3,1.3,1.4,1.4,1.4,1.4,1.4,1.4,1.4,1.4,1.4,1.4,1.4,1.4,1.482077373987306,1.5,1.5,1.5,1.5,1.5,1.5,1.5,1.5,1.5,1.5,1.5,1.5,1.5,1.5,1.5,1.5,1.5,1.5,1.5,1.6,1.6,1.6,1.6,1.6,1.6406880822512335,1.7,1.7,1.767445006307696,1.9,2.0312240387354508,2.1,2.1,2.1,2.1,2.1,2.2,2.2,2.3,2.5,2.6,2.7,3.3016360048578917
0.4994546650473746,0.6,0.6,0.6286373428261779,0.7,0.7,0.7931700645275616,0.8,0.8,0.8,0.9,0.9,0.9,0.9,0.9,0.9,0.9,0.9,0.9,0.9,0.9,0.9,0.9966561113817306,1.0,1.0,1.0,1.0,1.1,1.1,1.1,1.1,1.1,1.1,1.1,1.1,1.1,1.1,1.1,1.1,1.1,1.1,1.1,1.1,1.1,1.1,1.1,1.1,1.1,1.1,1.1,1.1,1.1,1.1,1.1,1.1,1.1,1.1,1.1,1.1,1.1,1.1,1.1,1.1,1.1,1.1,1.1,1.1,1.1,1.1164165237127208,1.2,1.2,1.2,1.2,1.2,1.2,1.2,1.2,1.2,1.2,1.2,1.2,1.2,1.2,1.2,1.2,1.2,1.2,1.2,1.2,1.2,1.2,1.2,1.2,1.2,1.2,1.2,1.2,1.2,1.2,1.2,1.2,1.2,1.2,1.2,1.3,1.3,1.3,1.3,1.3,1.3,1.3,1.3,1.3,1.3,1.3,1.3,1.3,1.3,1.3,1.3,1.3,1.3,1.3,1.332212223747814,1.4,1.4,1.4,1.4,1.4,1.4,1.4,1.4,1.4835834762872877,1.5,1.5,1.5,1.5,1.5,1.5,1.5,1.5,1.5,1.5,1.525036691116378,1.6,1.6,1.6,1.6,1.6,1.6,1.6,1.6,1.6,1.6,1.7,1.7,1.7,1.7,1.7,1.8,1.8,1.8,1.8,1.8004461397505906,1.9,1.9935939878452529,2.0,2.0,2.0,2.0,2.0,2.0,2.0,2.1,2.1,2.2,2.2,2.2,2.2,2.2,2.3,2.3,2.3,2.4,2.5,2.5,2.5,2.5,2.6,2.6175252366575252,2.7,2.7,2.7,2.8,2.8,2.8202076077128364,3.0,3.1,3.1,3.3,3.700545334952631
0.2994546650473746,0.32212711704391417,0.5,0.5286373428261779,0.6,0.6,0.6,0.6,0.6,0.6,0.6,0.6,0.6,0.6,0.6,0.6,0.6860145100745633,0.7,0.7,0.7,0.7,0.7,0.7,0.7,0.7,0.7,0.7,0.7,0.7,0.7,0.7,0.8,0.8,0.8,0.8,0.8,0.8,0.8,0.8,0.8,0.9,0.9,0.9,0.9,0.9,0.9,0.9,0.9,0.9,0.9,0.9,0.9,0.9,0.9,0.9,0.9,0.9,0.9,0.9,0.9,0.9,0.9,0.9,0.9,0.9,0.9,0.9,0.9,0.9,0.9,0.9,0.9,0.9,0.9,0.9,0.9136342526696893,1.0,1.0,1.0,1.0,1.0,1.0,1.0,1.0,1.0,1.0,1.0,1.0,1.1,1.1,1.1,1.1,1.1,1.1,1.1,1.1,1.1,1.1,1.1,1.1,1.1,1.1,1.1,1.1,1.1,1.1,1.1,1.1,1.1,1.1,1.1,1.1,1.1,1.1,1.1,1.1,1.1,1.1,1.1,1.1,1.1,1.1,1.1,1.1,1.1,1.1,1.1,1.1,1.1,1.1,1.2,1.2,1.2,1.2,1.2,1.2,1.2,1.2,1.2,1.2,1.2,1.2,1.2,1.2,1.2,1.2,1.3,1.3,1.3,1.3,1.3,1.3,1.3,1.3,1.3,1.3,1.3,1.3,1.3,1.3,1.3,1.3,1.3,1.3,1.3,1.4,1.4,1.4,1.4,1.4,1.4,1.4,1.4,1.4,1.4,1.5,1.5,1.5,1.5,1.5,1.5,1.5,1.5694870529293041,1.6,1.6,1.6,1.7,1.7,1.8,1.8,1.9071332984466778,2.0003907185653644,2.2,2.4996368694758244,2.506829935472439,2.6,2.741060866411857,3.0,3.1290289721216937,3.6,3.8027266747631527
0.3,0.4221271170439142,0.5,0.5,0.5,0.5797923922871657,0.6,0.6,0.6,0.6,0.6,0.6,0.6,0.6,0.6,0.6,0.6,0.6,0.6,0.6,0.6,0.6,0.6,0.6,0.7,0.7,0.7,0.7,0.7,0.7,0.7,0.7,0.7,0.7,0.7,0.7,0.7,0.7,0.7,0.7,0.7,0.7,0.7,0.7,0.7000358757198555,0.8,0.8,0.8,0.8,0.8,0.8,0.8,0.8,0.8,0.8,0.8,0.8,0.8,0.9,0.9,0.9,0.9,0.9,0.9,0.9,0.9,0.9,0.9,0.9,0.9,0.9,0.9,0.9,0.9,0.9,0.9,0.9,0.9,0.9,0.9,0.9,0.9,0.9,0.9,0.9,0.9,0.9,0.9,0.9,0.9,0.9,0.9,0.9,0.9,0.9,0.9,0.9,0.9,0.9008886215437286,1.0,1.0,1.0,1.0,1.0,1.0,1.0,1.0,1.0,1.0,1.0,1.0,1.0,1.0,1.0,1.0,1.0230798727574837,1.1,1.1,1.1,1.1,1.1,1.1,1.1,1.1,1.1,1.1,1.1,1.1,1.1,1.1,1.1,1.1,1.1,1.1,1.2,1.2,1.2,1.2,1.2,1.2,1.2,1.2,1.2,1.2,1.2,1.2,1.2,1.2,1.2,1.2,1.2,1.2,1.2,1.2,1.2,1.2599324600475086,1.3,1.3,1.3,1.3,1.3,1.3,1.3,1.3,1.3,1.3,1.3,1.3,1.3,1.3,1.3,1.3,1.3,1.3,1.3,1.3,1.4,1.4,1.4,1.4,1.4,1.4,1.4,1.4,1.4,1.4,1.4,1.4,1.5,1.5,1.5,1.5,1.6,1.6,1.6,1.7,1.941060866411857,2.1,2.2,2.455745765912172,3.103817344668414
1.1978186601894985,1.6,1.6,1.8,1.8,1.8,2.1,2.1,2.1,2.1,2.192866701553323,2.2,2.268775961264544,2.3,2.3,2.4,2.4,2.4,2.6,2.6,2.6671097311820504,2.7,2.7,2.7,2.7,2.7,2.737286272143571,2.8,2.8,2.8,2.8,2.8,2.8,2.9,2.9,2.9,2.9,2.9,3.0,3.0,3.0,3.0,3.1,3.1,3.2,3.2,3.2,3.2,3.2,3.2,3.2,3.2,3.2,3.2,3.2,3.2,3.2,3.2,3.2,3.3,3.3,3.3,3.3,3.3,3.3,3.4,3.4,3.4,3.4,3.4,3.4,3.4025276233258666,3.5,3.5,3.5,3.5,3.6,3.6,3.6,3.6,3.6,3.6,3.6,3.6,3.6,3.6,3.6,3.6277108492161205,3.7,3.7,3.7,3.7,3.7,3.7,3.7,3.7,3.7,3.7,3.7,3.7,3.7,3.8,3.8,3.8,3.8,3.8,3.8,3.8,3.8,3.8,3.8,3.8,3.8,3.8,3.8,3.8,3.8,3.87439350157847,3.9,3.9,3.9,3.9,3.9,3.9,3.9,3.9,3.9,3.941424948730241,4.069319877160609,4.1,4.1,4.1,4.183583476287287,4.2,4.2,4.2,4.2,4.2,4.2,4.2,4.2,4.2,4.2,4.2,4.2,4.2,4.2,4.2,4.2,4.2,4.2,4.306138765668953,4.4,4.4,4.4,4.4,4.4,4.4,4.4,4.424205258435956,4.5,4.5,4.5,4.6,4.6,4.6,4.6,4.6,4.6,4.6,4.6,4.6,4.6,4.6,4.6,4.6,4.6,4.6,4.6,4.6,4.6,4.7,4.7,4.7,4.7,4.7,4.7,4.7,4.831224038735451,4.9,4.9,5.201562874261458,5.7,5.7,6.4,6.4,6.4,6.6,6.6,6.8,7.10054533495263
0.6994546650473746,0.8,1.0854855139391493,1.2,1.4,1.5,1.5,1.5,1.5,1.5,1.5,1.6,1.6,1.6520555588893195,1.7,1.7,1.7,1.8,1.8,1.8,1.8,1.8,1.8,1.8,1.8,1.8,1.8,1.8940015439344207,1.9,1.9,1.9,1.9,1.9,1.9,2.0,2.0,2.0,2.0,2.0,2.1,2.1,2.1,2.1,2.1,2.1,2.1,2.1,2.2,2.2,2.2,2.2,2.3,2.3,2.3,2.3,2.3076547858228307,2.4,2.4,2.4,2.4,2.4,2.4,2.4,2.5,2.5,2.6,2.6,2.6,2.6,2.6,2.7,2.7,2.7,2.7,2.7,2.7,2.7,2.7,2.7,2.7,2.7,2.7,2.7,2.7,2.7,2.7,2.7,2.7,2.8,2.8,2.8,2.8,2.8,2.8,2.8,2.8,2.8,2.8,2.9,2.9,2.9,2.9,2.9,2.9,2.9,2.9729278915505746,3.0,3.0,3.0,3.0,3.0,3.0,3.0,3.0,3.0,3.0,3.0,3.0,3.1,3.1,3.1,3.1,3.1,3.1,3.1,3.1,3.1,3.1,3.1,3.2,3.2,3.2,3.2,3.2,3.2,3.2,3.2,3.2,3.2,3.2,3.2,3.2,3.2,3.2,3.2,3.2,3.2,3.2,3.3,3.3,3.3,3.3,3.3,3.3,3.3,3.3,3.3,3.3,3.3,3.4,3.4,3.4,3.5,3.5,3.5,3.5,3.5,3.5,3.6,3.6,3.643198843880208,3.7,3.7,3.7,3.7,3.7,3.7,3.8,3.8,3.8,3.8,3.8,3.8,3.8,3.9,3.9,3.9,4.1,4.1,4.117525236657525,4.2,4.300390718565365,4.4,4.4,4.4,4.5,4.5,4.6,4.9,6.533618648868258,6.601090669905261
0.2994546650473746,0.5,0.5,0.5,0.5,0.5797923922871657,0.6,0.6,0.6,0.6,0.6,0.6,0.6,0.6,0.6,0.6,0.6,0.6,0.6,0.6,0.6,0.6,0.6,0.6,0.6,0.6,0.7,0.7,0.7,0.7,0.7,0.7,0.7,0.7,0.7,0.7,0.7,0.7,0.7,0.7,0.7,0.7,0.7,0.7,0.7,0.7,0.7,0.7,0.8,0.8,0.8,0.8,0.8,0.8,0.8,0.8,0.8,0.8,0.8,0.9,0.9,0.9,0.9,0.9,0.9,0.9,0.9,0.9,0.9,0.9454068260374242,1.0,1.0,1.0,1.0,1.0,1.1,1.1,1.1,1.1,1.1,1.1474948492296106,1.2,1.2,1.2,1.2,1.2,1.2,1.2,1.2,1.2,1.2,1.2,1.2,1.2,1.2,1.2,1.2,1.2,1.2,1.2,1.2,1.2,1.2,1.2,1.2,1.2,1.2,1.2,1.2,1.2,1.2,1.2,1.2,1.2,1.2,1.3,1.3,1.3,1.3,1.3,1.3,1.3,1.3,1.3,1.3,1.3,1.3,1.3,1.3,1.3,1.3,1.3,1.3,1.3,1.3,1.3,1.3,1.3,1.3,1.3,1.3,1.3,1.3,1.3,1.3,1.3,1.3,1.3,1.3,1.3,1.3,1.3,1.3,1.3,1.4,1.4,1.4,1.5,1.5,1.5,1.5,1.5,1.5,1.5,1.5,1.5,1.5,1.5,1.5,1.5,1.5,1.5,1.5,1.6,1.6,1.6,1.6801475342872323,1.7,1.7,1.7,1.7,1.7,1.7,1.7,1.7279709798508747,1.9895186080399072,2.0,2.1,2.1,2.1,2.1,2.1,2.1,2.1,2.1,2.1,2.1,2.3,2.614514486060847,2.777872882956086,3.102726674763153
0.5994546650473747,1.1221271170439142,1.2,1.3,1.4,1.4,1.5,1.5,1.6,1.6,1.6928667015533228,1.7,1.7,1.7,1.7325549936923017,1.8,1.8,1.8,1.8,1.8,1.8,1.8,1.8,1.9,1.9,1.9,2.0,2.0,2.0,2.1,2.1,2.2,2.2,2.2,2.2,2.2,2.2,2.2,2.2,2.2,2.3,2.3,2.3,2.3,2.3,2.3,2.3,2.3,2.3,2.3,2.3,2.3,2.303105111814835,2.4,2.4,2.4076547858228308,2.5,2.5,2.6,2.6,2.6,2.6,2.6,2.6,2.6,2.6,2.6,2.6,2.6,2.6,2.674106826669302,2.7,2.7,2.7,2.7,2.7,2.7,2.7,2.7,2.7,2.7,2.7,2.7,2.7,2.7,2.7,2.7,2.7,2.7,2.7,2.7,2.7,2.7,2.7,2.7,2.7,2.8,2.8,2.8,2.8,2.8,2.8,2.8,2.8,2.8,2.8,2.8,2.9,2.9,2.9,2.9,2.9,2.9,2.9,2.9,3.0,3.0,3.0,3.0,3.0,3.0,3.0,3.0,3.0,3.0,3.0,3.0,3.0,3.0,3.0,3.0258931733306893,3.1,3.1,3.1,3.1,3.1724102608103184,3.2,3.2,3.2,3.2,3.2,3.2,3.2,3.2,3.2,3.2,3.2,3.2,3.2,3.2,3.2,3.3,3.3,3.3,3.3,3.3,3.3,3.3,3.3,3.348410516871911,3.5,3.5,3.5,3.5,3.5,3.5,3.5415318772751787,3.6,3.6,3.6,3.6,3.6,3.7,3.7,3.7,3.7,3.8,3.8,3.8,3.8,3.8,3.8,3.8,3.8,3.8,3.8,3.8,3.947944441110684,4.1,4.2,4.2,4.200390718565365,4.4,4.599636869475824,4.6,4.6,4.7,4.7,4.714514486060847,4.877872882956086,4.9
0.5994546650473747,0.7221271170439142,0.8,0.9,1.0,1.1,1.2,1.2,1.2,1.2,1.2,1.2,1.3,1.3,1.3,1.3,1.3,1.4,1.4,1.5,1.5,1.5,1.5,1.5,1.5,1.5,1.6,1.6,1.6,1.6,1.6,1.6,1.7,1.7,1.7,1.7,1.7,1.7,1.7,1.7,1.7,1.7,1.8,1.8,1.8,1.8,1.8,1.8,1.8,1.8,1.9,1.9,1.9,1.9,1.9,2.0,2.0,2.0,2.0,2.1,2.1,2.1,2.1,2.1,2.1,2.1,2.1575196044106635,2.2,2.2,2.2,2.2,2.2,2.2,2.2,2.2,2.2,2.2,2.2,2.2,2.221115852667802,2.3,2.3,2.3,2.3,2.3,2.3,2.3,2.3,2.3,2.3,2.3,2.3,2.3,2.3,2.3,2.327072108449437,2.4,2.4,2.5008886215437287,2.6,2.6,2.6,2.6,2.6,2.6,2.6,2.6,2.6,2.6,2.6,2.6,2.6,2.7,2.7,2.7,2.7,2.7,2.7,2.7,2.7,2.7,2.7,2.7,2.7,2.7,2.7,2.7,2.7,2.7,2.7,2.7,2.7,2.7,2.7,2.7,2.7,2.7,2.7,2.7,2.7,2.7,2.7,2.7,2.8,2.8,2.8,2.8,2.8,2.8,2.9,2.9,2.9,2.9,2.9818099114968333,3.0,3.0,3.0,3.0,3.0,3.0,3.0,3.0,3.1,3.1,3.1465762418859984,3.2,3.2,3.2,3.2,3.2,3.2,3.2,3.2,3.205998456065578,3.3,3.3,3.3,3.3,3.3,3.3,3.3,3.5,3.5,3.5,3.5,3.5,3.6,3.6,3.6,3.6,3.6,3.7,3.8,3.8,3.8,3.9202076077128365,4.1,4.2,4.229028972121694,4.6,4.9
0.2994546650473746,0.5,0.6,0.6,0.6,0.6,0.7,0.7,0.7,0.7,0.8,0.8,0.8,0.8,0.8,0.8,0.8,0.8,0.8,0.8,0.8,0.8,0.8966561113817306,0.9,0.9,0.9,0.9,0.9,0.9,0.9,0.9,0.9,0.9,1.0,1.0,1.0,1.0,1.0995538602494095,1.1448272287370203,1.2,1.2,1.2,1.2,1.2,1.2,1.2,1.2,1.2,1.2,1.2,1.2,1.2,1.2,1.2,1.2,1.3,1.3,1.3,1.3,1.3,1.3,1.3,1.3,1.3,1.3,1.3,1.3,1.3,1.3,1.4,1.4,1.4,1.4,1.4,1.4,1.4,1.4408191585155008,1.5,1.5,1.5,1.5,1.5,1.5,1.5,1.5,1.5,1.5,1.5,1.5,1.5,1.5,1.5,1.5,1.5,1.5,1.6,1.6,1.6,1.6,1.6,1.6,1.6,1.6,1.6,1.6,1.6,1.6,1.7,1.7,1.7,1.7,1.7,1.7,1.7,1.7,1.7,1.7,1.7,1.7,1.7,1.7,1.7,1.7,1.7,1.7,1.7,1.7,1.7,1.7,1.7,1.7,1.7,1.7,1.7,1.7,1.7,1.7026769483789848,1.8,1.8,1.8,1.8,1.8,1.9,1.9,1.9,1.9,1.9,2.0,2.1,2.1,2.1,2.1,2.1,2.1,2.1,2.1,2.1,2.1,2.1,2.1,2.1,2.1,2.1,2.1,2.1,2.1,2.1,2.1,2.2,2.2,2.2,2.2962914202199327,2.3,2.4,2.5,2.6,2.6,2.6,2.6,2.6,2.7,2.7,2.7,2.7,2.7,2.7,2.7,2.7,2.7,2.7,2.8,2.8003907185653643,2.9977167337233994,3.0,3.1,3.1,3.1,3.2,3.6,3.8,4.500545334952631
1.0972733252368732,1.6,1.9709710278782986,2.4,2.4,2.5797923922871657,2.6,2.8,2.8,2.8,2.8,2.882474763342478,2.9,2.9,2.9,3.1,3.1,3.1,3.1610258941414044,3.3997417543889865,3.4,3.4,3.4,3.4,3.4,3.4,3.4372862721435706,3.5,3.5,3.6,3.6,3.6,3.6,3.6,3.6,3.6,3.6,3.6,3.6,3.6,3.6,3.7757947415640416,3.8,3.859328465857746,4.0,4.040067539952498,4.1,4.1,4.1,4.1,4.2,4.2,4.2,4.2384542728600625,4.3,4.3,4.34153788703216,4.4,4.407945850290253,4.5,4.5,4.6,4.6,4.6,4.6,4.7,4.7,4.7,4.8,4.8,4.8,4.8,4.8,4.8,4.8,4.8,4.8,4.8,4.9,4.9,4.9,5.047393296141473,5.5986536790780175,5.9,5.9,5.9,5.9,6.1554216984322405,6.3,6.3,6.3,6.3,6.3,6.3,6.3,6.3,6.3,6.376311592408004,6.4,6.4,6.4,6.4,6.4,6.4,6.6,6.6,6.6,6.6,6.694258861515709,6.8,6.8,6.8,6.9,6.9,6.9,6.9,6.9,6.9,6.9002692641843915,7.0,7.0,7.0,7.0,7.0,7.0,7.0,7.0,7.0,7.0,7.0,7.0,7.0,7.0,7.0,7.0,7.1,7.1,7.1,7.1,7.195621510063717,7.2,7.2,7.2,7.2,7.2,7.2,8.4,8.4,8.4,8.4,8.4,8.4,8.4,8.4,8.4,8.4,8.4,8.4,8.4,8.4,8.4,8.4,8.4,8.4,8.4,8.4,8.4,8.5,8.5,8.5,8.5,8.5,8.5,8.5,8.5,8.5,8.740442602861698,8.8,8.8,8.8,8.8,8.8,8.8,8.8,8.8,8.8,8.8,8.8,8.8,8.8,8.8,8.8,8.8,8.8,8.8,8.8,10.3,10.799538600216772,11.0,11.0,11.0
0.9983639951421239,1.1,1.1854855139391491,1.4,1.458939133588138,1.5,1.5931700645275617,1.6,1.6,1.7,1.7,1.7824747633424778,1.8,1.8,1.8,1.8104813919600964,1.9,2.1,2.1,2.1,2.2,2.2,2.2,2.2,2.3,2.3,2.3,2.394001543934421,2.4,2.4,2.5,2.5,2.5,2.5,2.6,2.6,2.6,2.6,2.7,2.7,2.7,2.7,2.7,2.7,2.8,2.8,2.8,2.8,2.8,2.8,2.8,2.867234718804218,2.9,2.9,2.9,2.9,2.9,2.9,2.9,2.9,2.9,2.9,2.9,2.9,2.9,2.9,2.9575196044106633,3.0,3.0,3.0,3.074106826669302,3.1,3.1,3.1,3.2,3.2,3.2,3.2,3.3,3.3,3.3,3.3,3.3,3.3,3.3,3.3,3.302376319138855,3.4,3.4,3.4,3.4,3.4,3.4,3.4,3.4,3.4,3.4,3.4,3.5,3.5,3.5,3.5,3.5,3.5,3.5,3.5,3.5,3.5,3.5,3.5,3.596926093147823,3.6,3.6,3.6,3.6,3.6,3.6,3.6,3.6,3.626303351929255,3.7,3.778884147332195,3.8,3.8,3.8,3.8,3.8,3.8,3.8,3.8,3.8,3.8,3.9,3.9,4.0,4.072410260810318,4.1,4.1,4.1,4.1,4.1,4.1,4.1,4.1,4.1,4.1,4.1,4.1,4.1,4.1,4.1,4.106138765668953,4.2,4.2,4.2,4.2,4.299964124280137,4.3,4.3,4.3,4.3,4.3,4.3,4.4,4.446576241885999,4.5,4.5,4.6,4.6,4.6,4.6,4.696291420219933,4.7,4.7,4.7,4.8,4.8,4.8,4.8,4.8,4.8,4.8,4.8,4.9,4.9,4.9,4.9,4.9,4.9,4.935050473315051,5.9,6.3,6.3,6.4,6.4,6.4,6.4,6.4,6.429028972121694,6.8,8.4
0.1,0.2,0.2,0.2,0.2,0.2,0.2,0.2,0.2,0.2,0.3,0.3,0.3,0.3,0.3,0.3,0.3,0.3,0.3,0.3,0.3,0.3,0.3,0.3,0.31985246571277626,0.4,0.4,0.4,0.4,0.4,0.4,0.4,0.4,0.4,0.4,0.4,0.4,0.4,0.4,0.4,0.4,0.4,0.4,0.4,0.4000358757198555,0.5,0.5,0.5,0.5,0.5,0.5,0.5,0.5,0.5,0.5,0.5,0.5,0.5,0.5,0.5,0.5,0.5,0.5,0.5,0.5,0.5,0.6,0.6,0.6,0.6,0.6,0.6,0.6,0.6,0.6,0.6,0.6,0.6,0.6,0.6,0.6,0.6,0.6,0.6,0.6,0.6,0.7,0.7,0.7,0.7,0.7,0.7,0.7,0.7,0.7,0.7,0.7,0.7,0.7,0.7,0.7,0.8,0.8,0.8,0.8,0.8,0.8,0.8,0.8,0.8,0.8,0.8,0.8,0.8,0.8,0.8,0.8,0.8,0.8,0.8,0.8,0.8,0.8,0.8,0.8,0.8,0.8,0.8,0.8,0.8,0.9,0.9,0.9,0.9,0.9,0.9,0.9,0.9,0.9,0.9,1.0,1.0,1.0,1.0,1.0,1.0,1.0,1.0,1.0,1.0,1.0,1.0,1.0,1.0,1.0,1.0,1.0,1.0406715341422512,1.1,1.1,1.1,1.1,1.1,1.1,1.1465762418859982,1.2,1.2,1.2,1.2,1.2,1.2,1.2,1.3,1.3,1.3,1.3,1.3,1.3,1.3,1.3,1.3,1.3,1.3694870529293042,1.4,1.4,1.4,1.467445006307696,1.5,1.5,1.5,1.5,1.5,1.5,1.5,1.5,1.5,1.541060866411857,1.6,1.7,1.8,2.1
0.6,0.6,0.6,0.6,0.6,0.6,0.6,0.6,0.6,0.6,0.6,0.7,0.7,0.9041111177786391,1.1,1.1,1.1,1.1,1.1,1.1997417543889866,1.2,1.2,1.2966561113817308,1.3,1.4,1.4,1.4,1.5,1.6,1.6,1.6,1.6,1.6,1.6,1.6,1.6,1.6,1.6,1.6,1.6,1.6,1.6,1.6,1.6,1.7,1.7,1.7,1.7181900885031638,1.8,1.8,1.8,1.9,1.9,1.938454272860062,2.0,2.007654785822831,2.1,2.1749633088836164,2.2,2.2,2.2,2.2,2.2,2.2,2.2,2.2,2.2,2.2,2.2,2.2,2.2,2.2,2.2,2.2,2.2,2.3,2.340819158515501,2.4,2.4,2.4,2.5,2.5,2.5,2.5,2.5,2.5,2.5,2.5,2.5,2.5,2.5,2.5,2.5,2.5,2.5,2.5,2.5,2.5,2.5,2.5,2.5,2.5745514221892507,2.6,2.6,2.6,2.6,2.6,2.6,2.6,2.6,2.6,2.6,2.6,2.6,2.6,2.6,2.6,2.6,2.7,2.7,2.7,2.7,2.7054499355826125,2.8,2.8,2.8,2.8,2.8,2.8,2.8,2.8,2.8,2.8,2.8,2.8,2.8,2.8,2.8,2.8,2.8,2.8,2.8,2.8,2.8,2.8584621129678394,2.9,2.9,2.9,2.9,2.9,2.9,2.9,2.9,2.9818099114968333,3.0,3.0,3.0,3.1,3.1,3.1,3.1,3.210726690124398,3.3,3.3,3.346576241885998,3.4,3.4,3.4,3.4,3.4,3.4,3.4,3.5,3.5,3.5,3.5,3.5,3.6,3.6,3.6,3.6328902688179485,3.7002582456110193,3.869487052929304,3.9,3.927970979850875,4.1,4.167445006307696,4.247944441110684,4.3,4.4,4.5,4.7,4.8,4.9,5.713659870944878,6.3,6.4,6.4,6.429028972121694,6.877872882956086,8.402181339810523
0.6,0.6,0.6,0.7,0.8589391335881382,1.1,1.1,1.100363130524173,1.2022832662765963,1.3,1.3,1.3,1.4,1.4,1.4,1.4,1.4,1.4,1.4,1.4,1.4,1.5,1.5,1.5,1.6,1.6,1.6,1.6,1.6,1.6,1.6,1.6,1.6,1.6,1.6,1.6,1.6,1.6,1.6,1.6,1.6,1.6,1.6,1.6,1.6000358757198556,1.7,1.7,1.7,1.7,1.7,1.7,1.7,1.7,1.7,1.8,1.8,1.8,1.8,1.8,1.8,1.8,1.8,1.8,1.8,1.8,1.9,1.9,2.0,2.0,2.0,2.0,2.1,2.1,2.2,2.2,2.2,2.2,2.2,2.2,2.2,2.2,2.2,2.2,2.3,2.3,2.3,2.3,2.3,2.3,2.4,2.4,2.4,2.4,2.4,2.4,2.4,2.4517089421772567,2.5,2.5,2.5,2.5,2.5,2.5,2.5,2.5,2.5,2.5,2.5,2.5,2.5,2.5,2.5,2.5,2.5,2.5,2.5,2.5486667723653342,2.6,2.6,2.6,2.6,2.6,2.6,2.6,2.6,2.6,2.6,2.6,2.6,2.6,2.6,2.6,2.6,2.6,2.6,2.6,2.7,2.7,2.7,2.7,2.7273604303772347,2.8,2.8,2.8,2.8,2.8,2.8,2.8,2.8,2.8,2.8,2.8,2.8,2.881809911496833,2.9,2.9,2.9,2.9,2.9,2.9,2.9,2.9,3.0,3.0,3.1,3.1,3.1,3.1,3.1,3.1912183114401103,3.3,3.3,3.3,3.3,3.3,3.3,3.3,3.3,3.3,3.3672825715857355,3.4,3.4,3.4,3.4,3.5,3.5,3.5,3.5,3.5312240387354508,3.6,3.7,3.8,3.8,3.8996368694758243,3.9068299354724387,4.2,4.341060866411857,4.5,4.6,4.7,7.207089354384197
0.1,0.1,0.1,0.2,0.2,0.2,0.2,0.2,0.2,0.2,0.2,0.2,0.2,0.2,0.2,0.3,0.3,0.3,0.3,0.3,0.3,0.3,0.3,0.3,0.3,0.3,0.3,0.3,0.3,0.3,0.3,0.3,0.3,0.3,0.3,0.3,0.3,0.3,0.3,0.3,0.3,0.3,0.3,0.3,0.3,0.3,0.3,0.3,0.3,0.3,0.3,0.3,0.3,0.3,0.3,0.3,0.3,0.3,0.3,0.3,0.3,0.3043784899362862,0.4,0.4,0.4,0.4,0.4,0.4,0.4,0.4,0.4,0.4,0.4,0.4,0.4,0.4,0.4,0.4,0.4,0.4,0.4,0.4,0.4,0.4,0.4,0.4,0.4,0.4,0.4,0.4,0.4,0.4,0.4,0.4,0.4,0.4,0.4,0.4,0.4,0.4,0.4,0.4,0.4,0.4,0.4,0.4,0.4,0.4,0.4,0.4,0.4,0.4,0.4,0.4,0.4,0.4,0.4,0.4,0.4,0.4,0.4,0.4,0.4,0.4,0.4,0.4,0.4,0.4,0.4,0.4,0.4,0.4,0.4835834762872878,0.5,0.5,0.5,0.5,0.5,0.5,0.5,0.5,0.5,0.5,0.5,0.5,0.5923452141771633,0.6,0.6,0.6,0.6,0.6,0.6,0.6,0.6,0.6,0.6,0.6,0.6,0.6,0.6,0.6,0.6,0.6,0.7,0.7,0.7,0.7,0.7,0.7,0.7,0.7,0.7,0.7,0.7,0.8,0.8,0.8,0.8,0.8,0.8,0.8,0.8,0.8,0.8406880822512335,0.9,0.9,0.967445006307696,1.0,1.0,1.0,1.0071332984466779,1.2,1.2,1.2,1.2,1.3,1.3,1.3,1.4145144860608467,1.5,1.6005453349526306
0.6,0.7,0.9709710278782986,1.0,1.0,1.0,1.1,1.1,1.1,1.1,1.2,1.2,1.2687759612645444,1.3,1.3,1.3,1.3,1.4,1.4,1.4,1.4,1.4,1.4,1.4,1.4,1.4,1.4,1.4,1.4,1.4,1.4,1.4087816885598867,1.5,1.5,1.5,1.5,1.5,1.5,1.5,1.5,1.5,1.5,1.5,1.5,1.5,1.5,1.5,1.6,1.6,1.6,1.6,1.6,1.6,1.7,1.7,1.7,1.7,1.7,1.7,1.7,1.7,1.7,1.7,1.7,1.7,1.7,1.7,1.7,1.8,1.8,1.8,1.8,1.8,1.8,1.8,1.8,1.9,1.9,1.9,2.0,2.0,2.0,2.0,2.1,2.1,2.1,2.1,2.1,2.1,2.1,2.2,2.2,2.2,2.2,2.2,2.2,2.2,2.2,2.2,2.3,2.3,2.3,2.3,2.4,2.4,2.4,2.4,2.4,2.4,2.5719890737088917,2.6,2.6,2.6,2.6,2.6,2.6,2.6,2.6,2.6,2.6,2.7,2.7,2.7054499355826125,2.8,2.8,2.8,2.8,2.8,2.8,2.8,2.8,2.8,2.8,2.8,2.8,2.872410260810318,2.9,2.9,2.9,2.9,2.9,2.9,2.9,2.9,2.9584621129678395,3.0,3.026701204161429,3.2,3.2,3.2,3.2,3.2,3.2,3.3,3.3,3.3,3.3,3.4,3.4,3.4,3.4,3.4,3.4,3.4,3.4,3.4,3.4,3.4,3.440306890980156,3.5,3.5,3.5,3.5,3.5,3.5,3.5,3.5,3.5,3.5,3.5,3.5,3.6,3.6,3.7,3.7,3.7,3.7,3.747944441110684,3.8,3.8,3.8,3.8,3.8,3.8,4.0,4.120207607712836,4.2,4.371362657173825,4.6145144860608465,5.055745765912172,5.905998684478937
0.6,0.7,0.8,1.0,1.0,1.0,1.0,1.0,1.1,1.1,1.1,1.1,1.1,1.2,1.2325549936923017,1.3,1.3,1.3,1.3,1.4,1.4,1.4,1.4,1.4,1.4,1.4,1.4,1.4,1.4,1.4,1.4,1.5,1.5,1.5,1.5,1.5,1.5,1.5,1.5,1.5,1.5,1.5,1.5,1.5,1.6,1.6,1.6,1.6,1.6,1.6,1.6308259810188759,1.7,1.7,1.7,1.7,1.7,1.7,1.7,1.7,1.7,1.7,1.7,1.7,1.7,1.7,1.7275897391896877,1.8,1.8,1.8,1.8,1.8,1.8,1.8,1.8,1.8862229635458163,1.9,1.9,1.9,2.0,2.0,2.0,2.0,2.0,2.025606498421527,2.1,2.1,2.1,2.1,2.1,2.1,2.2,2.2,2.2,2.2,2.2,2.2,2.3,2.3,2.3,2.3,2.3499999999999996,2.4,2.4,2.4,2.4965821156454924,2.6,2.6,2.6,2.6,2.6,2.6,2.6,2.64706730690055,2.7,2.7,2.7,2.8,2.8,2.8,2.8,2.8,2.8,2.8,2.8,2.8,2.8,2.8,2.8,2.8,2.8,2.8,2.8,2.9,2.9,2.9,2.9,2.9,2.933292681424257,3.0,3.0956215100637166,3.1,3.2,3.2,3.2,3.2,3.2,3.2,3.2,3.2,3.2,3.3,3.3,3.3,3.3,3.4,3.4,3.4,3.4,3.4,3.4,3.4,3.4,3.4,3.4,3.4,3.4,3.4,3.4,3.5,3.5,3.5,3.5,3.5,3.5,3.5,3.5,3.5,3.5,3.5,3.5,3.5,3.6,3.6,3.7,3.7,3.7,3.767445006307696,3.8,3.8,3.8,3.8,3.8,3.8,3.8,3.8068299354724386,4.040415215425673,4.2,4.371362657173825,4.714514486060847,5.567237297736517,6.301636004857891
0.19945466504737464,0.3,0.3,0.3,0.4,0.4,0.5,0.5,0.5,0.5,0.5,0.5,0.5,0.5,0.5,0.5,0.5,0.5593119177487658,0.6,0.6,0.6,0.6,0.6,0.6,0.6,0.6,0.6,0.6,0.6,0.6,0.6,0.6,0.659693109019841,0.7,0.7,0.7,0.7,0.7,0.7,0.7,0.7,0.7,0.7,0.7593284658577459,0.8,0.8,0.8,0.8,0.8,0.8,0.8,0.8,0.8,0.8,0.8,0.8,0.8,0.8,0.9,0.9,0.9,0.9,0.9,0.9,0.9,0.9,0.9,0.9,0.9,0.9454068260374242,1.0,1.0,1.0,1.0,1.0,1.0,1.0,1.0,1.094550064417385,1.1,1.1,1.1,1.1,1.2,1.2,1.2,1.2,1.2,1.2,1.2,1.2,1.2,1.2,1.2,1.2,1.227072108449437,1.3,1.3,1.3,1.3,1.3,1.3,1.3,1.3,1.3,1.3,1.3,1.3,1.3471294307578545,1.4,1.4,1.4,1.4,1.4,1.4,1.4,1.4,1.4,1.4,1.4,1.4,1.4,1.4,1.4,1.4,1.4863657473303136,1.5,1.5,1.5,1.5,1.5,1.5,1.5,1.5,1.5,1.5,1.5,1.5,1.5,1.5,1.5,1.6,1.6,1.6,1.6,1.6,1.6,1.7,1.7,1.7,1.7,1.7,1.7,1.7,1.7,1.7,1.7,1.7406715341422512,1.8,1.8,1.8,1.8,1.8,1.8,1.8465762418859981,1.9,1.9,1.9,1.9,1.9,2.0,2.0,2.0,2.0,2.0,2.0,2.0,2.0,2.0,2.0,2.0,2.0,2.069487052929304,2.1406880822512337,2.2,2.2,2.2,2.2,2.3,2.3,2.3,2.5,2.5,2.6,2.6,2.7,2.8,2.9,3.1,3.3557457659121726,3.8005453349526306
0.6,0.6885084681756567,1.1,1.6,1.6,1.7,1.7,1.7003631305241729,1.8,1.8,1.8,1.8,1.9,1.9,1.9,2.0,2.0,2.0,2.0,2.0997417543889867,2.1,2.132717428414268,2.2,2.2,2.2,2.2,2.2,2.2,2.2,2.2,2.2,2.2,2.2,2.2,2.2,2.2,2.2,2.2,2.2,2.2,2.2,2.2757947415640416,2.317922626012691,2.4,2.4,2.4,2.4,2.4,2.4,2.4,2.5,2.5,2.5,2.5,2.5,2.5,2.5415378870321605,2.6,2.6,2.6,2.6,2.6,2.635730053136092,2.7,2.7,2.7,2.7,2.7,2.7,2.7,2.7,2.7,2.7,2.7,2.7,2.7,2.7,2.7,2.7,2.7,2.7,2.7,2.7,2.7,2.7,2.7,2.7,2.7,2.7,2.7,2.7,2.7,2.7,2.7,2.7,2.8,2.8,2.8,2.8,2.8,2.8,2.8745514221892505,2.9,2.9,2.9,2.9,2.9,2.9,2.9,2.9,2.9,2.9,2.9,2.9,3.0,3.0,3.0,3.0,3.0,3.026303351929255,3.1,3.1,3.1,3.2,3.2,3.2,3.2,3.3,3.3,3.3,3.325893173330689,3.4,3.4835834762872877,3.5,3.5,3.5,3.6,3.6,3.6,3.6,3.6,3.6,3.6,3.6,3.6,3.6,3.6,3.7,3.7,3.7,3.7,3.8,3.8,3.8,3.8,3.8,3.8999641242801375,3.9,3.9,4.0,4.0,4.2,4.2,4.2,4.2,4.2,4.283063754550358,4.4,4.4,4.4,4.543198843880208,4.6,4.7,4.7,4.7,4.7,4.7,4.8,4.803343888618275,4.9,4.9,5.0,5.0,5.0,5.0,5.179037216079815,5.4,5.4,5.4,5.4,5.4,5.4,5.4,5.8989106084274745,5.9,5.9,5.982121732823714,6.371362657173825,6.4,6.4,6.601636004857891
0.4,0.6,0.6,0.6,0.6,0.6797923922871657,0.8,0.8,0.8,0.8,0.8928667015533229,0.9824747633424777,1.1,1.2,1.2,1.2104813919600963,1.3,1.3,1.3,1.3,1.3,1.3,1.3,1.4,1.4,1.4,1.4372862721435709,1.5,1.5,1.5,1.5,1.5,1.5,1.5,1.5,1.5,1.6,1.6,1.6,1.6,1.6,1.6,1.6,1.6,1.6,1.6,1.6,1.6,1.6,1.6,1.6,1.6,1.6,1.6,1.6,1.6,1.6,1.6,1.6,1.6,1.6,1.6,1.6,1.6,1.6,1.6,1.6,1.6,1.6,1.6,1.6,1.6,1.7,1.7,1.7,1.7,1.7,1.7,1.7,1.7,1.7,1.7,1.7,1.7,1.7,1.7,1.7,1.7,1.7,1.7780507617360144,1.8,1.8,1.8,1.8,1.8,1.8,1.8,1.8,1.8,1.9,1.9,1.9,1.9,1.9,1.9,1.9729278915505744,2.0,2.0,2.0,2.0,2.0,2.0,2.0,2.0,2.0,2.0,2.0,2.0,2.0,2.0,2.0,2.0788841473321953,2.1,2.1,2.1,2.1,2.1,2.1,2.1693198771606093,2.2,2.2,2.2,2.2,2.2,2.2,2.2,2.2,2.2,2.2,2.2,2.2,2.2,2.2,2.2,2.2,2.2,2.2,2.2,2.2,2.2,2.2,2.2,2.2,2.3,2.3,2.3,2.3,2.3,2.3820773739873062,2.4,2.4,2.4,2.4,2.4,2.5,2.5,2.5,2.5,2.6,2.6,2.6,2.6,2.6,2.6,2.6,2.7,2.7,2.7,2.7,2.7,2.7,2.8,2.8,2.8,2.8,2.889518608039907,2.9,2.9,2.9,2.917525236657525,3.1,3.1,3.1,3.2996368694758242,3.3,3.4,3.541060866411857,3.7,4.0,5.4,5.405453349526306
0.19945466504737464,0.5,0.5854855139391493,0.6,0.6,0.6,0.6,0.6,0.7,0.7,0.8,0.8,0.8,0.8,0.8,0.8,0.8,0.8,0.8,0.8,0.8,0.8,0.8,0.8,0.8,0.8792566055146068,0.9,0.9,0.9,1.0,1.0,1.0,1.0,1.1,1.1,1.1,1.1,1.1,1.2,1.2,1.2,1.2,1.2,1.2,1.2,1.3,1.3,1.3,1.3,1.3,1.3,1.3,1.3,1.3,1.3,1.3,1.3,1.3,1.3,1.3,1.3,1.3,1.3,1.3,1.3,1.3,1.3,1.3,1.3,1.3,1.3,1.3,1.3,1.3,1.3,1.3,1.3,1.3,1.3,1.3,1.3,1.3,1.3,1.3,1.3,1.3,1.3,1.3,1.3,1.3,1.3,1.3280109262911055,1.4,1.4,1.4023925098791608,1.5,1.5,1.5,1.5,1.5,1.5,1.5,1.6,1.6,1.6,1.6,1.6,1.6,1.6,1.6,1.6,1.6,1.6,1.6,1.6,1.6,1.6,1.6,1.6,1.6,1.6,1.6,1.6,1.6,1.6,1.6,1.6,1.6,1.6,1.6,1.6,1.6,1.6,1.6,1.6424803955893423,1.7,1.7,1.7,1.7,1.7,1.7,1.7,1.7,1.7250366911163781,1.8,1.8,1.8,1.8,1.8,1.9,1.9,1.9,1.9,1.9,2.0,2.0,2.0,2.0,2.0,2.0,2.0,2.1,2.1,2.1,2.1,2.1,2.1,2.1,2.1,2.1,2.1,2.1,2.2,2.2,2.2,2.2,2.2,2.2,2.2,2.2,2.3,2.300258245611019,2.4,2.4,2.5,2.5,2.5,2.5,2.5,2.5,2.6,2.6,2.6,2.6,2.706829935472439,2.8,2.8,3.071362657173825,3.714514486060847,3.8,4.507634689336828
1.1,1.2,1.4564565418174478,1.6,1.6,1.6797923922871658,1.7931700645275617,1.8,1.9,2.0996092814346325,2.2,2.282474763342478,2.4,2.4,2.4,2.4,2.4,2.459311917748766,2.6610258941414044,2.8,2.8,2.9,2.9,2.9,2.9,2.9,2.9,2.9,2.9,2.9,2.9,2.9087816885598867,3.0,3.1,3.1,3.3,3.3534237581140016,3.4,3.4,3.4,3.4329201988926883,3.5,3.5,3.5,3.5,3.5,3.5,3.5,3.5,3.593861234331038,3.6,3.6,3.6,3.6,3.6,3.6,3.6,3.6,3.6,3.6,3.6,3.6,3.6,3.6,3.6,3.6275897391896876,3.857519604410663,3.9,3.9,3.9,3.9,3.9,3.9,3.9,3.9,3.9,3.940819158515501,4.0,4.1,4.2,4.2,4.2,4.2,4.2,4.2,4.2,4.2,4.2,4.2,4.2,4.2,4.2,4.2,4.2,4.2,4.227072108449437,4.3,4.3,4.3,4.3,4.3,4.3,4.3,4.3,4.3,4.3,4.39760749012084,4.4,4.4,4.4,4.4,4.4,4.4,4.4,4.4,4.4,4.4,4.4,4.4,4.4,4.4,4.4,4.4,4.4,4.4,4.4,4.4,4.4,4.4693198771606095,4.597472376674125,4.6,4.6,4.6,4.6,4.6,4.6,4.7,4.7,4.7,4.795621510063716,4.8,4.8,4.8,4.8,4.85846211296784,4.9,5.0,5.0,5.0,5.0,5.0,5.0,5.0,5.0,5.2,5.2,5.4,5.481343068284502,5.6,5.6,5.667079801107315,5.9,5.9,5.9,5.9,5.9,6.3,6.3,6.3,6.3,6.3,6.4,6.6,6.6,6.6,6.6,6.6,6.6,6.9,6.9,6.9,7.000258245611019,8.03384463515165,8.4,8.4,8.4,8.4,8.4,8.4,8.4,8.428533193786711,8.8,8.8,8.8,8.8,8.8,8.8,8.8,8.8,9.968093244341294,11.0
0.898363995142124,1.1,1.2,1.5,1.5,1.5,1.5,1.7,1.7,1.7,1.8,1.8,1.9,1.9520555588893196,2.0,2.0,2.1,2.2,2.2,2.2,2.2,2.2,2.2,2.259009029819025,2.4,2.4,2.4,2.4,2.4,2.40741715956014,2.6,2.6175633771197737,2.8,2.8,2.9,2.9,2.9,2.9,2.9,2.9,2.9,2.9,2.9,2.9,2.9,2.9,2.9,2.9,2.9,2.9,2.9,2.9,2.9,2.9,2.9,2.9,2.9,2.9749633088836163,3.0,3.0,3.0,3.1,3.1,3.1,3.1,3.1,3.1575196044106635,3.2,3.3,3.3,3.3,3.3,3.3306801228393907,3.4,3.4,3.4,3.4,3.4,3.4,3.4,3.4,3.4,3.4,3.4,3.4,3.4,3.4,3.4277108492161203,3.5,3.5,3.5,3.5,3.5,3.5,3.5,3.5,3.5,3.5,3.5,3.5,3.5,3.5,3.5,3.5,3.5,3.5,3.5,3.5,3.5,3.5,3.5,3.6,3.6,3.6,3.6,3.6,3.6,3.6,3.6,3.6,3.6,3.6,3.6,3.6,3.6,3.6,3.6,3.6,3.6,3.6,3.6,3.6,3.6,3.6,3.6,3.6,3.6,3.6,3.664269946863908,3.7,3.7,3.7,3.7,3.725036691116378,3.8,3.8,3.8,3.8,3.8,3.8,3.9,3.9,3.9,4.0,4.1,4.2,4.2,4.2,4.2,4.2,4.2,4.2,4.2,4.2,4.2,4.2,4.2,4.2,4.3,4.3,4.3,4.3,4.3,4.3,4.4,4.4,4.4,4.4,4.4,4.4,4.4,4.4,4.4,4.6,4.6,4.6,4.667445006307696,4.8,5.0,5.070100946630101,5.6,5.9,5.9,5.9,6.3,6.3,6.3,6.542725314347649,6.8,8.711491531824345,8.80818002428946
1.1,1.1,1.2,1.3,1.3,1.3,1.3,1.300363130524173,1.4,1.4,1.4,1.4,1.5,1.5,1.5,1.5,1.5860145100745635,1.6,1.6,1.6,1.6,1.6,1.6,1.6,1.6,1.6,1.6,1.6,1.7,1.7,1.7,1.7,1.7,1.7,1.7,1.7,1.7,1.7,1.8,1.8,1.8,1.8,1.8,1.8,1.8,1.8,1.8,1.8,1.8,1.8,1.8,1.8,1.9,1.9,1.9,1.9,1.9,1.9,1.9,1.9,1.9,1.9,1.9,1.9,1.9,2.0,2.0,2.0,2.0,2.0,2.074106826669302,2.1,2.1,2.1,2.1,2.1,2.1,2.1,2.1,2.2,2.2,2.2,2.2,2.2,2.2,2.2,2.2,2.2,2.2,2.2,2.2,2.2,2.2,2.277661541373567,2.3,2.3,2.3,2.3,2.3,2.3,2.3,2.3745514221892505,2.4,2.4,2.4,2.4729278915505746,2.5,2.5,2.5,2.5719890737088917,2.6,2.6,2.6,2.6,2.6,2.6,2.6,2.6,2.6002692641843907,2.7,2.7,2.7,2.7,2.7,2.7,2.8,2.8,2.8,2.8,2.8,2.8,2.8,2.8,2.8128753795290433,2.9,2.9,2.9,2.9,2.9,2.9,2.9,2.9,2.9,2.9,2.9,2.9,2.926701204161429,3.0,3.0,3.0,3.0,3.0,3.0,3.0,3.1,3.1,3.1,3.1,3.1820773739873065,3.2,3.2,3.2,3.2,3.2,3.3,3.3,3.3,3.3,3.3,3.3,3.3,3.3,3.4,3.4,3.4,3.4,3.4,3.4,3.403343888618275,3.5,3.5,3.5,3.5,3.5,3.5,3.5,3.6,3.6479444411106843,3.7,3.7,3.7,3.8,3.8,3.8,4.006829935472439,4.120207607712836,4.2,4.2,4.414514486060847,4.7,6.601090669905261
0.6,0.8,0.9,0.9,0.9,1.0,1.0,1.1,1.1,1.1,1.1,1.2,1.2,1.2,1.2,1.2,1.2,1.2,1.2,1.2,1.2,1.3,1.3,1.3,1.3,1.3,1.3,1.3,1.3,1.3,1.3,1.3,1.3,1.3,1.3,1.3,1.3,1.3,1.3,1.3,1.3,1.3,1.3,1.3,1.3,1.3,1.3,1.4,1.4,1.4,1.4,1.4,1.4,1.4,1.4732987958385677,1.5,1.5,1.5,1.5,1.5,1.5,1.5,1.5,1.5,1.5,1.5275897391896878,1.6,1.6,1.6,1.6,1.6,1.6,1.6,1.6,1.6,1.6,1.6,1.6,1.6,1.6,1.6,1.6,1.6,1.6,1.6,1.6,1.6,1.6,1.6,1.6,1.6,1.6,1.6,1.6,1.6,1.6,1.6,1.6,1.7,1.7,1.7,1.7,1.7,1.7,1.7,1.7,1.7,1.7,1.7,1.7,1.7,1.7,1.7,1.7,1.7,1.7,1.7,1.7,1.7,1.7,1.7525051507703893,1.8,1.8,1.8,1.8,1.8,1.8,1.8,1.8,1.8,1.8,1.8,1.9,1.9,1.9,1.9,1.9,1.9,1.9,1.9,1.9,1.9,1.9,1.9,1.9,1.9,2.0,2.0,2.0,2.0,2.0,2.0,2.0,2.0,2.0,2.0,2.0,2.0,2.0820773739873064,2.1,2.1,2.1,2.1,2.1,2.1,2.1,2.1,2.1,2.1,2.1,2.1,2.1,2.1,2.1,2.1,2.1,2.1,2.1,2.1,2.1,2.2,2.2,2.2,2.2,2.2,2.2,2.267445006307696,2.3,2.3,2.4,2.4,2.4,2.4977167337233994,2.5,2.606829935472439,2.8,2.8,2.9,3.014514486060847,3.3,4.305998684478936
0.6,0.8,0.8854855139391493,0.9,1.0,1.0797923922871657,1.1,1.1,1.1,1.1,1.2,1.2,1.2,1.2,1.2,1.2,1.2,1.2,1.2,1.3,1.3,1.3,1.3,1.3,1.3,1.3,1.3,1.3,1.3,1.3,1.3,1.3,1.3,1.3,1.3,1.3,1.3,1.3,1.3,1.3,1.3,1.3,1.3,1.3,1.4,1.4,1.4,1.4,1.4,1.4,1.4,1.4,1.4,1.4,1.4,1.5,1.5,1.5,1.5,1.5,1.5,1.5,1.5,1.5,1.5,1.5,1.5,1.5,1.5,1.5,1.5,1.5,1.5,1.6,1.6,1.6,1.6,1.6,1.6,1.6,1.6,1.6,1.6,1.6,1.6,1.6,1.6,1.6,1.6,1.6,1.6,1.6,1.6,1.6,1.6,1.6,1.6,1.6,1.6,1.6,1.6,1.6,1.6,1.6,1.6,1.6,1.6,1.6,1.6,1.6,1.7,1.7,1.7,1.7,1.7,1.7,1.7,1.7,1.7,1.7,1.7,1.7,1.7,1.7322122237478141,1.8,1.8,1.8,1.8,1.8,1.8,1.8,1.8,1.8,1.9,1.9,1.9,1.9,1.9,1.9,1.9,1.9,1.9,1.9,1.9,1.9,1.9,1.9,1.961545727139935,2.0,2.0,2.0,2.0,2.0,2.0,2.0,2.0,2.0,2.0,2.0820773739873064,2.1,2.1,2.1,2.1,2.1,2.1,2.1,2.1,2.1,2.1,2.1,2.1,2.1,2.1,2.1,2.1,2.1,2.1,2.1,2.1,2.167282571585736,2.2,2.2,2.2,2.2,2.3,2.3,2.367445006307696,2.4,2.4,2.4,2.5,2.5,2.5,2.6,2.606829935472439,2.8,2.8,2.8713626571738247,2.9,3.5336186488682584,4.305998684478936
0.6994546650473746,0.8221271170439142,0.9,0.9286373428261779,1.0,1.0,1.1,1.1,1.1,1.1,1.2,1.2,1.2,1.2,1.2,1.2,1.2,1.2,1.2305129470707024,1.3,1.3,1.3,1.3,1.3,1.3,1.3,1.3,1.3,1.3,1.3,1.3,1.3,1.3,1.3,1.3,1.3,1.3,1.3,1.3,1.3,1.3,1.3,1.3,1.3,1.3000358757198556,1.4,1.4,1.4,1.4,1.4,1.4,1.4,1.4,1.438454272860062,1.5,1.5,1.5,1.5,1.5,1.5,1.5,1.5,1.5,1.5,1.5,1.5,1.5,1.5,1.5,1.5,1.5741068266693021,1.6,1.6,1.6,1.6,1.6,1.6,1.6,1.6,1.6,1.6,1.6,1.6,1.6,1.6,1.6,1.6,1.6,1.6,1.6,1.6,1.6,1.6,1.6,1.6,1.6,1.6,1.6,1.7,1.7,1.7,1.7,1.7,1.7,1.7,1.7,1.7,1.7,1.7,1.7,1.7,1.7,1.7,1.7,1.7,1.7,1.7,1.7,1.8,1.8,1.8,1.8,1.8,1.8,1.8,1.8,1.813777036454178,1.9,1.9,1.9,1.9,1.9,1.9,1.9,1.9,1.9,1.9,1.9,1.9,1.9,1.9,1.959500077641303,2.0,2.0,2.0,2.0,2.0,2.0,2.0,2.0,2.0,2.0,2.0,2.0,2.0,2.1,2.1,2.1,2.1,2.1,2.1,2.1,2.1,2.1,2.1,2.1,2.1,2.1,2.1,2.1,2.1,2.1,2.1,2.1,2.1,2.2,2.2,2.2,2.2,2.2,2.3,2.3,2.3,2.3406880822512335,2.4,2.4,2.4,2.4,2.5,2.5,2.6,2.6003907185653645,2.7977167337233992,2.8,2.8,2.9,2.9,3.071362657173825,3.3,3.377872882956086,4.300545334952631
0.6,0.6,0.7,0.9,1.0,1.0,1.1,1.1,1.1,1.1996092814346326,1.3,1.3,1.3,1.3,1.4,1.4,1.4,1.5,1.6,1.6,1.6,1.6,1.6,1.6,1.6,1.7,1.7,1.7,1.8,1.8,1.8,1.8,1.8,1.809575860441376,1.9,1.9,1.9,1.9,1.9,1.9892733098756081,2.0,2.0,2.0,2.0,2.0,2.1,2.1,2.1,2.1,2.1,2.2,2.2,2.2,2.2,2.2,2.2,2.2,2.2,2.3,2.3,2.3,2.4,2.4,2.4,2.4,2.4,2.4,2.5,2.5,2.5,2.5,2.5,2.6,2.6,2.6,2.6,2.6,2.6,2.6,2.6,2.6,2.6,2.6997307358156037,2.7,2.7,2.7,2.7,2.7277108492161206,2.8,2.8,2.8,2.8,2.8,2.8,2.8,2.8,2.8,2.8,2.8,2.8,2.8,2.9,2.9,2.9,3.1,3.1,3.1,3.1,3.147129430757855,3.2,3.296926093147823,3.3,3.3,3.3,3.3,3.3,3.3,3.3,3.3,3.3,3.3,3.3,3.3,3.3,3.3591808414844935,3.4,3.413777036454178,3.5,3.5,3.5,3.5,3.5,3.5,3.5,3.5,3.5,3.5,3.5,3.5,3.5,3.6,3.6,3.6,3.6,3.6,3.6,3.7,3.7,3.8,3.8,3.8,3.9,4.1,4.1,4.1,4.1,4.2,4.2,4.2,4.2,4.2,4.2,4.2,4.3,4.3,4.3,4.3,4.5,4.5,4.5,4.5,4.5,4.5,4.5,4.5,4.5,4.5,4.5,4.503343888618275,4.6,4.6,4.6,4.669487052929304,4.7,4.7,4.7,4.7,4.7,4.7,4.7,4.7,4.7,4.7,4.899273738951649,5.2,5.2,5.7,5.7,5.7,5.9,5.902726674763153
0.6,0.9,1.0854855139391493,1.1,1.1,1.3,1.3,1.300363130524173,1.4,1.4,1.5928667015533229,1.6,1.6,1.7,1.7,1.7,1.7860145100745635,1.8,1.8,1.8,1.8671097311820504,1.9,2.0,2.0,2.0,2.0,2.0,2.094001543934421,2.1,2.1,2.1,2.108781688559887,2.2,2.2,2.2,2.2,2.2,2.2,2.3,2.3,2.332920198892688,2.4,2.4,2.459328465857746,2.5,2.5,2.579445275352288,2.6,2.6,2.6,2.6,2.6,2.7,2.7,2.7,2.8,2.8,2.8,2.8,2.8,2.8,2.8,2.8,2.8,2.8,2.8275897391896874,2.9,2.9,3.1,3.1,3.1,3.1,3.2,3.2,3.2,3.3,3.3,3.3,3.3,3.3,3.3,3.3,3.3,3.3,3.3,3.3,3.3,3.3,3.3,3.3,3.4,3.4,3.4,3.4,3.5,3.5,3.5,3.5,3.5,3.5,3.5,3.5,3.5,3.5,3.5,3.5,3.5,3.5,3.5,3.5,3.5,3.5,3.6,3.6,3.6,3.6,3.6,3.6,3.6,3.6,3.6,3.6,3.6,3.6,3.6,3.6,3.7,3.7,3.7,3.7,3.8,3.8,3.8,3.8128753795290433,3.9,4.044820521620636,4.1,4.1,4.1,4.1,4.1,4.159500077641303,4.2,4.2,4.2,4.2,4.2,4.2,4.2,4.2,4.2,4.3,4.3,4.3,4.3,4.4198649200950175,4.5,4.5,4.5,4.5,4.5,4.5,4.5,4.5,4.5,4.5,4.5,4.5,4.5,4.5,4.5,4.5,4.5,4.6,4.6,4.6,4.6,4.640990970180973,4.7,4.7,4.7,4.7,4.7,4.7,4.7,4.7,4.7,4.7,4.7,4.9,5.2,5.2,5.697716733723399,5.7,5.7,5.7,5.7,5.9,5.9,6.4,6.8
0.6,0.6221271170439141,0.7,0.9,0.9589391335881382,1.0,1.0,1.000363130524173,1.1,1.1,1.1,1.1,1.3,1.3,1.3,1.3,1.3,1.4,1.4,1.4,1.5,1.5,1.5,1.6,1.6,1.6,1.6,1.6,1.6,1.6,1.6,1.6,1.7,1.7,1.7584681227248211,1.8,1.8,1.8,1.8,1.8,1.8,1.8,1.817922626012691,1.9,1.9,1.9,1.9,1.9,1.9,1.9,2.0,2.0,2.0,2.0,2.0,2.0,2.0,2.0,2.1,2.1,2.1,2.1,2.1,2.2,2.2,2.2,2.2,2.2,2.2,2.3,2.3,2.3,2.3,2.4,2.4,2.4,2.440819158515501,2.5,2.5,2.5,2.5,2.5736966480707366,2.6,2.6,2.6,2.6,2.6,2.6,2.6,2.6,2.6,2.6,2.7,2.7,2.7,2.7,2.7,2.7,2.7,2.7,2.7,2.8,2.8,2.8,2.8,2.8,2.8,2.8,2.8,2.8,2.8,2.8,2.8,2.8,2.9,2.9,2.9,3.0,3.0,3.0,3.1,3.1,3.1,3.2,3.2,3.2,3.2,3.2,3.3,3.3,3.3,3.3,3.3,3.3,3.3,3.3,3.3,3.3,3.3,3.3,3.3,3.3,3.3,3.3,3.3,3.4,3.4,3.4,3.4968948881851647,3.5,3.5,3.5,3.5,3.5,3.5,3.5,3.5,3.5,3.5,3.5,3.5,3.5,3.6,3.6,3.6,3.6,3.6,3.6,3.6,3.6,3.7,3.7,3.8,3.8,3.8,3.8207433944853904,4.1,4.1,4.2,4.2,4.232890268817949,4.3,4.3,4.5,4.5,4.5,4.5,4.5,4.5,4.6,4.6,4.6003907185653645,4.7,4.7,4.7,4.7,4.9,5.2,5.7,5.9,6.8
0.5978186601894985,0.7,0.7854855139391493,1.028637342826178,1.1,1.1,1.1,1.2,1.3022832662765964,1.4,1.4928667015533228,1.5824747633424778,1.6,1.6,1.6651099873846036,1.8,1.8,1.8,1.9,1.9,1.9,2.0,2.0,2.1,2.1,2.1,2.137286272143571,2.2,2.2,2.2,2.2568011561197947,2.4,2.4,2.4,2.4584681227248213,2.5,2.5,2.5,2.5,2.589273309875608,2.6,2.6,2.6,2.6,2.7,2.7,2.8,2.8,2.8,2.8,2.8,2.8,2.803105111814835,2.9,2.9,3.1,3.1,3.1749633088836164,3.2,3.2,3.2,3.2,3.2,3.3,3.3,3.3,3.3,3.3,3.3,3.3,3.3,3.3,3.4,3.5,3.5,3.5,3.5,3.5,3.6,3.6,3.6,3.6,3.7,3.8,3.8,3.8,3.9047526382777105,4.1,4.1,4.1,4.1,4.2,4.2,4.2,4.2,4.2,4.2,4.2,4.2,4.2,4.25,4.3,4.3,4.3,4.3,4.3,4.3,4.3,4.3,4.3,4.3,4.3,4.3,4.3,4.3,4.3,4.3,4.3,4.3,4.3,4.3,4.3,4.3,4.3,4.3,4.3,4.3,4.382849897460482,4.5,4.5,4.5,4.5,4.5,4.5,4.5,4.5,4.5,4.5,4.5,4.5,4.5,4.5,4.5,4.5,4.5,4.5,4.5,4.5,4.5,4.5,4.5,4.5,4.5,4.5,4.5,4.5,4.5,4.5,4.5,4.5,4.5,4.5,4.5,4.5,4.5,4.5,4.6,4.6,4.6,4.6,4.6,4.6,4.6,4.605998456065578,4.7,4.7,4.7,4.7,4.7,4.7,4.7,4.7,4.7,4.7,4.7,4.7,4.7,4.7,4.7,4.7,4.7,4.7,4.7,4.7,4.806829935472439,4.9,5.2,5.2,5.6,5.8557457659121726,6.602726674763153
0.6,0.8,0.9,1.0,1.1,1.1,1.2,1.300363130524173,1.5,1.5,1.5928667015533229,1.6,1.6,1.7520555588893196,1.8,1.8104813919600964,1.9,1.9,1.9,1.9,1.9,2.0,2.0,2.0,2.1,2.1,2.1,2.194001543934421,2.2,2.2,2.2,2.3,2.3,2.3,2.4,2.4,2.4,2.499553860249409,2.5,2.5,2.5,2.5,2.5,2.6,2.6,2.6,2.7,2.7,2.7,2.7,2.7308259810188757,2.8,2.8,2.8,2.8,2.8,2.8,2.8,2.9,2.9,3.0,3.1,3.2,3.2,3.2,3.2,3.2,3.2,3.2,3.2454068260374243,3.3,3.3,3.3,3.3,3.3,3.3,3.3,3.3,3.4,3.421115852667802,3.5,3.5,3.5,3.5,3.5,3.5769201272425164,3.6,3.6,3.6,3.6,3.7,3.8,3.8,4.055323082747133,4.1,4.1,4.1,4.1,4.100888621543728,4.2,4.2,4.2,4.2,4.2,4.2,4.2,4.2,4.222338458626433,4.3,4.3,4.3,4.3,4.3,4.3,4.3,4.3,4.3,4.3,4.3,4.3,4.3,4.3,4.3,4.3,4.3,4.3,4.3,4.3,4.3,4.3,4.3,4.3,4.3,4.3,4.3,4.5,4.5,4.5,4.5,4.5,4.5,4.5,4.5,4.5,4.5,4.5,4.5,4.5,4.5,4.5,4.5,4.5,4.5,4.5,4.5,4.5,4.5,4.5,4.5,4.5,4.5,4.5,4.5,4.5,4.5,4.5,4.5,4.5,4.5,4.5,4.5,4.5,4.5,4.5,4.5,4.5,4.5,4.5,4.5,4.5,4.6,4.6,4.6,4.6,4.6,4.6,4.6,4.7,4.7,4.7,4.7,4.7,4.7,4.7,4.7,4.9,5.2,5.2,5.729028972121694,6.755745765912172,7.107089354384197
0.19945466504737464,0.7,0.7,0.7,0.7,0.7,0.8,0.8,0.8022832662765964,0.9,0.9,0.9,0.9,0.9,0.9325549936923018,1.0,1.0,1.0,1.0,1.1,1.1,1.1,1.1,1.1,1.1198524657127764,1.2,1.2,1.2,1.3,1.30370857978007,1.4,1.4087816885598867,1.5,1.5,1.5,1.5,1.5,1.5,1.5,1.5,1.5329201988926884,1.6,1.6,1.6,1.6,1.6,1.6794452753522875,1.7,1.7563222283256663,1.8,1.8,1.8,1.8,1.8,1.8,1.8,1.8415378870321604,1.9,1.9,1.9,1.9,1.9,2.0,2.0,2.0,2.0,2.0,2.0,2.0,2.0,2.0,2.0,2.0,2.0,2.0,2.0136342526696893,2.1,2.1,2.1,2.1,2.147494849229611,2.2,2.2,2.2,2.2,2.2,2.2,2.2,2.2,2.2,2.2,2.2,2.2,2.2,2.2,2.2,2.2,2.2,2.2,2.2,2.2,2.2,2.2,2.2,2.2,2.2,2.2,2.3,2.3,2.3,2.3,2.3,2.3,2.3,2.3,2.3,2.3,2.3,2.3,2.326303351929255,2.4,2.4,2.4,2.4,2.4,2.4,2.4,2.4,2.469319877160609,2.5,2.5,2.5,2.5,2.5,2.5,2.5,2.5,2.5,2.6,2.6,2.7,2.7,2.7,2.7,2.7,2.8,2.8,2.8,2.8,2.8,2.8,2.9,2.9,2.9,2.920554724647712,3.1,3.1,3.2,3.2,3.2,3.2,3.2,3.2,3.2,3.2,3.2,3.3,3.3,3.3,3.3,3.3,3.3,3.35054171839335,3.4,3.4,3.4,3.4,3.5,3.5,3.5,3.5,3.5,3.5,3.5,3.6,3.6895186080399074,3.7,3.7,3.7,3.7175252366575253,4.1,4.2,4.2,4.2,4.3,4.3,4.3,4.4427253143476495,4.5,4.655745765912172,6.601090669905261
0.19945466504737464,0.5,0.5,0.5,0.5,0.5,0.5,0.6,0.6,0.6,0.7,0.7,0.7,0.7,0.7,0.7,0.7,0.7,0.8,0.8,0.8,0.8,0.8,0.8,0.8,0.8,0.9,0.9,0.9,0.9,0.9,0.9,0.9,0.9,1.0,1.0,1.0,1.0,1.0,1.0,1.1,1.1,1.1,1.1,1.1,1.1,1.1,1.1,1.1,1.1,1.1,1.1,1.2,1.2,1.2,1.2,1.2,1.2,1.2,1.2,1.2,1.2,1.2,1.2,1.2,1.2,1.2,1.2,1.2,1.2454068260374243,1.3,1.3,1.3,1.3,1.3,1.3,1.3,1.3,1.3,1.3,1.3,1.3,1.3,1.3,1.3,1.3,1.3,1.3,1.3,1.3,1.3030739068521826,1.4,1.4,1.4,1.4,1.4,1.4,1.4,1.4,1.4,1.4,1.4,1.4,1.4,1.4,1.4,1.4,1.4,1.4,1.4,1.4,1.5,1.5,1.5,1.5,1.5,1.5,1.5,1.5,1.5,1.5,1.6,1.6,1.6,1.6,1.6,1.6,1.6,1.6,1.6974723766741249,1.7,1.7,1.7,1.7,1.7,1.7,1.7,1.7,1.7,1.7,1.7,1.7,1.7,1.7,1.7,1.7,1.8,1.8,1.8,1.832765281195782,1.9,1.9,1.9,1.9,1.9,1.9,1.9,1.9406715341422511,2.0,2.0,2.0,2.0,2.0,2.0,2.0,2.0,2.0,2.0,2.0,2.0,2.0,2.0,2.0,2.0059984560655777,2.1,2.1,2.1,2.1,2.2,2.2,2.2,2.2,2.2,2.2,2.2,2.2,2.3,2.3,2.3312240387354506,2.4,2.5,2.6,2.6,2.7,2.8,2.8,2.9,3.0,3.114514486060847,3.477872882956086,4.1
0.19945466504737464,0.2,0.3,0.3,0.3,0.3,0.3,0.4,0.4,0.4,0.4,0.4,0.4,0.4,0.4325549936923018,0.5,0.5,0.5,0.5,0.5,0.5,0.5,0.5,0.5,0.5,0.5,0.5,0.5,0.5,0.5,0.5,0.5,0.5,0.5,0.6,0.6,0.6,0.6,0.6,0.6,0.6,0.6,0.6,0.6,0.6000358757198555,0.7,0.7,0.7,0.7,0.7,0.7,0.7,0.7,0.7,0.7,0.7,0.7,0.7,0.7,0.7,0.8,0.8,0.8,0.8,0.8,0.8,0.8,0.8,0.8,0.8,0.8,0.8,0.8,0.8,0.8,0.8,0.8,0.8,0.8,0.8,0.8,0.8,0.8,0.9,0.9,0.9,0.9,0.9,0.9,0.9,0.9,0.9,0.9,0.977661541373567,1.0,1.0,1.0,1.0,1.0,1.0,1.0,1.0,1.0,1.1,1.1,1.1,1.1,1.1,1.1,1.1,1.1,1.1,1.1,1.1,1.1,1.1,1.1,1.2,1.2,1.2,1.2,1.2,1.2,1.2,1.2,1.2,1.2,1.2,1.2,1.2,1.2,1.2,1.2,1.2,1.2,1.2,1.2,1.2,1.264269946863908,1.3,1.3,1.3,1.3,1.3,1.3,1.3,1.3,1.3,1.3,1.3,1.3,1.3,1.3,1.3,1.3,1.3,1.3,1.3406715341422513,1.4,1.4,1.4,1.4,1.4,1.4,1.4,1.4,1.4,1.4,1.4,1.4,1.4,1.4962914202199329,1.5,1.5,1.5,1.5,1.5,1.6,1.6,1.6,1.6,1.7,1.7,1.7,1.7,1.7,1.767445006307696,1.8,1.9,1.9,1.9,2.0,2.0,2.0,2.0,2.2,2.2,2.3,2.614514486060847,2.7,3.5005453349526308
0.19945466504737464,0.2,0.2,0.2,0.2,0.2,0.3,0.3,0.3,0.3,0.3,0.3,0.3,0.3,0.3,0.3,0.3,0.3,0.3,0.3,0.3,0.3327174284142679,0.4,0.4,0.4,0.4,0.4,0.4,0.4,0.4,0.4,0.4,0.4,0.4,0.4,0.4,0.4,0.4,0.4,0.4,0.5,0.5,0.5,0.5,0.5,0.5,0.5,0.5,0.5,0.5,0.5,0.5,0.5,0.5,0.5,0.5,0.5,0.5,0.5,0.5,0.5,0.5,0.5,0.5,0.5,0.5,0.5,0.5,0.5,0.5,0.5,0.5,0.5,0.5,0.5,0.5,0.5,0.5,0.5,0.5211158526678019,0.6,0.6,0.6,0.6,0.6,0.6,0.6,0.6,0.6,0.6,0.6,0.6,0.6,0.6,0.6,0.6,0.6,0.676311592408004,0.7,0.7,0.7,0.7,0.7,0.7,0.7,0.7,0.7,0.7,0.7,0.7,0.7,0.7,0.7,0.7,0.8,0.8,0.8,0.8,0.8,0.8,0.8,0.8,0.8,0.8,0.8,0.8,0.8,0.8,0.8,0.8,0.8,0.8,0.8,0.8,0.8,0.8,0.8,0.8,0.8,0.8,0.8,0.8,0.9,0.9,0.9,0.9,0.9,0.9,0.9,0.9,0.9,1.0,1.0,1.0,1.0,1.0,1.0,1.0,1.0,1.0,1.0,1.0,1.1,1.1,1.1,1.1,1.1,1.1,1.1,1.1,1.143198843880208,1.2,1.2,1.2,1.2,1.2,1.2,1.2,1.2,1.2,1.2328902688179482,1.3,1.3,1.3,1.3,1.3,1.3,1.3,1.3,1.3,1.4,1.4,1.4,1.4,1.4,1.5,1.5,1.6,1.7,1.7778728829560861,2.0
0.5989093300947492,0.7,1.1709710278782985,1.3,1.3,1.5,1.5,1.5,1.6,1.6,1.7,1.7,1.8,1.8,1.8325549936923018,1.9,1.9860145100745634,2.1,2.1305129470707023,2.2,2.2,2.3327174284142678,2.5,2.5,2.6,2.6,2.6,2.6,2.6,2.6,2.6,2.6,2.6,2.6,2.6,2.6,2.6,2.6,2.6,2.6,2.6,2.6,2.617922626012691,2.8,2.8,2.8,2.8,2.8,2.8,2.8,2.9,2.9,3.0,3.0,3.0,3.0,3.0,3.0,3.0,3.0,3.0,3.0,3.0,3.0,3.1,3.1,3.1575196044106635,3.2,3.2,3.2,3.2,3.2,3.2,3.2,3.2,3.3,3.3,3.3,3.3,3.3,3.3,3.3,3.4,3.4,3.4513332276346604,3.5,3.5,3.5,3.5,3.5,3.5,3.5,3.5,3.5,3.5,3.6,3.6,3.6,3.6,3.6,3.6,3.6,3.6,3.623688407591999,3.7,3.7,3.7,3.7,3.7,3.7,3.7,3.7,3.7,3.7,3.7,3.8,3.8,3.8,3.8,3.8,3.8,3.8,3.8,3.8,3.9,3.9,4.1,4.1,4.1,4.1,4.2,4.2,4.2,4.2,4.2,4.2,4.2,4.2,4.2,4.2,4.2,4.2,4.2,4.2,4.2,4.2,4.2,4.2,4.2,4.2,4.2,4.2,4.2,4.2,4.2,4.2,4.2,4.2,4.2,4.3,4.3,4.3,4.3,4.4,4.4,4.5,4.5,4.5,4.5,4.5,4.6,4.6,4.650541718393351,4.7,4.7,4.7,4.7,4.8,4.9,4.9,4.998670806453845,5.2,5.2,5.2,5.2,5.2,5.6,5.6,5.6,5.6,5.6,5.6,5.6,5.6,5.6,5.7,5.7,5.84272531434765,5.9,5.9,6.602726674763153
0.6994546650473746,0.9442542340878284,1.1854855139391491,1.3,1.5,1.5,1.6931700645275616,1.8,1.8,1.9,1.9928667015533228,2.1,2.1,2.1520555588893195,2.2,2.3,2.4860145100745634,2.5,2.5,2.5997417543889867,2.6,2.6,2.6,2.6,2.6,2.6,2.6,2.6,2.6,2.6,2.6,2.6,2.6,2.6,2.6,2.6,2.6,2.6,2.6,2.6,2.6,2.6,2.6,2.6,2.6,2.7,2.8,2.8,2.8,2.8,2.8,2.9,2.9,3.0,3.0,3.0,3.0,3.0,3.0,3.0,3.0,3.0,3.0,3.0,3.0,3.0,3.0,3.0,3.0,3.0,3.0,3.0,3.0,3.0,3.0,3.0,3.0,3.0,3.0,3.0,3.0,3.0736966480707366,3.1997307358156037,3.2,3.2,3.2,3.2,3.2,3.2,3.2,3.2,3.2,3.2,3.2,3.2,3.2,3.2,3.2,3.2,3.2,3.2,3.2745514221892504,3.3,3.3,3.3,3.3,3.3,3.3,3.3,3.3,3.3,3.4,3.4,3.4,3.5,3.5,3.5,3.5,3.5,3.5,3.5,3.5,3.5,3.5,3.5,3.5,3.5,3.5,3.5,3.5,3.5,3.5,3.5,3.5,3.5,3.5,3.5,3.5,3.5,3.5,3.5,3.5,3.5,3.6,3.6,3.6,3.6,3.6,3.6,3.6,3.7,3.7,3.7,3.7,3.7,3.7,3.7,3.7,3.7,3.7,3.7,3.7,3.7,3.7,3.7,3.7,3.7,3.7,3.7,3.8,3.8,3.8,4.1,4.1,4.1,4.2,4.2,4.2,4.2,4.2,4.2,4.2,4.2,4.2,4.213985489925437,4.3,4.3,4.5,4.5,4.6,4.607133298446677,4.7,4.9,5.198910608427474,5.2,5.6,5.6,5.7,5.7,5.7,5.9
0.19945466504737464,0.22212711704391416,0.4,0.4,0.4,0.4,0.4931700645275615,0.5,0.5,0.5,0.5,0.5,0.5,0.5,0.5,0.5,0.5,0.5,0.5,0.5,0.5,0.6,0.6,0.6,0.6,0.6,0.7,0.7,0.7,0.7,0.7,0.7087816885598869,0.8,0.8,0.8,0.8,0.8,0.8,0.8,0.8,0.8,0.8,0.8,0.8,0.8000358757198556,0.9,0.9,0.9,0.9,0.9,0.9,0.9,0.9,0.9,0.9,0.9,0.9,0.9,0.9079458502902525,1.0,1.0,1.0,1.0,1.0667073185757432,1.1,1.1,1.1,1.1,1.1,1.1,1.1,1.1,1.1,1.1,1.1,1.1136342526696894,1.2,1.2,1.2,1.2,1.2,1.2,1.2,1.2,1.2,1.2,1.2023763191388552,1.3,1.3,1.3,1.3,1.3,1.3,1.3,1.3,1.3,1.3,1.3,1.3,1.3,1.3,1.3,1.3,1.3,1.348291057822746,1.4,1.4,1.4,1.4,1.4,1.4,1.4,1.4,1.4,1.4,1.4,1.4,1.4,1.4,1.4,1.4,1.4,1.4,1.4,1.4,1.4,1.4,1.4,1.469319877160609,1.5,1.5,1.5,1.5,1.5,1.5,1.5,1.5,1.5,1.5,1.5,1.6,1.6,1.6,1.6,1.6,1.7,1.7,1.7,1.7,1.7,1.7,1.7,1.7,1.7,1.7,1.7,1.7,1.8,1.8,1.8,1.8,1.8107266901243975,1.9,1.9,1.9,1.9,1.9,1.9,1.9,1.9,1.9,1.9,1.9,2.0,2.0,2.0,2.0,2.0,2.0,2.0,2.0,2.0,2.0,2.0,2.0,2.0,2.1674450063076964,2.2,2.2,2.2,2.3,2.6,2.6,2.6,2.606829935472439,2.7,2.7,2.7713626571738246,2.9145144860608467,3.4,3.7021813398105223
0.9994546650473747,1.4,1.5,1.7,1.8,1.8,1.9,1.9,1.9,1.9,1.9,1.9,2.0,2.0,2.132554993692302,2.2,2.2,2.2,2.2,2.2997417543889864,2.3,2.3327174284142678,2.4,2.4,2.5,2.5,2.5,2.5,2.5,2.5,2.5,2.5,2.5,2.5,2.5,2.50640601215474,2.6,2.6,2.6,2.6,2.6,2.6,2.6,2.759328465857746,2.8,2.8,2.8,2.8,2.8,2.8,2.8,2.8,2.803105111814835,2.9,2.9,2.9,2.9,2.9,2.9,2.9,3.0,3.0,3.0,3.0,3.0,3.0,3.0,3.0,3.0,3.1,3.1,3.1,3.1,3.1,3.1,3.1,3.1,3.1,3.1,3.1,3.1,3.1,3.1,3.1,3.1,3.1,3.1,3.1,3.1,3.1,3.1,3.1,3.1,3.177661541373567,3.2,3.2,3.2,3.2,3.2,3.2,3.2,3.2,3.2,3.2,3.248291057822746,3.3,3.3,3.3,3.3,3.3,3.3,3.321949238263988,3.4,3.4,3.4,3.4,3.4,3.4,3.5,3.5,3.5,3.5,3.5,3.5,3.5,3.5,3.5,3.5,3.5,3.5,3.5,3.5,3.5,3.5,3.5,3.5,3.5,3.5,3.5,3.5,3.5,3.5,3.5,3.5,3.5,3.5,3.5,3.5,3.5,3.5,3.5,3.5,3.5436777716743393,3.6,3.6,3.6,3.6,3.6,3.6,3.6,3.6,3.7,3.7,3.7,3.7,3.7,3.7,3.7,3.7,3.7,3.7,3.7,3.7,3.7,3.7,3.7,3.7,3.7,3.8,3.8,4.0,4.0,4.0,4.0,4.0,4.0,4.167445006307696,4.2,4.2,4.5,4.7,4.7,4.8,4.9,4.9,4.9,5.082121732823714,5.814087971521474,6.1,6.1,6.102726674763153
0.4994546650473746,0.5,0.5,0.5286373428261779,0.6,0.6,0.7,0.7,0.8,0.8,0.8,0.8824747633424778,0.9,0.9,0.9,0.9,0.9,0.9,0.9,0.9,0.9,0.9,0.9,0.9,0.9,0.9,0.9,0.9,0.9,0.9,0.9,1.0,1.0,1.1,1.1,1.1,1.1,1.2,1.2,1.2,1.2,1.2,1.3,1.3,1.3,1.3,1.3,1.3,1.3,1.3,1.3,1.3,1.3,1.3,1.3,1.307654785822831,1.4,1.4,1.4,1.4,1.4,1.4,1.4,1.4,1.4,1.4,1.4,1.4,1.4,1.4,1.4,1.4,1.4,1.4,1.4,1.4,1.4,1.4,1.4,1.4,1.4,1.4,1.4,1.4,1.4,1.4,1.4,1.4,1.4,1.4,1.4030739068521825,1.5,1.5,1.5,1.5,1.5,1.5,1.5,1.5,1.5,1.5,1.5,1.5,1.5,1.5482910578227462,1.6,1.6,1.7,1.7,1.7,1.7,1.7,1.7,1.7,1.7,1.7,1.7,1.7,1.7,1.7,1.7,1.7,1.7,1.7,1.7,1.7,1.7,1.7,1.7,1.7,1.7,1.7,1.7,1.7,1.7,1.7,1.7026769483789848,1.8,1.8,1.8,1.8,1.8,1.8,1.8,1.8,1.8,1.9,1.9,1.9,1.9,1.9,1.9,1.9,1.9,1.9,1.9,1.9,1.9,1.9,1.9,1.9,1.9,1.955172771262977,2.0,2.0,2.0,2.0,2.0,2.0,2.0,2.0,2.0,2.0,2.0,2.125427455712861,2.2,2.2,2.2,2.2,2.2,2.2,2.2,2.2,2.2,2.2,2.2,2.2,2.2,2.2,2.2,2.2,2.2,2.2977167337233992,2.3,2.5,2.5202076077128366,2.641060866411857,2.9,3.1,3.489364414780431,4.004908014573675
0.7,0.9,0.9,1.2,1.2589391335881381,1.3,1.4,1.5,1.5,1.5,1.5,1.5,1.5,1.5,1.5,1.5,1.5,1.6,1.6305129470707023,1.7,1.7,1.7,1.7,1.8,1.8,1.8,1.8,1.8,1.8,1.9,1.9,1.9,1.9,1.9,1.9,1.9,1.9,1.9,1.9,1.9,2.0,2.0,2.0,2.0,2.0,2.0,2.0,2.0181900885031636,2.1,2.1,2.2,2.2,2.2,2.2,2.2,2.2,2.2,2.2,2.3,2.3,2.3,2.3,2.3,2.3,2.3,2.3,2.4,2.4,2.4,2.4,2.4,2.4,2.4,2.4,2.486222963545816,2.5,2.5,2.5,2.5,2.521115852667802,2.6,2.6,2.6,2.6,2.6,2.6,2.6,2.6,2.6,2.6,2.6,2.6,2.6,2.677661541373567,2.7,2.7,2.7,2.7,2.7,2.7,2.7,2.7,2.7,2.7,2.7,2.7,2.7,2.7,2.7,2.7,2.7,2.7,2.74706730690055,2.8,2.8,2.8,2.8,2.8,2.8,2.8,2.8,2.8,2.8,2.8,2.8,2.8,2.9,2.9,2.9,2.9,2.9,2.9,3.0,3.0,3.0,3.0,3.0,3.0,3.064269946863908,3.1,3.1,3.1,3.1920541497097474,3.2,3.2,3.2,3.2,3.2,3.2,3.2,3.2,3.2,3.2,3.2,3.2,3.2,3.2,3.2,3.2,3.2,3.2,3.210726690124398,3.3,3.3004461397505906,3.4,3.4,3.4,3.4,3.4,3.4,3.4431988438802077,3.5,3.5,3.5,3.5,3.5,3.5,3.5,3.5,3.5,3.5328902688179484,3.6,3.6,3.6,3.6139854899254376,3.7,3.7,3.7,3.7,3.7,3.8,4.1,4.1,4.299636869475824,4.5,4.520207607712837,4.6,4.8,5.6145144860608465,6.555745765912172,6.801090669905261
0.6983639951421239,0.9,1.1,1.2,1.2,1.3,1.4,1.5,1.5,1.5,1.5,1.5,1.5,1.5,1.5,1.6,1.6,1.7,1.7,1.7,1.7671097311820503,1.8,1.8,1.8,1.8198524657127764,1.9,1.9,1.9,1.9,1.9,1.9,1.9,1.9,1.9,1.9,2.0,2.0,2.0,2.0,2.0,2.0,2.0,2.0,2.0,2.1,2.2,2.2,2.2,2.2,2.2,2.2,2.2,2.2,2.2,2.2,2.3,2.3,2.3,2.3,2.3,2.3,2.4,2.4,2.4,2.4,2.4,2.4,2.4,2.4,2.5,2.5,2.5,2.5,2.5,2.5,2.5,2.5,2.6,2.6,2.6,2.6,2.6,2.6,2.6,2.6,2.6,2.6,2.6,2.6,2.6,2.7,2.7,2.7,2.7,2.7,2.7,2.7,2.7,2.7,2.7,2.7,2.7745514221892504,2.8,2.8,2.8,2.8,2.8,2.8,2.8,2.8,2.8,2.8,2.8,2.872289150783877,2.9,2.9,2.9,2.9,2.9,2.9,2.9,2.9,2.9,2.9,3.0,3.0,3.0,3.0,3.0,3.0,3.1,3.1,3.1,3.1,3.1,3.1,3.1,3.2,3.2,3.2,3.2,3.2,3.2,3.2,3.2,3.2,3.2,3.2,3.2,3.2,3.2,3.2,3.2,3.3,3.3,3.3,3.3,3.4,3.4,3.4,3.4,3.4,3.4,3.5,3.5,3.5,3.5,3.5,3.5,3.5,3.5,3.5,3.5,3.5,3.5,3.5,3.5,3.5,3.6,3.6,3.6,3.6,3.6,3.6406880822512337,3.7,3.7,3.7,3.747944441110684,4.0,4.1,4.1,4.2,4.2,4.2,4.5,4.5,4.6410608664118564,4.871362657173825,4.9,5.677872882956086,6.602181339810522
0.3,0.4,0.4,0.4,0.4,0.4,0.5,0.5,0.5,0.5,0.5,0.5,0.5,0.6,0.6,0.6,0.7,0.7,0.7,0.7,0.8,0.8,0.8,0.8,0.8,0.8,0.8,0.8,0.8,0.8,0.8,0.8,0.8,0.8,0.8,0.8,0.8,0.8,0.8,0.8,0.9,0.9,0.9,0.9,0.9,0.9,0.9,0.9,0.9,0.9,0.9,0.9,0.9,0.9,0.9,0.9,0.9,0.9,0.9,0.9,0.9,0.9,0.9,0.9,0.9,0.9,0.9,0.9,0.9,1.0,1.0,1.0,1.0,1.0,1.0,1.0136342526696893,1.1,1.1,1.1,1.1,1.1,1.1,1.1,1.1,1.1,1.1,1.1023763191388554,1.2,1.2,1.2,1.2,1.2,1.2,1.277661541373567,1.3,1.3,1.3,1.3,1.3,1.3,1.3,1.3,1.3,1.3,1.3,1.3,1.3,1.4,1.4,1.4,1.4,1.4,1.4,1.4,1.4,1.4,1.4,1.4,1.4,1.4,1.4,1.4,1.4,1.4,1.5,1.5,1.5,1.5,1.5,1.5,1.5,1.5,1.5,1.5,1.6,1.6,1.6,1.6,1.6,1.6,1.6,1.6,1.6,1.7,1.7,1.7,1.7,1.7,1.7,1.7,1.7,1.7,1.7,1.7,1.7,1.7,1.7,1.7,1.7,1.7,1.7,1.7,1.7,1.8,1.8,1.8,1.8,1.8,1.8,1.8,1.8,1.9,1.9,1.9,1.9,1.9,1.9,2.0,2.0,2.0,2.0,2.0,2.0,2.0,2.0,2.0,2.0,2.047944441110684,2.2,2.2,2.3,2.3003907185653643,2.5,2.6,2.606829935472439,2.7,2.8,2.9,2.9,3.1778728829560863,4.104362679621044
1.3994546650473745,1.5,1.6,1.7,1.8,1.8,1.8,1.8,1.8,1.8,1.8,1.8,1.8,1.9,1.9,1.9,1.9,1.9,1.9,1.9,1.9,1.9,2.0,2.0,2.0,2.0,2.1,2.1,2.1,2.1,2.1,2.1,2.1,2.1,2.1,2.2,2.2,2.2,2.2,2.2,2.2,2.2,2.2,2.2,2.3,2.3,2.3,2.3,2.3,2.3,2.3,2.3,2.3,2.3,2.3,2.3,2.3415378870321604,2.4,2.4,2.4,2.4,2.4,2.4,2.4,2.4,2.4275897391896875,2.5,2.6,2.6,2.6,2.6,2.6,2.6,2.6,2.6,2.6,2.6,2.6,2.7,2.7,2.7,2.7,2.7,2.7,2.7,2.7,2.7,2.7,2.7,2.7,2.7,2.7,2.7,2.7,2.7,2.727072108449437,2.8,2.8,2.8,2.8,2.8,2.8,2.8,2.8,2.8,2.9,2.9,2.9,2.9,2.9,2.9,2.9,2.9,2.9,2.9,2.9,2.9,2.9,2.9,2.9,2.9,2.978884147332195,3.0,3.0,3.0,3.0,3.0,3.0,3.0,3.0,3.0,3.0,3.0,3.0,3.0,3.0,3.0,3.0,3.0,3.0,3.0273604303772346,3.1,3.1,3.1,3.1,3.1,3.1,3.1,3.1,3.2,3.2,3.2,3.2,3.2,3.2,3.2,3.2,3.2,3.2,3.2,3.2,3.2,3.2,3.2,3.3,3.3,3.3,3.3,3.3,3.3,3.3,3.3,3.3,3.3,3.3,3.4,3.4801475342872323,3.5,3.5,3.5,3.5,3.500258245611019,3.6,3.6,3.6,3.6,3.6,3.7,3.8,3.8,3.8,3.8003907185653643,3.9,3.9,4.006829935472439,4.2,4.4,4.4,4.6,4.911491531824344,5.405453349526306
0.2,0.3,0.3854855139391493,0.5,0.5,0.5,0.5,0.5,0.5022832662765964,0.6,0.6,0.6,0.6,0.6,0.6325549936923017,0.7,0.7,0.7,0.7,0.7,0.7671097311820504,0.8,0.8,0.8,0.8,0.8,0.8,0.8,0.8,0.8,0.8,0.8,0.8,0.8,0.8,0.8,0.8,0.8,0.8,0.8,0.8,0.8,0.8,0.8,0.8,0.8,0.8,0.8,0.8,0.8,0.8,0.8,0.8,0.8,0.9,0.9,0.9,0.9,0.9,0.9,0.9,0.9,0.9,0.9667073185757431,1.0,1.0,1.0,1.0,1.0,1.0,1.0,1.0,1.0,1.0,1.0,1.1,1.1,1.1,1.1,1.1,1.1,1.1,1.1,1.1,1.1,1.1,1.1,1.1,1.1,1.1,1.1,1.1,1.1,1.1,1.1,1.1,1.1,1.1,1.1008886215437288,1.2,1.2,1.2,1.2,1.2,1.2,1.2,1.2,1.2,1.2,1.2,1.2,1.2,1.2,1.2,1.2,1.2,1.2,1.2,1.2,1.2,1.2,1.2,1.2,1.2,1.2,1.2,1.2,1.2,1.2,1.297472376674125,1.3,1.3,1.3,1.3,1.3,1.3,1.3,1.3,1.3,1.3,1.3,1.4,1.4,1.4,1.4,1.4,1.4,1.461545727139935,1.5,1.5,1.5,1.5,1.5,1.5,1.5,1.5599324600475086,1.6,1.6,1.7,1.7,1.7,1.7,1.7,1.7,1.7,1.7,1.7,1.7,1.8,1.8,1.9,1.9,1.9,1.9,1.9,1.9,1.9,1.9,1.9,1.9,1.9,1.9,1.9,1.9,2.0,2.0,2.0674450063076963,2.1,2.1,2.1,2.2,2.2,2.2,2.2,2.3,2.3,2.3,2.3713626571738247,2.7435434581825406,3.3,3.604362679621045
0.5989093300947492,0.6221271170439141,0.8,0.9,0.9,1.0797923922871657,1.1931700645275616,1.3,1.3,1.3996092814346326,1.4,1.4,1.5,1.5,1.5,1.5,1.5,1.5,1.5,1.5,1.5,1.532717428414268,1.6,1.7,1.7,1.7,1.7,1.7,1.7,1.7,1.7,1.7,1.8,1.8,1.8,1.8,1.8,1.8,1.8,1.8,1.8,1.8,1.8,1.8,1.8,1.8,1.8,1.8,1.8,1.8,1.9,1.9,1.9,1.9,1.9,1.9,1.9,1.9,1.9,1.9,1.9,1.9,1.9,1.9,1.9,1.9,1.9,1.9,1.9,1.9,1.9,1.9,1.9,1.9,1.9,2.0,2.0,2.0,2.0,2.0,2.0,2.0,2.0,2.0,2.0,2.0,2.0,2.0,2.0,2.0,2.0,2.0,2.0,2.0,2.0,2.0,2.0,2.0,2.0,2.0,2.0,2.0,2.0,2.0,2.0,2.0,2.0,2.1,2.1,2.2,2.2,2.2,2.2,2.2,2.2,2.2,2.2,2.2,2.2,2.2,2.2,2.2,2.3,2.3,2.3,2.3,2.3,2.3,2.3,2.3,2.3,2.4,2.4,2.4,2.4,2.4,2.4,2.4,2.4,2.5,2.5,2.5,2.5,2.5,2.5,2.5,2.5,2.5,2.5,2.5,2.5,2.5,2.5,2.5,2.5,2.5,2.5,2.5,2.5820773739873064,2.6,2.6,2.6,2.7103455425259537,2.8,2.8,2.8,2.8,2.8,2.8,2.89121831144011,2.9,2.9,2.9505417183933504,3.0,3.0627137278564307,3.1,3.1,3.1,3.1,3.1,3.1,3.1,3.1,3.2,3.2,3.2,3.3,3.347944441110684,3.4,3.417525236657525,3.5,3.5,3.5,3.6,3.6,3.7,3.7,3.9713626571738248,4.0,4.233618648868259,4.905453349526306
0.2994546650473746,0.4221271170439142,0.5,0.5,0.5589391335881382,0.6,0.6,0.7,0.7,0.7,0.792866701553323,0.8,0.8,0.9,0.9,0.9,0.9,0.9,0.9,0.9,0.9,0.9,0.9,1.0,1.0,1.0,1.0,1.0,1.0,1.1,1.1,1.1,1.1,1.1,1.1,1.2,1.2,1.2,1.3,1.3,1.3,1.3,1.3,1.359328465857746,1.4,1.4,1.4,1.4,1.4,1.5,1.5,1.5,1.5,1.5,1.5,1.5,1.5,1.5,1.5,1.5,1.6,1.7,1.7,1.7,1.7,1.7,1.7,1.7,1.7,1.7,1.7,1.7,1.7,1.7,1.7,1.8,1.8,1.8,1.8,1.8,1.8,1.8,1.8,1.8,1.8,1.8,1.8,1.8,1.8,1.8,1.8,1.8,1.8,1.8,1.8023925098791609,1.9,1.9,1.9,1.9,1.9,1.9,1.9,1.9,1.9,1.9,1.9,1.9,1.9,1.9,1.9,1.9,1.9,1.9,1.9,1.9,1.9230798727574836,2.0,2.0,2.0,2.0,2.0,2.0,2.0,2.0,2.0,2.0,2.0,2.0,2.0,2.0,2.0,2.0,2.0,2.0,2.0,2.0,2.0,2.0,2.0,2.0,2.0,2.0,2.0,2.025036691116378,2.1,2.1923452141771635,2.2,2.2,2.2,2.2,2.2,2.2,2.2,2.2,2.2,2.2599324600475086,2.3,2.3,2.3,2.3,2.3,2.3,2.4,2.4,2.4,2.4,2.4,2.4,2.4,2.49121831144011,2.5,2.5,2.5,2.5,2.5,2.5,2.5,2.5,2.5,2.5,2.6,2.6,2.6,2.6,2.6,2.789518608039907,2.8,2.8,2.8312240387354506,2.9,2.9,3.0,3.0,3.1,3.106829935472439,3.2,3.3,3.5,3.7,4.0,4.011452034005242
0.3,0.32212711704391417,0.4,0.5,0.5,0.5,0.5,0.5,0.5,0.5,0.5,0.6,0.6,0.6,0.6,0.7,0.7,0.7,0.7,0.7,0.7,0.7,0.7,0.7,0.7198524657127763,0.8,0.8,0.8,0.8,0.8,0.8,0.8,0.8,0.9,0.9,0.9,0.9,0.9,0.9,0.9,0.9,0.9,0.9,0.9,0.9,0.9,0.9,0.9,0.9,0.9,0.9,0.9,0.9,0.9,0.9,0.9,0.9,0.9,0.9,0.9,0.9,0.9,0.9,0.9,0.9,0.9275897391896877,1.0,1.0,1.0,1.0,1.0,1.0,1.0,1.0,1.0,1.0,1.0,1.0,1.0,1.0,1.1,1.1,1.1,1.1,1.1,1.1,1.1,1.1,1.1,1.1,1.2,1.2,1.2,1.3,1.3,1.3,1.3,1.3,1.3,1.3,1.3,1.3,1.3,1.3,1.3,1.3,1.3,1.3,1.3,1.3,1.3,1.3,1.3,1.3,1.3,1.3230798727574835,1.4,1.4,1.4,1.4,1.4,1.4,1.4,1.4,1.4,1.4,1.4,1.4,1.4,1.4,1.5,1.5,1.5,1.5,1.5,1.5,1.5,1.5,1.5,1.5,1.5,1.5,1.5,1.6,1.6,1.7,1.7,1.7,1.7,1.7,1.7,1.7,1.7,1.7,1.7,1.7,1.7,1.8,1.8,1.8,1.8,1.8,1.8,1.8,1.8,1.8935939878452528,1.9,1.9,1.9,1.9,1.9,1.9,1.9,1.9,1.9,1.9207433944853902,2.0,2.0,2.0,2.0,2.0,2.0,2.0,2.2,2.2,2.2,2.2,2.2,2.2,2.2,2.3,2.3003907185653643,2.4977167337233994,2.5,2.506829935472439,2.6,2.8,2.9713626571738248,3.1,3.2557457659121725,4.004908014573675
0.8994546650473747,1.1,1.1854855139391491,1.2286373428261779,1.3589391335881382,1.4,1.4,1.5,1.5,1.6,1.7,1.7,1.7687759612645444,1.8,1.8,1.8,1.8,1.8,1.8,1.8,1.8,1.8,1.8966561113817306,1.9,1.9,1.9,1.9,2.0,2.0,2.0,2.0,2.0,2.0,2.109575860441376,2.2,2.2,2.2,2.2,2.2,2.2,2.2,2.2,2.217922626012691,2.3,2.3,2.3,2.3,2.3,2.3,2.3,2.3,2.3,2.303105111814835,2.4,2.4,2.4,2.4,2.4,2.4,2.4,2.4,2.404378489936286,2.5,2.5,2.5,2.5,2.5,2.5,2.5,2.5,2.5,2.5,2.5,2.55857505126975,2.6,2.6,2.6,2.6,2.6,2.6,2.6,2.6,2.6,2.7,2.7,2.7,2.7023763191388555,2.8,2.8,2.8,2.8,2.8,2.8,2.8,2.8,2.8,2.8,2.8,2.9,2.9,2.9,2.9,2.9,2.9236884075919987,3.0,3.0,3.0,3.1,3.1,3.1,3.1,3.1,3.1,3.1,3.2,3.2,3.2,3.2,3.2,3.2,3.2,3.2,3.2,3.2,3.2,3.2,3.2,3.2,3.2,3.2,3.2,3.2,3.2,3.2,3.2,3.3,3.3,3.3,3.4,3.4,3.4,3.4,3.5,3.5,3.5,3.5,3.5,3.5,3.5,3.5,3.5,3.5,3.5,3.5,3.5,3.5,3.5,3.5,3.5,3.5,3.5,3.5,3.6,3.6,3.6,3.6,3.6,3.6,3.6,3.6,3.6,3.6,3.6,3.6,3.662713727856431,3.7,3.7,3.7,3.7,3.7,3.7,3.7,3.7,3.7,3.7,3.7,3.7,3.747944441110684,4.03122403873545,4.2,4.2,4.2,4.2,4.2,4.2,4.3,4.5,4.64272531434765,4.9,4.9,8.402181339810523
0.5994546650473747,1.0221271170439141,1.1,1.2,1.2,1.3797923922871658,1.4,1.5,1.5,1.5,1.5,1.6,1.7,1.7,1.7,1.7,1.7,1.8,1.8,1.8,1.8,1.8,1.8,1.8,1.8,1.8,1.8,1.8,1.9,1.9,1.9,1.9,1.9,2.0,2.0,2.0,2.0,2.0,2.0,2.0,2.0,2.0,2.0,2.0,2.0000358757198553,2.1,2.1,2.2,2.2,2.2,2.2,2.2,2.2,2.2,2.2,2.2,2.2,2.2,2.3,2.3,2.3,2.3,2.3,2.3,2.3,2.3,2.3,2.3871246204709533,2.4,2.4,2.4,2.4,2.4,2.4,2.4,2.4,2.4,2.4,2.4945500644173846,2.5,2.5,2.5,2.5,2.5,2.5,2.5,2.5,2.5,2.5,2.5,2.6,2.6,2.6,2.6,2.6,2.6,2.6,2.6,2.6,2.6,2.6500000000000004,2.7,2.7,2.7,2.748291057822746,2.8,2.8,2.8,2.8,2.8,2.8,2.8,2.8,2.872289150783877,2.9,2.9,2.948666772365334,3.0,3.0002692641843907,3.1,3.1,3.1,3.1,3.1,3.1,3.1863657473303135,3.2,3.2,3.2,3.2,3.2,3.2,3.2,3.2,3.2,3.2,3.2,3.2,3.2,3.2,3.2,3.2,3.2,3.2,3.2,3.2,3.2,3.2,3.2968948881851645,3.3,3.3,3.3,3.3,3.3,3.320554724647712,3.4599324600475088,3.5,3.5,3.5,3.5,3.5,3.5,3.5,3.5,3.5,3.5,3.5,3.5,3.5,3.5,3.5,3.5,3.6,3.6,3.6,3.6,3.6,3.6,3.6,3.6,3.6,3.7,3.7,3.7,3.7,3.7,3.7,3.7,3.7,3.7,3.7,3.7003907185653646,3.995433467446799,4.2,4.2,4.2,4.2,4.271362657173825,4.3290289721216935,4.877872882956086,5.913633373815765
0.8,0.9442542340878284,1.1,1.128637342826178,1.2,1.3,1.4,1.4,1.5,1.5,1.5,1.5,1.5,1.6520555588893195,1.7,1.7,1.7,1.8,1.8,1.8,1.8,1.8,1.8,1.8,1.8,1.8,1.8,1.8,1.8,1.8,1.9,1.9,1.9,1.9,1.9,1.9,1.9,1.9,1.9,1.9,1.9329201988926883,2.0,2.0,2.0,2.0,2.0,2.0,2.0,2.1,2.2,2.2,2.2,2.2,2.2,2.2,2.2,2.2,2.2,2.2,2.2,2.3,2.3,2.3,2.3,2.3,2.3,2.3,2.3,2.3164165237127206,2.4,2.4,2.4,2.4,2.4,2.4,2.4,2.4,2.4,2.4,2.5,2.5,2.5,2.5,2.5,2.5,2.5,2.5,2.5,2.5,2.5,2.5030739068521823,2.6,2.6,2.6,2.6,2.6,2.6,2.6,2.6,2.6,2.6,2.6,2.7,2.7,2.7,2.7,2.7,2.8,2.8,2.8,2.8,2.8,2.8,2.8,2.8,2.8,2.9,2.9,2.9,2.9,2.9,2.9,3.0,3.0,3.0,3.0,3.1,3.1,3.1,3.1,3.1,3.1,3.1,3.1,3.1,3.1,3.1,3.2,3.2,3.2,3.2,3.2,3.2,3.2,3.2,3.2,3.2,3.2,3.2,3.2,3.2,3.2,3.2,3.2,3.2205547246477124,3.3,3.3,3.3,3.3820773739873062,3.4,3.5,3.5,3.5,3.5,3.5,3.5,3.5,3.5,3.5,3.5,3.5,3.5,3.5,3.5059984560655777,3.6,3.6,3.6,3.6,3.6,3.6,3.6,3.6,3.6,3.7,3.7,3.7,3.7,3.7,3.7,3.7,3.7,3.7,3.8,4.0,4.1068299354724385,4.2,4.2,4.2,4.3290289721216935,4.9,4.905453349526306
1.6,1.7,1.8,1.8,1.8,1.8,1.9,1.9,2.0,2.1,2.1,2.1,2.1,2.1,2.1,2.1,2.1860145100745636,2.2,2.2,2.2,2.2,2.2,2.2,2.2,2.2,2.3,2.3,2.3,2.3,2.3,2.356801156119795,2.4,2.4,2.5,2.5,2.5,2.6,2.6,2.6,2.6,2.6329201988926885,2.7,2.7,2.7,2.7,2.7,2.7,2.7,2.7,2.7,2.7,2.7,2.7031051118148355,2.8,2.8,2.8,2.9,2.9,2.9,2.9,2.9,2.9,2.9,2.9,2.9,2.9,2.9,3.0,3.0,3.0,3.0,3.0,3.0,3.1,3.1,3.1,3.1,3.1,3.1,3.2,3.2,3.2,3.2,3.2,3.2,3.2,3.2,3.2,3.2,3.2,3.3,3.3,3.3,3.3,3.3,3.3,3.3,3.3,3.4,3.4,3.4,3.4,3.4,3.5,3.5,3.5,3.5,3.5,3.5,3.5,3.5,3.6,3.6,3.6,3.6,3.6,3.6,3.6,3.6,3.6,3.6,3.6,3.6,3.6,3.6,3.6,3.6,3.6,3.6,3.6,3.6,3.6,3.6,3.6,3.6,3.7,3.7,3.7,3.7,3.7,3.7,3.7,3.7,3.7,3.7,3.7,3.7267012041614294,3.8,3.8,3.8,3.8,3.8,3.8,3.8,3.8,3.8,3.8,3.8,3.8,3.8,3.8,3.8,3.8,3.8,3.8,3.8,3.8,3.8,3.8,3.8,3.8,3.8,3.8,3.8,3.8,3.8207433944853904,3.9,3.9,3.9,3.9,4.0,4.0,4.0,4.0,4.0,4.189518608039907,4.2,4.2,4.2,4.2,4.2,4.2,4.4,4.499636869475824,4.6,4.6,4.741060866411857,5.0,5.4,5.4,5.701090669905262
0.9983639951421239,1.3,1.4854855139391492,1.5,1.5,1.6,1.6,1.6,1.6,1.6996092814346326,1.7,1.7,1.7,1.7520555588893196,1.8,1.8,1.8,1.8,1.8,1.8,1.8,1.8,1.8,1.8,1.8,1.8,1.837286272143571,1.9,1.9,1.9,1.9,1.9,1.9,1.9,1.9,1.9,1.9,1.9,1.9,1.9,1.9,1.9,1.9,1.9,1.9,1.9,1.9794452753522875,2.0,2.0,2.0,2.0,2.0,2.0,2.1,2.1,2.1,2.1,2.1,2.1,2.1,2.1,2.1,2.1,2.1,2.1,2.1,2.1,2.1,2.1,2.1,2.2,2.2,2.2,2.2,2.2,2.2,2.2,2.2,2.2,2.2,2.2,2.2,2.2,2.2,2.2513332276346603,2.3,2.3,2.3,2.3,2.3,2.3,2.3,2.3,2.3,2.3,2.3,2.3,2.3,2.3,2.3,2.3,2.3,2.3,2.3,2.3,2.3,2.3,2.3,2.3,2.3,2.3,2.3,2.3,2.3,2.3,2.3,2.3,2.3,2.3,2.3,2.3,2.3,2.4,2.4,2.4,2.4,2.4,2.4,2.4,2.497472376674125,2.6,2.6,2.6,2.6,2.6,2.6,2.7,2.7,2.7,2.7,2.7,2.7,2.7,2.8,2.8,2.8,2.9,2.9,2.9,2.9,2.9,3.0,3.0,3.0,3.0,3.0,3.1,3.1,3.1,3.1,3.1,3.1,3.1,3.1,3.1,3.1,3.141531877275179,3.2,3.2,3.2,3.2,3.3,3.3,3.3,3.3,3.3,3.3,3.5,3.5,3.5,3.5,3.5,3.5,3.5,3.5,3.5,3.5,3.5,3.5,3.5,3.6,3.6,3.6,3.6,3.7,3.8,4.2,4.2,4.4,4.4,5.701090669905262
0.7994546650473747,1.1221271170439142,1.2854855139391492,1.3,1.3,1.4,1.4,1.4,1.4,1.5,1.5,1.5,1.6,1.6,1.6,1.7,1.7,1.7,1.7305129470707024,1.8,1.8,1.8,1.8,1.8,1.8,1.8,1.8,1.8,1.9,1.9,1.9,1.9,1.9,1.9,1.9,1.9,2.0,2.0,2.0,2.0,2.0,2.0,2.0,2.059328465857746,2.1,2.1,2.1,2.1,2.1,2.1,2.2,2.2,2.2,2.2,2.2,2.2,2.2,2.2,2.2,2.2,2.2,2.2,2.2,2.2,2.3,2.3,2.3,2.3,2.3,2.3,2.3,2.3,2.3,2.3,2.3,2.3,2.3,2.3,2.3,2.3,2.4,2.4,2.4,2.4,2.4,2.4,2.4,2.4,2.4,2.4,2.4030739068521823,2.5,2.5,2.5,2.6,2.6,2.6,2.6,2.6,2.6,2.6,2.6,2.6,2.6,2.6,2.6,2.6,2.7,2.7,2.7,2.7,2.7,2.7,2.7,2.7,2.7,2.7,2.7,2.7,2.7,2.7,2.7,2.7,2.7,2.7,2.7,2.7,2.7,2.7,2.7,2.7,2.7,2.7,2.7,2.7,2.7,2.8,2.8,2.8,2.8,2.8,2.8,2.8,2.8,2.8,2.8,2.8,2.8,2.8,2.8,2.8,2.806138765668953,2.9,2.9,2.9,2.9,2.9,2.9,2.9,2.9,2.9670798011073147,3.0,3.0,3.000446139750591,3.1,3.1,3.1,3.1904241395586213,3.2,3.2,3.2,3.2,3.3,3.3,3.3,3.3,3.3,3.3409909701809735,3.4,3.4,3.4,3.4,3.469487052929304,3.5,3.5,3.5,3.5,3.6,3.6,3.7,3.7,3.7,3.7,3.7,3.8,3.8,4.0463651984711415,4.4,4.814514486060847,5.4,6.4
0.6,0.9,1.0854855139391493,1.3,1.3,1.3,1.4,1.4,1.4,1.4,1.4,1.5,1.5,1.5,1.5,1.5,1.5,1.5,1.6,1.6,1.6671097311820504,1.7,1.7,1.7,1.7198524657127763,1.8,1.8,1.8,1.8,1.8,1.8,1.8,1.8,1.9,1.9,1.9,1.9,1.9,1.9,1.9,1.9,1.9,2.0,2.0,2.0,2.0,2.0,2.0,2.1,2.1,2.1,2.1,2.1,2.2,2.2,2.2,2.2,2.2,2.2,2.2,2.2,2.2,2.2,2.2,2.2,2.2,2.3,2.3,2.3,2.3,2.3,2.3,2.3,2.3,2.3,2.3,2.3,2.3,2.3,2.3,2.3,2.3,2.3,2.325606498421527,2.4,2.4,2.4,2.4,2.4,2.4780507617360144,2.5,2.5,2.5,2.577661541373567,2.6,2.6,2.6,2.6,2.6,2.6,2.6,2.6,2.6,2.6,2.648291057822746,2.7,2.7,2.7,2.7,2.7,2.7,2.7,2.7,2.7,2.7,2.7,2.7,2.7,2.7,2.7,2.7,2.7,2.7,2.7,2.7,2.7,2.7,2.7,2.7,2.7,2.7,2.7,2.7,2.7,2.7,2.7,2.7,2.7,2.764269946863908,2.8,2.8,2.8,2.8,2.8,2.8,2.8,2.8,2.8,2.8,2.8,2.8,2.8,2.8,2.8,2.8,2.8,2.8,2.8,2.9,2.9,2.9,2.9,2.9,2.9,2.9,2.9,2.9,2.9,3.0,3.0,3.0,3.0,3.05054171839335,3.1,3.1,3.1207433944853906,3.2,3.2,3.2,3.2,3.3,3.3,3.3,3.3,3.3,3.4,3.4,3.5,3.5,3.5,3.5071332984466776,3.6,3.7,3.7,3.706829935472439,3.8,3.8,4.34272531434765,4.4,5.311491531824345,6.1
0.1,0.1,0.1,0.1,0.15893913358813824,0.2,0.2,0.2,0.2,0.2,0.2,0.2,0.2,0.2,0.2,0.2,0.2,0.2,0.2,0.2,0.2,0.2,0.2,0.2,0.2,0.2,0.2,0.2,0.24945828160665257,0.3,0.3,0.3,0.3,0.3,0.3,0.3,0.3,0.3,0.3,0.3,0.3,0.3,0.3,0.3,0.3,0.3,0.3,0.3,0.3,0.3,0.3,0.3,0.3,0.3,0.3,0.3,0.3,0.3,0.3,0.3,0.3,0.3,0.3,0.3,0.3,0.3,0.3,0.3,0.3,0.3,0.3,0.3,0.3,0.3,0.3,0.3,0.3,0.3,0.3,0.3,0.3,0.3,0.3,0.3,0.3,0.3,0.3,0.3,0.3,0.3,0.3,0.3,0.3,0.3,0.3,0.3,0.3,0.3,0.3,0.3,0.3,0.3,0.3,0.3,0.3,0.3,0.3,0.3,0.3,0.3,0.3,0.3,0.3,0.4,0.4,0.4,0.4,0.4,0.4,0.4,0.4,0.4,0.4,0.4,0.4,0.4,0.4,0.4,0.4,0.5,0.5,0.5,0.5,0.5,0.5,0.5,0.5,0.5,0.6,0.6,0.6,0.6,0.6,0.6,0.6,0.6,0.6,0.6,0.6,0.6,0.6,0.6,0.6,0.6,0.6,0.6,0.6,0.6,0.6,0.6,0.6,0.6,0.6551727712629769,0.7,0.7,0.7,0.7,0.7,0.7,0.7,0.7,0.7,0.7,0.7,0.7,0.7,0.7,0.7,0.7,0.8,0.8,0.8,0.8,0.8,0.8,0.8,0.8,0.8,0.8,0.8,0.8,0.8,0.8,0.8,0.9,1.0,1.0,1.0713626571738246,1.2,1.2778728829560861,1.4
0.19945466504737464,0.2,0.2,0.2,0.2,0.2,0.3,0.3,0.3,0.3,0.3,0.3824747633424778,0.4,0.4,0.4,0.4,0.5,0.5,0.5305129470707023,0.6,0.6,0.6,0.6,0.6,0.6,0.6,0.6,0.6,0.6,0.6,0.6,0.6,0.6,0.6,0.6,0.6,0.7,0.7,0.7,0.7,0.7,0.7,0.7,0.7,0.7,0.8,0.8,0.8,0.8,0.8,0.8,0.8,0.8,0.8,0.8,0.8,0.8,0.8,0.8,0.8,0.8,0.8,0.8,0.8,0.8,0.8,0.8,0.9,0.9,0.9,0.9,0.9,0.9,0.9,0.9,0.9,0.9,0.9,0.9,1.0,1.0,1.0,1.0,1.0256064984215272,1.1,1.1,1.1,1.2,1.2,1.2,1.2,1.2,1.2,1.2,1.2,1.2,1.2,1.2,1.3,1.3,1.3,1.3,1.3,1.3,1.3,1.3,1.3,1.3,1.3,1.3,1.3,1.3,1.3,1.3,1.3,1.3,1.3,1.3,1.3,1.3,1.3,1.3,1.3,1.3,1.3,1.3,1.3,1.3,1.3,1.3974723766741248,1.4,1.4,1.4,1.4,1.4,1.4,1.4,1.4,1.4,1.4,1.4,1.4,1.4,1.4,1.4,1.5,1.5,1.5,1.5,1.5,1.5,1.5,1.6,1.6,1.6,1.6,1.6,1.6,1.6,1.6,1.6,1.6,1.6,1.6,1.6,1.6,1.6,1.6,1.6,1.7,1.7,1.7,1.7,1.7,1.7,1.7,1.8,1.8,1.8,1.8,1.8,1.8,1.8,1.9,1.9,1.9895186080399072,2.0,2.0,2.0,2.0,2.0,2.1,2.1,2.1,2.2,2.2202076077128368,2.3,2.4,2.5,2.7557457659121725,3.0005453349526308
0.1,0.2,0.2,0.2,0.2,0.2,0.2,0.2,0.2,0.2,0.2,0.2,0.2,0.3,0.3,0.3,0.3,0.3,0.3,0.3,0.3,0.3,0.3,0.3,0.3,0.3,0.4,0.4,0.4,0.4,0.4,0.4,0.4,0.5,0.5,0.5,0.5,0.5,0.5,0.5,0.6,0.6,0.6,0.6,0.6,0.6,0.6,0.6,0.6,0.6,0.6,0.6,0.6,0.6,0.6,0.6,0.6,0.6,0.6,0.6,0.6,0.6,0.6,0.6,0.6,0.6,0.6,0.6,0.6,0.6,0.6,0.6,0.6306801228393908,0.7,0.7,0.7,0.7,0.7,0.7,0.7,0.7,0.7,0.7,0.7,0.7,0.7,0.7,0.7,0.7,0.7,0.7,0.7,0.7,0.7,0.7,0.8,0.8,0.8,0.8,0.8,0.8,0.8,0.8,0.8,0.8,0.8,0.8,0.8,0.8,0.8,0.8,0.8,0.8,0.8,0.8,0.9,0.9,0.9,0.9,0.9,0.9,0.9,0.9,0.9,0.9591808414844933,1.0,1.0,1.0,1.0,1.0,1.0,1.0,1.0835834762872878,1.1,1.1,1.1,1.1,1.133292681424257,1.2,1.2,1.2,1.2,1.2,1.2,1.2,1.2,1.2,1.2,1.2,1.2327652811957819,1.3,1.3,1.3,1.3,1.3,1.3,1.3,1.3,1.3,1.3,1.3,1.3,1.3,1.3,1.3,1.3,1.3,1.3,1.3,1.3,1.3,1.3,1.3505417183933504,1.4,1.4,1.4,1.4,1.4,1.4,1.4,1.4,1.4,1.4,1.5,1.5,1.5,1.5,1.6,1.6,1.7,1.7,1.7,1.7,1.7,1.8,1.9,2.0,2.0,2.1,2.277872882956086,2.600545334952631
0.1,0.1,0.1,0.2,0.2,0.2,0.3,0.3,0.3,0.3,0.3,0.4,0.4,0.5,0.5,0.6,0.6,0.6,0.6,0.6,0.6,0.6,0.6,0.6,0.6,0.6,0.6,0.6,0.6,0.6,0.6,0.6,0.6,0.6,0.6,0.6,0.6,0.6,0.6,0.6,0.6,0.6,0.6,0.6,0.6,0.6,0.6,0.6,0.6,0.6,0.6,0.6,0.6,0.7,0.7,0.7,0.7,0.7,0.7,0.7,0.7,0.7,0.7,0.7,0.7,0.7,0.7,0.7,0.7,0.7,0.7,0.7,0.7,0.7,0.7862229635458163,0.8,0.8,0.8,0.8,0.8,0.8,0.8,0.8,0.8,0.8,0.8,0.8,0.8,0.8,0.8,0.8,0.8280109262911055,0.9,0.9,0.9,0.9,0.9,0.9,0.9,0.9,0.9,0.9,1.0,1.0,1.0,1.0,1.0,1.1,1.1,1.1,1.1969260931478232,1.2,1.2,1.2,1.2,1.2,1.2,1.2,1.2,1.2,1.2,1.2,1.2,1.2,1.2,1.2,1.2,1.2,1.2,1.2,1.2,1.2,1.2,1.2,1.2,1.2,1.2,1.2,1.264269946863908,1.3,1.3,1.3,1.3,1.3,1.3,1.3,1.3,1.3,1.3,1.3,1.3,1.3,1.3,1.3,1.3,1.4,1.4,1.4,1.4,1.4,1.4,1.4,1.4,1.4,1.4,1.4,1.5,1.5,1.5,1.5,1.5,1.5,1.5,1.6,1.6,1.6,1.6,1.6,1.7,1.7,1.7,1.7,1.7,1.8,1.8,1.8,1.8,1.8,1.9,1.917525236657525,2.0,2.0,2.1,2.1,2.3,2.3202076077128364,2.541060866411857,2.6,2.8,2.8,3.103817344668414
0.4,0.5221271170439141,0.6,0.6286373428261779,0.7589391335881382,0.8,0.8,0.9,0.9,0.9,1.0,1.1,1.1,1.1,1.1,1.1,1.2,1.2,1.2,1.2,1.2,1.2,1.2966561113817308,1.3,1.3,1.3,1.3,1.3,1.3,1.3,1.3,1.3,1.3,1.3,1.3,1.3,1.3,1.3,1.3,1.3,1.3,1.3,1.3,1.359328465857746,1.4,1.4,1.4,1.4,1.4,1.4,1.4,1.4,1.4,1.4,1.5,1.5,1.5,1.5,1.6,1.6,1.6,1.6,1.6,1.6,1.6,1.6,1.6,1.6,1.6,1.6,1.6,1.6,1.6,1.6,1.6,1.6,1.6,1.6,1.6,1.6,1.6,1.6,1.7,1.7,1.7,1.7,1.7,1.7,1.7,1.7,1.7,1.7,1.7,1.7,1.7,1.8,1.8,1.8,1.8,1.8,1.8,1.8,1.8,1.8,1.8,1.8,1.8,1.822338458626433,1.9,1.9,1.9,1.9,1.9,1.9,1.9,1.9,1.9,1.9,1.9,1.9263033519292547,2.0,2.0,2.0,2.0,2.0,2.0,2.0,2.0,2.0,2.0,2.0,2.0,2.0,2.0,2.0424803955893425,2.1,2.1,2.1,2.1,2.1,2.2,2.2,2.2,2.2,2.2,2.2,2.2,2.2,2.2,2.2,2.2,2.2,2.2,2.2,2.2,2.2,2.2,2.2,2.2,2.2,2.2,2.3,2.3,2.3,2.3,2.3,2.3,2.3,2.4,2.4,2.4,2.496291420219933,2.5,2.5,2.5,2.6,2.6,2.6,2.6,2.6,2.6,2.6,2.6,2.6,2.6,2.6,2.6,2.7,2.7,2.8,2.8,2.9,2.9,2.9996368694758244,3.006829935472439,3.1,3.141060866411857,3.3,3.6,3.8,4.408180024289459
0.19945466504737464,0.2,0.2,0.2,0.2,0.3,0.4,0.4,0.4,0.4,0.5,0.5,0.5,0.5520555588893196,0.6,0.6,0.6,0.6,0.6,0.6,0.6,0.6,0.6,0.6590090298190248,0.7,0.7,0.7,0.7,0.8,0.8,0.8,0.8,0.8,0.8,0.8,0.8,0.8,0.8,0.8,0.9,0.9,0.9,0.9,0.9,1.0,1.0,1.0,1.0,1.0,1.1,1.1,1.1,1.1,1.1,1.1,1.1,1.2,1.2,1.2,1.2,1.2,1.2,1.2,1.2,1.2,1.2,1.2,1.2,1.2,1.2,1.2,1.2,1.2,1.2,1.2,1.3,1.3,1.3,1.3,1.3,1.3,1.3,1.3,1.3,1.3,1.3,1.3,1.3,1.3,1.3,1.3,1.3,1.3,1.3,1.3,1.3,1.3,1.3,1.3,1.3,1.3,1.3,1.3,1.3,1.3,1.3,1.3,1.4,1.4,1.4,1.4,1.4,1.4,1.4,1.4,1.4,1.4,1.4,1.4,1.4,1.4,1.4,1.4,1.4,1.4,1.4863657473303136,1.5,1.5,1.5,1.5,1.5,1.6,1.6,1.6,1.6,1.6,1.6,1.6,1.6,1.6,1.6,1.6,1.6,1.7,1.7,1.7,1.7,1.7,1.7,1.7,1.7,1.8,1.8,1.8,1.9,1.9,1.9,1.9,1.9,1.9,1.9,1.9,1.955172771262977,2.0,2.0,2.0,2.0,2.0,2.0,2.0,2.0,2.0,2.0,2.0,2.0,2.0,2.0,2.1,2.1,2.1,2.1,2.2,2.2,2.2,2.2,2.2,2.2,2.3,2.3,2.3,2.3,2.3003907185653643,2.5,2.6,2.6,2.6,2.6,2.8713626571738247,3.014514486060847,3.3,3.6
0.1,0.12212711704391417,0.2,0.2,0.2,0.2,0.2,0.2,0.2,0.2,0.2,0.2,0.2,0.2,0.2,0.2,0.2,0.2,0.2,0.2,0.2,0.2,0.2,0.2,0.2,0.2,0.2,0.2,0.2,0.2,0.2,0.2,0.2,0.3,0.3,0.3,0.3,0.3,0.3,0.3,0.3,0.3,0.3,0.3,0.30003587571985546,0.4,0.4,0.4,0.4,0.4,0.4,0.4,0.4,0.4,0.4,0.4,0.4,0.4,0.4079458502902526,0.5,0.5,0.5,0.5,0.5,0.5,0.5,0.5,0.5,0.5,0.5,0.5,0.5,0.5,0.5,0.5,0.5,0.5,0.5,0.5,0.6,0.6,0.6,0.6,0.6,0.6,0.6,0.6,0.6,0.6,0.6,0.6,0.6,0.6,0.6,0.6,0.6,0.6,0.6,0.6,0.6,0.6,0.6,0.6,0.6,0.6,0.7,0.7,0.7,0.7,0.7,0.7,0.7,0.7,0.7,0.7,0.8,0.8,0.8,0.8,0.8,0.8,0.8788841473321952,0.9,0.9,0.9,0.9,0.9,0.9,0.9,0.9,0.9,0.9,0.9,0.9128753795290436,1.0,1.0,1.0,1.0,1.0,1.0,1.0,1.0,1.0,1.0,1.0,1.0,1.0,1.0,1.0,1.1,1.1,1.1,1.2,1.2,1.2,1.2,1.2,1.2,1.2,1.2,1.2,1.2,1.2,1.3,1.3,1.3,1.3,1.3,1.3,1.3,1.3,1.3,1.3,1.3,1.3,1.3,1.3801475342872322,1.4,1.4,1.4,1.4,1.4,1.4,1.4,1.5,1.5,1.5,1.5,1.6,1.7,1.7,1.7,1.7,1.7,1.8,1.8,1.8,2.0,2.1,2.3,2.3016360048578917
0.4994546650473746,0.6,0.6,0.7,0.8,0.8,0.8,0.8,0.8,0.8,0.8,0.8,0.8,0.8,0.8,0.8,0.8860145100745633,0.9,0.9,0.9997417543889867,1.0,1.032717428414268,1.1,1.1,1.1,1.2,1.2,1.2,1.2,1.2,1.256801156119795,1.3,1.3,1.3,1.3,1.3,1.3,1.3,1.3,1.3,1.3,1.3,1.3,1.3,1.3,1.3,1.3,1.3,1.3,1.3,1.3,1.3,1.3,1.3384542728600621,1.4,1.4,1.4,1.4,1.4,1.4,1.4,1.4,1.4,1.4,1.5,1.5,1.5,1.5,1.5,1.5,1.5,1.5,1.5,1.5,1.5,1.5,1.5,1.5,1.5,1.5,1.5,1.5,1.5,1.5,1.5,1.5,1.5,1.6,1.6,1.6,1.6,1.6,1.6,1.6,1.6,1.6,1.6,1.6,1.6,1.6,1.6,1.6,1.6,1.6,1.6,1.6,1.6,1.6,1.6,1.6,1.6,1.6,1.6,1.6,1.7,1.7,1.7,1.7,1.7,1.7,1.7,1.7,1.7,1.7,1.7,1.7,1.7,1.7,1.7,1.7,1.7,1.7,1.7,1.7,1.7,1.7,1.8,1.8,1.8,1.8,1.8,1.8,1.8,1.9,1.9,1.9,1.9,1.9,1.9,1.9327652811957818,2.0,2.0,2.0,2.0,2.0,2.0,2.0,2.0,2.0,2.1,2.1,2.1,2.1,2.1,2.1,2.1,2.1,2.1,2.1,2.1,2.2,2.2,2.2,2.2,2.2,2.2,2.2,2.2,2.2,2.2,2.2,2.2,2.2,2.2,2.3,2.3,2.3,2.5,2.5,2.5,2.5071332984466776,2.6,2.6977167337233996,2.7,2.8,2.8,2.8,2.8,3.0,3.1,3.8065440194315667
0.1,0.2,0.2,0.3,0.3589391335881382,0.4,0.4,0.4,0.4,0.5,0.5,0.5,0.6,0.6,0.6,0.6,0.6,0.6,0.6,0.6,0.6,0.6,0.6,0.6,0.6198524657127763,0.7,0.7,0.8,0.8,0.8,0.8,0.8,0.8,0.8,0.8,0.8,0.8,0.8,0.8,0.8,0.8,0.8,0.8,0.8,0.8,0.8,0.8,0.8,0.8,0.8,0.8,0.8,0.8,0.8,0.8,0.8,0.8,0.8,0.8,0.8,0.8,0.8,0.8,0.8,0.8,0.8,0.9,0.9,0.9,0.9,0.9,0.9,0.9306801228393908,1.0,1.0,1.0,1.0408191585155009,1.1,1.1,1.1,1.1,1.1,1.1,1.2,1.2,1.2,1.2,1.2,1.2,1.2,1.3,1.3,1.3,1.3,1.3,1.3,1.3,1.3,1.3,1.3,1.3,1.3,1.3,1.3,1.3,1.3,1.3,1.3,1.3,1.3,1.3,1.3,1.3,1.3,1.3,1.3,1.3,1.3,1.3,1.3,1.3,1.3,1.3,1.3,1.3,1.3,1.4,1.4,1.4,1.4,1.4,1.4,1.4,1.4,1.4,1.4,1.4,1.4,1.4,1.4956215100637167,1.5,1.5,1.5,1.5,1.5584621129678398,1.6,1.6,1.6,1.6,1.6,1.6,1.6,1.6,1.6,1.6,1.6,1.6,1.6,1.6,1.6,1.6,1.6,1.6,1.6,1.6465762418859982,1.7,1.7,1.7,1.7,1.7,1.7,1.7,1.7,1.8,1.8,1.8,1.8,1.840990970180974,1.9,1.9,2.0,2.0,2.0,2.0406880822512337,2.1,2.1,2.1,2.2,2.2,2.2,2.207133298446678,2.4,2.4,2.5,2.5,2.6,2.741060866411857,2.8713626571738247,3.0,3.1,3.803817344668414
0.1,0.1,0.1,0.2,0.2,0.2,0.2,0.2,0.2,0.2,0.2,0.2,0.2,0.2,0.2,0.2,0.2,0.2,0.2,0.2,0.2,0.2,0.2,0.2,0.2,0.2,0.2,0.2,0.2,0.3,0.3,0.3,0.3,0.3,0.3,0.3,0.3,0.3,0.3,0.3,0.3,0.3,0.3,0.3,0.3,0.3,0.3,0.3,0.3,0.3,0.3,0.3,0.30310511181483546,0.4,0.4,0.4,0.4,0.4,0.4,0.4,0.4,0.5,0.5,0.5,0.5,0.5,0.5,0.5,0.5,0.5,0.5,0.6,0.6,0.6,0.6,0.6,0.6,0.6,0.6,0.6,0.6,0.6,0.6,0.6,0.6,0.6,0.6,0.6,0.6,0.6,0.6,0.6,0.6,0.6776615413735669,0.7,0.7,0.7,0.7,0.7,0.7,0.7,0.7,0.7,0.7,0.7,0.7,0.7,0.7,0.7,0.7,0.7,0.7,0.8,0.8,0.8,0.8,0.8,0.8,0.8,0.8,0.8,0.8,0.8,0.8,0.8,0.8,0.8,0.8,0.8,0.8,0.8,0.8,0.8,0.9,0.9,0.9,0.9,0.9,0.9,0.9,0.9,0.9,1.0,1.0,1.0,1.0,1.0,1.0,1.0,1.0,1.0,1.0061387656689533,1.1,1.1,1.1,1.1,1.1999641242801373,1.2,1.2,1.2,1.2,1.2,1.2,1.2,1.2,1.2,1.3,1.3,1.3,1.3,1.3,1.3,1.3,1.3,1.3,1.3,1.3,1.3,1.3,1.3,1.3,1.3,1.3,1.3406880822512335,1.4,1.4,1.4,1.4,1.4,1.4,1.5,1.5,1.5,1.6,1.7,1.7,1.9,2.0,2.0,2.1,2.5
0.6,0.9221271170439141,1.1,1.2,1.2,1.2,1.3,1.3,1.4,1.4,1.4,1.4,1.4,1.4520555588893196,1.5,1.5,1.5,1.5,1.5,1.5,1.5671097311820503,1.6,1.6,1.7,1.7,1.7,1.7,1.7,1.7494582816066526,1.8,1.8,1.8,1.8,1.8,1.8,1.8,1.8,1.8,1.8,1.8,1.8,1.8,1.9,1.9,1.9,1.9,1.9,1.9,1.9,1.9,2.0,2.0,2.0,2.0,2.0,2.0,2.0,2.0,2.0,2.0,2.1,2.1,2.1,2.1,2.1,2.1,2.1,2.2,2.2,2.2,2.2,2.2,2.2,2.2585750512697502,2.3,2.3,2.3,2.3,2.3945500644173845,2.4,2.4,2.4,2.4,2.4,2.4,2.4,2.4,2.4,2.4,2.4,2.4,2.4,2.5,2.5,2.5,2.5,2.5,2.5,2.5,2.5,2.5,2.5745514221892507,2.6,2.6,2.648291057822746,2.7,2.7,2.7,2.7,2.7,2.7,2.7,2.7,2.7,2.7,2.7,2.7,2.7,2.8,2.8,2.8,2.8,2.8,2.8,2.8,2.8,2.8,2.8,2.8,2.8,2.8,2.8,2.8,2.8,2.8,2.8,2.8,2.8,2.8,2.8,2.8,2.8,2.8,2.8,2.8,2.8,2.8,2.9,2.9,2.9,2.9,2.9,2.9,2.9,2.9,2.9,2.9,2.9,2.9,2.9,2.9,2.9,2.9,2.9,2.9,2.9,3.0,3.0,3.0,3.0,3.0,3.1,3.1,3.2,3.2,3.2,3.2,3.2,3.2,3.2,3.232890268817948,3.3,3.3,3.3,3.3,3.3,3.4,3.5,3.5,3.5,3.5,3.5,3.7,3.7,3.7,3.7,3.8,3.8713626571738247,4.1145144860608465,4.377872882956086,5.6054533495263055
0.29890933009474924,0.32212711704391417,0.4,0.4,0.4,0.4,0.5,0.5,0.5,0.5,0.5,0.6,0.6,0.6,0.6,0.6,0.6,0.6,0.7,0.7,0.7,0.7,0.7,0.7,0.7,0.8,0.8,0.8,0.8,0.8,0.8,0.8,0.8,0.8,0.8,0.8,0.8,0.8,0.8,0.8,0.8,0.8,0.9,0.9,0.9,0.9,0.9,0.9,0.9,0.9,0.9,0.9,0.9,0.9,0.9,1.0,1.0,1.0,1.0,1.0,1.0,1.0,1.0,1.0,1.0,1.0,1.0,1.0,1.1,1.1,1.1,1.1,1.2,1.2,1.2,1.2,1.2,1.2,1.2,1.2,1.2,1.2,1.3,1.3,1.3,1.3,1.3,1.3,1.35293269309945,1.4,1.4,1.4,1.4,1.4,1.4,1.4,1.4,1.4,1.4,1.4,1.4,1.4,1.4,1.4,1.4,1.4,1.5,1.5,1.5,1.5,1.5,1.5,1.5,1.5,1.5,1.5230798727574837,1.6,1.6,1.6002692641843907,1.7,1.7,1.7,1.7,1.7,1.7,1.7,1.7,1.7,1.7,1.7,1.7,1.7,1.7,1.7128753795290435,1.8,1.8,1.8,1.8,1.8,1.8,1.8,1.859500077641303,1.9,1.9,1.9,1.9,1.9,1.9,1.9,1.9,2.0,2.0,2.0,2.0,2.0,2.0,2.0,2.0,2.0,2.0,2.067079801107315,2.2,2.2,2.2,2.2,2.3,2.3415318772751785,2.4,2.4,2.4,2.4,2.4,2.4,2.4,2.4,2.4,2.5,2.5,2.5,2.5,2.5,2.5,2.5,2.5,2.5,2.5,2.5674450063076963,2.6,2.7,2.7175252366575253,2.8,2.8,2.8,2.8,2.8,2.9,2.9,3.0,3.1,3.277872882956086,4.0
0.2,0.3,0.3,0.3,0.3,0.3,0.4,0.4,0.4,0.4,0.4,0.4,0.4,0.4,0.4,0.4,0.4,0.4,0.4,0.4997417543889867,0.5,0.5,0.5,0.5,0.5,0.5,0.5,0.5,0.5,0.5,0.5,0.5,0.5,0.5,0.5,0.5,0.5,0.5,0.5,0.5,0.5,0.5,0.5,0.5,0.5,0.5,0.5,0.5,0.5,0.5,0.5,0.5,0.5,0.5,0.5732987958385678,0.6,0.6,0.6,0.6,0.6,0.6,0.6,0.6,0.6,0.6,0.6,0.6,0.6,0.6,0.6,0.6,0.6,0.7,0.7,0.7,0.7,0.7,0.7,0.7,0.7,0.7474948492296107,0.8,0.8,0.8,0.8,0.8,0.9,0.9,0.9,0.9,0.9,0.9,0.9,0.9,0.9,0.9270721084494369,1.0,1.0,1.0,1.0,1.0,1.0,1.0,1.0,1.0,1.0,1.0,1.0,1.0,1.0,1.0,1.0,1.0,1.0722891507838768,1.1,1.1,1.1,1.1,1.2,1.2,1.2,1.2,1.2,1.2,1.2,1.2,1.3,1.3,1.3,1.3,1.3,1.3,1.3,1.3,1.3,1.3,1.3,1.3,1.3,1.3,1.3,1.3,1.4,1.4,1.4,1.4,1.4,1.4,1.4,1.4,1.4,1.4,1.4,1.4,1.4,1.4,1.4,1.4,1.4,1.4,1.4,1.4,1.4,1.4,1.4,1.4,1.5,1.5,1.5,1.5,1.5,1.5,1.5,1.5,1.5,1.5,1.5,1.5,1.5,1.5,1.5,1.5,1.5,1.5,1.5,1.5,1.5,1.6,1.6,1.7,1.7,1.7,1.7,1.7,1.7,1.8,1.8,1.8,1.8145144860608469,2.0,2.100545334952631
0.8,0.8221271170439142,1.0,1.1,1.2,1.2,1.3,1.3,1.3,1.3,1.3,1.3,1.3,1.4,1.4,1.4,1.4,1.4,1.4,1.4,1.4,1.4,1.4,1.4,1.4,1.4,1.4,1.4,1.4,1.4,1.4,1.5,1.5,1.5,1.5,1.5,1.5,1.5,1.5,1.5,1.5,1.5,1.6,1.6,1.6,1.6,1.6,1.6,1.6,1.6,1.6,1.6,1.7,1.7,1.7,1.7,1.7,1.7,1.7,1.7,1.7,1.7,1.7,1.7,1.7,1.7,1.7,1.7,1.8,1.8,1.8,1.8,1.8,1.8,1.8,1.8,1.8,1.8,1.8,1.821115852667802,1.9,1.9,1.9,1.9,1.9,1.9769201272425163,2.0,2.0,2.0,2.0,2.0,2.0,2.0,2.0,2.0,2.0,2.0,2.0,2.0,2.0,2.0,2.0,2.0,2.0,2.0,2.0,2.0,2.0,2.0,2.0719890737088917,2.1,2.1,2.1,2.1,2.1,2.1230798727574838,2.2,2.2,2.2,2.2,2.2,2.2,2.3,2.3,2.3,2.3,2.3,2.4,2.4,2.4,2.4,2.4,2.4,2.4,2.4,2.4,2.4,2.4,2.4,2.4,2.4,2.4,2.4,2.4,2.4,2.4,2.4,2.4,2.4,2.4,2.4,2.4,2.5,2.5,2.5,2.559932460047509,2.6,2.6,2.7,2.7,2.8,2.8,2.8,2.8,2.8,2.8,2.8,2.8,2.9,2.9,2.9,2.9,2.9,2.9,2.9,2.9,2.9,2.9,2.9,3.0,3.1,3.1,3.1,3.1,3.1139854899254376,3.2,3.267445006307696,3.3,3.3,3.3,3.4,3.5,3.5,3.5,3.5,3.5,3.6,3.8,4.1145144860608465,4.633618648868259,6.4
0.6994546650473746,0.8,0.9,1.1,1.1,1.2,1.2,1.2,1.2022832662765963,1.3,1.3,1.3,1.3,1.3,1.3,1.3104813919600964,1.4,1.4,1.4,1.4,1.4,1.4,1.4,1.4,1.4,1.4,1.4,1.4,1.4,1.4,1.4,1.4,1.4,1.4,1.458468122724821,1.5,1.5,1.5,1.5,1.5,1.5,1.5,1.5,1.5,1.5,1.5,1.5,1.5,1.5,1.5,1.5,1.5,1.5,1.538454272860062,1.6,1.6,1.6,1.6,1.6,1.6,1.6,1.6,1.6,1.6,1.7,1.7,1.7,1.7,1.7,1.7,1.7,1.7,1.7,1.7,1.7,1.8,1.8,1.8,1.8,1.8,1.8,1.8,1.8,1.8,1.8,1.8,1.8,1.8,1.8,1.8,1.8,1.9,1.9,1.9,1.9,2.0,2.0,2.0,2.0,2.0,2.0,2.0,2.0,2.0,2.0,2.0,2.0,2.0,2.0,2.0,2.0,2.0,2.0,2.0,2.0,2.0,2.0,2.0,2.0,2.0,2.0,2.0,2.1,2.1,2.1,2.1,2.1,2.1,2.2,2.2,2.2,2.2,2.2,2.2,2.3,2.3,2.3,2.3,2.3,2.3,2.3,2.4,2.4,2.4,2.4,2.4,2.4,2.4,2.4,2.4,2.4,2.4,2.4,2.4,2.4,2.4,2.4,2.4,2.4,2.4,2.4,2.4,2.4,2.5,2.5,2.5,2.5,2.5,2.5,2.6,2.7,2.7,2.8,2.8,2.8,2.8,2.8,2.8,2.8,2.8,2.8,2.9,2.9,2.9,2.9,2.9,2.9,3.0,3.0312240387354508,3.1,3.1,3.3,3.3,3.3,3.3,3.3,3.3410608664118566,3.4713626571738248,3.5,3.6778728829560863,4.101090669905261
0.19945466504737464,0.2,0.2,0.2,0.2,0.2,0.2,0.2,0.2,0.2,0.2,0.2,0.2,0.2,0.2,0.2,0.2,0.2,0.2,0.2,0.2,0.2,0.2,0.2,0.2,0.2,0.2,0.2,0.2,0.2,0.3,0.3,0.3,0.3,0.3,0.3,0.3,0.3,0.3,0.3,0.3,0.3,0.3,0.3,0.3,0.3,0.3,0.3,0.3,0.3,0.3,0.3,0.3,0.3,0.3,0.3,0.3,0.3,0.3,0.3,0.3,0.3,0.3,0.3,0.3,0.3,0.3,0.3,0.3,0.3,0.3,0.3,0.3,0.3,0.3,0.3,0.3,0.3,0.3,0.3,0.3,0.3,0.3,0.4,0.4,0.4,0.4,0.4,0.4,0.4,0.4,0.4,0.4,0.4,0.4,0.4,0.4,0.4,0.4,0.4,0.4,0.4,0.4,0.4,0.4,0.4,0.4,0.4,0.4,0.4,0.4,0.4,0.4,0.4,0.4,0.4,0.4,0.4,0.4,0.4,0.4,0.4,0.4,0.4,0.4,0.4,0.4,0.4,0.4693198771606092,0.5,0.5,0.5,0.5,0.5,0.5,0.5,0.5,0.5,0.5,0.5,0.5,0.559500077641303,0.6,0.6,0.6,0.6,0.6,0.6,0.6,0.6,0.6,0.6,0.6,0.6,0.6,0.6,0.6,0.6,0.6,0.6,0.6,0.6,0.6,0.6,0.6,0.6,0.6,0.6,0.6,0.6,0.6,0.6,0.6,0.6,0.6,0.6,0.6,0.6,0.6,0.6,0.6,0.6,0.6,0.6,0.7,0.7,0.7,0.7,0.7,0.7,0.7,0.7,0.7,0.7996368694758247,0.8,0.8,0.8,0.9713626571738245,1.2,1.2,1.501090669905261
0.6994546650473746,1.1,1.1,1.2,1.2589391335881381,1.3,1.3,1.4,1.4,1.5,1.5,1.6,1.6687759612645443,1.7,1.7,1.7,1.7,1.7,1.8,1.8,1.8,1.8,1.8966561113817306,1.9,1.9,1.9,1.9,1.9,1.9,1.9,1.9,1.9,1.9,1.9,1.9,1.9,1.9,1.9,1.9,1.9,1.9329201988926883,2.0,2.0,2.0,2.0,2.0,2.0,2.1,2.1,2.1,2.2,2.2,2.2,2.2,2.2,2.2,2.2,2.3,2.3,2.3,2.3,2.3,2.3,2.3,2.3,2.3,2.3,2.3,2.3,2.3,2.3,2.3025276233258665,2.4,2.4,2.4,2.4,2.4,2.4,2.4,2.4,2.4,2.4,2.4,2.4,2.5,2.5,2.5,2.5,2.5,2.5,2.5,2.5,2.552870569242148,2.6,2.6,2.6,2.6,2.6,2.6,2.6,2.6,2.6,2.6,2.6,2.6,2.6,2.6,2.6,2.6,2.6,2.6,2.6,2.6,2.6,2.6,2.6,2.6,2.6,2.6,2.6,2.6,2.6,2.7,2.8,2.8,2.8,2.8,2.8,2.8,2.8,2.8,2.8,2.8,2.8,2.8,2.8,2.8,2.8,2.8,2.8,2.8,2.8,2.8,2.8,2.8,2.8,2.8,2.8,2.8,2.8,2.8,2.8,2.8,2.8,2.8,2.8,2.9,2.9,2.9,2.9,2.9,2.9,2.955172771262977,3.0,3.0,3.0,3.0,3.0,3.0,3.0,3.0,3.0,3.1,3.1,3.1,3.1,3.1,3.1,3.103343888618275,3.2,3.3,3.300258245611019,3.5,3.5,3.5,3.5895186080399073,3.6,3.7,3.7,3.7,3.7,3.7,3.7,3.7,3.9068299354724387,4.220207607712837,4.5,4.64272531434765,4.8,4.9,5.901090669905262
0.8989093300947493,1.1,1.2854855139391492,1.3,1.3589391335881382,1.4,1.5,1.6,1.6,1.6996092814346326,1.7,1.7,1.7,1.7,1.7,1.7,1.7,1.7,1.7,1.7,1.8,1.8,1.8,1.8,1.8,1.8,1.8,1.9,1.9,1.9,1.9,1.9,1.9,1.9,1.9,1.9,1.9,1.9,1.9,1.9,1.9,1.9,1.9,1.9,1.9,1.9,1.9,2.0,2.0,2.0,2.0,2.0,2.0,2.0,2.0,2.0,2.1,2.1,2.1,2.2,2.2,2.2,2.2,2.2,2.2,2.2,2.2,2.2,2.2,2.2,2.2,2.2,2.230680122839391,2.3,2.3,2.3,2.3,2.3,2.3,2.3,2.3,2.3,2.3,2.3,2.3,2.3769201272425162,2.4,2.4,2.4,2.4,2.4,2.4,2.4,2.4,2.4,2.4,2.4,2.4,2.4,2.4,2.5,2.5,2.5,2.5,2.5,2.5,2.5,2.5,2.5,2.5,2.5,2.5,2.54706730690055,2.6,2.6,2.6,2.6,2.6,2.6,2.6,2.6,2.6,2.6,2.6,2.6,2.6,2.6,2.6,2.6,2.6,2.6,2.6,2.6,2.6,2.6,2.6,2.7,2.8,2.8,2.8,2.8,2.8,2.8,2.8,2.8,2.8,2.8,2.8,2.8,2.8,2.8,2.8,2.8,2.8,2.8,2.8,2.8999641242801375,2.9,2.9,2.9242052584359555,3.0,3.0,3.0,3.0,3.0,3.0,3.0,3.0,3.0,3.1,3.1,3.1,3.1,3.1,3.162713727856431,3.2207433944853903,3.3801475342872322,3.4,3.4,3.5,3.5,3.5,3.5,3.6,3.6,3.7,3.7,3.7,3.7,3.7,3.7,3.7,3.8,3.9,4.0,4.260622823138511,4.5,4.5,4.8,4.9,6.1
0.2,0.2,0.2,0.2,0.2,0.2,0.2,0.2,0.2,0.2,0.2,0.2824747633424778,0.3,0.3,0.3,0.3,0.3,0.3,0.3,0.3,0.3,0.4,0.4,0.4,0.4,0.4,0.4,0.4,0.4,0.4,0.4,0.4,0.459693109019841,0.5,0.5,0.5,0.5,0.5,0.5,0.5,0.5,0.5,0.5,0.5,0.5,0.5,0.5,0.5,0.5,0.5,0.5,0.5,0.5,0.5,0.5,0.5,0.5,0.6,0.6,0.6,0.6,0.6,0.6,0.6,0.6,0.6,0.6,0.6,0.6,0.6,0.6,0.6,0.6,0.6,0.7,0.7,0.7,0.7,0.7,0.7,0.7,0.7,0.7,0.7,0.7,0.7,0.7,0.7,0.7,0.7,0.7,0.7,0.7,0.7,0.7,0.7,0.7,0.7,0.7,0.7,0.7,0.7,0.7,0.7,0.7,0.7,0.7,0.7,0.7,0.7,0.7,0.8,0.8,0.8,0.8,0.8,0.8,0.8,0.8,0.8,0.8,0.8,0.8,0.8,0.8,0.8,0.8,0.8,0.8,0.8,0.8,0.8,0.8,0.8,0.8,0.8,0.8,0.8,0.8,0.8,0.8,0.8,0.8,0.8,0.8,0.8,0.8,0.8,0.9,0.9,0.9,0.9,0.9,0.9,0.9,0.9,0.9,0.9406715341422511,1.0,1.0,1.0,1.0,1.0,1.0,1.0,1.0,1.0,1.0,1.0,1.0,1.0,1.0,1.0,1.0,1.0,1.0,1.0,1.1,1.1,1.2,1.2,1.200258245611019,1.3,1.3,1.3,1.3,1.3,1.3,1.3,1.3,1.3,1.3,1.3,1.4,1.4,1.4,1.4,1.642725314347649,1.7,1.7,1.8010906699052611
1.0994546650473747,1.1,1.1,1.3,1.5,1.5797923922871657,1.6931700645275616,1.7,1.8,1.8,1.8,1.8824747633424777,1.9,1.9,1.9,1.9,1.9860145100745634,2.0,2.0,2.0997417543889867,2.1,2.132717428414268,2.2,2.2,2.2,2.2,2.2,2.3,2.3,2.3,2.3,2.3,2.3,2.3,2.3,2.3,2.3,2.3,2.34482722873702,2.4,2.4,2.4,2.4,2.4,2.4,2.4400675399524983,2.5,2.5,2.5563222283256666,2.6,2.6,2.6,2.6,2.6,2.6,2.6,2.7,2.7,2.7,2.7,2.7,2.7,2.7,2.7,2.7,2.7,2.7,2.7,2.7,2.7,2.7,2.7,2.7,2.7585750512697502,2.8,2.8,2.8,2.8,2.8,2.9,2.9,2.9,2.9,2.9,2.9,2.9,2.9,2.9,2.9,2.9,2.9,3.0,3.0,3.0,3.0,3.0,3.0,3.0,3.0,3.1,3.1,3.1,3.1,3.1,3.1,3.1729278915505748,3.2,3.2,3.2,3.2,3.296926093147823,3.3,3.3,3.3,3.3,3.3,3.3,3.3,3.4,3.4,3.4,3.4,3.4,3.4,3.5,3.5,3.5,3.5,3.5,3.5,3.5,3.6,3.6,3.6,3.6,3.7,3.7,3.7,3.7,3.7,3.8,3.9,3.9,3.9,3.9,3.9,3.9,3.9,3.9,3.9655305623915638,4.1,4.1,4.1,4.2,4.2,4.2,4.2,4.2,4.2,4.324205258435955,4.4,4.4,4.4,4.5,4.5,4.593593987845253,4.6,4.6,4.640306890980156,4.79121831144011,4.8,4.9,5.0,5.4,5.4,5.4,5.4,5.4,5.4,5.4,5.4,5.4,5.4,5.4,5.469927449627187,5.9,5.9,6.091777764442736,6.331224038735451,6.4,6.4,6.4,6.4,6.6,6.6,6.6,6.8,6.8,6.8,6.8,8.402181339810523
1.2961826553316225,1.4442542340878284,1.7,1.8,1.8,1.9,2.0,2.0,2.0,2.0,2.1,2.1,2.1687759612645445,2.2,2.2,2.2,2.3,2.3,2.3,2.3,2.3,2.3,2.3,2.4,2.4,2.4,2.4,2.4,2.4,2.4,2.4,2.4,2.4,2.4,2.5,2.5,2.5,2.6,2.6,2.6,2.6,2.6,2.6,2.6,2.6,2.6400675399524984,2.7,2.7,2.7,2.7,2.7,2.7,2.7,2.7,2.7,2.7,2.7,2.7,2.7,2.7,2.7,2.7,2.7,2.7,2.7,2.7,2.7,2.7,2.7,2.7,2.7,2.7,2.7,2.7,2.7,2.7,2.7,2.8,2.8,2.8,2.8,2.8,2.8,2.8,2.8,2.8,2.8,2.8,2.8,2.8,2.8,2.8,2.8,2.9,2.9,2.9,2.9,2.9,2.9,2.9,2.9,2.9,2.9,2.9,2.9,2.9,2.9,2.9,2.9,2.9,2.9,2.9,2.9,2.9,2.9,3.0,3.0,3.0,3.0,3.0,3.0,3.0,3.0,3.032212223747814,3.1,3.1,3.1,3.1,3.1,3.1,3.2,3.2,3.2,3.2,3.2,3.2,3.2,3.2,3.264269946863908,3.3,3.3,3.3,3.3,3.325036691116378,3.4,3.4,3.4,3.4,3.4,3.4,3.4,3.4,3.4,3.4818099114968333,3.5,3.5,3.5,3.5,3.5,3.5,3.567079801107315,3.6,3.6,3.6,3.6,3.6,3.6,3.6,3.6,3.6912183114401103,3.7,3.7,3.7,3.7,3.7,3.7,3.7,3.7,3.7,3.7,3.732890268817948,3.8,3.8,3.8,3.9,3.9,3.9,3.9,4.131224038735451,4.2,4.2,4.2,4.2,4.399636869475825,4.6,4.620207607712836,4.941060866411857,5.4,5.4,5.4,5.9
0.2,0.2,0.2,0.3,0.3,0.5,0.5,0.5,0.6,0.6,0.6,0.6,0.6,0.6,0.6,0.6,0.6,0.6,0.7,0.7,0.7,0.7,0.7,0.7,0.7,0.7,0.7,0.7,0.8,0.8,0.8,0.8,0.8,0.8,0.8,0.8,0.8,0.8,0.8,0.8,0.8,0.8,0.8,0.8,0.8,0.8,0.8,0.8,0.8,0.8,0.8,0.8,0.8,0.8,0.8,0.8,0.9,0.9,0.9,0.9,0.9,0.9,0.935730053136092,1.0,1.0,1.0,1.0,1.0,1.0,1.0,1.0,1.1,1.1,1.1,1.1,1.1,1.1,1.1,1.1,1.1,1.1,1.1,1.1,1.1,1.1,1.1,1.1,1.1277108492161205,1.2,1.2,1.2,1.2,1.2,1.2,1.2,1.2,1.2,1.2,1.2,1.2,1.2,1.2,1.2,1.2,1.2,1.2,1.2,1.2,1.2,1.2,1.2,1.2,1.2,1.2,1.2,1.2,1.2,1.2,1.2,1.2,1.2,1.2,1.2,1.2,1.2,1.2,1.2,1.2,1.2,1.2,1.3,1.3,1.3,1.3,1.3,1.3,1.3,1.3,1.3,1.3,1.3,1.3,1.3,1.3,1.3,1.3,1.3,1.3,1.3968948881851644,1.4,1.4,1.4,1.4,1.4,1.4,1.4,1.4,1.5,1.5,1.5,1.5,1.5,1.5,1.5,1.546576241885998,1.6,1.6,1.690424139558621,1.7,1.7,1.7,1.7,1.7,1.7,1.7,1.8,1.8,1.9,1.903343888618275,2.0,2.0,2.0,2.1,2.1,2.1,2.1,2.1,2.1,2.1,2.1,2.1,2.1,2.2,2.2,2.3,2.3,2.3,2.6,2.7,2.7,3.6
1.0978186601894986,1.2,1.2,1.4286373428261778,1.5,1.6,1.6,1.600363130524173,1.7,1.7,1.7,1.7,1.7,1.7,1.8,1.8,1.8,1.8,1.8,1.8,1.8,1.8,1.8,1.8,1.8,1.8,1.9,1.9,1.9,1.9,2.0,2.0,2.1,2.1,2.1,2.1,2.1,2.1,2.1,2.1,2.1,2.1,2.1,2.1,2.1,2.1,2.1,2.1,2.1,2.1,2.1,2.1,2.1,2.1,2.1,2.1,2.1,2.1,2.1,2.1,2.1,2.1,2.1,2.1,2.1,2.1,2.1,2.1871246204709536,2.2,2.2,2.2,2.2,2.2,2.2,2.2,2.2,2.2,2.2,2.2,2.2,2.2,2.2,2.2,2.2,2.2,2.2,2.2,2.2,2.2,2.2,2.2,2.2,2.2,2.3776615413735667,2.4,2.4,2.4,2.4,2.4,2.4,2.4,2.4745514221892506,2.5991113784562687,2.6,2.6,2.7729278915505744,2.8,2.8,2.8,2.8,2.8,2.8,2.8,2.8,2.9,2.9,2.9,2.9,2.9,2.9,2.9,2.9,2.9,3.0,3.0,3.0,3.0,3.0,3.0,3.0,3.1,3.2,3.2,3.2,3.242480395589342,3.3,3.3,3.3,3.3,3.3,3.3,3.3,3.3,3.325036691116378,3.4,3.4,3.4,3.4,3.4968948881851647,3.5,3.5,3.6,3.6,3.6,3.7,3.7,3.7,3.7,3.782077373987306,3.8,3.8670798011073146,3.9,3.9,3.9,3.9,3.9,4.041531877275179,4.1,4.2,4.2,4.2,4.2,4.2,4.2,4.3627137278564305,4.4,4.480147534287232,4.5,4.5,4.5,4.5,4.5,4.6,4.6,4.7,4.7,4.7,4.8,4.9,4.9,4.9,5.0,5.2,5.6,5.7,5.7,6.1,6.242725314347649,6.429028972121694,6.877872882956086,8.501636004857891
0.7,0.7,0.7,0.9286373428261779,1.1,1.1,1.1,1.2,1.2,1.3,1.3,1.3,1.3687759612645443,1.4520555588893196,1.5,1.5,1.5860145100745635,1.6,1.6,1.6,1.6,1.6,1.6,1.6,1.6,1.6792566055146068,1.7,1.7,1.7,1.7,1.7,1.7,1.7,1.7,1.7,1.7,1.7,1.7,1.7,1.7,1.7,1.7,1.7,1.7,1.7,1.8,1.8,1.8,1.8,1.8,1.8,1.8,1.8,1.8,1.8,1.8,1.8,1.8,1.8,1.8,1.8,1.8,1.9,1.9,1.9,1.9,1.9,1.9,1.9164165237127206,2.0,2.0,2.1,2.1,2.1,2.1,2.1,2.1,2.1,2.1,2.1,2.1,2.1,2.1,2.1,2.1,2.1,2.1,2.1,2.1,2.1,2.1,2.1,2.1,2.1,2.1,2.1,2.1,2.1,2.1,2.1,2.1,2.1,2.2,2.2,2.2,2.2,2.2,2.2,2.2,2.2,2.2,2.2,2.2,2.2,2.2,2.2,2.2,2.2,2.2,2.2,2.2,2.2,2.2,2.2,2.2,2.2,2.2,2.2,2.2,2.2,2.2,2.2,2.2,2.2,2.2,2.2,2.2,2.2,2.2,2.2,2.2,2.2595000776413032,2.4,2.4,2.4,2.4,2.4,2.4,2.4,2.4327652811957816,2.5,2.5,2.6,2.6,2.6,2.6,2.7,2.8,2.8,2.8,2.8,2.8,2.8,2.8004461397505906,2.9,2.9,2.9,2.9,3.0,3.09121831144011,3.143198843880208,3.2,3.2505417183933503,3.3,3.3,3.3,3.3,3.3,3.4,3.4672825715857356,3.6,3.7,3.7,3.7,3.7,3.8790372160798143,3.9,4.147944441110684,4.2,4.2,4.207133298446678,4.5,4.5,4.5,4.5,4.6,4.6,4.7,4.9,6.055745765912172,8.40054533495263
0.3,0.5221271170439141,0.7,0.7,0.7,0.7,0.7,0.7,0.7,0.7,0.7,0.7,0.7,0.7,0.7,0.8,0.8,0.9,0.9305129470707023,1.0,1.0,1.0,1.0966561113817308,1.1,1.1,1.1,1.1,1.1,1.2,1.2,1.2,1.2,1.2,1.2,1.2,1.2,1.2,1.2995538602494094,1.3,1.3,1.3,1.3,1.3,1.3,1.3,1.4,1.4,1.4,1.4,1.4,1.4,1.4,1.4,1.4,1.4,1.4,1.5,1.5,1.5,1.5,1.5,1.5,1.5,1.5,1.5973230516210208,1.6,1.6,1.6,1.6,1.6,1.6,1.6,1.6,1.6,1.6,1.6,1.7,1.7,1.7,1.7,1.7,1.7,1.7,1.7,1.7,1.7,1.7,1.7,1.7,1.8,1.8,1.8,1.8,1.8,1.8,1.8,1.8,1.8,1.8,1.8,1.8,1.8,1.8,1.8,1.8,1.8,1.8,1.8,1.8,1.8,1.8,1.8,1.9,1.9,1.9,1.9,1.9,1.9,2.0,2.0,2.0,2.0,2.0,2.0,2.0,2.0863657473303134,2.1,2.1,2.1,2.1,2.1,2.1,2.1,2.1,2.1,2.1724102608103184,2.2,2.2,2.2,2.2,2.2,2.2,2.2,2.2,2.2,2.2,2.2,2.2,2.2,2.2,2.2,2.2,2.3,2.3,2.320554724647712,2.4,2.4,2.4,2.4,2.4,2.4,2.5,2.5551727712629773,2.6,2.6,2.6,2.6,2.6,2.7,2.7,2.7,2.8,2.8,2.8,2.8,2.9,2.9,2.9,3.0,3.0,3.0,3.1,3.1,3.2,3.2,3.289518608039907,3.3,3.3,3.4,3.417525236657525,3.5,3.6,3.6977167337233996,3.7,3.9,4.0,4.2,4.271362657173825,4.5,4.5,4.707634689336828
1.096727990284248,1.5,1.6709710278782985,1.8,1.9,2.0,2.1,2.200363130524173,2.3022832662765964,2.4,2.492866701553323,2.5,2.6,2.6,2.6,2.6,2.6,2.6,2.6,2.6,2.6,2.6,2.6,2.6,2.619852465712776,2.7,2.8,2.8,2.8,2.8,2.9,2.9,2.959693109019841,3.0,3.0,3.0,3.0,3.0,3.0,3.0,3.0,3.0,3.1,3.1,3.1000358757198554,3.2,3.2,3.2,3.2,3.2,3.2,3.2,3.2,3.2,3.2,3.2,3.2,3.2,3.2,3.2,3.2,3.2,3.2,3.2,3.2,3.2,3.2,3.2,3.2,3.2,3.2,3.2,3.2,3.2,3.3,3.3,3.3,3.3,3.4,3.4,3.4,3.4,3.5,3.5,3.5,3.5,3.5,3.5,3.5,3.5,3.5,3.5,3.5,3.5,3.5,3.5,3.5,3.5,3.5,3.5,3.5,3.5,3.5,3.5,3.5,3.5,3.5,3.5,3.5,3.6,3.6,3.6,3.6,3.6,3.6,3.6,3.6,3.6,3.6,3.6,3.6,3.7,3.7,3.7,3.7,3.7,3.7,3.7,3.7,3.7,3.7,3.7,3.7,3.7,3.7,3.7,3.7,3.7,3.7,3.7,3.7,3.8,3.8,3.8,3.8,3.8,3.8,3.8,3.8968948881851646,4.1,4.1,4.1,4.1,4.1,4.1,4.2,4.2,4.2,4.2,4.2,4.2,4.2,4.2,4.2,4.2,4.2,4.2,4.2,4.2,4.2,4.2,4.2,4.2,4.205998456065578,4.3,4.3,4.3,4.3,4.3,4.3,4.432890268817949,4.5,4.569487052929304,4.7,4.7,4.7,4.7,4.7,4.9,4.952575709972575,5.2,5.2,5.2,5.2,5.6,5.6,5.6,5.6,5.729028972121694,6.1,6.602726674763153
0.39890933009474927,0.5,0.5854855139391493,0.8,0.9,0.9,0.9,0.9,0.9,1.0,1.1,1.1,1.1,1.2,1.2,1.3,1.3,1.3593119177487658,1.4,1.4,1.4,1.5,1.5,1.5,1.5,1.5,1.5,1.5,1.5,1.5,1.5,1.5,1.5,1.6,1.6,1.7,1.7,1.7,1.7,1.7,1.7,1.7,1.7,1.7,1.8,1.8,1.8,1.8,1.8,1.8,1.8,1.8,1.8,1.8,1.8,1.8,1.8,1.8,1.8,1.8,1.8,1.8,1.8,1.9,1.9,1.9,1.9,1.9,1.9,1.9,1.9,1.9,1.9,1.9,1.9,1.9,1.9,1.9,1.9,1.9,1.9,1.9,1.9,1.9,1.9,1.9,2.0,2.0,2.0,2.0,2.0,2.0,2.0,2.0,2.0,2.0,2.0,2.0,2.0,2.0,2.0,2.0,2.0,2.0,2.0,2.0,2.0,2.0,2.0,2.0,2.0,2.0,2.0,2.0,2.0,2.0,2.0,2.0,2.0,2.0,2.0,2.0,2.0,2.0,2.0,2.0,2.0,2.0,2.0,2.0,2.0,2.0,2.0,2.0,2.0,2.0,2.0,2.0,2.0,2.0,2.1,2.159500077641303,2.2,2.2,2.2,2.2,2.2,2.2,2.3,2.3,2.3,2.3,2.3,2.381809911496833,2.4,2.4,2.4,2.4,2.4,2.5,2.5,2.5,2.5,2.5,2.5,2.5,2.5,2.6,2.6,2.6,2.6,2.6,2.6,2.605998456065578,2.7627137278564304,2.8,2.8,2.8,2.9,2.9,2.9,2.9,3.0,3.0,3.1,3.1,3.1,3.1,3.1,3.2,3.2,3.2,3.2,3.2996368694758242,3.5,3.5,3.5,3.5,3.6,3.7,4.102181339810522
0.2,0.3,0.3,0.3,0.3,0.37979239228716577,0.4,0.4,0.4,0.4,0.4,0.4,0.46877596126454435,0.5,0.5,0.5,0.5,0.5,0.5,0.5,0.5,0.5,0.5,0.5,0.5,0.5,0.5,0.5,0.5,0.5,0.5,0.5,0.5,0.5,0.5,0.5,0.5,0.5,0.5,0.5892733098756082,0.6,0.6,0.6,0.6,0.6,0.6,0.6,0.6,0.6,0.6,0.7,0.7,0.7,0.7,0.7,0.7,0.7,0.7,0.7,0.7,0.7,0.7,0.7,0.7,0.7,0.7,0.7,0.7,0.7,0.7,0.7,0.7,0.7,0.7585750512697501,0.8,0.8,0.8,0.8,0.8,0.8,0.8,0.8,0.8,0.8,0.8,0.8,0.8,0.8,0.8,0.8,0.8,0.8,0.8,0.8,0.8,0.8,0.8,0.8,0.8008886215437286,0.9,0.9,0.9,0.9,0.9,0.9,0.9,0.9,0.9,0.9,0.9,0.9,0.9,0.9,0.9,0.9,0.9,0.9,0.9,0.9,0.9,0.9,0.9,0.9,0.9,0.9,0.9,0.9,0.9,0.9,0.9,0.9,0.9,0.9,0.9,0.9,0.9,0.9,0.9,0.9,0.9,0.9,0.9,0.9,0.9,0.9,0.9,0.9,1.0,1.0,1.0,1.0,1.0,1.0,1.0,1.0,1.0,1.0,1.0,1.1,1.1,1.1,1.1107266901243975,1.2,1.2004461397505906,1.3,1.3,1.3,1.3,1.3,1.3,1.3,1.3,1.3,1.3,1.3,1.3,1.3,1.3,1.3,1.3,1.4,1.4,1.4,1.4,1.4,1.4,1.4,1.4,1.4,1.4,1.4,1.4003907185653643,1.5,1.5,1.7,1.7202076077128368,1.8,1.8,2.0,2.2,2.602726674763153
1.1,1.5221271170439141,1.6,1.6,1.7,1.8,1.8,1.8,1.8,1.8,1.9,1.9,2.0687759612645444,2.1,2.2,2.2,2.2,2.2,2.2,2.2,2.2,2.3,2.3,2.3,2.3,2.3,2.4,2.4,2.4,2.4,2.4,2.4,2.5,2.6,2.6,2.6,2.6,2.7,2.7,2.7,2.7,2.7,2.7,2.7,2.7000358757198555,2.8,2.8,2.8,2.8,2.8,2.830825981018876,2.9,2.9,2.9,2.9,2.9,2.9,2.9,2.9,2.9,2.9,2.9,2.9,3.0,3.0,3.0,3.0,3.0,3.0,3.0,3.0,3.0,3.1,3.1,3.1,3.1,3.1,3.1,3.1945500644173848,3.2,3.2,3.2,3.3,3.3,3.3,3.3,3.3,3.3,3.3,3.3,3.3,3.3,3.3,3.3776615413735667,3.4,3.4,3.5,3.5,3.5,3.5,3.5,3.5,3.5,3.5,3.5,3.5,3.5,3.5,3.5,3.5,3.596926093147823,3.6,3.6,3.6,3.6,3.6,3.6,3.6,3.6,3.6,3.6,3.6,3.6,3.6,3.6,3.6,3.613777036454178,3.7,3.7,3.7,3.7,3.7,3.8,3.8,3.8,3.8,3.8,3.8,3.8,3.8,3.8,3.8,3.8,3.8,3.8,3.8,3.8,3.8,3.8,3.8,3.8,3.8,3.8,3.8,3.8,3.8,3.8,3.8,3.8820773739873062,3.9,3.9,3.9,3.9,3.9,3.946576241885998,4.0,4.0,4.090424139558621,4.2,4.2,4.2,4.2,4.2,4.2,4.2,4.2,4.2,4.2,4.203343888618275,4.4,4.4,4.4,4.4,4.4,4.4,4.579037216079814,4.6,4.6,4.7312240387354505,4.8,4.9,4.9,4.997716733723399,5.0,5.0,5.0,5.082121732823714,5.34272531434765,5.4,5.4,6.101636004857891
0.9,1.3,1.3,1.4,1.4,1.5,1.6,1.6,1.7,1.7,1.7,1.7,1.7,1.8,1.8,1.8,1.8,1.9,1.9,1.9997417543889866,2.0,2.0,2.0,2.0590090298190247,2.1,2.1,2.1,2.1,2.1494582816066528,2.2,2.2,2.2,2.2,2.2,2.3,2.3,2.3,2.3,2.3,2.4,2.4,2.4,2.4,2.4,2.4,2.4,2.4,2.4,2.4,2.5,2.5,2.5,2.6,2.6,2.6,2.6,2.6,2.6,2.7,2.7,2.7,2.7,2.7,2.7,2.7,2.7,2.7,2.7,2.8,2.8,2.8,2.8,2.8,2.8,2.8,2.8,2.9,2.9,2.9,2.9,2.9,2.9,2.9,2.9,2.9,2.9,2.9,2.9,2.9,2.9780507617360144,3.0,3.0,3.0,3.0,3.0,3.0,3.0,3.0,3.0,3.0,3.0,3.0,3.0,3.0,3.0,3.0,3.0,3.0,3.0,3.1,3.1,3.1,3.1,3.1,3.1,3.1,3.1,3.1,3.1,3.1,3.1,3.1,3.1,3.1,3.2,3.2,3.2,3.2,3.2,3.2,3.2,3.3,3.3,3.3,3.3,3.3,3.3,3.3,3.3,3.3,3.3,3.3,3.3,3.3,3.4,3.4,3.4,3.4,3.5,3.5,3.5,3.5,3.5,3.5,3.5,3.5,3.5,3.5,3.5,3.5,3.5,3.5,3.5,3.5,3.5,3.5,3.5,3.5,3.5,3.5,3.6,3.6,3.6,3.6,3.6,3.6,3.6,3.6,3.6,3.7,3.7,3.7,3.7,3.7,3.7,3.7,3.8,3.8,3.8,3.8,3.9,4.2,4.2,4.2,4.2,4.2,4.2,4.371362657173825,4.9,5.0,5.9
0.6994546650473746,0.8,0.9,1.2,1.2,1.2797923922871657,1.3,1.4,1.5,1.5,1.5,1.5,1.6,1.6,1.6,1.6,1.6,1.6,1.7,1.7,1.7,1.7,1.7,1.7,1.7,1.7792566055146068,1.8,1.8,1.8,1.8,1.8,1.8,1.8,1.9,1.9,1.9,1.9,1.9,1.9,1.9,1.9,1.9,1.9,1.9,1.9,1.9,1.9,1.9,1.9,1.9,1.9,1.9,1.9031051118148354,2.0,2.0,2.0,2.0,2.0,2.0,2.0,2.0726395696227597,2.1,2.1,2.1,2.1,2.1,2.1,2.1,2.1,2.1,2.1,2.1,2.1,2.1,2.1,2.1,2.1,2.1,2.1,2.1,2.1,2.1,2.1,2.1,2.1,2.1,2.1,2.1,2.1,2.1780507617360145,2.2,2.2,2.2,2.2,2.2,2.2,2.2,2.2,2.2,2.2,2.2,2.2,2.2,2.2,2.2,2.3,2.3,2.3,2.3,2.3,2.3,2.3,2.3,2.3,2.3,2.3,2.3,2.3,2.3,2.3,2.3,2.3,2.3,2.3,2.3,2.3,2.3,2.3,2.3,2.3,2.3,2.3,2.3,2.3,2.3,2.3,2.4,2.4,2.4,2.4,2.4,2.4,2.4,2.525036691116378,2.6,2.6,2.6,2.7,2.7,2.7,2.7,2.7,2.7,2.7,2.7,2.8,2.8,2.8,2.8,2.9,2.9,2.9107266901243976,3.0,3.0,3.0,3.0,3.0,3.0,3.1,3.1,3.1,3.1,3.1,3.1,3.1,3.2,3.2,3.3,3.3,3.3,3.3,3.3,3.3,3.3,3.3,3.3,3.3,3.3,3.3,3.5,3.5,3.5,3.5,3.5,3.606829935472439,3.8,3.9,4.34272531434765,4.4,4.555745765912172,5.4
1.2989093300947494,1.5221271170439141,1.6,1.7,1.8,1.8,1.8,1.8,1.8,1.8,1.8,1.9,1.9,1.9,1.9,1.9,1.9860145100745634,2.0,2.1,2.1,2.1,2.1,2.1,2.1,2.119852465712776,2.2,2.2,2.2,2.2,2.2,2.2,2.3,2.3,2.3,2.358468122724821,2.4,2.4534237581140017,2.5,2.6,2.6,2.6,2.6,2.6,2.6,2.7,2.7,2.7,2.7,2.7,2.7,2.7,2.7,2.7,2.738454272860062,2.8,2.8,2.9,2.9,2.9,2.9,2.9,2.9,2.9,2.9,2.9,2.9,2.9,2.9,2.9,2.9,2.9,3.0,3.0,3.0,3.0,3.0,3.0,3.0,3.0,3.0,3.0,3.0,3.0,3.0,3.0,3.0,3.1,3.1,3.1,3.1,3.1,3.1,3.1528705692421486,3.2,3.2,3.2,3.2,3.2,3.2,3.2,3.25,3.3,3.3,3.3,3.3,3.3,3.3,3.3,3.3,3.3,3.3,3.3,3.3,3.3,3.3,3.3,3.3,3.3,3.3002692641843905,3.4,3.4,3.4,3.4,3.4,3.4,3.4,3.4,3.4,3.4,3.4,3.425893173330689,3.5,3.5,3.5,3.5,3.5,3.6,3.6,3.6,3.6,3.6,3.6,3.6,3.6,3.6,3.6,3.6,3.6,3.6,3.6,3.6,3.6,3.6436777716743394,3.7,3.7,3.7,3.7,3.7,3.7,3.7,3.7,3.710726690124398,3.8,3.8,3.8,3.8,3.8,3.8,3.840306890980156,3.9,3.9,3.9,3.9,3.9,3.9,4.0,4.0801475342872315,4.1,4.2,4.2,4.2,4.2,4.2,4.2,4.2,4.2,4.2,4.2,4.2312240387354505,4.417525236657525,4.6,4.6,4.6,4.8,5.013659870944878,5.4,5.4,5.4,5.4,5.633618648868259,5.9
1.1994546650473745,1.3,1.5,1.5,1.5,1.5,1.5,1.6,1.6,1.6,1.7,1.7,1.7,1.8,1.8,1.8,1.8,1.8,1.8,1.8,1.9,1.9,1.9,1.9,1.9,1.9,1.9,1.9,1.9,1.9,1.9,1.9,1.9,1.9,1.9,1.90640601215474,2.0,2.0,2.0,2.089273309875608,2.1,2.1,2.1,2.1,2.2,2.2,2.2,2.2,2.2,2.2,2.2,2.2,2.2,2.2,2.2,2.2,2.2,2.2,2.3,2.3,2.3,2.3,2.3,2.3,2.3,2.3,2.3,2.3,2.3,2.3,2.3,2.3,2.3,2.3,2.3,2.3,2.3,2.4,2.4,2.4,2.5,2.5,2.6,2.6,2.6,2.6,2.6,2.6,2.6,2.6780507617360145,2.7,2.7,2.7,2.7,2.7,2.7,2.7,2.7,2.7,2.7,2.7,2.7,2.7,2.8,2.8,2.8,2.8,2.8,2.8471294307578545,2.9,2.9,2.9,2.9,2.9,2.9,2.9,2.9,2.9,2.9,2.9,2.9,2.9,2.905449935582612,3.0,3.0,3.0,3.0,3.0,3.0,3.0,3.0,3.0,3.0,3.0,3.0,3.0,3.0,3.0,3.1,3.1,3.1,3.1,3.1,3.1,3.1,3.1,3.1,3.1,3.1,3.1,3.1,3.1,3.2,3.2,3.2,3.2,3.2,3.3,3.3,3.3,3.3,3.3,3.3,3.3,3.3,3.3,3.3,3.4,3.4,3.4,3.4,3.4,3.4,3.4,3.5,3.5,3.5,3.5,3.5,3.5,3.6,3.6,3.6,3.6,3.6,3.6,3.6,3.6,3.7,3.8,3.8,3.9,3.9,3.9996368694758244,4.2,4.2,4.2,4.4,4.6,5.311491531824345,5.9
0.4,0.5,0.5854855139391493,0.7,0.7,0.7,0.7,0.7,0.7,0.7,0.7,0.7,0.7,0.7,0.7325549936923018,0.8,0.8,0.8,0.8,0.8,0.8,0.8,0.8,0.8,0.8,0.8,0.8,0.8,0.8,0.8,0.8,0.8,0.8,0.8,0.8,0.9,0.9,0.9,0.9,0.9,0.9,0.9,0.9,0.9,0.9,0.9,0.9,0.9,0.9,0.9,0.9,0.9,0.9,0.9,1.0,1.1,1.1,1.1,1.2,1.2,1.2,1.2,1.2,1.2,1.2,1.2,1.2,1.2,1.2,1.2,1.2,1.2,1.2,1.2,1.2,1.2,1.2,1.2677877762521887,1.3,1.3,1.3,1.3,1.3,1.3,1.3,1.3,1.3,1.3277108492161205,1.4,1.4,1.4,1.4,1.4,1.4,1.5,1.5,1.5,1.5,1.5,1.5,1.5,1.5,1.5,1.5,1.5,1.5,1.5,1.6,1.6,1.6,1.6,1.6219492382639886,1.7,1.7,1.7,1.7,1.7,1.7,1.7,1.7,1.7,1.7,1.7,1.7,1.7,1.7,1.8,1.8,1.8,1.8,1.8,1.8,1.8,1.8,1.8,1.8,1.8026769483789848,1.9,1.9,1.9,1.9,1.9,1.9,1.9,1.9,1.9,1.9,1.9,1.9,1.9,1.9,1.9,1.9,1.9,1.9,1.9,1.9,1.9,2.0,2.0,2.0,2.0,2.0,2.1,2.1,2.1,2.1,2.1,2.1,2.2,2.2,2.2,2.2,2.2,2.2,2.2,2.2,2.2,2.2,2.2,2.3,2.3,2.3,2.3,2.3,2.3,2.3,2.3,2.3,2.3,2.3,2.3003907185653643,2.4,2.5992737389516494,2.7,2.7,2.7,2.7713626571738246,3.1,3.5336186488682584,3.600545334952631
0.6,0.6,0.6,0.6,0.7,0.7,0.7,0.7,0.8,0.8,0.8928667015533229,1.0,1.0687759612645444,1.1,1.1,1.1,1.1,1.1,1.1,1.1,1.1,1.1,1.1,1.1,1.1,1.1,1.1,1.1,1.1,1.1,1.1,1.1,1.1,1.1,1.1,1.1,1.1,1.1,1.1,1.1,1.1329201988926882,1.3,1.3,1.3,1.3,1.3,1.3,1.3,1.3,1.3,1.3,1.3,1.3,1.3,1.3,1.3,1.3,1.3,1.3,1.3,1.3,1.3,1.3,1.4,1.4,1.5,1.5,1.5,1.5,1.5,1.5,1.5,1.5,1.5,1.5,1.6,1.6,1.6,1.6,1.6,1.6,1.6,1.6,1.6,1.6,1.6,1.6,1.6,1.6,1.6,1.6,1.6,1.6,1.6,1.6,1.6,1.6,1.6,1.6,1.6,1.6,1.6,1.6,1.6,1.6,1.6,1.6,1.6,1.6,1.6,1.6,1.7,1.7,1.7,1.7,1.7,1.7,1.7,1.7,1.7263033519292548,1.8,1.8,1.8,1.8,1.8,1.9,1.9,2.0,2.0,2.0,2.0,2.0,2.0,2.0,2.0,2.0,2.1,2.1,2.1,2.1,2.1273604303772347,2.2,2.2,2.2,2.3,2.3,2.326701204161429,2.4,2.4,2.4,2.4,2.4,2.4,2.4,2.4,2.4,2.4,2.4,2.4,2.4,2.4,2.4,2.4,2.4,2.4,2.4,2.4,2.4,2.4,2.4,2.4431988438802077,2.5,2.5,2.6,2.6,2.6,2.6,2.6409909701809737,2.8,2.8,2.8,2.9,2.9,3.0,3.0,3.0895186080399073,3.1,3.3,3.3,3.4,3.5,3.700781437130729,3.9,4.1,4.206829935472439,4.320207607712836,5.0,6.3,7.029028972121694,8.4,8.811997368957874
0.6,0.6,0.6,0.6,0.6,0.7,0.7,0.7,0.7,0.7,0.8,0.8,0.8687759612645444,1.0,1.0,1.0,1.0860145100745635,1.1,1.1,1.1,1.1,1.1,1.1,1.1,1.1,1.1,1.1,1.1,1.1,1.1,1.1,1.1,1.1,1.1,1.1,1.1,1.1,1.1,1.1,1.1,1.1,1.1,1.2,1.3,1.3,1.3,1.3,1.3,1.3,1.3,1.3,1.3,1.3,1.3,1.3,1.3,1.3,1.3,1.3,1.3,1.3,1.3,1.3,1.3,1.3,1.3275897391896876,1.4,1.4,1.5,1.5,1.5,1.5,1.5,1.5,1.5,1.5,1.6,1.6,1.6,1.6,1.6,1.6,1.6,1.6,1.6,1.6,1.6,1.6,1.6,1.6,1.6,1.6,1.6,1.6,1.6,1.6,1.6,1.6,1.6,1.6,1.6,1.6,1.6,1.6,1.7,1.7,1.7,1.722338458626433,1.8,1.8,1.8,1.8,1.8,1.8,1.9,2.0,2.0,2.0,2.0,2.0,2.0,2.0,2.1,2.1,2.1,2.1,2.1,2.1,2.2,2.2,2.2,2.2545931739625815,2.3,2.3,2.3424803955893423,2.4,2.4,2.4,2.4,2.4,2.4,2.4,2.4,2.4,2.4,2.4,2.4,2.4,2.4,2.4,2.4,2.4,2.4,2.4,2.4,2.4,2.4,2.4,2.4820773739873063,2.5,2.6,2.6,2.6,2.6,2.6,2.6,2.7,2.790424139558621,2.8,2.8,2.8431988438802076,2.9,2.9,3.0,3.0,3.1,3.1,3.3,3.4,3.4672825715857356,3.5,3.700516491222038,4.038974105858608,4.140688082251233,4.3,4.389518608039907,4.4,5.0,5.9,6.3,6.3,6.3,6.6,7.0,7.2,7.2,8.4,8.471362657173824,8.5,8.8,10.303817344668415
0.39890933009474927,0.5221271170439141,0.6,0.6,0.6,0.6,0.6,0.6,0.6,0.6,0.6,0.7,0.7,0.7,0.7,0.7,0.7,0.7,0.7,0.7,0.7,0.7,0.7,0.7,0.7,0.7,0.7,0.7,0.7,0.7,0.7,0.7,0.7,0.7,0.7,0.7,0.7,0.7,0.7,0.7,0.7,0.7,0.7,0.7,0.7,0.7,0.7,0.7,0.7,0.7,0.7,0.7,0.7,0.7,0.7,0.7,0.7,0.7,0.7,0.7,0.7,0.7,0.7,0.7,0.7,0.7,0.7,0.7,0.7,0.7,0.7,0.7,0.7,0.7,0.7,0.8,0.8,0.8,0.8,0.821115852667802,0.9,0.9,0.9997307358156036,1.0,1.0,1.0,1.0,1.0,1.0,1.0,1.0,1.0,1.0,1.0,1.0,1.0,1.0,1.1,1.1,1.1,1.1,1.1,1.1,1.1,1.1,1.1,1.1,1.1,1.1,1.1,1.1,1.1,1.1,1.1,1.1,1.1,1.1,1.1,1.1,1.1,1.1,1.1,1.1,1.1,1.1,1.1,1.2,1.2414249487302413,1.3,1.3,1.3,1.3,1.3,1.3,1.3,1.3,1.3,1.3,1.3,1.3,1.3,1.3,1.3,1.3,1.3,1.3,1.3,1.3,1.3968948881851644,1.4,1.4,1.4,1.4,1.4818099114968333,1.5,1.5,1.5,1.6,1.6,1.6,1.6,1.6,1.7,1.7,1.7,1.7,1.7,1.8,1.8,1.8,1.843198843880208,1.9,1.9,1.9,2.0,2.0,2.1,2.1,2.2,2.3,2.3,2.3,2.4,2.4,2.5,2.6,2.6,2.7,2.8,2.8,2.8142665968933556,3.1003907185653645,3.2,3.2996368694758242,3.5,3.5,3.7,4.042725314347649,4.1145144860608465,4.455745765912172,4.804362679621044
0.6,0.6221271170439141,0.7,1.028637342826178,1.1,1.2,1.2931700645275617,1.3,1.3,1.3996092814346326,1.4,1.4,1.5,1.5,1.5,1.5,1.5,1.5,1.5,1.5,1.5,1.5,1.5,1.559009029819025,1.6,1.6,1.6,1.6,1.6,1.6,1.7,1.7,1.7,1.7,1.7,1.8,1.8,1.8,1.8,1.9,1.9,1.9,1.9,1.9,1.9,1.9,1.9,1.9,1.9,1.9,1.9,1.9,2.0,2.0,2.0,2.0,2.0,2.0,2.0,2.0,2.0,2.0,2.0,2.0,2.097323051621021,2.1,2.1,2.1,2.1,2.1,2.1,2.1,2.1,2.1,2.1,2.1,2.1,2.1,2.1945500644173848,2.2,2.2,2.2,2.2,2.2,2.2,2.2,2.2,2.3,2.3,2.3,2.3,2.3,2.3,2.3,2.3,2.3,2.3517089421772566,2.4,2.4,2.4,2.4,2.4,2.4,2.4,2.4,2.4729278915505746,2.5,2.5,2.5,2.5,2.596926093147823,2.6,2.6,2.6,2.6,2.6,2.6,2.6,2.6,2.6,2.6,2.6,2.6,2.6,2.6,2.6,2.6,2.6414249487302413,2.7,2.7,2.7,2.7,2.7,2.8,2.8,2.8,2.8,2.8,2.8,2.8,2.8,2.8,2.8,2.8,2.8,2.8,2.8,2.8,2.8,2.8,2.8,2.9,2.9,2.9,2.9,3.0,3.0,3.0,3.1,3.2,3.2,3.2,3.2,3.2,3.246576241885998,3.3,3.4,3.4,3.4,3.4,3.4,3.4,3.4,3.4,3.5,3.5,3.5,3.5,3.5,3.5,3.5,3.5,3.5,3.6,3.6,3.6,3.6674450063076964,3.7,3.7,3.8,3.8,3.8003907185653643,4.1,4.2,4.5,4.640415215425673,4.8,6.399538600216772,7.0,7.2,10.303817344668415
0.6,0.6,0.7,1.028637342826178,1.1589391335881383,1.2,1.3,1.3,1.4,1.4,1.4,1.4,1.5,1.5,1.5,1.5,1.5,1.5,1.5,1.5,1.5,1.5,1.5,1.5,1.6,1.6,1.6,1.6,1.6,1.6,1.6,1.6,1.6,1.7,1.7,1.7,1.753423758114002,1.8,1.8,1.8,1.8329201988926882,1.9,1.9,1.9,1.9,1.9,1.9,1.9,1.9,1.9,1.9,1.9,1.9,1.9,1.9,2.0,2.0,2.0,2.0,2.0,2.0,2.0,2.0,2.0,2.0,2.0,2.0,2.0,2.1,2.1,2.1,2.1,2.1,2.1,2.1,2.1,2.1,2.1,2.1945500644173848,2.2,2.2,2.2,2.2,2.2,2.2,2.2,2.2,2.2,2.25293269309945,2.3,2.3,2.3,2.3,2.3,2.3,2.3,2.3,2.3,2.3,2.3254485778107465,2.4,2.4,2.4,2.4,2.4,2.4,2.4,2.4,2.5,2.5,2.5,2.5,2.5,2.5,2.5976236808611417,2.6,2.6,2.6,2.6,2.6,2.6,2.6,2.6,2.6,2.6,2.6,2.6,2.6,2.7,2.7,2.7,2.7,2.7,2.8,2.8,2.8,2.8,2.8,2.8,2.8,2.8,2.8,2.8,2.8,2.8,2.8,2.8,2.8,2.8,2.8,2.8,2.8,2.8,2.8,2.9,2.9,2.9,2.9,3.0,3.0,3.067079801107315,3.1,3.2,3.2,3.2,3.2,3.2,3.2,3.3,3.3,3.3431988438802076,3.4,3.4,3.4,3.4,3.4,3.5,3.5,3.5,3.5,3.5,3.5,3.5,3.5,3.5139854899254375,3.6,3.6,3.6479444411106843,3.7,3.7,3.8,3.8003907185653643,4.1,4.2,4.406829935472439,4.520207607712837,4.8,5.9,7.014514486060847,7.2,8.410361364099982
0.2,0.2,0.2,0.2,0.3,0.3,0.3,0.4,0.40228326627659644,0.5,0.5,0.5,0.5,0.5,0.5,0.5104813919600965,0.6,0.6,0.6,0.6,0.6,0.6,0.6,0.6,0.6,0.6,0.6,0.6,0.6,0.6,0.6,0.6,0.6,0.7,0.7,0.7,0.7,0.7,0.7,0.7,0.7,0.7,0.7,0.7,0.7,0.7,0.7,0.7,0.7,0.7,0.7,0.7,0.8,0.8,0.8,0.8,0.8,0.8,0.8,0.8,0.8,0.9,0.9,0.9,0.9,0.9,0.9,0.9,0.9164165237127208,1.0,1.0,1.0,1.0,1.0,1.0,1.0,1.1,1.1,1.1,1.1,1.1,1.2,1.2,1.2,1.2,1.2,1.2,1.2,1.2,1.2,1.2,1.2,1.2,1.2,1.2,1.2,1.2,1.2,1.2,1.2,1.2,1.2,1.3,1.3,1.3,1.3,1.3,1.4,1.4,1.4,1.4,1.4,1.4,1.4,1.4976236808611418,1.5,1.5,1.5,1.5,1.5,1.5,1.5,1.5,1.5,1.5,1.5,1.5,1.5,1.5,1.5,1.5,1.5,1.5,1.5,1.5,1.5,1.5,1.5,1.5,1.5,1.5,1.5,1.5,1.5,1.5,1.5,1.5,1.5,1.5968948881851646,1.6,1.6,1.6,1.6436777716743394,1.7,1.7,1.7,1.7,1.7,1.7,1.7,1.7,1.7,1.7,1.7,1.7,1.7,1.7,1.8,1.8,1.8,1.8,1.8,1.8,1.8,1.8,1.8,1.8,1.8,1.8,1.8,1.8,1.9,1.9,1.9,2.0,2.0,2.0,2.0,2.0,2.0,2.0,2.1,2.1,2.1,2.2,2.2,2.3,2.6,2.8145144860608466,2.977872882956086,3.6
0.7994546650473747,1.2,1.5854855139391493,1.7286373428261779,1.9,1.9,1.9,1.9,2.0,2.1,2.1,2.1,2.2,2.2520555588893196,2.4,2.4,2.5,2.7593119177487657,2.8,2.8,2.8,2.9,2.9,3.1,3.1,3.2792566055146066,3.4,3.5,3.5,3.5037085797800698,3.6,3.6,3.6,3.6,3.6,3.7,3.7,3.7,3.7,3.7,3.7,3.7,3.7,3.7,3.8,3.840067539952498,3.9,4.0,4.0,4.187722468662076,4.2,4.2,4.2,4.2,4.2,4.5,4.5,4.5,4.5,4.6,4.7,4.7,4.7,4.7,4.7,4.7,4.7,4.7,4.8,4.8,4.8,4.8,4.8,4.8,4.8,4.8,4.8,4.8,4.8,4.8,4.8,4.8,4.8,4.825606498421527,4.9,4.9,4.9,4.9,4.9,4.9,5.018443441113095,5.6,5.6,5.6,5.6,5.6,5.6,5.6,5.6,5.6,5.6,5.674551422189251,6.098222756912537,6.1,6.1,6.1,6.1,6.1,6.1,6.1,6.1,6.1,6.1,6.1,6.1,6.1,6.1,6.1,6.1,6.1,6.1,6.1,6.1,6.1,6.1,6.1,6.1,6.1,6.1,6.1,6.1,6.1,6.1,6.1,6.1,6.1,6.1,6.1,6.1,6.1,6.1,6.1,6.1,6.1,6.1,6.1,6.1,6.1,6.1,6.1,6.1,6.1,6.1,6.1,6.1,6.1,6.299928248560275,6.3,6.3,6.3,6.3,6.3,6.3,6.3,6.4,6.4,6.4,6.4,6.4,6.4,6.4,6.4,6.4,6.4,6.4,6.6,6.6,6.6,6.6,6.6,6.6,6.6,6.6,6.6,6.641956469776312,6.9,6.9,6.9,7.0,7.017525236657525,8.4,8.4,8.4,8.4,8.4,8.480830430851347,8.8,8.8,8.8,8.8,10.303817344668415
0.2,0.32212711704391417,0.5,0.6,0.6,0.6,0.7,0.7,0.7,0.7,0.7,0.7,0.7,0.7,0.7325549936923018,0.8,0.8,0.8,0.8,0.8,0.8,0.9,0.9,0.9,0.9,0.9,0.9,0.9,0.9,0.9,0.9,1.0,1.0,1.0,1.0,1.0,1.053423758114002,1.1,1.1,1.1,1.1,1.1,1.1,1.1,1.1,1.1,1.1,1.1,1.1,1.1,1.1,1.1,1.1,1.1,1.1,1.1,1.2,1.2,1.2,1.2,1.2,1.2,1.2,1.2,1.2,1.2,1.2,1.2,1.2,1.2,1.2,1.3,1.3,1.3,1.3,1.3,1.3,1.3,1.3,1.3,1.3,1.3,1.3,1.3256064984215272,1.4,1.4,1.4,1.4,1.4,1.4,1.4,1.4,1.4,1.4,1.4,1.4,1.4,1.4,1.4,1.4,1.4,1.4,1.4,1.4,1.4,1.4,1.4,1.4,1.4,1.4,1.4,1.4,1.4,1.4,1.4,1.4,1.4,1.4,1.4,1.4,1.4,1.4,1.5,1.5,1.5,1.5,1.513777036454178,1.6414249487302415,1.7,1.7,1.7,1.7,1.7,1.7,1.7,1.7,1.7,1.7,1.7,1.7,1.7,1.7,1.7,1.7,1.7,1.7,1.7,1.7,1.7,1.7,1.7,1.7,1.7,1.7,1.7,1.7,1.7,1.7,1.7,1.7,1.7,1.7,1.7,1.7,1.7,1.7,1.7,1.7,1.8,1.8,1.8,1.8,1.8,1.8,1.8,1.8,1.8,1.8,1.8,1.8,1.8328902688179483,1.9,1.9,1.9,1.9,1.9,2.0,2.0,2.0,2.1,2.2,2.2,2.2,2.2,2.2,2.2,2.3,2.3,2.6,2.6,3.102726674763153
0.6994546650473746,0.9885084681756567,1.385485513939149,1.528637342826178,1.6589391335881383,1.8,1.8,1.9,1.9022832662765963,2.0996092814346325,2.2,2.282474763342478,2.3,2.3520555588893193,2.4,2.4,2.4,2.5,2.5,2.5,2.6,2.6,2.6,2.6,2.7,2.7,2.737286272143571,2.8,2.8,2.8,2.8,2.8,2.8,2.8,2.8,2.8,2.8,2.8,2.9,2.9,2.9,2.9,2.9,2.9,3.0,3.0,3.0,3.0,3.0,3.0,3.0,3.1,3.1,3.1384542728600624,3.2,3.2,3.2,3.2,3.2,3.2,3.2,3.2,3.2,3.2,3.2,3.2,3.2,3.2,3.2,3.2,3.2,3.202527623325867,3.3,3.3,3.3,3.3,3.3,3.3,3.3,3.3,3.3,3.3,3.3,3.3,3.3,3.3,3.3,3.3,3.3,3.3,3.303073906852182,3.4,3.4,3.5,3.5,3.5,3.5,3.5,3.5,3.5,3.5,3.5,3.5,3.5,3.5,3.5,3.5,3.5,3.5,3.5,3.5,3.5,3.5,3.5,3.5976236808611417,3.6,3.6,3.6,3.6,3.6,3.6,3.6,3.7,3.7,3.7591808414844934,3.8,3.8,3.8,3.8,3.8,3.8,3.8,3.8,3.8,3.8,3.8,3.8,3.8,3.8,3.8,3.8,3.8,3.8,3.8,3.9584621129678395,4.0,4.1,4.1,4.1,4.1,4.1,4.1,4.1,4.2,4.2,4.2,4.2,4.2,4.2,4.2,4.2,4.2,4.2,4.2,4.2,4.2,4.2,4.2,4.2,4.2,4.2,4.2,4.25054171839335,4.3,4.3,4.3,4.3,4.3,4.3,4.467282571585736,4.5,4.5,4.5,4.5,4.6,4.6,4.6,4.6,4.7,4.7,4.7,4.7,4.7,4.7,4.7,4.9,5.2,5.2,5.2,5.6,5.9
0.6994546650473746,0.7,0.8,1.1,1.2589391335881381,1.3,1.4,1.5,1.5,1.6,1.6,1.6,1.6,1.8,1.8,1.8,1.8,1.9,1.9,1.9,1.9,1.9,1.9,1.9,1.9,1.9792566055146068,2.0,2.0,2.0,2.1,2.1,2.1,2.1,2.1,2.2,2.20640601215474,2.3,2.3,2.3,2.389273309875608,2.4,2.4,2.417922626012691,2.5,2.5,2.5,2.5,2.6,2.6,2.6,2.6,2.6,2.6,2.6,2.6,2.6,2.6,2.6,2.6,2.6,2.6,2.7,2.7,2.7,2.7,2.7,2.7,2.7,2.8,2.8,2.8,2.8,2.8,2.8,2.8,2.9,2.9,2.9,2.9,3.0,3.0,3.0,3.0,3.0,3.0,3.0,3.0,3.0,3.1,3.1,3.1030739068521824,3.2,3.2,3.2,3.2,3.2,3.2,3.2,3.2,3.2,3.2,3.2,3.2,3.2,3.248291057822746,3.3,3.3,3.3,3.3,3.3,3.3,3.3,3.3,3.3,3.3,3.4,3.4,3.5,3.5,3.5,3.5,3.5,3.5,3.5,3.5,3.5,3.5,3.5,3.5,3.5,3.5,3.5,3.5,3.5128753795290435,3.6,3.6,3.6,3.6,3.6,3.6,3.7,3.7,3.7,3.7,3.7,3.7,3.7267012041614294,3.8,3.8,3.8,3.8,3.8,3.8,3.8,3.8,3.8,3.8,3.8,3.8,3.8,3.8,3.8,3.8,3.8,3.8,3.8,3.8,3.8,3.8,3.8,3.8,3.9925828404398658,4.1,4.1,4.1,4.1,4.1,4.1,4.1,4.2,4.2,4.2,4.2,4.2,4.2,4.2,4.3,4.3,4.3,4.3,4.3,4.5,4.5,4.6,4.6,4.7,4.7,4.7,4.943543458182541,5.677872882956086,5.903817344668415
0.2,0.3,0.3,0.3,0.3,0.3,0.3,0.3,0.3,0.4,0.4,0.4,0.4,0.4,0.4,0.4,0.4,0.4,0.4,0.4,0.4,0.4,0.4,0.4,0.4,0.4,0.4,0.4,0.4,0.4,0.4,0.4,0.4,0.4,0.4,0.4,0.4,0.4,0.4,0.4,0.4329201988926883,0.5,0.5,0.5,0.5,0.5,0.5,0.5,0.5,0.5,0.5,0.5,0.5,0.5,0.5,0.5,0.5,0.5,0.5,0.5,0.5,0.5,0.5,0.5,0.5,0.5,0.5,0.5,0.6,0.6,0.6,0.6,0.6,0.6,0.6,0.6136342526696893,0.7,0.7,0.7,0.7,0.7,0.7,0.7,0.7,0.7,0.7,0.7,0.7,0.7,0.7,0.7,0.7,0.7,0.7,0.7,0.7,0.7,0.7,0.7,0.7,0.7,0.7,0.7,0.7,0.7,0.7,0.7,0.7223384586264331,0.8,0.8,0.8,0.8,0.8,0.8,0.8,0.8,0.8,0.8,0.8,0.8,0.8,0.8,0.8,0.8,0.8,0.8,0.9,0.9,0.9,0.9,0.9,0.9,0.9,0.9,0.9,0.9,0.9,0.9,0.9,0.9,0.9,0.9,0.9,0.9,0.9,0.9,0.9,0.9,0.9,0.9,0.9,0.9,0.9,0.9,0.9,0.9,0.9,0.9,0.9,0.9242052584359556,1.0,1.0,1.0,1.0,1.0,1.0,1.0,1.0,1.0,1.0,1.0,1.0,1.0,1.0,1.1,1.1,1.1,1.1,1.1,1.1,1.1,1.1,1.1,1.3,1.3,1.3,1.3,1.3,1.3,1.3,1.4,1.4,1.4,1.4,1.4,1.4,1.441060866411857,1.5,1.7,1.7,2.0
0.49781866018949855,0.6,0.7854855139391493,0.9,0.9,0.9,1.0,1.1,1.2,1.2,1.2,1.2,1.3,1.3,1.3,1.3,1.3,1.3,1.3,1.4,1.4,1.5,1.5,1.5,1.5198524657127763,1.6,1.6,1.6,1.6,1.6,1.6,1.6,1.6,1.6,1.6,1.6,1.6,1.6995538602494094,1.7,1.7,1.7,1.7,1.7,1.7,1.7,1.7,1.7,1.8,1.8,1.8,1.8,1.8,1.8,1.8,1.8,1.8,1.8,1.8,1.8079458502902526,1.9,1.9,1.9,2.0,2.0,2.0,2.0,2.0575196044106634,2.1,2.1,2.1,2.1,2.1,2.1,2.1,2.1,2.1,2.1,2.1,2.2,2.2,2.2,2.2,2.2,2.2,2.2,2.2,2.2,2.2,2.2,2.2,2.2030739068521825,2.3,2.3,2.3,2.3,2.3,2.3,2.3,2.3,2.3,2.3,2.3,2.3,2.3,2.3,2.4,2.4,2.4,2.4,2.4,2.4,2.4,2.4,2.4,2.4,2.5,2.5,2.5,2.5,2.5,2.5,2.6,2.6,2.6,2.6,2.6,2.6,2.6,2.6,2.697472376674125,2.7,2.7,2.7,2.8,2.8,2.8,2.8,2.8,2.8,2.8,2.8,2.8,2.8,2.8,2.8,2.8923452141771633,2.9,2.9,2.9,2.9,2.9,2.9,2.9,2.9,3.0,3.0,3.0,3.0,3.0820773739873064,3.1,3.167079801107315,3.2,3.2,3.2,3.2,3.2,3.2,3.2,3.2,3.2,3.2,3.3,3.3,3.3,3.3,3.3,3.3,3.3,3.303343888618275,3.5,3.5,3.5,3.6,3.6,3.7,3.7,3.7,3.7,3.731224038735451,3.8,3.8,3.900781437130729,4.197716733723399,4.299636869475824,4.406829935472439,4.9,4.9,5.314087971521474,6.6,8.134474595473035,8.40054533495263
0.2994546650473746,0.5,0.6,0.6,0.6,0.6,0.6,0.6,0.6,0.6,0.6,0.6,0.6,0.6,0.6,0.6,0.6,0.6,0.6,0.6,0.6671097311820503,0.7,0.7,0.7,0.7,0.7,0.7,0.7940015439344208,0.8,0.8,0.8,0.8,0.8,0.8,0.8,0.9,0.9,0.9,0.9,0.9,0.9,0.9,0.9,0.9,0.9000358757198555,1.0,1.0,1.0181900885031638,1.1,1.1,1.1,1.1,1.1,1.1,1.1,1.1,1.1,1.2,1.2,1.2,1.2,1.2,1.2,1.2,1.2,1.2,1.2,1.2871246204709537,1.3,1.3,1.3,1.3,1.3,1.3,1.3,1.3,1.3,1.3,1.3,1.3,1.3,1.3,1.3,1.3,1.3,1.3,1.3,1.3,1.3,1.3,1.3,1.3,1.3,1.3,1.3,1.3,1.3,1.3,1.3,1.3,1.3,1.3,1.3,1.3,1.3,1.3,1.3,1.3,1.3,1.3,1.3,1.3,1.3470673069005499,1.4,1.4,1.4,1.4,1.4,1.4002692641843906,1.5,1.5,1.5,1.5,1.5,1.5,1.5,1.5,1.5,1.5,1.5,1.6,1.6,1.6,1.6,1.6,1.6,1.6,1.6,1.6,1.6,1.6,1.6,1.6,1.6,1.6,1.6,1.6,1.6,1.6,1.6,1.6,1.6,1.6,1.6,1.7,1.7,1.7,1.7,1.7,1.7,1.7,1.7,1.7,1.8,1.8,1.8,1.9,1.9,2.0,2.0,2.0,2.0,2.0,2.1,2.1,2.1207433944853906,2.2,2.2,2.2,2.2,2.3,2.3,2.4,2.4,2.5,2.5895186080399073,2.6,2.6,2.6,2.7,2.8,2.8,2.8,2.8,2.9,3.0,3.0,3.171362657173825,3.3,3.477872882956086,3.8
0.19945466504737464,0.3,0.4854855139391493,0.5,0.5,0.5,0.5,0.5003631305241729,0.6,0.6,0.6,0.6,0.6,0.6,0.6,0.6,0.6,0.6,0.6,0.6,0.6,0.6,0.6,0.6,0.6,0.6,0.6,0.6,0.6,0.6,0.6,0.6,0.6,0.6,0.6,0.6,0.6,0.6,0.6,0.6,0.6,0.6,0.6,0.6,0.6,0.6,0.6,0.6,0.6,0.6,0.6,0.6,0.7,0.7,0.7,0.7,0.7,0.7,0.7,0.7,0.7,0.7,0.7,0.8,0.8,0.8,0.8,0.8,0.8,0.8,0.8,0.8025276233258666,0.9,0.9,0.9,0.9,0.9,0.9,0.9,0.9,0.9,0.9,0.9,0.9,0.9,1.0,1.0,1.0,1.0,1.0,1.0030739068521826,1.1,1.1,1.1,1.1,1.1,1.1,1.2,1.2,1.2,1.2,1.2,1.2,1.2,1.2,1.2,1.2,1.2,1.2,1.2,1.2,1.2,1.24706730690055,1.3,1.3,1.3,1.3,1.3,1.3,1.3,1.3,1.3,1.3,1.3,1.3,1.3,1.3,1.3,1.3,1.3,1.3,1.3,1.3,1.3,1.3,1.3,1.3,1.3,1.3,1.3,1.3,1.3,1.3,1.3,1.3,1.3,1.3,1.3,1.3,1.3,1.3,1.4,1.4,1.4,1.4,1.4,1.4,1.4,1.482077373987306,1.5,1.5,1.5,1.5,1.5,1.5,1.5,1.5,1.5,1.5403068909801563,1.6,1.6,1.6,1.6,1.6,1.6,1.6,1.6,1.6,1.6,1.6672825715857358,1.7,1.7,1.7,1.7,1.7,1.7,1.7,1.747944441110684,1.8,1.9,2.0,2.0,2.1,2.1,2.2,2.2,2.3,2.4713626571738248,2.6,2.8,2.901090669905261
0.39890933009474927,0.6,0.6,0.7,0.7,0.7,0.7,0.7,0.7,0.7,0.7,0.7,0.7,0.8,0.8,0.8,0.8,0.8,0.8,0.8,0.8,0.8,0.9,0.9,0.9,0.9,0.9,0.9,0.9,0.9,0.9,0.9,0.9,0.9,0.9,1.0,1.0,1.0,1.0,1.0,1.0,1.0,1.0,1.0,1.1,1.1,1.1,1.1,1.1,1.1,1.1,1.167234718804218,1.2,1.2,1.2,1.2,1.2,1.2,1.2,1.2,1.2,1.2,1.2,1.2,1.2,1.2,1.2,1.2,1.2,1.2,1.2,1.2025276233258666,1.3,1.3,1.3,1.3,1.3,1.3,1.3,1.3,1.3,1.3,1.3,1.3,1.3,1.3,1.3,1.3,1.3,1.3,1.3,1.3,1.3,1.3,1.3,1.3,1.3,1.3,1.3,1.3,1.3,1.3,1.3,1.3,1.3,1.3,1.3,1.3,1.3,1.3,1.3,1.3,1.3,1.3,1.3,1.3,1.3,1.37439350157847,1.4,1.4,1.4,1.4,1.4,1.4,1.4,1.4,1.4,1.4,1.4,1.4,1.4,1.4,1.4,1.5,1.5,1.5,1.5,1.5,1.5,1.5,1.5,1.5,1.5,1.5,1.5,1.5,1.5,1.5,1.5,1.5,1.5,1.5,1.5,1.5,1.6,1.6,1.6,1.6,1.6,1.6,1.6670798011073145,1.7,1.7,1.7,1.8,1.8,1.8,1.8,1.8,1.8,1.9,1.9,1.9,1.9,1.9,1.9,1.9,1.9,2.0,2.0,2.0,2.0,2.0,2.0,2.0,2.0,2.1,2.1,2.1,2.1,2.1,2.1,2.1,2.2,2.206829935472439,2.3,2.5,2.571362657173825,2.7,2.777872882956086,3.3027266747631527
0.2,0.4221271170439142,0.6,0.6,0.6,0.6,0.6,0.6,0.6,0.6996092814346326,0.7,0.7,0.7,0.7,0.7,0.7,0.7,0.7,0.7,0.7,0.7,0.8,0.8,0.8,0.8,0.8,0.8,0.8,0.8,0.8,0.8,0.8,0.8,0.8,0.8584681227248212,0.9,0.9,0.9,0.9,0.9,0.9,0.9,0.9,0.9,0.9,0.9,0.9,0.9,0.9,0.9,0.9,0.9,0.9,0.9,0.9,0.9,0.9,0.9,1.0,1.0,1.0,1.0,1.0,1.0,1.0,1.0,1.0,1.0,1.1,1.1,1.1,1.1,1.1,1.2,1.2,1.2,1.2,1.2,1.2,1.2,1.2,1.2,1.2,1.2,1.2,1.2,1.2,1.2,1.2,1.2,1.2,1.2,1.2,1.2,1.2,1.2,1.2,1.2,1.2,1.2,1.2,1.2,1.2,1.2,1.2,1.2,1.2,1.2,1.2,1.2,1.2,1.2,1.2,1.2722891507838767,1.3,1.3,1.3,1.3,1.3,1.3,1.3,1.3,1.3,1.3,1.3,1.3,1.3,1.3,1.3,1.3,1.3,1.3,1.3,1.3,1.3,1.3,1.3,1.3,1.3,1.3,1.3,1.3,1.3,1.3,1.3,1.3,1.3,1.3,1.3,1.3,1.3,1.3,1.3,1.3,1.3,1.3,1.3,1.3,1.3,1.3,1.3,1.3,1.3551727712629769,1.4,1.4,1.4,1.4,1.4,1.4,1.4,1.5,1.5,1.5,1.5,1.5,1.5,1.5,1.5,1.5,1.5,1.5328902688179482,1.6,1.6,1.6,1.6,1.6,1.7,1.7,1.8,1.9,1.9,2.0,2.0,2.0,2.0,2.0202076077128366,2.1,2.1,2.3,2.5,3.8059986844789364
0.2,0.2,0.2,0.2,0.2,0.2,0.2,0.2,0.2,0.2,0.2,0.2,0.2,0.2,0.2,0.2,0.2,0.2,0.2,0.2,0.2,0.2,0.2,0.2,0.2,0.2,0.2,0.2,0.2,0.2,0.2,0.2,0.2,0.2,0.2,0.2,0.2,0.2,0.2,0.2,0.2,0.2,0.2,0.2,0.2,0.2,0.2,0.2,0.2,0.2,0.2,0.2,0.2,0.2,0.2,0.2,0.2,0.2,0.2,0.2,0.2,0.2,0.2,0.2,0.2,0.2,0.2,0.2,0.2,0.2,0.2,0.2,0.3,0.3,0.3,0.3,0.3,0.3,0.3,0.3,0.3,0.3,0.3,0.3,0.3,0.3,0.3,0.3,0.3,0.3,0.3,0.3,0.3,0.3,0.3,0.3,0.3,0.3,0.3,0.3,0.3,0.3,0.3,0.3,0.3,0.3,0.3,0.3,0.3,0.3,0.3,0.3,0.3,0.3,0.4,0.4,0.4,0.4,0.4,0.4,0.4,0.4,0.4,0.4,0.4,0.4,0.4,0.4,0.4,0.4,0.4,0.4,0.4,0.4,0.4,0.4,0.4,0.4,0.4,0.4,0.4,0.4,0.4,0.4,0.4,0.4,0.4,0.4,0.4,0.4,0.4,0.4,0.4,0.4,0.4,0.5,0.5,0.5,0.5,0.5,0.5,0.5,0.5,0.5,0.5,0.5,0.5,0.5,0.5,0.5,0.5,0.5,0.5,0.5,0.5,0.5,0.5,0.5,0.5,0.5,0.5,0.5,0.5,0.6,0.6,0.6,0.6,0.6,0.6312240387354506,0.7,0.7,0.8,0.8,0.8,0.8068299354724389,0.9,0.9,0.9,0.9145144860608468,1.1778728829560863,1.403817344668414
0.5978186601894985,0.6,0.7,0.7,0.8,0.8,0.8931700645275615,0.9,0.9,0.9,0.9,0.9,1.0,1.1,1.1,1.1,1.1,1.1,1.1,1.1,1.1,1.1,1.2,1.2,1.2,1.2,1.2,1.2,1.2494582816066526,1.3,1.3,1.3,1.3,1.3,1.3,1.3,1.3,1.3,1.3,1.3,1.3,1.3,1.4,1.4,1.4,1.4,1.4,1.4,1.4,1.5,1.5,1.5,1.5,1.5,1.5,1.5,1.5,1.5,1.6,1.6,1.6,1.6,1.6,1.6,1.6,1.7,1.7,1.7,1.7,1.7,1.7,1.7,1.7,1.7,1.7,1.8,1.8,1.8,1.8,1.8,1.8,1.8,1.8997307358156035,1.9,1.9,1.9,1.9,1.9,1.9,1.9,2.0,2.0,2.0,2.0,2.0,2.0,2.0,2.0,2.1,2.1,2.1,2.1,2.1,2.1,2.1,2.1,2.2,2.2,2.2,2.2,2.2,2.2,2.2,2.2,2.2,2.2,2.2,2.2,2.2,2.2,2.2,2.2,2.2,2.2,2.2,2.2,2.2,2.2,2.2,2.2,2.2,2.2,2.3,2.3,2.4,2.4,2.4,2.4,2.4,2.4,2.4,2.4,2.4,2.5,2.5,2.5,2.5,2.5,2.5,2.5,2.56917401898113,2.6,2.6,2.6,2.6,2.6,2.6,2.6,2.6,2.6,2.6,2.6,2.6,2.6,2.6,2.6,2.6,2.6,2.6,2.6,2.6,2.6,2.6,2.6,2.6,2.6,2.6,2.7,2.7,2.7,2.7,2.7,2.7,2.8,2.8,2.8,2.8,2.9,2.9,3.0,3.0071332984466776,3.1,3.2977167337233992,3.7,3.8,3.8,3.8,3.8,3.8,3.9,4.401090669905262
0.2,0.2,0.4,0.6,0.6,0.6797923922871657,0.7,0.7,0.8,0.8,0.8,0.8,0.8,0.9,0.9,0.9,0.9,0.9,0.9,0.9,0.9,0.9,1.0,1.0,1.0,1.0,1.0,1.1,1.1,1.1,1.1,1.1,1.1,1.1,1.1,1.1,1.2,1.2,1.2,1.2,1.2,1.2,1.2,1.2,1.2,1.2,1.2794452753522876,1.3,1.3,1.3,1.3,1.3,1.3,1.3,1.3,1.3,1.3,1.3,1.3,1.3,1.3,1.3,1.3,1.366707318575743,1.4,1.4,1.4,1.4,1.4,1.4,1.4,1.4,1.4,1.4,1.4,1.4,1.4,1.4,1.4,1.4,1.4,1.4,1.5,1.5,1.5,1.5,1.5,1.5,1.5,1.5,1.5,1.5,1.5,1.5,1.5,1.5,1.5,1.5,1.5,1.5,1.5,1.5,1.5,1.5,1.5,1.5,1.5,1.5,1.5471294307578547,1.6,1.6,1.6,1.6,1.6,1.6,1.6,1.648666772365334,1.7,1.7,1.7,1.7,1.7,1.7,1.7,1.7591808414844934,1.8,1.8,1.8414249487302414,1.9,1.9,1.9,1.9,1.9,1.9,1.9,1.972410260810318,2.0,2.0,2.0,2.0,2.0,2.0,2.0,2.0,2.0,2.0,2.0,2.0,2.0,2.0,2.0,2.0,2.0,2.0,2.1,2.1,2.1,2.1,2.2,2.2,2.2,2.2,2.2,2.2,2.2,2.2,2.2,2.2,2.2,2.2,2.3,2.3,2.3,2.3,2.3,2.3,2.3,2.3,2.3,2.3,2.3,2.4,2.4,2.5,2.5,2.5895186080399073,2.6,2.6,2.6,2.6,2.6,2.6,2.6,2.6,2.6,2.6,2.6,2.7713626571738246,3.1290289721216937,3.8,4.101636004857891
0.19945466504737464,0.2,0.2,0.2,0.3,0.4,0.5,0.5003631305241729,0.6,0.6,0.6,0.6,0.6687759612645443,0.7,0.8,0.8,0.8,0.8,0.8,0.9,0.9,0.9,0.9,0.9,0.9,0.9,0.9,0.9,0.9,0.9,0.9,0.9,0.9,0.9,0.9,0.9,0.9,0.9,0.9,0.9,0.9,0.9,0.9,0.9,0.9,0.9,1.0,1.0,1.0,1.0,1.0,1.0,1.0,1.0,1.0,1.0,1.0,1.0,1.0,1.0,1.0,1.0,1.035730053136092,1.1,1.1,1.1,1.1575196044106633,1.2,1.2,1.2,1.2,1.2,1.2,1.2,1.2,1.2,1.2,1.2,1.2,1.2,1.2,1.3,1.3,1.3,1.3,1.3,1.3,1.3,1.3,1.3,1.3,1.3,1.3,1.3,1.3,1.3,1.3,1.3,1.3,1.3,1.3,1.3,1.3,1.3,1.3,1.3,1.3,1.3,1.3,1.3,1.3,1.3,1.3,1.3,1.3,1.3,1.3,1.3,1.4,1.4,1.4,1.4,1.4,1.4,1.4,1.4,1.4,1.4,1.4,1.4,1.4,1.4,1.4,1.4,1.4,1.4,1.4,1.4,1.4,1.4,1.4,1.4,1.4,1.4,1.4,1.4,1.4,1.4,1.4,1.4,1.4,1.4,1.4,1.4,1.4,1.4,1.4,1.4,1.4,1.4,1.4,1.4,1.4,1.4,1.446576241885998,1.5,1.5,1.5,1.5,1.5,1.5,1.5,1.5,1.5,1.6,1.6,1.6,1.6,1.6033438886182751,1.7,1.7,1.7,1.7,1.7,1.8,1.9,1.967445006307696,2.0,2.1,2.1175252366575252,2.2,2.2,2.2,2.3,2.3,2.3,2.3,2.4713626571738248,2.6,2.6,2.8027266747631527
1.797273325236873,2.1221271170439144,2.2,2.257274685652356,2.4,2.6,2.7,2.7,2.7,2.7,2.7,2.7,2.768775961264544,2.8,2.8,2.9,2.9,2.9,2.930512947070702,3.0,3.1,3.232717428414268,3.3,3.3,3.3,3.3,3.3,3.3,3.3,3.4,3.4,3.4,3.4,3.6,3.6,3.6,3.6,3.6,3.6,3.6,3.6,3.6,3.7,3.7,3.7,3.7,3.7,3.718190088503164,3.8,3.8,3.8,3.8,3.8,3.9,3.9,3.9,3.9,3.9,3.9,4.0,4.0,4.0,4.0,4.0,4.0,4.1,4.1,4.1,4.2,4.2,4.2,4.3,4.330680122839391,4.4,4.4,4.41363425266969,4.5,4.5,4.5,4.6,4.6,4.6,4.6,4.6,4.6,4.676920127242516,4.8,4.8,4.8,4.8,5.0,5.0,5.0,5.0,5.0,5.0,5.4,5.4,5.6,5.6,5.6,5.6,5.897334135368806,6.1,6.1,6.1,6.1,6.1,6.1,6.3,6.3,6.3,6.3,6.3,6.3,6.3,6.3,6.3,6.3,6.3,6.3,6.3,6.3,6.3,6.3,6.3,6.4,6.4,6.4,6.4,6.4,6.4,6.4,6.4,6.4,6.4,6.4,6.4,6.4,6.4,6.4,6.4,6.4,6.4,6.4,6.4,6.4,6.4,6.4,6.4,6.4,6.4,6.4,6.4,6.441109449295425,6.6,6.6,6.6,6.6,6.6,6.6,6.6,6.6,6.600892279501181,6.8,6.8,6.8,6.8,6.8,6.8,6.8,6.8,6.9,6.9,6.9,6.9,6.9,6.9,6.9,6.9,6.9,6.9,6.9,7.510321233768503,8.4,8.4,8.4,8.4,8.4,8.4,8.4,8.8,8.8,8.8,8.8,8.8,8.8,8.8,10.3,11.0,11.0
1.0978186601894986,1.6,1.6,1.7,1.7,1.8,1.8,1.9,2.0,2.0,2.0,2.0,2.1,2.1,2.2,2.2,2.2,2.2,2.2,2.2,2.2,2.2,2.2,2.2,2.2,2.2,2.2,2.2,2.2,2.2,2.2,2.2,2.2,2.2,2.2,2.3,2.3,2.3,2.3,2.4,2.4,2.4,2.4,2.4,2.4,2.4,2.4,2.4,2.4563222283256665,2.5,2.6,2.6,2.6,2.6,2.6,2.6,2.6,2.6,2.6,2.6,2.6,2.6,2.6,2.6,2.697323051621021,2.7,2.7,2.7,2.7,2.7,2.7,2.7,2.7,2.7,2.7,2.7,2.7,2.7,2.7,2.7,2.7,2.7,2.7,2.7,2.7,2.7,2.8,2.8,2.8,2.8,2.8,2.8,2.852870569242148,2.9,2.9,2.9,2.9,2.9,2.9,2.9,2.9,2.9,2.9,2.9,2.9,2.9,2.9,2.9,2.9,2.9,2.9,3.0,3.0,3.0,3.0976236808611417,3.1,3.1,3.1,3.1002692641843907,3.2,3.2,3.3,3.3,3.3,3.3,3.3,3.3,3.3,3.3,3.3,3.3,3.3,3.3,3.3,3.3,3.3,3.3,3.3332926814242567,3.4,3.4,3.5273604303772346,3.6,3.6,3.6,3.6,3.6,3.6,3.6,3.6,3.6,3.6,3.6,3.6,3.6,3.6,3.6,3.6,3.6,3.6,3.7,3.7,3.7,3.7,3.7,3.8,3.8,3.8,3.8,3.8,3.8,3.8,3.9,3.9,3.9,3.9,3.9,3.9,3.9,4.0,4.0,4.0,4.000258245611019,4.169487052929304,4.3406880822512335,4.4,4.4,4.4,4.4,4.5,4.5,4.6,4.6,4.6,4.6,4.706829935472439,5.0,5.0,5.0,5.0,5.0,5.405453349526306
0.6,0.7,0.7854855139391493,0.8,0.8589391335881382,0.9,0.9,1.0,1.1,1.1,1.1,1.1,1.1,1.1520555588893195,1.2,1.2104813919600963,1.3,1.3,1.3,1.3,1.3,1.3,1.3,1.3,1.3,1.3,1.3,1.3,1.3,1.30370857978007,1.4,1.4,1.459693109019841,1.5,1.5,1.5,1.5,1.5,1.5,1.5,1.5,1.5,1.5,1.5,1.5000358757198555,1.6,1.6,1.6,1.6,1.6,1.6,1.6,1.6031051118148356,1.7,1.7,1.7,1.7,1.7,1.7,1.7,1.7,1.7,1.7,1.7,1.7,1.7,1.7,1.7,1.7,1.7,1.7,1.7,1.7,1.7,1.7,1.7,1.7,1.7,1.7,1.7,1.7,1.7,1.7,1.7256064984215271,1.8,1.8,1.8,1.8,1.8,1.8,1.9,1.9,1.9,1.9,1.9,1.9,1.9,1.9,1.9,1.9,1.9,1.9,1.9,2.0,2.0,2.0,2.0,2.0,2.0,2.0,2.0,2.0,2.0,2.0,2.0,2.0230798727574837,2.1,2.1,2.1,2.1,2.1,2.1,2.1,2.1,2.1,2.1,2.1,2.1,2.1,2.1,2.1,2.1,2.1,2.1,2.1,2.1,2.1,2.133292681424257,2.2,2.2,2.2,2.2,2.2,2.2,2.2,2.2,2.2,2.2,2.2,2.2,2.2,2.2,2.2,2.2,2.2,2.2,2.2999641242801374,2.3,2.3,2.3,2.3,2.4,2.4,2.4,2.5,2.593593987845253,2.6,2.6,2.6,2.6,2.6,2.6,2.6,2.6,2.6,2.6,2.6,2.6409909701809737,2.7,2.7,2.7,2.7,2.7,2.7,2.7139854899254376,2.8,2.8,2.8,2.8,2.917525236657525,3.0071332984466776,3.1,3.1,3.1,3.206829935472439,3.3,3.4231825992355707,3.7,3.8,3.877872882956086,4.4
1.395637320378997,1.6,1.6,1.7,1.8589391335881382,1.9,1.9,2.1,2.1,2.1,2.1,2.2,2.2,2.2,2.2,2.2,2.2,2.2,2.2,2.2,2.2,2.2,2.2,2.2,2.2,2.2,2.2,2.2,2.2,2.2,2.2,2.2,2.2,2.2,2.2,2.2,2.2,2.2,2.2,2.2,2.2,2.2,2.3,2.3,2.3,2.4,2.4,2.4,2.4,2.4,2.430825981018876,2.6,2.6,2.6,2.6,2.6,2.6,2.6,2.6,2.6,2.6,2.6,2.6,2.6,2.6,2.6,2.6,2.6,2.6,2.645406826037424,2.7,2.7,2.7,2.7,2.7,2.7,2.7,2.7,2.7,2.7,2.7,2.7,2.7,2.7,2.7,2.7,2.7,2.7,2.7,2.7,2.7,2.7,2.7,2.7,2.7,2.7,2.7,2.7,2.7,2.7,2.7,2.7,2.7,2.7,2.7,2.7,2.7,2.7,2.7,2.7,2.7,2.7,2.7,2.7,2.7,2.8,2.8,2.8,2.8002692641843905,2.9,2.9,2.9,2.9,2.9,2.9,2.9,2.9,2.9,2.9,2.9,2.9,2.9,2.9,2.9,2.9,2.9,3.0,3.0,3.1,3.1,3.1,3.1,3.1,3.2,3.2,3.3,3.3,3.3,3.3,3.3,3.3,3.3,3.3,3.3,3.3,3.3,3.3,3.3,3.3,3.3,3.3670798011073146,3.4,3.455172771262977,3.500446139750591,3.6,3.6,3.6,3.6,3.6,3.6,3.6,3.6,3.6,3.6,3.6,3.6,3.6,3.6409909701809737,3.7,3.8,3.8,3.8,3.8,3.8,3.8,3.8,3.867445006307696,3.9,3.9312240387354507,4.1,4.2,4.4,4.4,4.4,4.5,4.6,4.8231825992355715,5.0,5.0,5.0,6.4
0.6,0.6,0.7,0.8,0.9,0.9,1.0931700645275617,1.1,1.1,1.1,1.1,1.1,1.1687759612645443,1.2,1.3,1.3,1.3,1.3,1.3,1.3,1.3,1.3327174284142678,1.4,1.4,1.4,1.4,1.5,1.5,1.5,1.6,1.6,1.6,1.6,1.6095758604413761,1.7,1.7,1.7,1.7,1.7,1.7,1.8,1.8,1.8,1.859328465857746,1.9,1.9,1.9,1.9,1.9,1.9,2.0,2.0,2.0,2.0,2.0,2.1,2.1,2.1,2.1,2.1,2.1,2.1,2.1,2.1,2.197323051621021,2.2,2.2,2.2,2.2,2.2,2.2,2.2,2.2,2.2,2.2,2.2,2.2,2.2,2.2,2.2,2.2,2.2,2.2,2.2,2.2,2.2,2.2,2.2,2.2,2.2,2.2,2.2,2.2,2.2,2.2,2.2,2.2,2.2,2.2,2.2,2.2,2.2,2.2,2.2,2.2,2.3,2.3,2.4,2.4,2.4,2.4,2.4,2.4,2.4,2.4,2.4,2.5,2.5,2.5,2.5,2.5,2.5788841473321953,2.6,2.6,2.6,2.6,2.6,2.6,2.6,2.6,2.6,2.6,2.6,2.6,2.6,2.6,2.6,2.6,2.6,2.6,2.6,2.6,2.6,2.6,2.6,2.6,2.6,2.6,2.6,2.6,2.6,2.6,2.6,2.6,2.6,2.6,2.6,2.6,2.6,2.6,2.6,2.6,2.6,2.6,2.6,2.6,2.6,2.6,2.6,2.6,2.6,2.6,2.6,2.6,2.6,2.6,2.6,2.6,2.6,2.7,2.7,2.7,2.7,2.7,2.7139854899254376,2.8,2.8,2.8,2.9,2.9,3.0,3.1003907185653645,3.3,3.5,3.6,3.7,3.8,3.8,3.8,3.8,3.902726674763153
0.2,0.5,0.6,0.6,0.6,0.6,0.6931700645275615,0.7,0.8,0.8,0.8,0.8,0.8,0.8,0.8,0.9,0.9,0.9,0.9,0.9,0.9,0.9,0.9,0.9,0.9,0.9,0.9,0.9,0.9,0.9,0.9,0.9,0.9,0.9,0.9,0.9,0.9,0.9,0.9,0.9,0.9,0.9,1.0,1.0,1.0,1.0,1.0,1.0,1.0,1.0,1.0,1.0,1.0,1.0,1.0,1.0,1.0,1.0749633088836164,1.1,1.1,1.1,1.1,1.1,1.1,1.1,1.1275897391896876,1.2,1.2,1.2,1.2,1.2,1.2,1.2,1.2,1.2,1.2,1.2,1.2677877762521887,1.3,1.3,1.3,1.3,1.3,1.3,1.3,1.3,1.3,1.3,1.3,1.3,1.3,1.3,1.3,1.3,1.3,1.3,1.3,1.3,1.3,1.3,1.3,1.3,1.3,1.3,1.3,1.3,1.3,1.3,1.3,1.3,1.4,1.4,1.4,1.4,1.4,1.4,1.4,1.4,1.4,1.4,1.4,1.4,1.4,1.4,1.4,1.4,1.4,1.4,1.4,1.4,1.4,1.4,1.4,1.4,1.4,1.4,1.4,1.4,1.4,1.4,1.4,1.4,1.4,1.4,1.4,1.4,1.4,1.4,1.4,1.4,1.4,1.5,1.5,1.5,1.5,1.5,1.5,1.5,1.5,1.5,1.5,1.5,1.5,1.5,1.546576241885998,1.6,1.6,1.6,1.6,1.6,1.7,1.7,1.7,1.7,1.7,1.8,1.8,1.840990970180974,1.9,1.9,2.0,2.0,2.0,2.1,2.1,2.1895186080399074,2.2,2.2,2.2,2.2,2.2,2.3,2.3,2.3,2.3,2.5202076077128366,2.6,2.6,2.6,2.6,2.700545334952631
0.7994546650473747,0.9221271170439141,1.0,1.0,1.0,1.0,1.0,1.1,1.1,1.1,1.1,1.1,1.1,1.1,1.1,1.1,1.1,1.1,1.1,1.2,1.2,1.2,1.2,1.2,1.2,1.2,1.2,1.2,1.2,1.3,1.3,1.3,1.3,1.309575860441376,1.4,1.4,1.4,1.4,1.4,1.4,1.4,1.4,1.4,1.4,1.4,1.4,1.4,1.4,1.5,1.5,1.5,1.5,1.5,1.5,1.5,1.5,1.5,1.5,1.6,1.6,1.6,1.6,1.6,1.6,1.6,1.6,1.6,1.6,1.6,1.6454068260374244,1.7,1.7,1.7,1.7,1.7,1.7136342526696893,1.8,1.8,1.8,1.8,1.8,1.8,1.8,1.8,1.8,1.8,1.8,1.8,1.8,1.8,1.8,1.8,1.8,1.8,1.9,1.9,1.9,1.9,1.9,1.9,2.0,2.0,2.0,2.0,2.0,2.0,2.0,2.0,2.0471294307578547,2.1,2.1,2.1,2.1,2.1,2.1,2.1,2.2,2.2,2.2,2.3,2.3,2.3,2.3,2.3,2.4,2.4,2.4,2.4,2.4,2.4,2.4,2.4,2.5,2.5,2.5,2.5,2.5,2.5,2.564269946863908,2.6,2.6,2.6,2.6,2.6,2.6,2.7,2.7,2.7,2.7,2.7,2.7,2.8,2.8,2.8,2.8,2.8,2.8,2.8,2.8,2.8,2.8,2.8,2.855172771262977,2.9,2.9,2.993593987845253,3.0,3.1,3.1,3.1,3.143198843880208,3.2,3.2505417183933503,3.3,3.3,3.3,3.3,3.3,3.3,3.4,3.4,3.4,3.4,3.4,3.4,3.4,3.4,3.5,3.5,3.5,3.5,3.500781437130729,3.7,3.7,3.7,3.7202076077128368,3.8410608664118566,4.271362657173825,4.3,4.9,6.6103613640999805
0.2,0.7,0.8854855139391493,0.9286373428261779,1.0,1.0,1.0,1.1,1.1,1.1,1.1,1.1,1.1,1.1,1.1,1.1,1.1,1.1,1.1,1.1,1.1,1.1,1.1,1.1,1.2,1.2,1.2,1.2,1.2,1.2,1.2,1.2,1.2,1.2,1.2,1.3,1.3,1.3,1.3,1.3,1.3,1.3,1.3,1.3,1.3,1.3,1.3794452753522874,1.4,1.4,1.4,1.4,1.4,1.4,1.4,1.4,1.4,1.4,1.4,1.4,1.4,1.4,1.4,1.4,1.4,1.4,1.4,1.4,1.4,1.4164165237127206,1.5,1.5,1.5,1.5,1.5,1.5,1.5,1.5,1.5,1.5,1.5,1.5,1.5,1.5,1.5,1.5,1.5,1.5,1.5,1.5,1.5780507617360144,1.6,1.6,1.6,1.6,1.6,1.6,1.6,1.6,1.6,1.6,1.6,1.6,1.6,1.6,1.648291057822746,1.7,1.7,1.7,1.7471294307578547,1.8,1.8,1.8,1.8,1.8,1.8,1.8,1.8,1.8,1.8,1.8,1.8,1.8,1.8,1.8,1.8,1.8,1.8,1.8,1.9,1.9,1.9,1.9,2.0,2.0,2.0,2.0,2.0,2.0,2.0,2.0,2.0,2.0,2.0,2.0,2.0584621129678395,2.1,2.1,2.1,2.2,2.2,2.2,2.2,2.2,2.3,2.3,2.3,2.3,2.4,2.4,2.4,2.4,2.4,2.4,2.4,2.4,2.5,2.5,2.5,2.5,2.5,2.5,2.5,2.6,2.6,2.6,2.6,2.6,2.6409909701809737,2.7,2.7,2.8,2.8,2.8,2.8,2.8,2.8,2.9,2.9,3.0,3.1,3.2,3.3,3.3,3.4,3.4068299354724387,3.5202076077128366,3.7,3.8,4.3,4.5,7.207089354384197
0.1,0.2,0.2,0.2,0.2,0.2,0.2,0.2,0.2,0.2,0.2,0.2,0.2,0.2,0.2,0.2,0.2,0.2,0.2,0.2,0.2,0.2,0.2,0.2,0.2,0.2,0.2,0.2,0.2,0.2,0.2,0.2,0.2,0.2,0.2,0.2,0.2,0.2,0.2,0.2,0.2,0.2,0.2,0.2,0.2,0.2,0.2,0.2,0.2,0.2,0.2,0.2,0.2,0.2,0.2,0.2,0.2,0.2,0.2,0.2,0.2,0.2,0.2,0.2,0.2,0.2,0.2,0.2,0.2,0.2,0.2,0.2,0.2,0.2,0.2,0.2,0.2,0.2,0.2,0.2,0.2,0.2,0.2,0.2,0.2,0.2,0.2,0.2,0.2,0.2,0.2,0.2,0.2,0.2,0.2,0.2,0.2,0.2,0.2,0.2,0.2,0.2,0.2,0.2,0.2,0.2,0.2,0.2,0.2,0.2,0.2,0.2,0.2,0.2,0.2,0.2,0.2,0.2,0.2,0.2,0.2,0.2,0.2,0.2,0.2,0.2,0.2,0.2,0.2,0.2,0.2,0.2,0.2,0.2,0.2,0.2,0.2,0.2332926814242569,0.3,0.3,0.3,0.3,0.3,0.3,0.3,0.3,0.3,0.3,0.3,0.3,0.3,0.3,0.3,0.3,0.3,0.3,0.3,0.3,0.3,0.3,0.3,0.3,0.3,0.3,0.3,0.3,0.3,0.3,0.4,0.4,0.4,0.4,0.4,0.4,0.4,0.4,0.4,0.4,0.5,0.5,0.5,0.5,0.5,0.5,0.5,0.5,0.5,0.5,0.6,0.6,0.6,0.6,0.6,0.6,0.6,0.6202076077128368,0.7,0.8,0.8,0.9,1.3
0.7,1.2,1.2854855139391492,1.3,1.3589391335881382,1.4,1.5,1.6,1.6,1.6,1.6,1.6,1.6,1.7,1.7,1.7,1.7,1.7,1.8,1.8,1.8,1.8,1.8,1.8,1.8198524657127764,1.9,1.9,1.9,1.9,1.9,1.9,1.9,1.9,1.9,1.9,2.0,2.053423758114002,2.1,2.1,2.1,2.1,2.1,2.1,2.1,2.1,2.1,2.179445275352288,2.2,2.2,2.2,2.2,2.2,2.2,2.2,2.2,2.2,2.2,2.2,2.2,2.2,2.2,2.2,2.2,2.266707318575743,2.3,2.4,2.4,2.4,2.4,2.4,2.4,2.4,2.4,2.4,2.4,2.4,2.4,2.4,2.4,2.4,2.4,2.4,2.5997307358156037,2.7,2.7,2.7,2.7,2.7277108492161206,2.8,2.8,2.8,2.9,2.9,2.9,3.0,3.054144216898874,3.251708942177257,3.3,3.3008886215437285,3.4,3.4,3.4,3.4,3.4,3.4,3.4,3.4,3.4,3.4,3.4,3.4,3.5,3.5,3.572289150783877,3.6,3.6,3.6,3.6,3.6,3.6,3.6,3.6,3.7,3.7,3.7,3.7,3.7,3.7414249487302413,3.8,3.8,3.8,3.8,3.8,3.8,3.8,3.8,3.8,3.8,3.8,3.8,3.9,3.9,3.9,3.9,3.9,3.9,3.9,3.9,3.9,3.9,3.9,3.9,3.9,3.9,3.9,3.9,3.9,3.9,3.9,4.0,4.0,4.0,4.0,4.0,4.0,4.0,4.1,4.2,4.2,4.2,4.3,4.3,4.3,4.3,4.3627137278564305,4.5,4.5,4.5,4.5,4.5,4.5,4.500258245611019,4.6,4.6,4.6,4.6,4.6,4.6,4.7,4.717525236657525,4.8,4.8,4.997716733723399,5.0,5.0,5.0,5.4,5.9568132858691225,6.3,6.4,6.801636004857891
0.7,1.0221271170439141,1.1,1.2,1.3,1.3,1.4,1.5,1.6,1.6,1.6,1.6,1.6,1.6,1.6,1.6,1.6,1.7,1.7,1.7,1.7,1.8,1.8,1.8,1.8,1.8,1.8,1.8940015439344207,1.9,1.9,1.9,1.9,1.9,1.9,1.9,1.9,1.9,1.9,1.9,1.9892733098756081,2.0329201988926884,2.1,2.1,2.1,2.1,2.1,2.1,2.1,2.1,2.1,2.1,2.1,2.1,2.1384542728600624,2.2,2.2,2.2,2.2,2.2,2.2,2.2,2.2,2.2,2.2,2.2,2.2,2.2,2.2,2.2,2.2,2.2,2.3025276233258665,2.4,2.4,2.4,2.4,2.4,2.4,2.4,2.4,2.4,2.4,2.4,2.4,2.4,2.4,2.4,2.4,2.4,2.4,2.4,2.4,2.4,2.4,2.4,2.4,2.4,2.4,2.4,2.4,2.4,2.4,2.5,2.6,2.648291057822746,2.7,2.7,2.7,2.7,2.7,2.7,2.7,2.7,2.8,2.8,2.9,2.9,2.9,2.9,2.926303351929255,3.0,3.0788841473321953,3.2,3.232212223747814,3.3,3.3,3.4,3.4,3.4,3.4,3.4,3.4,3.4,3.4,3.5,3.5,3.6,3.6,3.6,3.6,3.6,3.6,3.7,3.7,3.7,3.7,3.8,3.8,3.8,3.8,3.8,3.8,3.8,3.8,3.8,3.8,3.8,3.9,3.9,3.9,3.9,3.9,3.9,3.9,3.9,3.9,3.9,3.9,3.9,3.99121831144011,4.0,4.0,4.0,4.0,4.0,4.0,4.0,4.040990970180974,4.2,4.267282571585736,4.3,4.3,4.3,4.5,4.5,4.5,4.5,4.6,4.6,4.6,4.7,4.7,4.8,4.8,5.0,5.0,5.0,5.0,5.672572430304234,6.3,6.801636004857891
1.1994546650473745,1.3221271170439142,1.5854855139391493,1.6,1.6,1.7,1.8,1.9,1.9022832662765963,2.0,2.0,2.0,2.0,2.0520555588893195,2.1,2.1104813919600964,2.2,2.2,2.2,2.2,2.2,2.2,2.2,2.2,2.2,2.2,2.2,2.2,2.2,2.3,2.3,2.3,2.3,2.4,2.4,2.4,2.4,2.4,2.4,2.4,2.4,2.475794741564042,2.5,2.5,2.6,2.6,2.6,2.6,2.6563222283256667,2.7,2.7,2.7,2.7,2.7,2.7,2.7,2.7,2.7,2.7,2.7,2.7,2.7,2.7,2.7,2.7,2.7,2.7,2.7,2.7,2.7,2.7,2.7,2.7,2.8,2.9,2.9,2.9,2.9,2.9,2.9,3.0,3.0,3.0997307358156037,3.1,3.1,3.2,3.3,3.3,3.3,3.3,3.3,3.328010926291105,3.4,3.4,3.4,3.4,3.4517089421772567,3.5,3.6,3.6,3.6,3.6,3.6,3.6,3.6,3.6729278915505748,3.7,3.7,3.8,3.8,3.8,3.8,3.8,3.9,4.0,4.123079872757484,4.2,4.27439350157847,4.4,4.4,4.5,4.578884147332195,4.6,4.6,4.6,4.7,4.913777036454178,5.0,5.0,5.0,5.0,5.0,5.0,5.0,5.4,5.4,5.4,5.4,5.4,5.4,5.4,6.1,6.3,6.3,6.3,6.3,6.3,6.3,6.3,6.3,6.3,6.3,6.3,6.3,6.3,6.3,6.3,6.3,6.3,6.3,6.3,6.3,6.3,6.301338419251771,6.7397287256579945,6.9,6.9,6.9,6.9,6.9,7.0,7.0,7.0,7.0,7.0,7.0,7.0,7.0,7.1,7.1,7.132890268817948,7.2,7.2,7.2,7.2,8.4,8.4,8.4,8.4,8.4,8.5,8.5,8.7931502011702,8.8,8.8,8.8,10.3,10.799538600216772,11.0,11.0,11.0
1.1994546650473745,1.3442542340878283,1.6854855139391491,1.8,1.8,1.9,2.0,2.1,2.1022832662765967,2.2,2.2,2.2,2.2,2.2,2.2,2.3,2.3,2.3,2.3,2.3,2.3,2.3,2.3,2.3,2.3,2.3792566055146067,2.4,2.4,2.4,2.5,2.5,2.5,2.5,2.5,2.5,2.5,2.5,2.5,2.5,2.5,2.5,2.5,2.5,2.559328465857746,2.6,2.6,2.6,2.6,2.6,2.6,2.6,2.6,2.6,2.6,2.6,2.607654785822831,2.7,2.7,2.7,2.7,2.7,2.7043784899362864,2.8,2.8,2.8,2.8,2.8,2.8,2.8,2.8,2.8,2.8,2.8,2.8,2.8,2.8,2.8,2.8,2.8,2.8,2.8,2.8,2.8,2.8,2.8,2.8,2.8,2.8,2.85293269309945,2.9,2.9,2.9,3.0,3.0,3.1,3.1,3.1,3.1,3.1,3.1,3.1,3.1,3.1,3.1,3.1,3.1,3.1,3.1,3.1,3.1,3.1,3.2,3.2,3.2,3.2,3.2,3.2,3.2,3.2,3.2,3.2,3.278884147332195,3.3,3.3,3.3,3.3,3.3,3.3,3.3,3.3,3.3,3.3,3.4,3.4,3.4,3.4,3.4026769483789847,3.5,3.5,3.5,3.5,3.5,3.5,3.5,3.5,3.5,3.6,3.7,3.7,3.8,3.8,3.8,3.943677771674339,4.1,4.1,4.1,4.1,4.2,4.2,4.2,4.2,4.3,4.3,4.3,4.3,4.393593987845254,4.5,4.5,4.5,4.5,4.5,4.5,4.5,4.5,4.5,4.5,4.5,4.5,4.6,4.6,4.7,4.7,4.7,4.7,4.7,4.7,4.7,4.9,4.9,4.9,4.9,4.9,4.997716733723399,5.1,5.1,5.1,5.1,5.1,5.6,5.6,6.801636004857891
0.4994546650473746,0.5221271170439141,0.6,0.7,0.8,0.8,0.9,0.9,0.9,0.9,0.9,0.9,1.0,1.0,1.0,1.0104813919600963,1.1,1.1,1.1,1.1997417543889866,1.2,1.2,1.2,1.3,1.3,1.4,1.4,1.4,1.4,1.4,1.4,1.4,1.4,1.4,1.458468122724821,1.5,1.5,1.5,1.5,1.5,1.5,1.5,1.5,1.5,1.5,1.5,1.5,1.5,1.5,1.5,1.5,1.6,1.6,1.6,1.6,1.7,1.7,1.7,1.7,1.7,1.7,1.7043784899362862,1.8,1.8,1.8,1.8,1.8,1.8,1.8,1.8,1.8,1.8,1.8,1.8,1.8,1.9,1.9,1.9,1.9,1.9,1.9,1.9,1.9,1.9,1.9,1.9,1.9,1.9,1.9,1.9780507617360144,2.0,2.0,2.0,2.0,2.0,2.0,2.0,2.0,2.0,2.0,2.0,2.0,2.0,2.0,2.0,2.0,2.0,2.0,2.0,2.0,2.0,2.0,2.0,2.0,2.0,2.1,2.1,2.1,2.1,2.1,2.1525051507703896,2.2,2.2,2.2,2.2,2.2,2.2,2.2,2.2,2.2,2.2,2.2,2.2,2.2128753795290437,2.3,2.3,2.3,2.3,2.3,2.3,2.3,2.3,2.3,2.4,2.4,2.4,2.4,2.4,2.4,2.4,2.4,2.4,2.4,2.4,2.5,2.5,2.5,2.5,2.5,2.5,2.5,2.5,2.5,2.5,2.5,2.5,2.5415318772751787,2.6,2.6,2.6912183114401103,2.7,2.7,2.7,2.7,2.7,2.8,2.8,2.8,2.8,2.8,2.8,2.8,2.8,2.8,2.8,2.8,2.9,2.947944441110684,3.131224038735451,3.2,3.2,3.3,3.3,3.3,3.4,3.4202076077128365,3.5,3.5,3.6,4.011491531824345,4.800545334952631
0.1,0.5,0.6,0.6,0.6,0.6,0.6931700645275615,0.7003631305241729,0.8022832662765964,0.9,0.9,0.9824747633424777,1.0687759612645444,1.1,1.1,1.1,1.2,1.2,1.2,1.2,1.2671097311820503,1.3,1.3,1.3,1.3,1.3,1.3,1.3,1.3,1.3,1.3,1.3,1.3,1.3,1.3,1.3,1.3,1.3,1.3,1.3,1.3,1.3,1.3,1.3,1.3,1.3,1.3,1.3,1.3,1.3,1.3,1.3,1.3,1.3,1.3,1.3,1.3,1.3,1.3,1.3,1.3,1.4,1.4,1.4,1.4,1.4275897391896877,1.5,1.5,1.5,1.5,1.5,1.5,1.5,1.5,1.5,1.5136342526696893,1.6,1.6,1.6,1.6,1.6,1.6,1.6,1.6,1.6,1.6,1.6,1.6,1.6,1.6,1.6,1.6,1.6,1.6,1.6,1.6,1.6,1.6,1.6,1.6,1.6,1.6,1.6,1.6,1.6,1.6,1.6,1.6,1.6,1.6,1.6,1.6,1.6,1.6,1.6,1.6,1.6,1.6,1.6,1.6,1.6,1.6,1.6,1.6,1.6,1.6,1.6,1.6,1.6,1.6,1.6,1.6,1.6,1.7,1.7,1.7,1.7,1.7,1.8,1.8,1.8,1.8,1.8,1.8,1.8,1.8,1.9,1.961545727139935,2.0,2.0,2.0,2.0,2.0,2.1,2.1,2.1,2.1,2.2,2.2,2.2,2.2,2.2,2.3,2.3,2.3,2.3,2.3,2.3,2.3,2.39121831144011,2.4,2.4,2.4,2.4,2.4,2.5,2.5,2.6,2.6,2.6,2.732890268817948,2.8,2.8,2.8,2.8139854899254373,2.9,2.9,2.9,3.0,3.0,3.1,3.2,3.2,3.3,3.506829935472439,3.6,3.6,3.6,3.9435434581825404,4.4,5.111452034005242
0.1,0.5,0.6,0.6,0.6,0.6,0.6,0.6,0.6,0.7,0.792866701553323,0.8824747633424778,0.9,0.9,0.9,1.0,1.1,1.1,1.1,1.1,1.2,1.2,1.2,1.2,1.3,1.3,1.3,1.3,1.3,1.3,1.3,1.3,1.3,1.3,1.3,1.3,1.3,1.3,1.3,1.3,1.3,1.3,1.3,1.3,1.3,1.3,1.3,1.3,1.3,1.3,1.3,1.3,1.3,1.3,1.3,1.3,1.3,1.3,1.3,1.3,1.3,1.3,1.3,1.3,1.3,1.3,1.3,1.3,1.3,1.3,1.374106826669302,1.4,1.4,1.4,1.4,1.4136342526696892,1.5,1.5,1.5,1.5,1.5,1.5,1.5,1.6,1.6,1.6,1.6,1.6,1.6,1.6,1.6,1.6,1.6,1.6,1.6,1.6,1.6,1.6,1.6,1.6,1.6,1.6,1.6,1.6,1.6,1.6,1.6,1.6,1.6,1.6,1.6,1.6,1.6,1.6,1.6,1.6,1.6,1.6,1.6,1.6,1.6,1.6,1.6,1.6,1.6,1.6,1.6,1.6,1.6,1.6,1.6,1.6,1.6,1.7,1.7,1.7,1.7,1.7,1.7,1.7956215100637167,1.8,1.8,1.8,1.8,1.8,1.8923452141771633,1.9,2.0,2.0,2.0,2.0,2.0,2.0,2.0818099114968334,2.1,2.1,2.1,2.1,2.1820773739873065,2.2,2.2,2.210726690124398,2.3,2.3,2.3,2.3,2.3,2.3,2.340306890980156,2.4,2.4,2.4,2.4,2.4059984560655776,2.5,2.6,2.6,2.6,2.7,2.7672825715857354,2.8,2.8,2.8,2.8406880822512335,2.9,2.9,2.9674450063076963,3.0,3.1,3.2,3.207133298446678,3.3,3.3,3.5,3.6,3.6,3.6,3.6,3.9435434581825404,4.5,5.111452034005242
0.19945466504737464,0.32212711704391417,0.6,0.6,0.6,0.6,0.6,0.6,0.6,0.6,0.6,0.6,0.6687759612645443,0.7,0.7,0.7,0.7,0.7,0.7,0.7,0.8,0.8,0.8966561113817306,0.9,0.9,1.0,1.0,1.0,1.1,1.1,1.1,1.1,1.1,1.1095758604413761,1.2,1.2,1.2,1.2,1.2,1.2,1.2,1.2,1.3,1.3,1.3,1.3,1.3,1.3,1.3,1.3,1.3,1.3,1.3,1.3,1.3,1.3,1.3,1.3,1.3,1.3,1.3,1.3,1.3,1.3,1.3,1.3,1.3,1.3,1.3,1.3,1.3,1.3,1.3,1.3,1.3,1.3,1.3,1.3,1.3,1.3,1.3,1.3,1.3,1.3,1.3,1.3,1.3,1.3,1.3,1.3,1.3,1.3,1.3,1.3,1.3,1.3,1.3,1.3,1.4,1.4,1.4,1.4,1.4,1.4,1.4,1.4729278915505744,1.5,1.5,1.5,1.5,1.5,1.5,1.5,1.6,1.6,1.6,1.6,1.6,1.6,1.6,1.6,1.6,1.6,1.6,1.6,1.6,1.6,1.6,1.6,1.6,1.6,1.6,1.6,1.6,1.6,1.6,1.6,1.6,1.6,1.6,1.6,1.6,1.6,1.7,1.7,1.7,1.7,1.7,1.7,1.7,1.7,1.7061387656689533,1.8,1.8,1.8,1.8,1.8999641242801373,2.0,2.0,2.0,2.0,2.0,2.0,2.1,2.1,2.1,2.1,2.2,2.2,2.2,2.3,2.3,2.3,2.3,2.4,2.4,2.4,2.4409909701809736,2.5,2.5,2.5328902688179484,2.6,2.669487052929304,2.7406880822512334,2.8,2.8,2.9,2.9,2.9312240387354507,3.1175252366575252,3.207133298446678,3.3,3.3,3.6,3.6,3.6,3.6,3.7,4.214514486060847,4.5,5.111452034005242
1.2,1.222127117043914,1.4,1.5,1.5,1.5,1.6,1.7,1.7,1.7,1.8,1.8,1.8,1.8,1.9,1.9,1.9,1.9,1.9,1.9,1.9,1.9,1.9,1.9,1.9,1.9,1.9,1.9,1.9,1.9,1.9,1.9,2.0,2.0,2.0,2.0,2.0,2.0,2.0,2.0,2.0,2.0,2.0,2.0,2.0,2.0,2.0,2.0,2.0563222283256666,2.1,2.1,2.1,2.2,2.2,2.2,2.2,2.2,2.2,2.207945850290253,2.3,2.3,2.3,2.3,2.3,2.3,2.3,2.3,2.3,2.3,2.3,2.3,2.3,2.3,2.3,2.3,2.313634252669689,2.4,2.4,2.4,2.4,2.4,2.4,2.4,2.4,2.4,2.4,2.4,2.5,2.5,2.5,2.5,2.5,2.5,2.577661541373567,2.6,2.6,2.6,2.6,2.6,2.6,2.6,2.674551422189251,2.7,2.7,2.7,2.7,2.7,2.7,2.7,2.7,2.7,2.8,2.8,2.8,2.8,2.8,2.8,2.8,2.8,2.9,2.9,2.9,2.9,2.9,2.9,2.9,2.9,2.9,2.9,2.9,2.9,2.9,2.9,2.9,2.9,3.0,3.0,3.0,3.0,3.0,3.0,3.0,3.0,3.0,3.0,3.0923452141771635,3.1,3.1,3.2,3.2,3.2,3.2,3.2,3.281809911496833,3.3,3.3,3.3,3.3,3.3,3.4,3.4,3.4,3.4,3.4,3.4,3.4,3.4,3.4,3.4,3.4,3.4,3.4,3.5,3.5,3.5627137278564307,3.6,3.7,3.7,3.7,3.7,3.7,3.7,3.7,3.8,3.8,3.8,3.867445006307696,3.9,4.1,4.1,4.107133298446677,4.4,4.4,4.499636869475824,4.5,4.640415215425673,5.0,5.4,5.574173832730162,6.6,8.513633373815765
0.7,1.1,1.2,1.3,1.3,1.4,1.4,1.4,1.5,1.5,1.5,1.5,1.5,1.5,1.5,1.5104813919600963,1.6,1.6593119177487659,1.7,1.7,1.7,1.8,1.8,1.8,1.8,1.8,1.8,1.9,1.9,1.9,1.9,1.9,1.9,1.9,1.9,1.9,1.9,1.9,1.9,1.9,1.9,1.9,1.9,1.959328465857746,2.0,2.0,2.0,2.0,2.0,2.0,2.0,2.0,2.0,2.0,2.0,2.0,2.0,2.0,2.0,2.0,2.0,2.0,2.0,2.0,2.0,2.0,2.0,2.0,2.0,2.0,2.0,2.0,2.0,2.1,2.1,2.1,2.1,2.1,2.1,2.1211158526678022,2.2,2.2,2.2,2.2,2.2,2.2,2.3,2.3,2.3,2.3,2.3,2.3,2.3,2.3,2.3,2.3,2.4,2.4,2.4,2.4,2.4,2.4,2.4,2.4,2.4,2.4,2.4,2.5,2.5,2.5,2.5,2.5,2.5,2.572289150783877,2.6,2.6,2.6,2.6,2.6,2.6,2.6,2.6,2.6,2.6,2.6,2.6863657473303135,2.7,2.7,2.7,2.7,2.7,2.7,2.7,2.8,2.8,2.8,2.8,2.8,2.8,2.8,2.8,2.8,2.8,2.8,2.8,2.8923452141771633,2.9,2.9,2.9,2.9,2.9,2.9,2.9,2.9,3.0,3.0,3.0,3.0,3.0,3.0,3.0,3.0,3.0551727712629773,3.1,3.1,3.1,3.1,3.1,3.2,3.2,3.2,3.2,3.3,3.3,3.3,3.3,3.3,3.3,3.3,3.3,3.3,3.3,3.4,3.4,3.4,3.4,3.4674450063076963,3.5,3.5,3.5,3.5,3.5,3.5977167337233995,3.7,3.7,3.7,3.8,4.314087971521474,4.5,5.22298306364869,6.6
0.2,0.2,0.2,0.2,0.2,0.2,0.2,0.2,0.2,0.2,0.2,0.3,0.3,0.3,0.3,0.3,0.3,0.3,0.3,0.3,0.3,0.3,0.3,0.3,0.3,0.3,0.3,0.3,0.3,0.3,0.3,0.3,0.3,0.3,0.3,0.3,0.3,0.3,0.3,0.3,0.3,0.3,0.3,0.3,0.30003587571985546,0.4,0.4,0.4,0.4,0.4,0.4,0.4,0.4,0.4,0.4,0.4,0.4,0.4,0.4079458502902526,0.5,0.5,0.5,0.5,0.5,0.5,0.5,0.5,0.5,0.5,0.5,0.5,0.5,0.5,0.5,0.5,0.5,0.5,0.5,0.5,0.5,0.5,0.5,0.5,0.5,0.6,0.6,0.6,0.6,0.6,0.6,0.6,0.6,0.6,0.6,0.6,0.6,0.6,0.6,0.6,0.6,0.6,0.6,0.6,0.6,0.6,0.6,0.6,0.6,0.6,0.6,0.6,0.6,0.6,0.6,0.6,0.6,0.6,0.6,0.6,0.6,0.6,0.7,0.7,0.7,0.7,0.7,0.7,0.7,0.7,0.7,0.7,0.7,0.7,0.7,0.7,0.7,0.7,0.7,0.7,0.7,0.7,0.7,0.7,0.7,0.7,0.7,0.7,0.7,0.7,0.7,0.7,0.7,0.7,0.7,0.8,0.8,0.8,0.8,0.8,0.8,0.8,0.8,0.8,0.8,0.8,0.8,0.8,0.8,0.8,0.8,0.8,0.8,0.8,0.8059984560655779,0.9,0.9,0.9,1.0,1.0,1.0,1.1,1.1,1.2,1.2,1.2,1.2895186080399073,1.3,1.3,1.3,1.3,1.3,1.3,1.3,1.3,1.3,1.3,1.341060866411857,1.4,1.5145144860608468,1.7,2.104908014573675
0.49836399514212393,0.8,0.8,0.9,0.9,0.9,0.9931700645275615,1.000363130524173,1.1,1.1,1.1,1.1824747633424777,1.2,1.2520555588893196,1.3,1.4,1.4,1.4,1.4305129470707023,1.5,1.5,1.5,1.5,1.5,1.5,1.5,1.5,1.5,1.5,1.7,1.7,1.7,1.7,1.7,1.7584681227248211,1.8,1.8,1.8,1.8,1.8,1.8,1.8,1.8,1.8,1.8,1.8,1.8,1.8,1.8,1.8,1.8,1.8,1.8,1.8,1.9,1.9,1.9,1.9,1.9,1.9,1.9,1.9,1.9,1.9,1.9,1.9,1.9,1.9,1.9,1.9454068260374242,2.0,2.0,2.0,2.0,2.0,2.0,2.0,2.0,2.0,2.0,2.0,2.0,2.0997307358156037,2.1,2.1513332276346606,2.2,2.2,2.2,2.2,2.2,2.2,2.2,2.2,2.2,2.2,2.2,2.2,2.3,2.4,2.4,2.45,2.5,2.5,2.5,2.5,2.5,2.5,2.5,2.5,2.5,2.5,2.5,2.5,2.5,2.5,2.6,2.6,2.6,2.6,2.6,2.6,2.6,2.6,2.632212223747814,2.7,2.7863657473303136,2.8,2.8,2.8,2.8,2.8,2.8,2.8,2.8,2.8,2.8,2.8,2.8,2.8,2.8,2.8,2.859500077641303,2.9,2.9,2.9,2.9,2.9,2.9,2.9,2.9,2.9,2.9,2.9,2.9,2.9,2.9,2.9,2.9,2.9,2.9,2.9,2.9,2.9,2.9,2.9,2.9,2.9,2.9,2.9,2.9,2.9,2.9,2.9,2.9,2.9,3.0,3.0,3.0,3.0,3.0,3.0,3.000258245611019,3.1,3.1,3.1,3.2,3.3,3.3,3.3,3.4,3.5,3.5,3.5,3.5,3.5,3.5,3.5,3.5,3.5,3.5,4.004362679621044
0.2,0.3,0.3854855139391493,0.5,0.5,0.5,0.5,0.5,0.6,0.6,0.6,0.7,0.7,0.7,0.7,0.7,0.7,0.7593119177487658,0.8,0.8,0.8,0.8,0.8,0.8,0.8,0.8,0.8,0.8,0.8,0.8,0.8,0.9,0.9,0.9,0.9,0.9,0.9,0.9,0.9,0.9,0.9,0.9,0.9,0.9,0.9,0.9,0.9,0.9,0.9,0.9,0.9,0.9,0.9,0.9,0.9,0.9,0.9,0.9,0.9,0.9,0.9,0.9,0.9,0.9,0.9,0.9,0.9,0.9,0.9,0.9,0.9,0.9,0.9,0.9,0.9,0.9,0.9,0.9,0.9,0.9,1.0,1.0,1.0,1.1,1.1,1.1,1.1,1.1,1.1,1.1,1.1,1.1,1.1528705692421481,1.2,1.2,1.2,1.2,1.2,1.2,1.2,1.3,1.3,1.3,1.3236884075919988,1.4,1.4,1.4,1.4,1.4,1.4,1.4,1.4,1.4,1.4,1.4,1.4,1.4,1.4,1.4,1.4,1.4,1.4,1.4,1.4,1.4,1.4,1.4,1.4,1.4,1.5,1.5,1.5,1.5,1.5,1.5,1.5,1.5,1.5,1.5,1.5,1.5,1.5,1.5,1.5,1.5,1.5,1.5,1.5615457271399351,1.6,1.6,1.6,1.6061387656689534,1.7,1.7,1.7,1.7,1.7,1.7,1.7,1.7,1.7,1.7,1.8,1.8,1.8,1.8,1.8,1.8,1.8,1.8,1.8,1.8,1.8,1.8,1.8,1.8,1.8,1.8,1.8,1.8,1.8328902688179483,1.9,1.9,1.9406880822512333,2.0,2.0,2.0,2.0,2.0,2.0,2.1071332984466777,2.2,2.2,2.2,2.2,2.5,2.541060866411857,2.6,2.6290289721216937,2.977872882956086,3.1
0.2,0.3,0.3,0.3,0.3,0.4,0.4,0.4,0.4,0.4996092814346326,0.5,0.5,0.5,0.5,0.5,0.5,0.5,0.5,0.5,0.5,0.5,0.6,0.6,0.6,0.6,0.6,0.6,0.6,0.6,0.6,0.6,0.7,0.7,0.7,0.7,0.7,0.7,0.7,0.7,0.7,0.7,0.7,0.7,0.7,0.7,0.7,0.7,0.7,0.7,0.7,0.7,0.7,0.7,0.7,0.7,0.7,0.7,0.7,0.7,0.7,0.7,0.7,0.7,0.7,0.7,0.7,0.7,0.7,0.7,0.7,0.7,0.7,0.7,0.7,0.7,0.7,0.8,0.8,0.8,0.8,0.8,0.8,0.8,0.8,0.8,0.8,0.8,0.8,0.8,0.9,0.9,0.9,0.9,0.9,0.9,0.9,0.9,0.9,0.9,0.9,0.9,0.9,0.9,0.9,0.9,0.9,0.9,0.9,0.9,0.9,0.9,0.9,0.9,0.9,0.9,0.9,0.9,0.9,0.9,0.9,0.9,0.9,0.9,0.9,0.9,0.9,0.9,0.9,0.9,0.9,0.9258931733306895,1.1,1.1,1.1,1.1,1.2,1.3,1.3,1.4,1.4,1.4,1.4,1.4,1.4,1.4,1.4,1.4,1.4,1.4,1.4,1.4,1.4,1.4,1.4,1.4,1.4,1.4,1.4,1.4,1.4,1.4,1.4,1.4,1.4,1.4,1.4,1.4,1.4,1.4,1.4,1.4,1.4,1.4,1.5,1.5,1.5,1.5,1.5,1.5,1.5,1.5328902688179482,1.7,1.7,1.8,1.8,1.8,1.8,1.8,1.8,1.8,1.8,1.8,1.9977167337233994,2.0,2.2204898064173166,2.6,3.041060866411857,7.0,7.288688318791008,10.3,10.3
1.3978186601894984,1.8,1.9,1.9,2.1589391335881385,2.2,2.2,2.2,2.3022832662765964,2.4,2.4,2.482474763342478,2.6,2.6,2.7,2.8,2.8,2.8,2.830512947070702,2.9,2.9,3.0,3.0,3.0,3.1,3.1,3.137286272143571,3.2,3.2,3.3,3.3,3.3,3.3,3.3,3.3,3.4,3.4,3.4,3.4,3.4,3.4,3.4,3.4,3.4,3.5,3.5,3.5,3.5,3.5,3.5,3.5,3.5,3.5,3.5,3.5,3.5,3.5,3.5,3.5,3.5,3.5,3.5,3.5,3.5,3.5,3.5,3.5,3.5,3.5,3.5,3.5,3.5,3.5,3.5,3.5,3.5136342526696893,3.6,3.6,3.6,3.6,3.6,3.6,3.6,3.6,3.6,3.6,3.6,3.6,3.6,3.6,3.7,3.7,3.7,3.7,3.7,3.7,3.7,3.8,3.8,3.8,3.8,3.8,3.8,3.8,3.8,3.8,3.8,3.9,4.0,4.0,4.1,4.1,4.1,4.2,4.2,4.2,4.2,4.2,4.2,4.2,4.2,4.2,4.2,4.2,4.2,4.2,4.2,4.2,4.2,4.2,4.2,4.2,4.2,4.212875379529044,4.3,4.3,4.3,4.3,4.3,4.4,4.4,4.459500077641303,4.5,4.5,4.5,4.592345214177163,4.7,4.7,4.7,4.7,4.76917401898113,4.9,4.9,4.9,5.020554724647712,5.1,5.199964124280138,5.2,5.2,5.4,5.6,5.6,5.6,5.6,5.6,5.6,5.6,5.6,5.6,5.6,5.643198843880207,5.7,5.7,5.9,5.9,5.9,5.9,5.9,5.9066877772365505,6.1,6.1,6.1,6.1,6.1,6.1,6.279037216079814,6.3,6.3,6.331224038735451,6.4,6.4,6.4,6.4,6.6,6.6,6.6,6.8,6.9,7.288688318791008,8.711491531824345,10.303817344668415
1.0989093300947494,1.5,1.6854855139391491,1.8,1.9,1.9,2.1,2.2,2.2,2.2,2.2928667015533226,2.3,2.4,2.4520555588893194,2.5,2.5,2.5,2.6,2.6,2.6,2.6,2.7,2.7966561113817305,2.8,2.8,2.8,2.8,2.8,2.8,2.8,2.8,2.8,2.8,2.8,2.8,2.8,2.8,2.8,2.8,2.8,2.8,2.8,2.8,2.8,2.9,2.9,2.9,2.9,2.9,2.9,2.9,2.9672347188042183,3.0,3.0,3.0,3.0,3.0,3.0,3.0,3.0404999223586855,3.1,3.1043784899362863,3.2,3.2,3.2,3.2,3.2,3.2,3.2,3.2,3.2,3.2,3.2,3.2,3.2,3.2,3.2,3.2,3.2,3.2,3.2,3.2,3.2,3.2,3.2,3.2,3.2,3.2,3.2,3.2,3.2,3.2,3.2,3.2,3.2,3.2,3.2,3.2763115924080037,3.3,3.3,3.3,3.3,3.3,3.3,3.3,3.3,3.3,3.3,3.3,3.3,3.3,3.3,3.4,3.4,3.4,3.4,3.4,3.47439350157847,3.5,3.5,3.5,3.5,3.5,3.5,3.5,3.5,3.5,3.5,3.5,3.5,3.5,3.5,3.5,3.5,3.5,3.5,3.5,3.5,3.5,3.5,3.5,3.5,3.5,3.5,3.5,3.5,3.5,3.5,3.5,3.5,3.5,3.6,3.6,3.6,3.6,3.6,3.6,3.6,3.6,3.6,3.6,3.6,3.6,3.6,3.6,3.6,3.6,3.6,3.6,3.6,3.6,3.6,3.6,3.6,3.6,3.6,3.6,3.6,3.6,3.6,3.6,3.6,3.6,3.6406880822512337,3.7,3.7,3.7,3.7,3.7,3.8,3.8,3.8,3.8,3.8,3.8,3.8404152154256734,4.1410608664118564,4.2,4.314514486060847,4.7,5.707634689336828
0.29890933009474924,0.4221271170439142,0.5,0.5,0.5,0.6,0.6,0.6,0.7,0.7,0.8,0.8,0.8,0.8,0.8,0.8,0.8,0.8,0.8,0.8997417543889867,0.9,0.9,0.9,0.9,0.9,0.9,0.9,0.9,0.9,0.9,0.9,1.0,1.0,1.0,1.0,1.0,1.0,1.0995538602494095,1.1,1.1,1.1,1.1,1.1,1.1,1.1000358757198556,1.2,1.2,1.2,1.2563222283256663,1.3,1.3,1.3,1.3,1.3,1.3,1.3,1.3,1.3,1.3,1.3,1.3,1.3,1.3,1.3,1.3,1.3275897391896876,1.4,1.4,1.4,1.4,1.4,1.4,1.4,1.4,1.4,1.4,1.4,1.4,1.4,1.4,1.4474948492296107,1.5,1.5,1.5,1.5,1.5,1.5,1.5,1.5,1.5,1.6,1.6,1.6,1.677661541373567,1.7,1.7,1.7,1.7,1.7,1.7,1.7,1.7,1.7,1.8,1.8,1.8,1.8,1.8,1.8,1.8,1.8,1.8,1.8,1.8,1.8,1.8,1.8,1.8,1.8,1.8,1.8,1.878884147332195,1.9,1.9,1.9,1.9,1.9,1.9,1.969319877160609,2.0,2.0,2.0,2.0,2.0,2.0,2.0,2.0,2.0,2.0,2.0,2.0,2.0,2.0920541497097473,2.1,2.1,2.1923452141771635,2.2,2.2,2.2,2.2,2.2,2.3,2.3,2.381809911496833,2.5,2.5,2.5999641242801377,2.6,2.6,2.6,2.6,2.6,2.6551727712629773,2.7,2.7,2.7,2.8,2.8,2.8,2.8,2.8,2.8,2.8,2.8,2.8,2.8,2.9,2.9,2.9,3.0,3.0,3.0,3.069487052929304,3.1,3.1,3.2,3.2,3.2,3.2,3.2,3.2,3.3,3.3,3.3,3.5,3.5,3.6,3.6,4.014514486060847,4.255745765912172,4.702726674763153
0.5989093300947492,0.6,0.7,0.7,0.7589391335881382,0.8,0.8931700645275615,0.9,0.9022832662765964,1.0996092814346328,1.1,1.2,1.2,1.2,1.2,1.2,1.2,1.2,1.2,1.2,1.2,1.2,1.3,1.3,1.3198524657127764,1.4,1.4,1.4940015439344208,1.5,1.5,1.5,1.5,1.5,1.5,1.5,1.5,1.5,1.5,1.5,1.5,1.5329201988926884,1.6,1.6,1.6,1.6,1.6400675399524987,1.7,1.7,1.7,1.7,1.7,1.7,1.7,1.7,1.7,1.7,1.7,1.7,1.7,1.7,1.7,1.8,1.8,1.8,1.8,1.8,1.8,1.8,1.8,1.8,1.8,1.8,1.8,1.8,1.8,1.8,1.8,1.8,1.8,1.8,1.8,1.8,1.8,1.8,1.8,1.8,1.8,1.8,1.8,1.8,1.8,1.8,1.8,1.8,1.9,1.9,1.9,1.9,1.9,1.9,1.9,1.9,1.9,2.0,2.0,2.0,2.0,2.0,2.0,2.0,2.0,2.0,2.0,2.0,2.0,2.0230798727574837,2.1,2.1,2.1,2.1,2.1,2.1,2.1,2.1,2.1,2.1,2.1,2.1,2.1693198771606093,2.2,2.2,2.2,2.2,2.2,2.2,2.2,2.2,2.3,2.3,2.3,2.3,2.359500077641303,2.4,2.4,2.4,2.4,2.4,2.4,2.4,2.4,2.4,2.5,2.5,2.5,2.5,2.5,2.5999641242801377,2.6,2.6,2.7,2.7,2.7,2.7,2.7,2.7,2.7,2.7,2.7,2.7,2.7,2.7,2.7,2.7,2.7,2.7,2.7,2.780147534287232,2.8,2.8,2.8,2.8,2.8,2.8,2.8,2.8,2.8,2.8,2.8,2.9,3.0,3.0,3.0,3.1,3.1,3.2,3.2,3.2,3.3,3.514514486060847,3.7,4.1
0.39945466504737465,0.6,0.6,0.7,0.7,0.7797923922871658,0.8,0.800363130524173,0.9,0.9,0.9,0.9824747633424777,1.0687759612645444,1.1,1.1,1.2,1.2,1.2,1.2,1.2,1.2,1.2,1.2,1.2,1.2,1.2,1.2,1.2,1.2,1.2,1.2,1.3,1.3,1.3,1.3,1.4,1.4,1.4,1.4,1.4,1.4329201988926883,1.5,1.5,1.5,1.5,1.5,1.5,1.5,1.5,1.5,1.5,1.5,1.5,1.5,1.5,1.5,1.5,1.5,1.5,1.6,1.6,1.6,1.6,1.6,1.6,1.6275897391896876,1.7,1.7,1.7,1.7,1.7,1.7,1.7,1.7,1.7,1.7,1.7,1.7,1.7945500644173848,1.8,1.8,1.8,1.8,1.8,1.8,1.8,1.8,1.8,1.8,1.8,1.8,1.8,1.8,1.8,1.8,1.8,1.8,1.8,1.8,1.8,1.8,1.8,1.8,1.8,1.8,1.8,1.8,1.8,1.8,1.9,1.9,1.9,1.9,1.9,1.9,1.9,1.9,1.97439350157847,2.0,2.0,2.0,2.0,2.0,2.0,2.0,2.0,2.0,2.0,2.0,2.1,2.1,2.1,2.1,2.1,2.1,2.1,2.1,2.1,2.1,2.1,2.1,2.2,2.2,2.2,2.2,2.2,2.2,2.2,2.2968948881851645,2.3,2.3,2.3,2.4,2.4,2.4,2.4,2.4,2.4,2.4820773739873063,2.5,2.5,2.5,2.5551727712629773,2.6,2.6,2.7,2.7,2.7,2.7,2.7,2.7,2.7,2.7,2.7,2.7,2.7,2.7,2.7,2.7033438886182752,2.8,2.8,2.8,2.8,2.8,2.8,2.8,2.8,2.8,2.8,2.9,2.9071332984466776,3.0,3.0,3.0,3.2,3.2,3.2,3.2,3.3,3.477872882956086,4.401090669905262
0.1,0.22212711704391416,0.4,0.5,0.5,0.5,0.6,0.6,0.6,0.6,0.6,0.6,0.6,0.6,0.6,0.6,0.6,0.6,0.7,0.7,0.7,0.7,0.7,0.7,0.7,0.7,0.7,0.7,0.7,0.7,0.7,0.7,0.7,0.7,0.7,0.7,0.7,0.7,0.7,0.7,0.7,0.7,0.7,0.7,0.7,0.7,0.7,0.7,0.7,0.7,0.7,0.7,0.7,0.7,0.7,0.7,0.7,0.8,0.8,0.8,0.8,0.8,0.8,0.8,0.8,0.8,0.8,0.8,0.8,0.8,0.8,0.8,0.8,0.9,0.9,0.9,0.9,0.9,0.9,0.9,0.9,0.9,0.9997307358156036,1.0,1.0513332276346603,1.1,1.1,1.1,1.1,1.1,1.1,1.1,1.1,1.1,1.1,1.1,1.2,1.2,1.2,1.2,1.2,1.2,1.2,1.2,1.2,1.2,1.2,1.2,1.2,1.2,1.2,1.2,1.2,1.3,1.3,1.3,1.3,1.3,1.3,1.3,1.3,1.3,1.3,1.3,1.3,1.3,1.4,1.4,1.4,1.4,1.4,1.4,1.4,1.4,1.4,1.4,1.4,1.4,1.4,1.4,1.4,1.4,1.4,1.4,1.4,1.4,1.4,1.4,1.4,1.4,1.4,1.4,1.4,1.4,1.4205547246477124,1.5,1.5,1.5,1.5,1.5,1.5,1.6,1.6,1.6,1.6,1.6,1.7,1.7,1.7,1.7,1.7,1.7,1.7,1.7,1.8,1.8,1.8,1.8,1.8,1.8,1.8,1.8,1.8,1.8,2.0,2.0,2.0,2.0,2.0,2.017525236657525,2.1,2.1,2.1,2.1,2.1,2.1,2.141060866411857,2.2713626571738246,2.614514486060847,2.8,3.2021813398105223
0.19945466504737464,0.32212711704391417,0.4,0.4,0.6,0.6,0.6,0.6,0.6,0.6,0.6928667015533229,0.7,0.7687759612645444,0.8,0.8,0.8,0.8,0.9,0.9,0.9,0.9,0.9,0.9,1.0,1.0198524657127763,1.1,1.1,1.1,1.1,1.2,1.2,1.2,1.2,1.2,1.2,1.2,1.2,1.2,1.2,1.2,1.2,1.2,1.2,1.2,1.2,1.2,1.2,1.2,1.2,1.2,1.2,1.2,1.2,1.2,1.2,1.2,1.2,1.2,1.2,1.2,1.3,1.3,1.3,1.3,1.3,1.3,1.3,1.3,1.3,1.3,1.3,1.3,1.3,1.3,1.3,1.3,1.3,1.3,1.3,1.3,1.3,1.3,1.3,1.3,1.4,1.4,1.4,1.4,1.4,1.4,1.4,1.4,1.4,1.4,1.4023925098791608,1.5,1.5,1.5,1.5,1.5,1.5,1.5,1.5,1.5,1.5,1.5,1.5,1.5,1.5,1.5,1.5,1.5,1.5,1.5,1.5,1.5,1.5,1.5,1.5,1.5,1.5,1.5,1.5,1.5,1.5,1.5,1.5,1.5,1.5,1.5,1.5,1.5,1.5,1.5,1.5,1.5,1.5,1.5,1.5,1.5,1.5,1.5,1.5,1.5,1.5,1.6,1.6,1.6,1.6,1.6,1.6,1.6,1.6,1.6,1.6,1.6,1.6999641242801373,1.7,1.7,1.7,1.7,1.7,1.7,1.7,1.7,1.7,1.7,1.7,1.7,1.7,1.7,1.8,1.8,1.8,1.8,1.8,1.8,1.840990970180974,1.9,2.0,2.0,2.0,2.0,2.0406880822512337,2.1,2.1,2.1,2.1,2.131224038735451,2.2,2.207133298446678,2.3,2.3,2.4,2.5,2.5202076077128366,2.8,2.8,2.8290289721216935,3.0,3.207089354384198
0.2994546650473746,0.4,0.5,0.6,0.6,0.7,0.7,0.8,0.8,0.8,0.8,0.8,0.8687759612645444,0.9,0.9,0.9,0.9,1.0,1.0,1.0,1.1,1.1,1.1,1.2,1.2,1.2,1.2,1.2,1.2,1.2,1.2,1.2,1.2,1.2,1.2,1.2,1.2,1.2,1.2,1.2,1.2,1.2,1.2,1.2,1.2,1.2,1.2,1.2,1.2,1.2,1.2,1.2,1.2,1.2,1.2,1.2,1.2,1.2,1.3,1.3,1.3,1.3,1.3,1.3,1.3,1.3,1.3,1.3,1.3,1.3,1.3,1.3,1.3,1.3,1.3,1.3,1.3,1.3,1.3945500644173847,1.4,1.4,1.4,1.4,1.4,1.4,1.4,1.4,1.5,1.5,1.5,1.5,1.5,1.5,1.5,1.5,1.5,1.5,1.5,1.5,1.5,1.5,1.5,1.5,1.5,1.5,1.5,1.5,1.5,1.5,1.5,1.5,1.5,1.5,1.5,1.5,1.5,1.5,1.5,1.5,1.5,1.5,1.5,1.5,1.5,1.5,1.5,1.5,1.5,1.5,1.5,1.5,1.5,1.5,1.5,1.5,1.5,1.5,1.5,1.5,1.5,1.5,1.5,1.5920541497097476,1.6,1.6,1.6,1.6,1.6,1.6,1.6,1.6,1.6,1.6,1.6,1.6,1.6,1.6999641242801373,1.7,1.7,1.7,1.7,1.7,1.7,1.7,1.7,1.7,1.7,1.7,1.7,1.7,1.7,1.7,1.7,1.8,1.8,1.8,1.8,1.8,1.8,1.8672825715857357,1.9328902688179481,2.0,2.0,2.0,2.0,2.0,2.0,2.1,2.1,2.1,2.1,2.2,2.2,2.2996368694758242,2.3,2.4,2.4410608664118567,2.7,2.8,3.0,3.207089354384198
0.1,0.2,0.2,0.2,0.2,0.2,0.2,0.2,0.2,0.2,0.2,0.2,0.2,0.2,0.2,0.2,0.2,0.2,0.2,0.2,0.2,0.2,0.2,0.2,0.2,0.2,0.2,0.2,0.2,0.2,0.2,0.2,0.2,0.2,0.2,0.2,0.2,0.2,0.2,0.2,0.2,0.2,0.2,0.2,0.2,0.2,0.2,0.2,0.2,0.2,0.2,0.2,0.2,0.2,0.2,0.2,0.2,0.2,0.2,0.2,0.2,0.2,0.2,0.3,0.3,0.3,0.3,0.3,0.3,0.3,0.3,0.3,0.3,0.3,0.3,0.3,0.3,0.3,0.3,0.3,0.3,0.3,0.3,0.3,0.3,0.3,0.3,0.3,0.3,0.3,0.3,0.3,0.3,0.3,0.4,0.4,0.4,0.4,0.4,0.4,0.4,0.4,0.4,0.4,0.4,0.4,0.4,0.4,0.4,0.4,0.4,0.4,0.4,0.4,0.4,0.4,0.4,0.4,0.4,0.4,0.4,0.4,0.4,0.4,0.4,0.4,0.4,0.4,0.4,0.4,0.4,0.4,0.4,0.4,0.4,0.4,0.4,0.4,0.4,0.4,0.4,0.4,0.4,0.4,0.4,0.4,0.4,0.4,0.4,0.4,0.4,0.4,0.4,0.4,0.4,0.4,0.5,0.5,0.5,0.5,0.5,0.5,0.5,0.5,0.5,0.5,0.5,0.5,0.5,0.5,0.6,0.6,0.6,0.6,0.6,0.6,0.6,0.6,0.6,0.6,0.6,0.6,0.6,0.6,0.6,0.6,0.6,0.6,0.6,0.6,0.6,0.6,0.6,0.7,0.7,0.7,0.8,0.8713626571738246,1.1,1.3,2.002726674763153
1.0978186601894986,1.6,1.7,1.7,1.8,1.8,1.8,1.8,1.8022832662765964,1.9,1.9928667015533228,2.1,2.1,2.1,2.1,2.2,2.2,2.3,2.4,2.4,2.4,2.4,2.5,2.7,2.8,2.8,2.8,2.8,2.8,2.8,2.8,2.8,2.8,2.8,2.8,2.8,2.9,2.9,2.9,3.0,3.0,3.0,3.0,3.1,3.2000358757198555,3.3,3.3,3.3,3.4,3.4,3.4,3.4,3.4,3.4,3.4,3.4,3.4,3.4,3.4,3.4,3.4,3.4,3.4,3.4,3.4,3.4,3.4,3.4,3.4,3.4,3.5,3.5,3.530680122839391,3.6,3.6,3.6,3.6,3.6,3.6,3.6,3.647494849229611,3.7,3.7,3.7,3.7,3.7,3.7,3.7277108492161206,3.8,3.8,3.8,3.8,3.8,3.8,3.8,3.8,3.8,3.9,3.9,3.9,3.9,3.9,3.9,3.9,3.9,3.9,3.9,3.9,3.9,3.9,3.9,3.9,3.9,3.9,3.9,3.9,3.9,3.9,3.9,3.9,3.9,3.9,3.9,3.9,3.9,3.9,3.9,3.9,3.9,3.9,3.9,3.9,3.9,3.9,3.9,3.9724102608103182,4.0,4.0,4.0,4.0,4.027360430377234,4.1,4.1,4.1,4.1,4.1,4.1,4.2,4.2,4.2,4.2,4.3,4.3,4.3,4.3,4.3,4.3,4.3,4.3,4.3,4.3,4.3,4.3,4.3,4.3,4.3,4.4,4.4,4.4,4.4,4.5,4.5,4.5,4.5,4.5,4.5,4.5801475342872315,4.6,4.6,4.6,4.6,4.6,4.6,4.6,4.6,4.6,4.734890012615392,4.8,4.8,4.83505047331505,5.014266596893355,5.2,5.395433467446799,5.7,6.306829935472439,6.4,6.4,6.4,6.9,8.4,8.80818002428946
1.0978186601894986,1.3,1.5,1.6,1.6,1.6,1.7,1.7,1.7,1.7,1.7,1.7,1.7,1.7,1.7,1.7,1.8,1.8,1.8,1.8,1.8,1.8,1.8,1.8,1.8,1.8,1.8,1.9,1.9,1.9,1.9,1.9,1.959693109019841,2.0,2.0584681227248214,2.1,2.1,2.1,2.1,2.1,2.1,2.1,2.1,2.159328465857746,2.2,2.2,2.2,2.2,2.2,2.2,2.2,2.2,2.2,2.2,2.2,2.2,2.2,2.2,2.207945850290253,2.4,2.4,2.4,2.4,2.4,2.4,2.4,2.4,2.4,2.4,2.4,2.4,2.4,2.4,2.4,2.4,2.5,2.5,2.6,2.7,2.7,2.7,2.7,2.8,2.8,2.8,2.8,2.8,2.8277108492161203,2.9,2.9,2.9,2.928010926291105,3.0,3.0,3.0,3.0,3.0,3.0,3.0,3.0,3.1,3.2745514221892504,3.3,3.3,3.3,3.4,3.4,3.4,3.4,3.4,3.4,3.4,3.4,3.4,3.4,3.4,3.4,3.4,3.4,3.4,3.4,3.4,3.4,3.432212223747814,3.5,3.5,3.613777036454178,3.7,3.7,3.7,3.7,3.7,3.7,3.7,3.7,3.8,3.8,3.8,3.8,3.8,3.8,3.8,3.8,3.8,3.8,3.8,3.8,3.861545727139935,3.9,3.9,3.9,3.9,3.9,3.9,3.9,3.9,3.9,3.9,3.9,3.9,3.9,3.9,4.0,4.0,4.0,4.0,4.0,4.0,4.1,4.1,4.2,4.2,4.25054171839335,4.3,4.3,4.3,4.380147534287232,4.4,4.4,4.467282571585736,4.5,4.5,4.5,4.5,4.5,4.5,4.5,4.5,4.6,4.6,4.6,4.6,4.6,4.6,4.6,4.6,4.6,4.671362657173825,4.714514486060847,4.9778728829560865,6.4
0.49890933009474925,0.6,0.7,0.7,0.7,0.7,0.7,0.7,0.7,0.7,0.7,0.7,0.7,0.7,0.7,0.7,0.7,0.7,0.7305129470707022,0.9,1.1,1.1,1.1,1.1590090298190248,1.2,1.2,1.2,1.2,1.2,1.2,1.2,1.2,1.2,1.2,1.2,1.3,1.3,1.3,1.3,1.4,1.4,1.4,1.4,1.4,1.4,1.4,1.4,1.4,1.4,1.4,1.4,1.4,1.4,1.4,1.4,1.4,1.4,1.4,1.4,1.4,1.4,1.5,1.5,1.5,1.5,1.5,1.6,1.6,1.6,1.6,1.6,1.6,1.6306801228393908,1.7,1.7,1.7,1.7,1.7,1.7,1.7,1.7,1.7,1.7,1.7,1.8,1.8,1.8,1.8277108492161205,1.9,1.9,1.9,1.9,1.9,1.9,1.9,1.9,1.9,1.9,1.9,2.0,2.0,2.0,2.0,2.1,2.1,2.1,2.1,2.1,2.1,2.1,2.1,2.1,2.2,2.2,2.2,2.2,2.2,2.2,2.200269264184391,2.3,2.3,2.3,2.4,2.4,2.4,2.4,2.4,2.4,2.4,2.4,2.4,2.4,2.4,2.4,2.4,2.4,2.4,2.5,2.5,2.5,2.5,2.5,2.5,2.5,2.5,2.5,2.5,2.5,2.5,2.5,2.5,2.5,2.5,2.5,2.5,2.5,2.5,2.5,2.5,2.5,2.567079801107315,2.6,2.6551727712629773,2.7,2.7,2.7935939878452527,2.9415318772751786,3.0,3.180613781960312,3.3,3.3,3.496291420219933,3.7,3.7,3.7627137278564304,3.8,3.9,3.9,3.9,3.9,3.9,3.9,3.9,4.0,4.0,4.0,4.0,4.0,4.0,4.0,4.0,4.0,4.0,4.0,4.0,4.240415215425673,4.441060866411857,4.5,4.5,4.6,6.1
1.3,1.5,1.5,1.6,1.6,1.6,1.7,1.7,1.7,1.7996092814346327,1.8,1.8,1.8,1.9,1.9,1.9,1.9,1.9,1.9,1.9,1.9,1.9,1.9,1.9,2.0,2.0,2.0,2.094001543934421,2.1,2.1,2.1,2.1,2.1,2.1,2.1,2.2,2.2,2.2,2.2,2.2,2.2,2.2,2.2,2.2,2.2,2.2,2.2,2.2,2.2,2.2,2.2,2.2,2.2,2.2,2.2,2.2,2.2415378870321603,2.3,2.3,2.3,2.3,2.3,2.3,2.3,2.3,2.3,2.3,2.3,2.3,2.3,2.3,2.3,2.3,2.3,2.3,2.3,2.3,2.4,2.4,2.4,2.4,2.4,2.4,2.4,2.4,2.4,2.5,2.5,2.5,2.5,2.6,2.6,2.6,2.6,2.6,2.6,2.6,2.6,2.6,2.6,2.6,2.6,2.6,2.6,2.648291057822746,2.7,2.7,2.7,2.7,2.7,2.7,2.7,2.7,2.7,2.7,2.7,2.7,2.7,2.7,2.7,2.7,2.7,2.7,2.7,2.7,2.7,2.7,2.7,2.7,2.7,2.7,2.7,2.7,2.7,2.7,2.7,2.7,2.7,2.7,2.7,2.7,2.7,2.7,2.725036691116378,2.8,2.8,2.8,2.8,2.8,2.8,2.8,2.9,2.9,2.9,2.9,2.9,2.9,2.9,2.9,2.9,2.9670798011073147,3.0,3.0,3.0,3.0,3.0,3.0,3.090424139558621,3.1,3.1,3.1,3.1,3.1,3.1,3.1,3.2,3.2,3.3,3.3,3.3,3.3,3.3,3.3,3.3,3.3,3.389518608039907,3.4674450063076963,3.6,3.6,3.6,3.6,3.7,3.7,3.7996368694758242,3.8,3.9,3.9,3.9,4.4,4.955745765912172,5.4
1.798363995142124,1.9,2.0709710278782985,2.1,2.1589391335881385,2.3,2.3,2.3,2.3,2.3996092814346324,2.4,2.6,2.6,2.6,2.6,2.7,2.7,2.7,2.7,2.7,2.7,2.7,2.7,2.7,2.8,2.8,2.8,2.8,2.8,2.8037085797800696,2.9,2.9,2.9,2.9,2.9,2.9,2.9,2.9,2.9,2.9,3.0,3.0,3.0,3.0,3.1,3.1,3.1,3.1,3.1,3.2,3.2,3.2,3.2,3.2,3.2,3.2,3.2,3.2,3.2,3.2,3.2,3.2,3.3,3.3,3.3,3.3,3.3,3.3,3.3,3.4,3.4,3.4,3.4,3.45857505126975,3.5,3.5,3.540819158515501,3.6,3.6,3.6,3.647494849229611,3.7,3.7,3.7,3.7,3.7,3.7,3.7,3.7,3.7,3.7,3.8,3.8,3.8,3.8,3.8,3.8,3.8,3.8,3.8,3.8,3.8,3.8,3.8,3.8,3.8,3.8,3.8,3.8,3.8,3.8,3.9,3.9,3.9,3.9,3.9,3.948666772365334,4.0,4.0,4.0,4.0,4.0,4.1,4.1,4.1,4.1,4.1,4.1,4.1,4.2,4.2,4.2,4.2,4.2,4.2,4.2,4.2,4.2,4.2,4.2,4.2,4.2,4.2,4.4,4.4,4.4,4.4,4.4,4.4,4.4,4.4,4.4,4.4,4.4,4.4,4.4,4.4,4.440671534142251,4.6,4.6,4.6,4.6,4.6,4.6,4.6,4.6,4.6,4.6,4.6,4.6,4.6,4.6,4.6,4.6,4.6,4.6,4.6,4.6,4.6,4.6,4.6,4.600258245611019,4.7,4.7,4.7,4.7,4.7,4.7,4.7,4.717525236657525,4.8,4.800390718565365,4.997716733723399,5.0,5.4,5.4,5.4,5.4,5.4,5.4,5.703817344668415
0.7989093300947493,0.9221271170439141,1.0,1.1,1.1589391335881383,1.2,1.2,1.2,1.2,1.2,1.2,1.2,1.2,1.2,1.2,1.2,1.2,1.2,1.2,1.2,1.2,1.3,1.3,1.3,1.4,1.4,1.4,1.4,1.4,1.5,1.5,1.5,1.5,1.5,1.5,1.5,1.5,1.5,1.5,1.5,1.5,1.5,1.5,1.5,1.5,1.5,1.5,1.5,1.5,1.5,1.5,1.5,1.5,1.5,1.5,1.5,1.5,1.5,1.5,1.5,1.5,1.5,1.5,1.5,1.5973230516210208,1.6,1.6,1.6,1.6,1.6,1.6,1.6,1.6,1.6,1.6,1.6,1.6,1.7,1.7,1.7,1.7,1.7,1.7,1.7,1.7,1.7,1.7,1.7,1.75293269309945,1.8,1.8,1.8,1.8,1.8,1.8,1.8,1.8,1.8,1.8,1.8254485778107465,1.95,2.0,2.0,2.0,2.0,2.0,2.0,2.0,2.0,2.0,2.0,2.0,2.0,2.0,2.0,2.0,2.0,2.0,2.0,2.0,2.052505150770389,2.1,2.1,2.1,2.1,2.1,2.1,2.1,2.1693198771606093,2.2,2.2,2.2,2.2,2.2,2.242480395589342,2.3,2.3,2.3,2.364269946863908,2.4,2.4,2.4,2.4,2.4,2.4,2.4,2.4,2.461545727139935,2.5,2.5,2.5,2.5,2.5,2.5,2.5,2.559932460047509,2.6,2.6,2.6,2.6,2.6,2.6,2.6,2.6,2.6,2.6,2.6,2.6,2.6,2.6912183114401103,2.7,2.7,2.7,2.8,2.8,2.8,2.8,2.8,2.8,2.8,2.9,2.9,2.9,2.9,2.9,2.989518608039907,3.0,3.0,3.1,3.1,3.1,3.2,3.2977167337233992,3.3,3.3,3.3202076077128364,3.5,3.671362657173825,3.9,4.7451101806926035,6.802181339810522
0.7994546650473747,1.0,1.1,1.2,1.2,1.2,1.2,1.2,1.2,1.2,1.3,1.3,1.3,1.3,1.4,1.4,1.4,1.4,1.4,1.4,1.5,1.5,1.5,1.5,1.5,1.5,1.5,1.5,1.5,1.5,1.5,1.5,1.5,1.5,1.5,1.5,1.5,1.5,1.5,1.5,1.6,1.6,1.6,1.6,1.6,1.6,1.6,1.6,1.6,1.6,1.6,1.6,1.7,1.7,1.7,1.7,1.7,1.7,1.8,1.8,1.8,1.8,1.8,1.8,1.8,1.8,1.8,1.8,1.8164165237127208,1.9,1.9,1.9,2.0,2.0,2.0,2.0,2.0,2.0,2.0,2.0,2.0,2.0,2.0,2.0,2.0,2.0,2.0,2.0,2.0,2.0,2.0,2.1,2.1,2.1,2.1,2.1,2.1,2.2,2.2,2.2,2.2,2.2,2.3,2.3,2.3,2.3,2.4,2.4,2.4,2.4,2.4,2.4,2.4,2.4,2.4,2.4230798727574836,2.5,2.5,2.5,2.5,2.5,2.5,2.5,2.5,2.5,2.5,2.5,2.5,2.5,2.5,2.6,2.6,2.6,2.6,2.6,2.6,2.6,2.6,2.6,2.6,2.6,2.6,2.6,2.6,2.6,2.6,2.7,2.7,2.7,2.732765281195782,2.8,2.8,2.8,2.8,2.8,2.8,2.8,2.8,2.8,2.8,2.8,2.8,2.8,2.8004461397505906,2.9,2.9,2.9,2.9,2.9,2.9,2.9,2.9,2.9,3.0,3.0,3.0,3.0801475342872324,3.1,3.1,3.1,3.2,3.2,3.3,3.3,3.3,3.3,3.3,3.3,3.3,3.4,3.5,3.7,3.7977167337233992,4.0992737389516485,4.113659870944877,4.3,4.441060866411857,4.9,5.1145144860608465,6.8,8.4
0.2,0.2,0.2,0.2,0.2,0.2,0.2,0.2,0.2,0.2,0.2,0.2,0.2,0.2,0.2,0.2,0.2,0.2,0.2,0.2,0.2,0.2,0.2,0.2,0.2,0.2,0.3,0.3,0.3,0.3,0.3,0.3,0.3,0.3,0.3,0.3,0.3,0.3,0.3,0.3,0.3,0.3,0.3,0.3,0.3,0.3,0.3,0.3,0.3,0.3,0.3,0.3,0.3,0.3,0.3,0.4,0.4,0.4,0.4,0.4,0.4,0.4,0.4,0.4,0.4,0.4,0.4,0.4,0.4,0.4,0.4,0.4,0.4,0.4,0.4,0.4,0.4,0.4,0.4,0.4,0.4,0.4,0.4,0.42560649842152715,0.5,0.5,0.5,0.5,0.5,0.5,0.5,0.5,0.5,0.5,0.5,0.5,0.5,0.5,0.5,0.5,0.5,0.5,0.5,0.5,0.5,0.5,0.5,0.6,0.6,0.6,0.6,0.6,0.6,0.6,0.6,0.6,0.6,0.6,0.6,0.6,0.6,0.6,0.6,0.6,0.6,0.6,0.6,0.6,0.6,0.6,0.6,0.6,0.6,0.6,0.6,0.6,0.6,0.6,0.6,0.6,0.6,0.6,0.6,0.6,0.6584621129678396,0.7,0.7,0.7,0.7,0.7,0.7,0.7,0.7,0.7,0.7,0.7,0.7,0.7,0.7,0.7,0.7670798011073146,0.8,0.8,0.8,0.9,0.9,0.9,0.9,1.0,1.0,1.0,1.0,1.0,1.0,1.0,1.1,1.1,1.2,1.2,1.2,1.2,1.2,1.269487052929304,1.3,1.3,1.3,1.3,1.3,1.3,1.3,1.3,1.3,1.3,1.4,1.5,1.5,1.5,1.6,1.7,2.0,2.605453349526306
0.5978186601894985,0.6,0.7,0.7,0.7,0.7,0.7,0.7,0.7,0.7,0.7,0.7,0.906327883793633,1.1,1.1,1.1,1.1,1.1,1.1,1.1,1.2,1.2,1.2,1.2,1.2,1.2,1.2,1.2,1.2,1.2,1.2,1.2087816885598868,1.3,1.3,1.3,1.3,1.3,1.3,1.3,1.3,1.3,1.3,1.3,1.3,1.3,1.3,1.3,1.3,1.3,1.3,1.4,1.4,1.4031051118148354,1.5,1.5,1.5,1.5,1.5,1.5,1.5,1.5,1.5,1.6,1.6,1.6,1.6,1.6,1.6,1.6,1.6,1.6,1.6,1.6,1.6,1.6,1.6,1.6,1.6,1.6,1.6,1.6,1.6,1.6,1.6,1.6,1.6,1.6,1.6277108492161205,1.7,1.7,1.7,1.7,1.7,1.7,1.7,1.7,1.7,1.7,1.7,1.7,1.7,1.7,1.8,1.8,1.8,1.8,1.8,1.8,1.8,1.8,1.8,1.8,1.8,1.8,1.8,1.8,1.8,1.8,1.8,1.8,1.8,1.8,1.8054499355826124,1.9,1.9,1.9,1.9,1.9,1.9,1.9,1.9,1.9,2.0,2.0,2.0,2.0724102608103183,2.1,2.1,2.1,2.1,2.1,2.1,2.1,2.1,2.1,2.1,2.1,2.1,2.196894888185165,2.2,2.2,2.2,2.2,2.2,2.2,2.2,2.2,2.2,2.282077373987306,2.3242052584359554,2.4,2.4,2.4,2.4,2.4,2.4,2.4,2.4,2.4,2.4,2.4,2.496291420219933,2.6,2.7,2.7,2.8,2.8,2.8,2.803343888618275,2.9,2.9,3.0,3.1389741058586083,3.2406880822512334,3.3,3.3,3.4,3.5,3.6,3.6175252366575252,3.7,3.8003907185653643,3.9,3.9,4.0,4.0,4.2,4.5,4.5,4.6,6.101090669905261
0.6,0.7,0.7,0.7,0.7,0.7,1.1,1.2,1.2,1.2,1.2,1.2,1.2,1.2,1.2,1.3,1.3,1.3,1.3,1.3,1.3,1.3,1.4,1.4590090298190248,1.5,1.5,1.5,1.5,1.5494582816066527,1.6,1.6,1.6,1.6,1.6,1.6,1.6,1.6,1.6,1.6,1.6,1.6,1.6,1.6,1.6,1.6,1.6,1.6,1.6,1.6,1.6,1.6308259810188759,1.7,1.7,1.7,1.7,1.7,1.7,1.8,1.8,1.8,1.8,1.8,1.8,1.8,1.8,1.8,1.8,1.8,1.8164165237127208,1.9,1.9,1.9,1.9,1.9,1.9,1.9,1.9,1.9,1.9,1.9211158526678018,2.0,2.0,2.0,2.0,2.05133322763466,2.1,2.1,2.1,2.1,2.1,2.1,2.1,2.1,2.1,2.1,2.1,2.1,2.1,2.1,2.1,2.1500000000000004,2.2,2.2,2.2,2.2,2.2,2.2,2.2,2.2,2.2,2.2,2.2,2.2,2.2,2.3,2.3230798727574835,2.4,2.4,2.4,2.4,2.4,2.4,2.4,2.4,2.4,2.4,2.4,2.4,2.4,2.4,2.4,2.4,2.4,2.4,2.4,2.4,2.4,2.4,2.4,2.4,2.5,2.5,2.5,2.625036691116378,2.7,2.7,2.7,2.7,2.7,2.8,2.8,2.8,2.843677771674339,2.9,3.0,3.0,3.199928248560275,3.3,3.3,3.4,3.4,3.4,3.4,3.4004461397505907,3.5,3.593593987845253,3.6,3.6904241395586213,3.7,3.7,3.7,3.7,3.8,3.8059984560655775,3.9,3.9,3.9,3.9,3.9,3.9,4.0,4.0,4.0,4.0,4.0,4.0,4.0,4.0,4.0,4.2,4.4,4.5,4.5,4.5,4.5,4.520207607712837,4.6,4.6,4.7,5.467237297736517,6.304362679621044
0.39890933009474927,0.6,0.6,0.7,0.7,0.7,0.7,0.7,0.7,0.7,0.7,0.7,0.7,0.7,0.7,0.7,0.7,0.7,0.7,0.7,1.0342194623641008,1.1,1.1,1.1,1.1,1.1,1.1,1.1,1.1,1.1,1.1,1.1,1.1,1.1,1.1,1.1,1.1,1.1,1.1,1.1,1.1,1.1,1.1,1.2,1.2,1.2,1.2,1.3,1.3,1.3,1.3,1.3,1.3,1.3,1.3,1.3,1.3,1.3,1.3,1.3,1.3,1.4,1.4,1.4,1.4,1.4,1.4,1.4,1.4,1.4,1.4,1.4,1.4,1.5,1.5,1.5,1.5,1.5,1.5,1.6,1.6,1.6,1.6,1.6,1.6,1.6,1.6,1.6,1.6,1.6,1.6,1.6,1.6,1.6,1.6,1.7,1.7,1.7,1.7,1.7,1.7,1.7,1.7,1.7,1.7,1.7,1.7,1.722338458626433,1.8,1.8,1.8,1.8,1.8,1.8,1.8,1.8,1.8,1.87439350157847,1.9,1.9,1.9,1.9,1.9,1.9,1.9591808414844933,2.0,2.0,2.0,2.0,2.097472376674125,2.1,2.1,2.1,2.1,2.1,2.1,2.1,2.1,2.164269946863908,2.2,2.2,2.2,2.2,2.2,2.2,2.2,2.2,2.2,2.2,2.2,2.3,2.3,2.3,2.4,2.4,2.4,2.4,2.4,2.4,2.4,2.4,2.4,2.4,2.4,2.4,2.4,2.4,2.5,2.5,2.5,2.5,2.5,2.6,2.6,2.6,2.6,2.6,2.7,2.7,2.7672825715857354,2.8,2.800258245611019,3.0,3.0,3.0,3.0895186080399073,3.234890012615392,3.3,3.4312240387354507,3.7,3.707133298446678,3.8003907185653643,3.9,3.9,4.0,4.0,4.0,4.0,4.414514486060847,4.5,4.7343561020157265
0.6989093300947492,1.0,1.1709710278782985,1.3,1.3,1.5797923922871657,1.6,1.8,1.8,1.8,1.8,1.8,1.8,1.8,1.9,1.9,1.9,1.9,1.9,1.9997417543889866,2.0,2.0,2.0,2.0,2.0,2.0,2.0372862721435707,2.1,2.1,2.1,2.1,2.108781688559887,2.2,2.2,2.2,2.2,2.2,2.299553860249409,2.3,2.3,2.3,2.3,2.3,2.3,2.3,2.3,2.3,2.4,2.4,2.4,2.4,2.4,2.5,2.5,2.5,2.5,2.5,2.5,2.5079458502902527,2.6,2.6,2.6,2.6,2.6,2.6,2.6275897391896876,2.7,2.7,2.7,2.7,2.7,2.702527623325867,2.8,2.8,2.8,2.813634252669689,2.9,2.9,2.9,2.9,2.9,2.9736966480707365,3.1,3.1,3.1,3.1,3.1,3.1,3.1,3.1,3.1,3.1,3.1,3.1,3.1,3.1,3.1,3.1,3.1,3.1,3.1500000000000004,3.2,3.2,3.2,3.2,3.3,3.3,3.3,3.3,3.3,3.3,3.3,3.3,3.3,3.3,3.3,3.3,3.3,3.3,3.3,3.352505150770389,3.4,3.4,3.4,3.4,3.4863657473303133,3.5,3.5,3.5,3.5,3.5,3.5,3.5,3.5,3.5,3.5,3.5,3.5,3.5,3.5,3.5273604303772346,3.6,3.6,3.6,3.6584621129678396,3.7,3.7,3.7,3.7,3.7,3.7,3.7,3.7,3.7,3.7,3.7,3.7,3.7,3.8,3.9,3.9,4.1,4.1,4.1,4.1,4.1,4.1,4.1,4.1,4.2,4.2,4.2,4.2,4.2,4.3,4.3,4.3,4.4,4.403343888618275,4.5,4.5,4.5,4.5,4.5,4.6,4.689518608039907,4.767445006307696,4.9,5.03122403873545,5.2,5.2,5.7,5.7,5.7,5.7,5.7,5.7,5.7,6.6,6.6,6.6103613640999805
0.7994546650473747,0.9,0.9,0.9,1.0,1.0,1.0931700645275617,1.1,1.1022832662765965,1.2,1.3,1.3,1.4,1.4,1.4325549936923017,1.5,1.5,1.5593119177487658,1.6,1.6,1.7,1.8,1.8,1.8,1.8,1.8,1.8,1.8,1.8,1.9,1.9,1.9,1.9,1.9,1.9,1.9,1.9,1.9,1.9,1.9892733098756081,2.0,2.0,2.0,2.0,2.0,2.0,2.0,2.0,2.0,2.0,2.0,2.0,2.0,2.0,2.073298795838568,2.1,2.1,2.1749633088836164,2.2,2.2,2.2,2.2,2.2,2.2,2.2,2.2,2.2,2.2,2.3,2.3,2.3,2.3,2.3,2.3,2.3,2.3,2.3,2.3,2.3,2.3,2.3,2.3,2.3,2.3,2.4,2.4,2.4,2.4,2.45293269309945,2.5,2.5,2.5,2.5,2.5,2.5,2.6,2.6,2.6,2.6,2.6,2.6,2.7,2.7,2.7,2.7,2.7,2.7,2.7,2.7,2.7,2.7,2.8,2.8,2.8,2.8,2.8,2.8,2.87439350157847,2.9,2.9,2.9,3.0,3.1,3.1,3.1,3.1,3.1,3.1,3.1,3.2,3.2258931733306895,3.3,3.3,3.3,3.3,3.3,3.3,3.3,3.3,3.3,3.3,3.3,3.3,3.4,3.4,3.4,3.4,3.4,3.5,3.5,3.5,3.5,3.5,3.5,3.5,3.5,3.5,3.5,3.5,3.5,3.5,3.5,3.5,3.5,3.5,3.6,3.6,3.6,3.6,3.7,3.7,3.7,3.7,3.7,3.7,3.7,3.7,3.7,3.7,3.7,3.7,3.7,3.7,3.7,3.7,3.7,3.867445006307696,4.1,4.1,4.1,4.2,4.2,4.297716733723399,4.3,4.3,4.4,4.5,4.84272531434765,5.272572430304234,5.7,6.6
0.2,0.3,0.4,0.4,0.5,0.5,0.5,0.5,0.5,0.5,0.5,0.5,0.6,0.6,0.6,0.6,0.6,0.7,0.7,0.7,0.7671097311820504,0.8,0.8,0.8,0.8,0.8,0.9,0.9,0.9,0.9,0.9,0.9,0.9,0.9,0.9,0.9,0.9,0.9,0.9,1.0,1.0,1.0,1.0,1.0,1.0,1.0,1.1,1.1,1.1,1.1,1.1,1.1,1.1,1.1,1.2,1.2,1.2,1.2,1.2,1.3,1.3,1.3,1.3,1.3,1.3,1.3,1.3,1.3,1.3,1.3,1.3,1.3,1.3,1.3,1.3,1.3,1.3,1.3,1.3,1.3,1.3,1.3,1.3,1.3,1.3,1.3,1.3,1.3,1.3,1.3,1.3,1.3,1.3,1.3,1.3,1.3,1.3,1.3,1.3,1.3,1.3,1.3,1.4,1.4,1.4,1.4,1.4,1.4,1.4,1.4,1.4,1.4,1.4,1.4,1.4,1.4,1.4,1.4,1.4,1.4,1.4,1.4,1.4,1.4,1.4,1.4,1.4,1.4,1.4,1.5,1.5,1.5,1.5,1.5,1.5,1.572410260810318,1.6,1.6,1.6,1.6,1.6,1.6,1.6,1.7,1.7,1.7,1.7,1.7,1.7,1.8,1.8,1.8,1.8,1.8,1.8,1.8599324600475085,1.9,1.9,1.9,1.9,1.9,1.9,1.955172771262977,2.0,2.0,2.0,2.0,2.0,2.0,2.0,2.043198843880208,2.1,2.2,2.2,2.2,2.2,2.2,2.2,2.2033438886182752,2.3,2.3,2.4,2.5,2.5,2.6,2.7,2.7,2.7,2.7,2.7,2.7,2.7003907185653646,2.8,3.098910608427474,3.3,3.3,3.3,3.4713626571738248,3.5,4.111491531824345,4.503272009715784
1.098363995142124,1.4,1.5,1.5,1.5,1.5,1.5,1.600363130524173,1.7,1.7,1.7,1.7,1.8,1.8,1.8,1.8,1.8,1.8,1.9,1.9,1.9,1.9,2.0,2.0,2.0,2.079256605514607,2.1,2.1,2.1494582816066528,2.2,2.2,2.2,2.2,2.209575860441376,2.3,2.3,2.3,2.3,2.3,2.3,2.3,2.3,2.3,2.3,2.3,2.3,2.3,2.3,2.3563222283256664,2.4,2.4,2.4,2.403105111814835,2.5,2.5,2.6,2.6,2.6,2.6,2.6,2.67263956962276,2.7,2.7,2.7,2.7,2.7,2.7,2.7,2.7,2.7,2.7,2.7,2.7,2.7,2.7,2.7,2.7,2.7,2.7,2.7,2.7,2.7,2.8,2.8,2.8,2.8,2.8,2.8277108492161203,2.9,2.9,2.9,2.9,2.9,2.9,2.9,2.9,2.9,2.9,2.9,2.9,2.9,2.9,2.9,2.9,2.9,2.9,2.9,2.9,3.0,3.0,3.0,3.0,3.0,3.0,3.0,3.0,3.0,3.0,3.0,3.0,3.0,3.0,3.0,3.1,3.1,3.1,3.1,3.1,3.1,3.1,3.1,3.1,3.2,3.2,3.2,3.2,3.2,3.3,3.3,3.3,3.3,3.3,3.3,3.3,3.3,3.3,3.4,3.4,3.4,3.4,3.4,3.5,3.5,3.5,3.5,3.5,3.5,3.5,3.5820773739873064,3.6,3.6,3.6,3.6,3.6,3.6,3.6,3.7,3.7,3.7,3.7,3.7,3.7,3.7,3.7,3.7627137278564304,3.8,3.8,3.8,3.8,3.8,3.9,3.9,3.9,3.9406880822512336,4.1,4.1,4.1,4.1,4.131224038735451,4.2,4.2,4.2,4.2,4.4,4.4,4.6,4.6,4.6,4.8,5.155745765912172,5.401636004857892
1.0978186601894986,1.4,1.5,1.5,1.5,1.5,1.5,1.6,1.6022832662765965,1.7,1.7,1.7,1.7,1.7520555588893196,1.8,1.8,1.8,1.8,1.8,1.8,1.8,1.9,1.9,1.9,1.9,1.9,1.9372862721435709,2.0,2.0,2.0,2.0,2.1,2.1,2.1,2.1,2.2,2.2,2.2,2.2,2.2,2.2,2.2,2.2,2.259328465857746,2.3,2.3,2.3,2.3,2.3,2.3,2.3,2.3,2.3,2.3,2.3,2.3,2.3,2.3,2.4,2.4,2.4,2.4,2.4,2.4,2.4,2.5,2.5575196044106634,2.6,2.6,2.6,2.6,2.6,2.6,2.6,2.7,2.7,2.7,2.7,2.7,2.7,2.7,2.7,2.7,2.7,2.7,2.7,2.7,2.7,2.7,2.7,2.7,2.7,2.7,2.7,2.7,2.727072108449437,2.8,2.8,2.8,2.8,2.8499999999999996,2.9,2.9,2.9,2.9,2.9,2.9,2.9,2.9,2.9,2.9,2.9,2.9,2.9,2.9,2.9,2.9,2.97439350157847,3.0,3.0,3.0,3.0,3.0,3.0,3.0,3.0,3.0,3.0,3.0,3.0,3.0258931733306893,3.1,3.1,3.1,3.1,3.1,3.1,3.2,3.2,3.2,3.2,3.2,3.3,3.3,3.3,3.3,3.3,3.3,3.3,3.3,3.4,3.4,3.4,3.4,3.420554724647712,3.5,3.5,3.5,3.5,3.5,3.5,3.6,3.6,3.6,3.6,3.6,3.641531877275179,3.7,3.7,3.7,3.7,3.7,3.7,3.7,3.7,3.7207433944853903,3.8,3.8,3.8,3.8,3.9,3.9,3.9,3.9,4.1,4.1,4.1,4.1,4.2,4.2,4.2,4.2,4.2,4.2,4.4,4.6,4.6,4.6,4.8,4.955745765912172,5.401636004857892
0.2,0.2,0.3,0.3286373428261779,0.5,0.5,0.5,0.5,0.6,0.6,0.6,0.6,0.6,0.7,0.7,0.7,0.7,0.7,0.7,0.7,0.7,0.7,0.7,0.7,0.8,0.8,0.8,0.8,0.8,0.8,0.8,0.8,0.8,0.8,0.8,0.8,0.8,0.8,0.8,0.8,0.8,0.8,0.8,0.8,0.8,0.8400675399524986,0.9,0.9,0.9,0.9,0.9,0.9672347188042181,1.0,1.0,1.0,1.1,1.1,1.1,1.1,1.1,1.1,1.1,1.1,1.1,1.1,1.1,1.1,1.1,1.1,1.1454068260374244,1.2,1.2,1.2,1.2,1.2,1.2,1.2,1.2,1.2,1.2,1.2,1.2,1.2,1.2,1.2,1.2,1.2,1.2,1.2,1.2,1.2,1.2,1.2,1.2,1.2023925098791608,1.3,1.3,1.3,1.3,1.3,1.3,1.3,1.3,1.3,1.3,1.3,1.3,1.3,1.3,1.3,1.3,1.3,1.3,1.3,1.3976236808611417,1.4,1.4,1.4,1.4002692641843906,1.5,1.5,1.5,1.5,1.5,1.5,1.5,1.5,1.5,1.5,1.5,1.5,1.5,1.5,1.5,1.5,1.5,1.5,1.5,1.5,1.5,1.5,1.5,1.5,1.5,1.5,1.5,1.5267012041614294,1.6,1.6,1.6,1.66917401898113,1.7,1.7,1.7,1.7,1.7,1.7,1.7,1.7,1.7,1.7,1.7,1.755172771262977,1.8,1.8,1.8935939878452528,1.9,1.9,1.9,1.9,1.9,1.9,1.9505417183933502,2.1,2.1,2.1,2.1,2.1,2.1,2.1,2.2,2.2,2.2,2.2,2.2139854899254376,2.3,2.3,2.3,2.3,2.3,2.4,2.6,2.6,2.6,2.7,2.8,2.8,3.0,3.3,3.3,3.602726674763153
0.6994546650473746,1.0,1.1,1.2286373428261779,1.4,1.4,1.4,1.4,1.4,1.5,1.5,1.5,1.5,1.5,1.5,1.6,1.6,1.6,1.6,1.7,1.7,1.7,1.7,1.7,1.7,1.7,1.8,1.8,1.8,1.8,1.8,1.8,1.8,1.8,1.8,1.9,1.9,2.0,2.0,2.0,2.0,2.0,2.0,2.0,2.0,2.0,2.0,2.0,2.0,2.0,2.1,2.1,2.1031051118148354,2.2,2.2,2.2,2.2,2.2,2.3,2.3,2.3,2.3,2.3,2.3,2.3,2.3,2.3,2.3,2.4,2.4,2.4,2.4,2.4,2.4,2.4,2.4,2.4,2.4,2.4,2.4,2.4,2.4736966480707365,2.5,2.5,2.5,2.5,2.5,2.5,2.5,2.5,2.5,2.5,2.552870569242148,2.6,2.6,2.6,2.6,2.6,2.6,2.6,2.6,2.6,2.699111378456269,2.7,2.7,2.8,2.8,2.8,2.8,2.8,2.8,2.8,2.8,2.8,2.8,2.8,2.8,2.8,2.8,2.8,2.8,2.8,2.9,2.9,2.9,2.9,3.0,3.0,3.0,3.1,3.1,3.1,3.1,3.1,3.1,3.1,3.1,3.1,3.1,3.1956215100637166,3.2,3.2,3.2,3.225036691116378,3.3,3.3,3.3,3.3,3.3,3.3,3.3,3.3,3.3,3.3,3.3,3.3,3.3,3.3,3.3820773739873062,3.4,3.4,3.4,3.4,3.4,3.4,3.5,3.5,3.5,3.5,3.5,3.5,3.5,3.5,3.5,3.5,3.5207433944853905,3.6,3.6,3.603343888618275,3.7,3.7,3.7002582456110193,3.8,3.8,3.8,3.8,3.9,4.1,4.1,4.1,4.1,4.2,4.297716733723399,4.3,4.3,4.320207607712836,4.664243465647428,4.9,5.729028972121694,6.6,7.008180024289459
0.7,1.0221271170439141,1.1,1.2,1.2589391335881381,1.3797923922871658,1.4,1.4,1.4,1.4,1.4,1.5,1.5,1.5,1.5,1.5,1.5,1.5,1.6,1.6,1.6,1.6,1.7,1.7,1.7,1.7,1.7,1.7,1.7,1.8,1.8,1.8,1.8,1.8,1.8,1.9,1.9,1.9,2.0,2.0,2.0,2.0,2.0,2.0,2.0,2.0,2.0,2.0,2.0,2.0,2.0,2.0,2.1,2.1,2.1,2.107654785822831,2.2,2.2,2.2,2.2,2.2,2.2043784899362864,2.3,2.3,2.3,2.3,2.3,2.3,2.3,2.3,2.3,2.3,2.3,2.35857505126975,2.4,2.4,2.4,2.4,2.4,2.4,2.4,2.4,2.4,2.4,2.4513332276346604,2.5,2.5,2.5,2.5,2.5,2.5,2.5,2.5,2.6,2.6,2.6,2.6,2.6,2.6,2.7,2.7,2.7,2.7,2.8,2.8,2.8,2.8,2.8,2.8,2.8,2.8,2.8,2.8,2.8,2.8,2.8,2.8,2.87439350157847,2.9,2.9,2.9,3.0,3.0,3.0,3.0591808414844937,3.1,3.1,3.1,3.1,3.1,3.1,3.1,3.1,3.2,3.2,3.2,3.2,3.2,3.2,3.3,3.3,3.3,3.3,3.3,3.3,3.3,3.3,3.3,3.3,3.3,3.3,3.3,3.3,3.381809911496833,3.4,3.4,3.4,3.4,3.4820773739873063,3.5,3.5,3.5,3.5,3.5,3.5,3.5,3.5,3.5,3.5,3.59121831144011,3.6,3.6,3.7,3.7,3.7,3.7,3.7,3.7,3.8,3.8,3.8,3.9,3.9,3.981376164502467,4.1,4.1,4.1,4.1,4.131224038735451,4.217525236657525,4.3,4.3,4.3,4.499636869475824,4.506829935472439,4.640415215425673,4.9,4.9,5.7,6.489364414780431,6.6
0.2,0.2,0.3,0.3,0.3,0.3,0.3,0.3,0.3,0.3,0.3,0.3,0.3,0.3,0.4,0.4104813919600965,0.5,0.5,0.5,0.5,0.5,0.5,0.5,0.5,0.5,0.5,0.5,0.5,0.5,0.5,0.5,0.6,0.6,0.6,0.6,0.6,0.6,0.6,0.6,0.6,0.6,0.6,0.6,0.6,0.6,0.6,0.6,0.6,0.6,0.6,0.6,0.6,0.6,0.6,0.6,0.6,0.7,0.7,0.7,0.7,0.7,0.7,0.7,0.7,0.7,0.7,0.7,0.7,0.7,0.7,0.7,0.7,0.7,0.7,0.7,0.7,0.7,0.7,0.7,0.7,0.7,0.7,0.7,0.7,0.7,0.7,0.8,0.8,0.8,0.8,0.8,0.8,0.8,0.8,0.8,0.8,0.8,0.8,0.8,0.8,0.8500000000000001,0.9,0.9,0.9,0.9,0.9,0.9,0.9,0.9,0.9,0.9,0.9,0.9,0.9,1.0,1.0,1.0,1.0,1.0002692641843907,1.1,1.1,1.1,1.2,1.2,1.2,1.2,1.2,1.2,1.2,1.2,1.2,1.2,1.2,1.2,1.2,1.3,1.3,1.3,1.3,1.3,1.3,1.3,1.3,1.3,1.4,1.4,1.4,1.4,1.4,1.4,1.4,1.4,1.4,1.4,1.4,1.4,1.4,1.4,1.4,1.4,1.4670798011073145,1.5,1.5,1.5,1.5,1.5,1.5,1.5,1.5,1.5912183114401104,1.6,1.6,1.6,1.7,1.7,1.7,1.7,1.7,1.7,1.8,1.8,1.8,1.8,1.8,1.8,1.8,1.8,1.847944441110684,1.9,2.0,2.0,2.0,2.0,2.0,2.0,2.0,2.1,2.1,2.1,2.277872882956086,2.3
0.9989093300947492,1.2442542340878282,1.5,1.7,1.7,1.7,1.7,1.8,1.8,1.8,1.8,1.8,1.8,1.8,1.8,1.8,1.8,1.8,1.9,1.9997417543889866,2.0,2.0,2.096656111381731,2.1,2.2,2.2,2.2,2.2,2.3,2.3,2.3,2.4,2.4,2.4,2.4,2.40640601215474,2.5,2.5,2.6,2.6,2.7,2.7,2.7,2.7,2.8,2.8,2.8,2.8,2.8,2.8,2.8,2.8,2.8,2.8,2.8,2.8,2.8,2.8,2.8,2.8,2.8,2.8,2.8,2.8,2.8,2.8,2.8,2.8,2.8,2.8,2.8,2.8,2.8,2.8,2.8,2.8,2.8,2.8,2.8,2.9,2.9,2.9,2.9,2.9,2.9513332276346604,3.0,3.0,3.0,3.0,3.0,3.0030739068521823,3.1,3.1,3.1,3.1,3.1,3.1,3.2,3.2,3.2,3.2,3.2,3.2,3.2,3.2,3.2,3.2,3.3,3.3,3.3,3.3,3.3,3.3,3.3,3.3,3.3,3.3,3.3,3.3002692641843905,3.4,3.4,3.4,3.4,3.4,3.5,3.5,3.5,3.5,3.5,3.5,3.5,3.5,3.5,3.5,3.5,3.5,3.5,3.5,3.5,3.5,3.5,3.5,3.5,3.5,3.5,3.5,3.6,3.6,3.6,3.6,3.6,3.6,3.6,3.6,3.6,3.6,3.6,3.6,3.6,3.6242052584359556,3.7,3.7,3.7,3.7,3.7,3.7,3.7,3.7,3.7,3.7,3.7,3.8,3.8,3.8,3.8,3.8207433944853904,3.9,3.9,3.9,4.1,4.1,4.1,4.169487052929304,4.2,4.2,4.3,4.4,4.4,4.4,4.4,4.6,4.6,4.7,4.999273738951649,5.4,5.4,5.4,5.985450628695298,6.4,6.4,6.6103613640999805
0.7989093300947493,1.1,1.3,1.5,1.5,1.5797923922871657,1.6931700645275616,1.7,1.7,1.7,1.7,1.7,1.8,1.8,1.8,1.8,1.8,1.8,1.8,1.8,1.8,1.8,1.8,1.8,1.8,1.8,1.8,1.8,1.8,1.9,1.9,2.0,2.1,2.1,2.1,2.1,2.1,2.2,2.2,2.2,2.3,2.3,2.3,2.4,2.4,2.4,2.4,2.4,2.4,2.4,2.4,2.4,2.4,2.5,2.5,2.5,2.5415378870321605,2.6749633088836164,2.7,2.7,2.7,2.7,2.7,2.7,2.7,2.7,2.7,2.8,2.8,2.8,2.8,2.8,2.8,2.8,2.8,2.8,2.8,2.8,2.8,2.8,2.8,2.8,2.8,2.8,2.8,2.8,2.8,2.8,2.8,2.8,2.8,2.8,2.8,2.8,2.9,2.9,2.9,2.9,2.9008886215437286,3.0,3.0,3.0,3.0,3.0,3.0,3.0729278915505747,3.1,3.1,3.1,3.1,3.1,3.1,3.1,3.1,3.1,3.2,3.2,3.2,3.2,3.2,3.2,3.2,3.2,3.2,3.2,3.2,3.2,3.2,3.2,3.2,3.3,3.3,3.3,3.3,3.3,3.3,3.3,3.3,3.3,3.3,3.3273604303772344,3.4,3.4,3.5,3.5,3.5,3.5,3.5,3.5,3.5,3.5,3.5,3.5,3.5,3.5,3.5,3.5,3.6,3.6,3.6,3.6,3.6,3.6,3.6,3.6,3.6,3.6,3.6,3.6,3.6,3.6,3.6,3.6,3.6,3.6,3.6,3.6801475342872325,3.7,3.7,3.7,3.7,3.7,3.769487052929304,3.8,3.8,3.8,3.9,3.9,3.9,4.1,4.2,4.3,4.4,4.4,4.4,4.4,4.6,4.671362657173825,4.814514486060847,5.4,6.6
0.2,0.3,0.3,0.4,0.5,0.5,0.5,0.5,0.5,0.5,0.5,0.5824747633424777,0.6,0.6,0.6,0.6,0.6,0.6,0.6,0.6,0.6,0.6,0.6,0.6,0.6,0.6,0.6,0.6,0.6,0.6,0.6,0.6,0.6,0.6,0.6,0.6,0.6,0.6,0.6,0.6,0.6,0.6,0.6,0.6,0.6,0.6,0.6,0.6,0.6,0.6,0.6,0.6,0.6,0.6,0.6,0.6,0.6,0.6,0.6,0.6,0.6,0.6,0.635730053136092,0.7,0.7,0.7,0.7,0.7,0.7,0.7,0.7,0.7,0.7,0.7,0.7,0.7,0.7,0.7,0.7,0.7,0.7,0.7,0.7,0.7,0.7,0.7,0.7,0.7,0.7,0.7,0.7,0.7,0.7,0.7,0.7,0.7,0.7,0.7,0.7,0.7,0.7,0.7,0.7,0.7,0.7,0.7,0.7,0.7,0.7471294307578547,0.8,0.8,0.8,0.8,0.9,0.9,0.9,0.9,0.9,0.9,0.9263033519292548,1.0,1.0,1.0,1.1,1.1,1.1,1.2,1.2,1.2,1.2,1.2,1.2,1.2,1.2,1.2,1.2,1.2,1.2,1.2,1.2,1.2,1.2,1.2,1.2250366911163781,1.3,1.3,1.3,1.3,1.3,1.3,1.3,1.3,1.3,1.3,1.3,1.3,1.3,1.3,1.3,1.3242052584359556,1.4,1.4,1.4,1.4,1.4,1.4,1.4,1.490424139558621,1.5,1.5,1.5,1.5,1.5,1.5,1.5,1.5,1.5,1.5,1.6033438886182751,1.7,1.7,1.7,1.7,1.7,1.7139854899254374,1.8,1.8,2.0,2.1,2.1,2.1,2.1,2.1,2.1,2.1,2.1,2.1,2.1,2.3,2.3,2.907634689336828
0.49890933009474925,0.6,0.6,0.7,0.8,0.8,0.8931700645275615,0.9,0.9,0.9996092814346327,1.0928667015533229,1.1,1.1,1.2,1.2,1.2,1.2860145100745635,1.3,1.3,1.3,1.3,1.4,1.4,1.4,1.4,1.4,1.4,1.4,1.4,1.4,1.5,1.5,1.5,1.5,1.5,1.5,1.5,1.5,1.6,1.689273309875608,1.7,1.7,1.7,1.7,1.7,1.7,1.7,1.7,1.7,1.7,1.7,1.7,1.8,1.8,1.8,1.8,1.8,1.8,1.8,1.8,1.8,1.8,1.8,1.8,1.8,1.8,1.8,1.8,1.8,1.8,1.8,1.8,1.8,1.8,1.8,1.9,1.9,1.9,1.9,1.9,1.9,1.9,1.9,1.9,1.9,1.9,1.9,1.9277108492161203,2.0,2.0,2.0,2.0,2.0,2.0,2.0,2.0,2.0,2.0,2.0,2.0,2.0,2.0,2.0,2.0,2.0,2.0,2.0,2.0,2.0,2.0,2.0,2.0,2.0,2.0,2.0,2.0,2.0,2.0,2.0002692641843907,2.1,2.1,2.1,2.2,2.2,2.2,2.2,2.2,2.2,2.2,2.2,2.2,2.2,2.2,2.2,2.2,2.2,2.2,2.2,2.2,2.2,2.2,2.2,2.2,2.2,2.2,2.2,2.2,2.2,2.2,2.2,2.2,2.2,2.2,2.2,2.2,2.3,2.3,2.3,2.3,2.3,2.3670798011073146,2.4,2.4,2.4,2.4,2.4,2.4,2.4,2.5,2.5,2.5,2.5,2.5,2.5,2.5,2.5,2.5,2.5409909701809736,2.6,2.6,2.6,2.6,2.8,2.8,2.8,2.8,2.8,2.8,2.9312240387354507,3.017525236657525,3.1,3.1,3.1,3.1,3.1,3.1,3.1,3.3,3.4,3.911491531824345,4.0
0.29890933009474924,0.4,0.5,0.6,0.7,0.8,0.8,0.9,0.9,0.9,0.9,0.9,1.0,1.1,1.1,1.1,1.1860145100745634,1.2,1.2,1.2,1.2671097311820503,1.3,1.3,1.3,1.3,1.3,1.337286272143571,1.4,1.4,1.4,1.4,1.4,1.4,1.4,1.4,1.40640601215474,1.5,1.5,1.5,1.5,1.5,1.5,1.5,1.5,1.6,1.6,1.6794452753522875,1.7,1.7,1.7,1.7,1.7,1.7,1.7,1.7,1.7076547858228308,1.8,1.8,1.8,1.8,1.8,1.8,1.8,1.8,1.8,1.8,1.8,1.8,1.8,1.8,1.8,1.8,1.8,1.8,1.8,1.8,1.840819158515501,1.9,1.9,1.9,1.9,1.9,1.9,1.9,1.9,1.9,1.9,1.9,1.9,1.9,2.0,2.0,2.0,2.0,2.0,2.0,2.0,2.0,2.0,2.0,2.0,2.0,2.0,2.0,2.0,2.0,2.0,2.0,2.0,2.0,2.0,2.0,2.0,2.0,2.0,2.1,2.1,2.1,2.1,2.2,2.2,2.2,2.2,2.2,2.2,2.2,2.2,2.2,2.2,2.2,2.2,2.2,2.2,2.2,2.2,2.2,2.2,2.2,2.2,2.2,2.2,2.2,2.2,2.2,2.2,2.2,2.2,2.2,2.2,2.2,2.2,2.3,2.3,2.3,2.3,2.3,2.3,2.3,2.3,2.4,2.4,2.4,2.4,2.4,2.4,2.4,2.4,2.5,2.5,2.5,2.5,2.5,2.5,2.5,2.5,2.5,2.5,2.5409909701809736,2.6,2.6,2.6,2.6,2.7389741058586083,2.8,2.8,2.8,2.8,2.8,2.8,3.0,3.0,3.1,3.1,3.1,3.1,3.3,3.6,3.7,3.9145144860608467,4.0,4.0
0.2,0.3,0.3,0.3,0.3,0.3,0.3,0.4,0.4,0.4,0.4,0.4,0.4,0.4,0.4,0.4,0.4,0.45931191774876584,0.5,0.5,0.5,0.5,0.5,0.5,0.5,0.5,0.5,0.5,0.5,0.5,0.5,0.5,0.5,0.5,0.5,0.5,0.5,0.5,0.5,0.5,0.5,0.5,0.5,0.5,0.5,0.5,0.5,0.5,0.5,0.5,0.5308259810188758,0.6,0.6,0.6,0.6,0.6,0.6,0.6,0.6,0.6,0.6,0.6,0.6,0.6,0.6,0.6,0.6,0.6,0.6,0.6,0.6,0.6,0.7,0.7,0.7,0.7,0.7,0.7,0.7,0.7,0.7,0.7,0.7,0.7,0.7,0.7,0.7,0.7,0.7,0.7,0.7,0.7,0.7,0.7,0.7,0.7,0.7,0.7,0.7,0.7,0.7,0.7,0.7,0.7,0.7,0.7729278915505745,0.8,0.8,0.8,0.8,0.8,0.8,0.8,0.8,0.8,0.8,0.8,0.8,0.8,0.8,0.8,0.8,0.8,0.8,0.8,0.8,0.8,0.8,0.8,0.8,0.8,0.8,0.8,0.8,0.8,0.8,0.8,0.8,0.8,0.8,0.8,0.8,0.8,0.8,0.8,0.8,0.8,0.8,0.8968948881851645,0.9,0.9,0.9,0.9,0.9,0.9,0.9,0.9,0.9,0.9,0.9,0.9,0.9,0.9,0.9,0.9,0.9,0.9,0.9,0.9,0.9,0.9,1.0,1.0,1.0,1.0,1.1,1.1,1.1,1.1033438886182751,1.2,1.2,1.2,1.2,1.2,1.2139854899254374,1.3,1.3,1.3,1.3,1.317525236657525,1.4,1.4,1.4,1.4,1.4,1.4,1.4,1.4,1.5,1.7778728829560861,2.2
0.898363995142124,1.2,1.2854855139391492,1.3,1.3,1.3797923922871658,1.4,1.4,1.5,1.5,1.5,1.5,1.5,1.5,1.5,1.5,1.5,1.5593119177487658,1.6,1.6,1.6671097311820504,1.7,1.7,1.7,1.7,1.7,1.7,1.7,1.7,1.7,1.7,1.7,1.7,1.7,1.7584681227248211,1.8,1.8,1.8,1.8,1.8,1.8,1.8,1.8,1.9,1.9,1.9,1.9,1.9,1.9,1.9,2.0,2.0,2.0,2.0,2.0,2.0,2.0,2.0,2.0,2.0,2.0,2.0,2.0,2.0,2.0,2.1,2.1,2.1,2.1,2.1,2.1,2.1,2.1,2.1,2.1,2.2,2.2,2.2,2.2,2.2,2.2,2.2,2.2,2.2,2.2513332276346603,2.4,2.4,2.4,2.4,2.4,2.4,2.4,2.4,2.4,2.4,2.4,2.4,2.4,2.4,2.4,2.4,2.4,2.4,2.4,2.4,2.4,2.4,2.4,2.4,2.4,2.4,2.4219492382639882,2.5,2.5,2.5,2.5,2.5,2.5,2.5,2.5,2.5,2.5,2.5,2.5,2.5,2.5,2.6,2.6,2.6,2.6,2.6,2.6,2.6,2.7,2.7,2.7,2.8,2.8,2.8,2.8,2.8,2.8,2.8,2.8,2.8,2.8,2.8,2.8,2.8,2.8,2.8,2.9,2.9,2.9,2.9,2.9,2.9,2.9,2.9820773739873063,3.1,3.1,3.1,3.1,3.1,3.2,3.2,3.2,3.2,3.2,3.2,3.3,3.3,3.3,3.3,3.3627137278564305,3.4,3.5,3.5,3.5,3.5,3.5,3.6,3.7,3.7,3.7,3.7,3.8,3.947944441110684,4.1,4.1,4.207133298446678,4.3,4.3,4.3,4.8,4.9,4.9,4.9,4.9,4.9,5.602726674763153
0.6994546650473746,0.9221271170439141,1.1,1.2,1.2,1.3,1.3,1.4,1.4,1.4,1.4,1.5,1.5,1.5,1.5,1.5,1.5,1.5,1.5,1.5,1.5,1.5,1.5,1.559009029819025,1.6,1.6,1.6,1.6,1.6,1.7,1.7,1.7,1.7,1.7,1.7,1.7,1.7,1.7,1.7,1.7,1.7,1.7,1.7,1.7,1.8,1.8,1.8,1.8,1.8,1.8,1.8,1.8,1.9,1.9,1.9,1.9,1.9,1.9,1.9,2.0,2.0,2.0,2.0,2.0,2.0,2.0,2.0,2.0,2.0,2.0,2.0,2.0,2.0,2.0,2.0,2.0,2.0,2.067787776252189,2.1,2.1,2.1,2.1,2.1,2.2,2.2,2.2,2.2,2.2,2.2,2.3,2.3,2.328010926291105,2.4,2.4,2.4,2.4,2.4,2.4,2.4,2.4,2.4,2.4,2.4,2.4,2.4,2.4,2.4,2.4,2.4,2.4,2.4,2.4,2.4,2.4,2.4976236808611416,2.5,2.5,2.5,2.5,2.5,2.5,2.5,2.5,2.5,2.5,2.5,2.5,2.5,2.5,2.5,2.5,2.5,2.583583476287288,2.6,2.6,2.6,2.6,2.6,2.6,2.6,2.6,2.659500077641303,2.7,2.7,2.7,2.7,2.7,2.8,2.8,2.8,2.8,2.8,2.8,2.8,2.8,2.8,2.8,2.8,2.8820773739873062,2.9,2.9,2.9107266901243976,3.0551727712629773,3.1,3.1,3.1,3.141531877275179,3.2,3.2,3.2,3.2,3.2,3.2,3.3,3.3,3.3,3.3801475342872322,3.5,3.5,3.5,3.5,3.5,3.569487052929304,3.7,3.7,3.7,3.7,3.747944441110684,3.8312240387354506,4.0,4.007133298446678,4.3,4.3,4.3,4.5,4.640415215425673,4.841060866411857,4.9,4.9,4.9,5.604362679621044
0.39890933009474927,0.7,0.8,0.9,1.0,1.1,1.1,1.2,1.2,1.2,1.2,1.2,1.2,1.2,1.3,1.3,1.3,1.4,1.4,1.4,1.4,1.4,1.4,1.4,1.4,1.4,1.5,1.5,1.5,1.5,1.5,1.5,1.5,1.5,1.5,1.5,1.5,1.5,1.5,1.5,1.5,1.5,1.5,1.5,1.5,1.5,1.5,1.5181900885031638,1.6,1.6,1.6,1.6,1.6,1.6,1.6,1.6,1.6,1.6,1.6,1.6,1.6726395696227598,1.7,1.7,1.7,1.7,1.7,1.7,1.7,1.7,1.7,1.7,1.7,1.7,1.7,1.7,1.7136342526696893,1.8,1.8,1.8,1.8,1.9,1.9,1.9,1.9,1.9,1.9,1.9,1.9,2.0,2.0,2.0,2.0,2.0,2.0,2.0,2.0,2.0,2.0,2.0,2.0,2.05,2.1,2.1,2.1,2.1,2.1,2.1,2.2,2.2,2.2,2.2,2.2,2.2,2.2,2.2,2.3,2.3,2.3,2.3,2.326303351929255,2.4,2.4,2.4,2.4,2.4,2.4,2.4,2.4,2.4,2.4,2.4,2.4,2.4,2.4,2.4,2.4,2.4,2.4,2.4,2.4,2.5,2.5,2.5,2.5,2.5,2.5,2.5,2.5,2.5,2.5,2.5,2.6,2.6,2.6,2.6,2.659932460047509,2.7,2.7,2.7,2.8,2.8,2.8,2.8,2.8,2.8,2.8,2.8,2.8,2.8,2.89121831144011,2.9,2.996291420219933,3.1,3.1,3.2,3.2,3.2,3.2,3.2,3.2,3.232890268817948,3.4,3.4,3.4,3.5,3.5,3.5,3.7,3.7,3.7,3.8,3.8,3.9977167337233994,4.0,4.3,4.3,4.3,4.4427253143476495,4.8,4.9,4.903817344668415
0.7,1.1,1.1,1.1,1.1,1.1,1.1,1.1,1.1,1.1,1.1,1.1,1.2,1.2,1.3,1.3,1.3,1.3,1.4,1.4,1.4,1.4,1.5,1.5,1.6,1.6,1.6,1.6,1.6,1.6,1.6,1.6,1.659693109019841,1.7,1.7,1.7,1.7,1.7,1.8,1.8,1.8,1.8,1.8,1.8,1.8,1.8,1.8,1.8,1.8,1.8,1.8,1.8,1.8,1.8,1.8,1.9,1.9,1.9,2.0,2.0,2.0,2.0,2.0,2.066707318575743,2.1,2.1,2.1,2.1,2.1,2.1,2.1,2.1,2.1,2.1,2.2,2.2,2.2,2.2,2.2,2.2,2.2,2.2,2.2,2.2,2.2513332276346603,2.3,2.3,2.3,2.3,2.3,2.3,2.3,2.3,2.3,2.4,2.4,2.4,2.4,2.4,2.4,2.4,2.4,2.4991113784562686,2.5,2.5,2.5,2.5,2.5,2.5,2.5,2.5,2.5,2.5,2.5,2.5,2.6,2.6,2.6,2.6,2.6,2.6,2.6,2.7,2.7,2.7,2.7,2.7,2.7,2.7,2.7974723766741247,2.8,2.8,2.9,2.9,2.9,2.9,2.9,2.9,2.964269946863908,3.0,3.0,3.0,3.0,3.0,3.0584621129678395,3.1,3.1,3.1,3.196894888185165,3.2,3.3,3.3,3.3,3.3,3.3,3.3,3.3,3.3,3.3,3.4,3.4,3.4,3.4,3.4004461397505907,3.5,3.5,3.5415318772751787,3.6,3.6,3.6,3.7,3.7,3.7,3.7,3.7,3.7,3.780147534287232,3.8,3.9,3.9,3.9,4.0,4.1,4.1,4.1,4.1,4.1,4.2,4.2,4.2,4.2,4.2,4.297716733723399,4.399636869475825,4.4,4.4,4.4,4.471362657173825,4.6,4.777872882956086,5.7
0.6989093300947492,0.7221271170439142,1.1,1.1,1.1,1.1,1.1,1.1,1.1,1.1996092814346326,1.2,1.2824747633424778,1.3,1.3,1.3,1.3,1.3,1.3593119177487658,1.4,1.4,1.4,1.4,1.4,1.5,1.5,1.5,1.5,1.5,1.6,1.6,1.6,1.6,1.6,1.6,1.6,1.60640601215474,1.7,1.7,1.7,1.7,1.7,1.7,1.7,1.759328465857746,1.8,1.8,1.8,1.8,1.8,1.8,1.8,1.8,1.8,1.8,1.8,1.8,1.8,1.8,1.8,1.8,1.8,1.8,1.8,1.8,1.8,1.8,1.8,1.9,1.9,1.9,1.9,1.9,1.9,1.9585750512697502,2.0,2.0,2.0,2.0,2.0,2.0,2.0,2.0,2.1,2.1,2.1,2.1,2.1,2.1,2.1,2.1,2.1,2.1,2.1,2.177661541373567,2.2,2.2,2.2,2.2,2.2,2.2,2.2,2.2,2.2,2.2,2.2,2.3,2.3,2.3,2.3,2.3,2.3,2.3,2.3,2.3,2.3,2.3,2.3,2.3,2.3,2.3,2.3,2.3,2.4,2.4,2.4,2.4,2.4,2.4,2.5,2.5,2.5,2.5,2.5,2.5,2.5,2.5,2.5,2.533292681424257,2.6,2.6,2.6,2.6,2.6,2.6,2.6,2.6,2.7,2.7,2.7,2.7,2.7,2.8,2.8,2.8,2.8,2.9,2.9,2.9,2.9,2.9,2.9,3.0,3.0,3.0,3.0,3.1,3.1,3.2,3.3,3.3,3.3,3.3,3.3,3.3,3.3,3.4,3.4,3.4,3.4,3.4672825715857356,3.5,3.5,3.6,3.6406880822512337,3.7,3.7,3.7,3.7,3.7,3.7,3.8,3.8,3.8977167337233993,4.099636869475824,4.1,4.2,4.2,4.271362657173825,4.4,4.4,4.6
0.7,1.1,1.1,1.2,1.2,1.4,1.5931700645275617,1.6,1.6,1.6,1.6,1.6,1.6,1.7,1.8,1.8,1.8,1.9,1.9305129470707023,2.0,2.0671097311820503,2.1,2.1,2.1,2.1,2.1,2.1,2.194001543934421,2.2,2.2,2.2,2.2,2.2,2.2,2.2,2.2,2.2,2.2,2.2,2.2,2.2,2.3,2.3,2.359328465857746,2.4,2.4,2.4,2.4,2.4,2.4,2.4,2.4,2.4,2.4,2.4,2.4,2.4,2.4,2.4,2.4,2.4,2.4,2.4,2.4,2.4,2.4,2.4,2.4,2.4,2.4,2.4,2.4,2.4,2.4,2.4,2.4,2.4,2.4,2.4,2.4,2.4,2.4,2.4,2.4,2.4,2.4769201272425163,2.5,2.5,2.5,2.5,2.5,2.5,2.5,2.5,2.5,2.5,2.5,2.5,2.5,2.5,2.5,2.5,2.5,2.5,2.5,2.5,2.5,2.5,2.5,2.6,2.6,2.6,2.6,2.6,2.6,2.6,2.6,2.6,2.6,2.6,2.6,2.6,2.6,2.6,2.6,2.6,2.6,2.6,2.6,2.6,2.7,2.7,2.7,2.7,2.7,2.8,2.8,2.8,2.8,2.8,2.8,2.8,2.9,2.9,2.9,2.9,2.9,3.061545727139935,3.1,3.1,3.1,3.1,3.1,3.2,3.3,3.3,3.4,3.4,3.4,3.4,3.4,3.4,3.4,3.4,3.4,3.493593987845253,3.5,3.590424139558621,3.6,3.6,3.6,3.6,3.6,3.7,3.7627137278564304,3.8,3.9,3.9,3.90668777723655,4.1,4.1,4.100258245611019,4.2,4.2,4.3,4.389518608039907,4.467445006307696,4.547944441110684,4.6,4.717525236657525,4.8,4.900390718565365,5.0,5.399273738951649,5.713659870944878,6.3,6.341060866411857,6.6,7.2,8.4,8.5
0.2,0.3,0.3,0.4,0.5,0.5,0.5,0.6,0.6,0.6,0.7,0.7,0.7,0.7,0.7,0.7,0.7,0.7,0.8,0.8,0.8,0.8,0.8,0.8,0.8,0.8,0.8,0.8,0.8,0.8,0.8,0.8,0.8,0.8095758604413761,0.9,0.9,0.9,0.9,0.9,0.9,0.9,0.9,0.9,0.9,0.9,0.9,0.9,0.9,0.9,0.9,1.0,1.0,1.0,1.0,1.0,1.1,1.1,1.1,1.1,1.1,1.1,1.1,1.1,1.1,1.1,1.2,1.2,1.2,1.2,1.2,1.2,1.2025276233258666,1.3,1.3,1.3,1.3,1.4,1.4,1.4,1.4,1.4,1.4,1.4,1.4,1.4,1.4,1.4,1.4,1.5,1.5,1.5,1.5,1.5,1.5,1.5,1.5,1.5,1.5,1.5,1.5,1.5,1.5,1.5,1.5,1.5,1.5,1.5,1.6,1.6,1.6719890737088918,1.7,1.7,1.7,1.7,1.7976236808611419,1.8,1.8,1.8,1.8,1.8,1.8,1.8,1.8,1.8,1.8,1.8,1.8,1.8,1.8,1.8,1.9,1.9,1.9,1.9,1.9,1.9,1.9026769483789847,2.0,2.0,2.0,2.0,2.0,2.0,2.0,2.0,2.1,2.1,2.1,2.196894888185165,2.2,2.2,2.2,2.2,2.2,2.3,2.4,2.4999641242801376,2.5,2.5,2.6,2.6,2.6,2.6,2.6,2.6,2.6,2.6,2.6,2.6,2.6,2.6,2.6,2.6,2.6,2.6,2.7,2.7,2.8,2.8,2.9,2.9,2.9,2.9,2.9,2.9,2.9,2.9,2.9,2.9,2.9,2.9,2.9,2.9,3.0,3.206829935472439,3.3404152154256734,3.5,3.742725314347649,7.0,7.1,7.220722728199962
0.2,0.4221271170439142,0.5,0.6,0.6,0.6,0.7,0.7,0.7,0.7,0.7,0.7,0.7687759612645444,0.8,0.8,0.8,0.8,0.8,0.8,0.8,0.8,0.9,0.9,0.9,0.9,0.9,0.9,0.9,0.9,0.9,0.9,0.9,0.9596931090198411,1.1,1.1,1.1,1.1,1.1,1.2,1.2,1.2,1.2,1.3,1.3,1.4,1.4,1.4,1.4,1.4,1.4,1.4,1.4,1.4,1.4,1.4,1.4,1.4,1.4,1.4,1.4,1.4726395696227599,1.5,1.5,1.5,1.5,1.5,1.5,1.5,1.5,1.5,1.5,1.5,1.5,1.5,1.5,1.6,1.6,1.6,1.7,1.7,1.7,1.7,1.7,1.7,1.7,1.7,1.8,1.8,1.8,1.8,1.8,1.8,1.8,1.8,1.8,1.8,1.8,1.8,1.8,1.8,1.8,1.8,1.8,1.8,1.9,1.9,1.9,1.9,1.9,1.9,1.9,1.9,1.9,1.9,2.0,2.0,2.0,2.0,2.0,2.0,2.0,2.0788841473321953,2.1,2.1,2.1,2.2,2.2,2.2,2.2,2.2,2.2,2.2,2.3,2.5,2.5,2.6,2.6,2.6,2.6,2.6,2.6,2.6,2.6,2.6,2.6,2.6,2.6,2.6,2.6,2.6,2.6,2.6,2.6,2.6,2.6,2.6,2.6,2.6,2.6,2.6,2.6,2.6,2.6,2.6,2.6,2.6,2.6,2.6,2.6,2.6,2.7,2.7962914202199327,2.8,2.9,2.9,2.9,2.9,2.9,2.9,2.9,2.9,2.9,2.9,2.9,2.9,2.989518608039907,3.1,3.1,3.231224038735451,3.417525236657525,3.5,3.5,3.5,3.5996368694758245,3.6,4.002076077128367,6.1,6.9427253143476495,7.014514486060847,7.1,7.216905383531548
0.2,0.2,0.3,0.3,0.3,0.3,0.3,0.4,0.4,0.4,0.5,0.5,0.5,0.5,0.5,0.5,0.5,0.5,0.6,0.6,0.6,0.6,0.6,0.6,0.6,0.6,0.6,0.7,0.7,0.7,0.7,0.7,0.7,0.7,0.7,0.7,0.7,0.7,0.7,0.7,0.7,0.7,0.7,0.8,0.8,0.8,0.8,0.8,0.8,0.8,0.8,0.8,0.8,0.8,0.8,0.8,0.8,0.8,0.9,0.9,0.9,0.9,0.9,0.9,0.9,0.9,0.9,0.9,0.9,0.9,0.9,0.9,0.9,0.9,0.9,0.9,0.9,0.9,0.9,0.9,0.9,0.9,0.9,0.9,0.9,0.9,0.9,0.9,0.9,0.9,0.9,0.9,0.9,0.9,0.9,0.9,0.9,0.9,0.9,0.9,0.9,0.9,0.9,0.9,0.9,0.9729278915505745,1.0,1.0,1.0,1.0719890737088917,1.1,1.1,1.1,1.1,1.1,1.1,1.1,1.2,1.2,1.2,1.2,1.2,1.2,1.2322122237478141,1.3,1.3,1.3,1.3,1.4,1.4,1.4,1.4,1.4,1.4,1.4,1.4,1.4,1.4,1.4,1.4,1.4,1.4,1.4,1.4,1.4,1.4,1.4,1.4,1.4,1.4,1.4,1.4,1.4436777716743392,1.5,1.5,1.5,1.5,1.5,1.5,1.5,1.5,1.5,1.5,1.5,1.5,1.5,1.5,1.5,1.5,1.6912183114401103,1.7,1.7,1.7,1.7059984560655777,1.8,1.8,1.8,1.8,1.8,1.8,1.8,1.8,1.8,1.8,1.8,1.8,1.8,1.9479444411106839,2.0,2.0,2.114266596893356,2.5003907185653644,2.6,2.6,2.6,2.9,3.164243465647428,7.0,7.288688318791008,9.968093244341294,10.3
0.9983639951421239,1.1442542340878283,1.3,1.3,1.3,1.4,1.4,1.4,1.5,1.5,1.5,1.6,1.6,1.6,1.6,1.6,1.6,1.6593119177487659,1.7,1.7,1.7,1.7,1.7,1.7,1.8,1.8,1.8,1.8,1.8,1.8,1.8,1.8,1.8,1.8,1.8,1.8,1.8534237581140018,1.9,1.9,1.9,2.0,2.0,2.0,2.0,2.0,2.0,2.0,2.0,2.0,2.0,2.0,2.0,2.0,2.0,2.0,2.1,2.1,2.1,2.2,2.2,2.2,2.2,2.2,2.2,2.2,2.2,2.2,2.2,2.2,2.2454068260374243,2.3,2.3,2.3,2.3,2.386222963545816,2.4,2.4,2.4,2.4,2.4,2.4,2.4,2.4997307358156036,2.5,2.5,2.5,2.5,2.5,2.5,2.5,2.5,2.5,2.5,2.577661541373567,2.6,2.6,2.6,2.6,2.6,2.6,2.6,2.6,2.6,2.623688407591999,2.7,2.7,2.7,2.7,2.7,2.7,2.7,2.8,2.8,2.8,2.8,2.8,2.8,2.8,2.8,2.8,2.8,2.878884147332195,2.9,2.9,2.9,2.9,2.9,2.9,2.969319877160609,3.0,3.0,3.0,3.0,3.0128753795290435,3.1,3.1,3.1,3.1,3.1,3.1,3.1,3.1,3.1,3.1,3.1,3.1,3.1,3.1,3.1,3.1,3.1,3.1,3.1,3.1,3.1,3.1,3.1,3.1,3.1820773739873065,3.2,3.2,3.2,3.2,3.2,3.2,3.2935939878452527,3.3,3.3,3.3,3.3,3.3,3.3,3.4,3.4,3.4627137278564306,3.5,3.5,3.5,3.5,3.5,3.5328902688179484,3.6,3.669487052929304,3.7,3.8,3.8,3.8,3.8,3.9,3.917525236657525,4.1,4.1,4.1,4.1,4.3,4.420207607712837,4.6,4.814087971521474,4.9,5.077872882956086,5.7
0.9983639951421239,1.1,1.3,1.3,1.3589391335881382,1.4,1.4,1.4003631305241728,1.5,1.5,1.5,1.5824747633424778,1.6,1.6,1.6,1.6,1.6,1.6,1.6,1.6997417543889866,1.7,1.7,1.7,1.7,1.7,1.7,1.7,1.7,1.8,1.8,1.8,1.8,1.8,1.8,1.8,1.8,1.8,1.9,1.9,1.9,1.9,2.0,2.0,2.0,2.0,2.0,2.0,2.0,2.0,2.0,2.0,2.0,2.0,2.0,2.0,2.0,2.0,2.0,2.0,2.0,2.0,2.1,2.1,2.1,2.197323051621021,2.2,2.2,2.2,2.2,2.2,2.2,2.2,2.2,2.2,2.2,2.2,2.2,2.3,2.3,2.3,2.3,2.3,2.3,2.3,2.3,2.4,2.4,2.4,2.4,2.4,2.5,2.5,2.5,2.5,2.5,2.5,2.5,2.5,2.5,2.5,2.55,2.6,2.6,2.6,2.6,2.6,2.6,2.6,2.6,2.6,2.6,2.7,2.7,2.7,2.7,2.7,2.7,2.7,2.8,2.8,2.8,2.8,2.8,2.8,2.8,2.8,2.8,2.8,2.8,2.9,2.9,2.9,2.9,2.9,2.9,3.0,3.0,3.0,3.0,3.0,3.0,3.0,3.0,3.0,3.1,3.1,3.1,3.1,3.1,3.1,3.1,3.1,3.1,3.1,3.1,3.1,3.1,3.1,3.1,3.1,3.1,3.1,3.1,3.2,3.2,3.2,3.2,3.2,3.2,3.3,3.3,3.3,3.3,3.3,3.4,3.4,3.4,3.5,3.5,3.5,3.5,3.5,3.5,3.5406880822512337,3.6,3.6,3.7,3.7,3.731224038735451,3.8,3.9,4.1,4.1,4.1,4.3,4.3,4.3,4.5,4.9,5.311491531824345,5.902726674763153
0.7,1.0,1.1,1.128637342826178,1.2589391335881381,1.3,1.3,1.3,1.3022832662765964,1.4,1.4,1.4,1.4,1.4,1.4,1.4,1.5,1.5,1.5,1.5,1.5,1.5,1.5,1.5,1.5,1.5,1.5,1.5,1.5,1.5,1.5,1.6,1.6,1.6,1.6,1.6,1.6,1.6,1.6448272287370203,1.7,1.7,1.7,1.7,1.7,1.7,1.7,1.7,1.8,1.8,1.8,1.8,1.8,1.8,1.8,1.8,1.8,1.8,1.8,1.8,1.8,1.8,1.8,1.8,1.8,1.8,1.8,1.8,1.8,1.9,1.9,1.9,1.9,1.9,1.9,1.9,1.9,1.9,1.9,1.9,2.0,2.0,2.0,2.0,2.0,2.0,2.0,2.0,2.0,2.0,2.0,2.0,2.0,2.0,2.0,2.0,2.0,2.0,2.0,2.0,2.0,2.1,2.1,2.1,2.1,2.1,2.1,2.2,2.2,2.2,2.2,2.2,2.2,2.2,2.2,2.2,2.2,2.3,2.3,2.3,2.3,2.3,2.3,2.3,2.3,2.3,2.3,2.3,2.3,2.3,2.3,2.4,2.4,2.4,2.4,2.4,2.5,2.5,2.5,2.5,2.5,2.5,2.5,2.5920541497097473,2.6,2.6,2.6,2.6,2.6,2.6,2.6,2.6,2.6,2.6436777716743394,2.7,2.7,2.7,2.7999641242801374,2.8,2.8,2.8,2.8,2.8,2.8,2.8,2.8,2.8,2.9,2.9,2.9,2.9,2.9,3.0,3.0,3.1,3.1,3.1,3.1,3.1,3.1,3.1,3.1,3.1,3.169487052929304,3.2,3.3,3.3,3.3,3.347944441110684,3.4,3.5,3.5,3.5,3.5,3.6996368694758246,3.9,4.1,4.341060866411857,4.5,4.5,4.9,5.10054533495263
0.4994546650473746,0.7,0.7,0.8,0.8,0.8,0.9,0.9,0.9,1.0,1.0,1.0,1.0,1.0,1.1,1.1,1.1,1.1,1.1,1.1,1.1,1.1,1.2,1.2,1.2,1.2,1.2,1.2,1.2,1.2,1.2,1.2,1.3,1.3,1.3,1.3,1.3,1.3,1.3,1.3,1.3,1.3,1.3,1.3,1.3,1.3,1.3,1.3,1.3,1.3,1.3,1.3,1.3,1.3,1.3,1.3,1.3,1.3,1.3,1.3,1.3726395696227598,1.4,1.4,1.4,1.4,1.4,1.4,1.4,1.4,1.4,1.4,1.4,1.4,1.4,1.4,1.4,1.4,1.4,1.4,1.5,1.5,1.5,1.5,1.5,1.5,1.5,1.5,1.5,1.5,1.5,1.5,1.5,1.5,1.5,1.5,1.5,1.5517089421772567,1.6,1.6,1.6,1.6,1.6,1.6,1.6,1.7,1.7,1.7,1.7,1.7,1.7,1.7,1.7,1.7,1.7,1.7,1.7,1.7,1.77439350157847,1.8,1.8,1.8,1.8,1.8,1.8,1.8,1.8863657473303135,1.9,1.9,1.9,1.9,1.9,1.9,1.9,1.9,1.9,1.9,1.9,1.9,1.9,1.9,1.9,1.9,1.9,1.9,1.9,1.9,1.9,1.9,1.9,1.9,1.9,2.0,2.0,2.0,2.0,2.0,2.0,2.0,2.0,2.0,2.1,2.1,2.1,2.1,2.1,2.1,2.1,2.1,2.2,2.2,2.2,2.2,2.2,2.2,2.2,2.2,2.2,2.2,2.3,2.3,2.3,2.3,2.3,2.3406880822512335,2.4,2.4,2.5,2.5,2.5,2.5,2.5,2.6,2.6,2.6,2.8,2.8,2.8,2.9,3.1,3.2,3.502726674763153
0.39890933009474927,0.5,0.5,0.5286373428261779,0.6,0.6,0.6,0.6,0.6,0.6996092814346326,0.7,0.7,0.7,0.7520555588893195,0.8,0.8,0.8,0.8,0.8,0.8,0.8671097311820504,0.9,0.9,0.9,0.9,0.9,0.9,0.9,0.9,0.9,0.9,1.0,1.0,1.0,1.0,1.0,1.0,1.0,1.0,1.0,1.0,1.0,1.0,1.059328465857746,1.1,1.1,1.1,1.1,1.1,1.1,1.1,1.1,1.1,1.2,1.2,1.2,1.2,1.2,1.2,1.2,1.2,1.2,1.2,1.2,1.2,1.2,1.2,1.2,1.2,1.2,1.2,1.2,1.2,1.2585750512697502,1.3,1.3,1.3,1.3,1.3,1.3,1.3,1.3,1.3,1.3,1.3,1.3,1.3,1.3,1.3,1.3,1.3,1.3,1.3,1.3,1.3,1.3,1.3,1.3,1.3,1.3,1.3,1.3,1.3,1.3,1.4,1.4,1.4,1.4,1.4,1.4,1.4,1.4,1.4,1.4,1.4,1.4230798727574836,1.5,1.5,1.5,1.5,1.5,1.5,1.5,1.5,1.5,1.5,1.5,1.5,1.5,1.5,1.5,1.5,1.6,1.6,1.6,1.6,1.6,1.6,1.664269946863908,1.7,1.7,1.7,1.7,1.7,1.7,1.7,1.7,1.7,1.7,1.8,1.8,1.8,1.8,1.8,1.8,1.8599324600475085,1.9,1.9,1.9,1.9,1.9,1.9,1.9,1.9,1.9,1.9,1.9,1.9,1.9,1.9,1.9,1.9,1.9505417183933502,2.0,2.0,2.0,2.0,2.0,2.0,2.0,2.1,2.1,2.1,2.2,2.2,2.2,2.2,2.2,2.231224038735451,2.3,2.4,2.4,2.4977167337233994,2.5,2.5,2.6,2.6,2.742725314347649,2.9145144860608467,3.2,3.801090669905261
0.19945466504737464,0.2,0.2,0.2,0.2,0.2,0.2,0.2,0.3,0.3,0.3,0.3,0.3,0.3,0.3,0.3,0.3,0.3,0.3,0.3,0.3,0.3,0.3,0.3,0.3,0.3,0.4,0.4,0.4,0.4,0.4,0.4,0.4,0.4,0.4,0.4,0.4,0.4,0.4,0.4,0.4,0.4,0.4,0.4,0.4,0.4,0.4,0.4,0.4,0.4,0.4,0.4,0.4,0.4,0.4,0.4,0.4,0.4,0.4,0.4,0.4,0.4,0.4,0.4,0.4,0.4,0.4,0.4,0.4,0.4,0.4,0.4,0.4,0.4,0.4,0.4,0.4,0.4,0.4,0.4,0.4,0.47369664807073664,0.5,0.5,0.5,0.5,0.5,0.5,0.5,0.5,0.5,0.5,0.5,0.5,0.5,0.5,0.5,0.5,0.5,0.5,0.5,0.5,0.5,0.5,0.5,0.5,0.5,0.5,0.5,0.5,0.5,0.5,0.5,0.5,0.5,0.5,0.5,0.5,0.5,0.5,0.5,0.5,0.5,0.5,0.5,0.5,0.5,0.5,0.5,0.5,0.5,0.5,0.5,0.5,0.5,0.5,0.5,0.5,0.5,0.5,0.5,0.5,0.5,0.5,0.5,0.5,0.5,0.5,0.5,0.5,0.5,0.6,0.6,0.6,0.6,0.6,0.6,0.6,0.6,0.6,0.6,0.6,0.6,0.6,0.6,0.6,0.6415318772751788,0.7,0.7,0.7,0.7,0.7,0.7,0.7,0.7,0.7,0.7,0.7,0.7,0.7,0.7,0.7,0.7,0.8,0.8,0.8,0.8,0.8,0.9,0.9,0.9,0.9,0.9,0.9,0.9,0.9202076077128368,1.0,1.0,1.114514486060847,1.2,1.4043626796210447
0.7,1.0221271170439141,1.1854855139391491,1.328637342826178,1.458939133588138,1.5,1.5,1.6,1.7,1.7,1.7,1.7824747633424778,1.8,1.8,1.9,1.9,1.9,1.9,1.9,1.9,1.9,1.9,2.0,2.0,2.0,2.0,2.1,2.1,2.2,2.2,2.2,2.3,2.3,2.4,2.4,2.4,2.4,2.4,2.4,2.4,2.4,2.5,2.5,2.5,2.5,2.5,2.5,2.6,2.6,2.6,2.6,2.6,2.6,2.6,2.6,2.7,2.7,2.7,2.8,2.8,2.8,2.8,2.8,2.9,2.9,2.9,2.9,2.9,2.9164165237127206,3.0,3.0,3.0,3.1,3.1,3.1,3.1,3.2,3.2,3.2,3.2,3.2,3.2,3.2,3.2,3.2,3.2,3.2,3.2,3.2,3.2,3.2,3.2,3.2,3.2,3.2,3.2,3.2,3.2,3.2,3.2,3.2,3.2,3.2,3.2,3.2,3.2,3.3,3.3,3.3,3.3719890737088916,3.4,3.4,3.4,3.4,3.4,3.5,3.5,3.5,3.5,3.5,3.5,3.5,3.5,3.5,3.5,3.5,3.5,3.5,3.5,3.5,3.5,3.5,3.5,3.5,3.5,3.5,3.5,3.5,3.5,3.5,3.5,3.5,3.5,3.5,3.5,3.5,3.5,3.5,3.6,3.6,3.6,3.6,3.6,3.6818099114968335,3.7,3.7,3.7,3.740671534142251,3.8,3.8,3.8,3.8,3.8,3.8,3.8,3.993593987845253,4.1,4.1,4.1,4.1,4.2,4.2,4.2,4.2,4.262713727856431,4.3,4.3,4.3,4.3,4.3,4.3,4.3,4.3,4.3,4.5,4.5,4.5,4.5,4.5,4.5,4.5,4.5,4.5,4.6,4.713659870944878,4.9,4.9,5.042725314347649,5.1,5.1,5.203817344668415
0.6,0.7,0.9,0.9,0.9,0.9,0.9931700645275615,1.0,1.0022832662765964,1.1,1.1,1.1,1.1,1.1,1.2,1.2,1.2,1.3,1.3,1.3,1.3,1.3,1.3966561113817306,1.4,1.5,1.5,1.5,1.5,1.5,1.5,1.556801156119795,1.6,1.6,1.6,1.7,1.7,1.7,1.7,1.7,1.7892733098756082,1.8,1.8,1.8,1.8,1.8,1.8,1.8,1.8,1.8,1.8,1.8308259810188758,1.9,1.9,1.9,1.9,1.9,1.9,1.9,1.9,1.9,1.9,1.9,1.9,1.9,1.9,1.9,1.9,1.9,1.9,2.0,2.0,2.0,2.0,2.0,2.0,2.0,2.0,2.0,2.0,2.0,2.0,2.0,2.0,2.1,2.1,2.1,2.1,2.1,2.1,2.1,2.2,2.2,2.2,2.2,2.2,2.2,2.2,2.2,2.2,2.3,2.3,2.3,2.3,2.3,2.3,2.3,2.3,2.3,2.3,2.3,2.3,2.4,2.4,2.4,2.4,2.4,2.4,2.4,2.4,2.4,2.4525051507703894,2.5,2.5,2.5,2.5,2.5,2.5,2.5,2.5,2.5,2.5,2.5,2.5,2.5,2.5,2.5,2.6,2.6,2.6,2.6,2.6,2.6,2.7,2.7,2.7,2.8,2.8,2.8,2.8,2.8,2.8,2.8,2.9,2.9,2.9,2.9,2.9,2.9,2.9,2.9,3.0,3.1107266901243977,3.2,3.2,3.2,3.2,3.2,3.2,3.2403068909801562,3.39121831144011,3.4,3.4,3.4,3.4,3.4,3.4,3.4,3.4,3.5,3.5,3.5,3.5,3.5,3.5,3.5,3.5,3.5,3.5,3.6,3.7,3.7,3.7,3.8,4.1,4.2,4.3,4.382121732823713,4.5,4.5,4.9,5.10927069419472
0.3,0.4,0.4,0.5,0.5589391335881382,0.6,0.6,0.7,0.7,0.7996092814346327,0.8,0.8,0.8,0.8,0.8325549936923018,0.9,0.9,0.9,0.9,0.9,0.9,0.9,0.9,0.9,0.9,0.9,0.9,0.9,0.9,0.9,0.9,0.9,0.9,0.9,0.9584681227248211,1.0,1.0,1.0,1.0,1.0,1.1,1.1,1.1,1.1,1.1,1.1,1.1,1.1,1.1,1.1,1.1,1.1,1.1,1.1,1.1,1.1,1.2,1.2,1.2,1.2,1.2,1.2,1.3,1.3,1.3,1.3,1.3,1.3,1.3,1.3,1.3,1.3,1.3,1.35857505126975,1.4,1.4,1.4,1.4,1.4,1.4,1.4,1.4,1.4,1.4,1.4,1.4,1.4,1.4,1.4,1.4,1.4,1.4,1.4,1.4,1.4,1.4,1.4,1.5,1.5,1.5,1.5,1.5,1.5,1.5,1.5,1.5,1.5,1.5,1.5,1.5,1.5,1.5,1.5,1.5,1.5,1.5,1.5,1.57439350157847,1.6,1.6,1.6,1.6,1.7,1.7,1.7,1.7,1.7,1.7,1.7,1.7,1.7,1.7,1.7,1.7,1.7,1.7,1.7026769483789848,1.8,1.8,1.8,1.8,1.8,1.8,1.8,1.8,1.8,1.8,1.8,1.8,1.8,1.9,1.9,1.9,1.9,1.9,1.9,2.0,2.0,2.0,2.0,2.0,2.0,2.0,2.0,2.0,2.0,2.0,2.0,2.0,2.09121831144011,2.2,2.2,2.2,2.2,2.2,2.3,2.3801475342872322,2.4,2.5,2.5,2.5,2.5,2.5,2.5,2.6,2.6,2.7,2.8,2.8,2.9,2.9,2.9,2.9,3.198910608427474,3.2,3.2,3.2,3.4,3.6,3.6778728829560863,4.300545334952631
1.0972733252368732,1.2,1.3,1.5,1.5589391335881382,1.6,1.6,1.6,1.6,1.6,1.6,1.7,1.7,1.7,1.7,1.7,1.7,1.8,1.8,1.8,1.8,1.8,1.8,1.8,1.8,1.8,1.8,1.8,1.8,1.9,1.9,1.9,1.9,1.909575860441376,2.0,2.0,2.0,2.0,2.0,2.1,2.1,2.1,2.1,2.1,2.1,2.1,2.1,2.2,2.2,2.2,2.2,2.2,2.2,2.2,2.2,2.2,2.2,2.2,2.2,2.2,2.2,2.2,2.3,2.3,2.3,2.3,2.3,2.3,2.3,2.3,2.3,2.3,2.3,2.3,2.4,2.4,2.4,2.4,2.4,2.4,2.4,2.4,2.5,2.5,2.5,2.5,2.5,2.5,2.5,2.5,2.5030739068521823,2.6,2.6,2.6,2.6,2.6,2.6,2.6,2.6,2.6,2.6,2.674551422189251,2.7,2.7,2.7,2.7,2.7,2.7,2.7,2.7,2.7,2.7,2.7,2.7,2.7,2.7,2.7,2.7,2.8,2.8,2.8,2.8,2.8,2.8,2.8,2.8,2.8,2.9,2.9,2.9,2.9,2.9,2.9,2.9,2.9,2.9,2.9,2.9,2.9,2.9,2.9,2.9,2.9,2.9,2.9,2.9,2.9,2.9,2.9,3.0,3.0,3.0,3.0,3.0,3.0,3.0,3.0999641242801377,3.1,3.1,3.2,3.2,3.2,3.2,3.3,3.3,3.3,3.3,3.3,3.3,3.3,3.3,3.3,3.4,3.4,3.4,3.5,3.5,3.5,3.5,3.5,3.5,3.6,3.6,3.6,3.6,3.6,3.6,3.6479444411106843,3.7,3.8,3.8,3.8,3.8,3.8,3.8136598709448775,4.1,4.1,4.2,4.514514486060847,4.7,5.00981602914735
0.898363995142124,1.1,1.2,1.4,1.458939133588138,1.6,1.6,1.6,1.6,1.7,1.7,1.7,1.8,1.8,1.8,1.8,1.8,1.8,1.8,1.8,1.9,1.9327174284142679,2.0,2.0590090298190247,2.1,2.1,2.1,2.1,2.1,2.1,2.1,2.2,2.2,2.2,2.2,2.2,2.2,2.2,2.2,2.2,2.2,2.2,2.2,2.2,2.2,2.2,2.2,2.2,2.2,2.2,2.3,2.3,2.3,2.3,2.3,2.3,2.3,2.3,2.3,2.3,2.3,2.3,2.3,2.3,2.3,2.3,2.3,2.3,2.3164165237127206,2.4,2.4,2.4,2.4,2.4,2.5,2.5,2.5,2.5,2.5,2.5,2.5,2.5,2.5,2.6,2.6,2.6,2.6,2.6,2.6,2.6,2.6,2.6,2.6,2.6,2.6,2.6,2.6,2.6,2.7,2.7,2.7,2.7,2.7,2.7,2.7,2.7,2.7,2.7,2.7471294307578544,2.8,2.8,2.8,2.8,2.8,2.8,2.9,2.9,2.9,2.9,2.9,2.9,2.9,2.9,2.9,2.9,2.9,2.9,2.9,2.9,2.9,2.9,2.9,2.9,2.9,2.9,2.9,2.9,2.933292681424257,3.0,3.0,3.0,3.0,3.0,3.0,3.0,3.0923452141771635,3.1,3.1,3.1,3.2,3.2,3.3,3.3,3.3,3.3,3.3,3.3,3.3,3.3,3.3,3.3,3.3,3.3,3.3004461397505906,3.5,3.5,3.5,3.590424139558621,3.6,3.6,3.6,3.6,3.6,3.6,3.6,3.6,3.6,3.740990970180974,3.8,3.8,3.8,3.8,3.8,3.8,3.8,3.9790372160798144,4.067445006307696,4.147944441110684,4.262448077470902,4.4,4.4,4.400390718565365,4.5,4.6,4.7,4.8,4.9,5.0,5.4725724303042345,5.9,6.8
0.3,0.6,0.6,0.7,0.8,0.8,0.9,0.9,0.9,0.9,0.9,0.9,1.0,1.0,1.0,1.0,1.0,1.1,1.1,1.1,1.1,1.1,1.1,1.1590090298190248,1.2,1.2,1.2,1.2,1.2,1.2,1.2,1.2,1.2,1.3,1.3,1.3,1.3,1.3,1.3,1.3,1.3,1.3,1.3,1.3,1.3,1.3,1.3,1.3,1.3,1.3,1.3,1.3,1.3,1.3384542728600621,1.4,1.4,1.4,1.4,1.4,1.4,1.4,1.4,1.4,1.466707318575743,1.5,1.5,1.5,1.5,1.5,1.5,1.5,1.5,1.5,1.5,1.5,1.5136342526696893,1.6,1.6,1.6,1.6,1.6,1.6,1.6,1.6,1.6,1.6,1.6,1.6,1.6,1.7,1.7,1.7,1.7,1.7,1.7,1.7,1.7,1.7,1.7,1.7,1.7,1.7,1.7,1.7,1.7,1.7,1.8,1.8,1.8,1.8,1.8,1.8,1.8,1.8,1.8,1.9,1.9,1.9,1.9,1.9,1.9,1.9,1.9,1.9,1.9,1.9,2.0,2.0,2.0,2.0,2.0,2.0,2.0,2.0,2.0424803955893425,2.1,2.1,2.1,2.1,2.1,2.1,2.1,2.1,2.2,2.2,2.2,2.2,2.2,2.2,2.2,2.2,2.2,2.2,2.2,2.3,2.3,2.3,2.3,2.3,2.3,2.3,2.3,2.3,2.3,2.3,2.3,2.3,2.390424139558621,2.4,2.4,2.4,2.496291420219933,2.5,2.5,2.5,2.5,2.5,2.5,2.503343888618275,2.6,2.6,2.7,2.7,2.7,2.7139854899254376,2.8,2.8,2.9,2.9,3.0,3.0,3.1003907185653645,3.2,3.3,3.5,3.5,3.6,3.671362657173825,3.8,4.3557457659121726,4.4
0.6,1.1,1.1,1.3,1.3,1.3,1.3,1.4,1.5,1.5,1.5,1.6,1.6,1.6,1.6,1.6,1.6,1.7,1.7,1.7,1.7,1.7,1.7,1.7,1.7,1.7,1.7,1.7,1.7,1.7,1.7,1.7,1.8,1.8,1.8,1.8,1.8,1.8,1.8,1.8,1.8,1.8,1.9,1.9,1.9,1.9,1.9,1.9,2.0,2.0,2.0,2.0672347188042184,2.1,2.1,2.1,2.1,2.1,2.1,2.1,2.1,2.1,2.1,2.1,2.1,2.197323051621021,2.2,2.2,2.2,2.2,2.2,2.2,2.2,2.2,2.2,2.2,2.2,2.2,2.2,2.2,2.2,2.2,2.2,2.2,2.2,2.2,2.2,2.3,2.3,2.4,2.4,2.4,2.4,2.4,2.4776615413735668,2.5,2.5,2.5,2.5,2.5008886215437287,2.6,2.6,2.674551422189251,2.7,2.8,2.8,2.8,2.8,2.8,2.8,2.8,2.8,2.8,2.84706730690055,2.9,2.9,2.9,2.9,2.9,2.9,2.9,2.9,2.9,2.9,2.9,2.9,2.9,2.9,2.9,3.0,3.0,3.0,3.0545931739625813,3.1,3.2128753795290437,3.3,3.3,3.3,3.3,3.3,3.3,3.3,3.3,3.3,3.3,3.3,3.3,3.3,3.3,3.4,3.4,3.4,3.406138765668953,3.5,3.5,3.6,3.6,3.6,3.7,3.7,3.7,3.7,3.710726690124398,3.8,3.8,3.8,3.8,3.8,3.8,3.8,3.8,3.8,3.9,3.9,3.9,3.9,3.9,3.9,3.9,4.0,4.0,4.0,4.000258245611019,4.1,4.2,4.2,4.3,4.3,4.3,4.331224038735451,4.4,4.4,4.4,4.4,4.5,4.5,4.5,4.6,4.6,4.772572430304234,5.589364414780431,6.401090669905262
0.6,1.0221271170439141,1.1,1.3,1.3,1.3,1.3,1.5,1.5,1.5,1.6,1.6,1.6,1.6,1.6,1.6,1.6,1.6593119177487659,1.7,1.7,1.7,1.7,1.7,1.7,1.7,1.7,1.7,1.7,1.7494582816066526,1.8,1.8,1.8,1.8,1.8,1.8,1.8,1.8,1.9,1.9,1.9,1.9329201988926883,2.0,2.0,2.0,2.0,2.1,2.1,2.1,2.1,2.1,2.1,2.1,2.1,2.1,2.1,2.1,2.1,2.2,2.2,2.2,2.2,2.2,2.2,2.2,2.2,2.2,2.2,2.2,2.2,2.2,2.2,2.2,2.2,2.2,2.2,2.2,2.2,2.2,2.2,2.3,2.3,2.4,2.4,2.4,2.4,2.4,2.4,2.4,2.4,2.4,2.5,2.5,2.5,2.5,2.5,2.5,2.6,2.6,2.600888621543729,2.7,2.7,2.7,2.7991113784562685,2.8,2.8,2.8,2.8,2.8,2.8,2.9,2.9,2.9,2.9,2.9,2.9,2.9,2.9,2.9,2.9,2.9,2.9,2.9,2.905449935582612,3.0,3.0,3.0,3.013777036454178,3.1,3.1693198771606093,3.2,3.2258931733306895,3.3,3.3,3.3,3.3,3.3,3.3,3.3,3.3,3.3,3.3,3.3,3.3,3.3,3.3,3.3,3.3,3.361545727139935,3.4,3.4,3.4,3.5,3.6,3.6,3.6,3.6,3.6,3.7,3.7,3.7,3.8,3.8,3.8,3.8,3.8,3.8,3.8,3.8,3.9,3.9,3.9,3.9,3.9,4.0,4.0,4.0,4.0,4.0,4.0,4.0,4.1,4.2,4.2,4.2,4.213985489925437,4.3,4.3,4.3,4.4,4.4,4.4,4.4,4.4,4.5,4.5,4.520207607712837,4.6410608664118564,4.9,5.7,6.2451101806926035,6.6
0.5994546650473747,0.7,0.7,0.7,0.9,1.0,1.0,1.0,1.0,1.0,1.0928667015533229,1.1,1.1,1.1,1.1,1.1,1.1,1.1593119177487659,1.2,1.2,1.2,1.232717428414268,1.3,1.3,1.3,1.3,1.3,1.3,1.3,1.3,1.3,1.3,1.4,1.4,1.4,1.4,1.4,1.4,1.4,1.4,1.4,1.5,1.5,1.5,1.5,1.5,1.5,1.5,1.5,1.5938612343310383,1.6,1.6,1.6,1.6,1.6,1.607654785822831,1.7,1.7,1.7,1.7,1.7,1.7,1.7,1.7,1.7,1.8,1.8,1.8,1.8,1.8,1.8,1.8,1.8,1.8,1.8,1.8,1.8,1.8,1.8,1.8,1.8,1.8,1.8,1.8,1.8,1.8,1.8,1.8,1.8,1.8,1.8,1.8,1.8,1.8,1.9,1.9,1.9,1.9,1.9,1.9,1.9,2.0,2.0,2.0,2.0,2.0,2.0976074901208395,2.1,2.1,2.1,2.1,2.1,2.1,2.1,2.2,2.2,2.2,2.2,2.2,2.2,2.2,2.2,2.2,2.2,2.3,2.3,2.3,2.3,2.3,2.4,2.4,2.4,2.4,2.4,2.5,2.5,2.5,2.5,2.5,2.5,2.5,2.5,2.5,2.5,2.5,2.5,2.5,2.5,2.5,2.5,2.5,2.5,2.5,2.5,2.5205547246477122,2.6,2.6,2.6,2.6,2.6,2.667079801107315,2.7,2.7,2.7,2.7,2.7,2.8,2.8,2.9,2.9,2.9431988438802077,3.0,3.0,3.0,3.0627137278564307,3.1,3.1,3.2,3.3,3.3,3.3,3.4,3.469487052929304,3.5,3.5139854899254375,3.6,3.6674450063076964,3.7,3.7,3.8,3.8,3.8,3.8977167337233993,4.0,4.0,4.0,4.1410608664118564,4.2,4.5,4.577872882956086,4.603272009715783
1.1,1.5,1.5,1.6,1.6589391335881383,1.8,1.8,1.8,1.8,1.8,1.8,1.9,1.9,1.9,1.9,1.9,1.9,1.9593119177487657,2.1,2.1,2.1,2.2,2.2,2.2,2.2,2.2,2.2,2.294001543934421,2.3,2.4,2.4,2.4,2.4,2.4,2.4,2.4,2.4,2.4,2.4,2.4,2.4,2.475794741564042,2.6,2.7,2.7,2.7,2.7,2.7,2.7,2.8,2.8,2.8,2.803105111814835,2.9,2.9,2.9,3.0,3.0,3.0079458502902527,3.1,3.2,3.2,3.2,3.2,3.2,3.2,3.257519604410663,3.3,3.3,3.3,3.3,3.3,3.4,3.4,3.4,3.4,3.4,3.4,3.4,3.5,3.5,3.5,3.5,3.5,3.5,3.5,3.5023763191388553,3.6,3.6,3.6,3.6,3.6,3.6,3.6,3.6,3.6,3.6,3.6,3.6,3.6,3.6,3.6,3.6,3.6,3.6,3.6,3.6,3.6,3.6,3.6,3.6,3.6,3.6,3.6,3.6,3.6,3.6,3.6,3.6,3.6,3.6,3.6,3.7,3.7,3.7,3.7,3.7,3.7,3.769319877160609,3.8,3.8,3.8,3.8,3.8,3.8,3.8,3.8,3.8,3.864269946863908,3.9,3.9,3.9,3.9,4.0,4.0,4.0,4.0,4.0,4.096894888185164,4.1,4.1691740189811295,4.2,4.2,4.2,4.2,4.2,4.2,4.3,4.3,4.324205258435955,4.4,4.4,4.4,4.4,4.4,4.4,4.4,4.4,4.4,4.58243662288022,4.6,4.6,4.6,4.7,4.7,4.7,4.7,4.7,4.7,4.7,4.8,4.8,4.9,4.9,5.0,5.0,5.334890012615393,5.4,5.4,6.3,6.3,6.3,6.3,6.3,6.3,6.320207607712836,6.4,6.4,6.8,7.0,8.8
1.1,1.5,1.5,1.5,1.5,1.6,1.6931700645275616,1.8,1.8,1.8,1.8,1.8,1.8,1.8,1.8,1.8104813919600964,1.9,1.9,1.9,1.9,1.9,1.9,1.9,2.0,2.0,2.1,2.1,2.1,2.1,2.10370857978007,2.2,2.2,2.2,2.2,2.2,2.2,2.2,2.2,2.3,2.4,2.4,2.4,2.4,2.459328465857746,2.5,2.6,2.6,2.6,2.7,2.7,2.7,2.7,2.7,2.7,2.7,2.7,2.7,2.7,2.7,2.7,2.7,2.7,2.8,2.8,2.9,2.9,2.9,2.9,2.9,3.0,3.074106826669302,3.1,3.1,3.2,3.2,3.2136342526696895,3.3,3.3,3.3,3.3,3.3,3.3,3.3,3.3,3.3,3.3,3.3,3.3,3.3,3.3,3.4,3.4,3.4,3.4,3.4,3.4,3.4,3.4,3.4,3.4254485778107466,3.5,3.5,3.5,3.5,3.5,3.5,3.5,3.5,3.5,3.5,3.5,3.6,3.6,3.6,3.6,3.6,3.6,3.6,3.6,3.6,3.6,3.6,3.6,3.6,3.6,3.6,3.6,3.6,3.6,3.6,3.6258931733306894,3.7,3.7,3.7,3.7,3.7,3.7,3.7,3.7,3.7,3.7,3.8,3.8,3.8,3.8,3.8,3.8,3.8,3.8,3.8327652811957815,3.9,3.9,3.9,4.0,4.0,4.1,4.1,4.1,4.1820773739873065,4.2,4.2,4.2,4.2,4.2,4.2,4.3,4.3415318772751785,4.4,4.4,4.4,4.4,4.4,4.4,4.4059984560655785,4.6,4.6,4.6,4.6,4.7,4.7,4.7,4.7,4.7,4.7,4.7,4.7,4.8,4.8,4.8,4.9,5.0,5.0,5.0,5.4,5.4341496773621945,5.980830430851348,6.3,6.3,6.458057944243388,6.955745765912172,8.80818002428946
0.6,0.7,0.9854855139391493,1.0,1.0589391335881382,1.1,1.1,1.1,1.1,1.1996092814346326,1.2,1.3,1.3,1.3,1.3,1.3,1.3860145100745633,1.4,1.4,1.4997417543889866,1.5,1.5,1.5,1.5,1.5,1.5,1.537286272143571,1.6,1.6,1.6,1.6,1.6,1.6,1.6,1.6,1.7,1.7,1.7,1.7,1.7,1.7,1.7,1.7,1.7,1.7,1.7,1.8,1.8,1.8,1.8,1.8,1.8,1.8,1.8,1.8,1.8,1.8,1.8,1.8,1.8,1.8,1.8,1.8,1.8,1.8,1.8,1.8575196044106632,1.9,1.9,1.9,1.9,1.9,1.9,1.9,1.9,1.9,1.9,1.9,1.9,1.9,1.9,1.9,1.9,1.9,1.9513332276346602,2.0,2.0,2.0,2.0,2.0,2.0,2.1,2.1,2.1,2.1,2.1,2.1,2.176311592408004,2.2,2.2,2.2,2.2,2.2,2.2,2.2,2.2,2.2,2.2,2.2,2.2,2.2,2.3,2.3,2.3,2.3,2.3,2.3,2.3,2.3,2.3,2.3,2.3,2.3,2.4,2.4,2.4,2.4,2.4,2.4,2.4,2.4,2.4,2.4,2.4,2.4,2.4,2.4,2.4,2.4,2.4,2.5,2.5,2.5,2.5,2.5,2.5,2.5,2.561545727139935,2.6,2.6,2.6,2.6,2.7,2.7,2.7,2.7,2.7,2.7,2.7,2.7,2.7,2.8,2.8,2.8,2.8,2.8,2.8415318772751785,2.9,2.9,2.9,2.9,2.9,3.0,3.0,3.0,3.1,3.1,3.1409909701809737,3.2,3.2672825715857354,3.3,3.4,3.4,3.4,3.5,3.5895186080399073,3.6,3.6,3.7,3.8,3.8,3.8,3.9,4.1,4.1,4.2,4.4,4.6,5.530630374547622,6.6,6.8
1.6,1.7,1.9854855139391492,2.4,2.4589391335881383,2.6,2.693170064527562,2.8,2.9,3.0,3.1,3.1,3.1,3.1,3.132554993692302,3.2,3.2860145100745632,3.3,3.330512947070702,3.4,3.4,3.4,3.4966561113817307,3.5,3.5,3.579256605514607,3.6,3.6,3.6,3.6,3.6,3.7,3.8,3.8,3.8,3.8,3.8,3.8,3.84482722873702,3.9,4.0,4.1,4.1,4.1,4.1,4.140067539952498,4.2,4.2,4.2,4.2,4.2,4.2,4.2,4.2,4.2,4.2,4.2,4.2,4.2,4.2,4.2,4.2,4.2,4.2,4.2,4.2,4.2,4.3,4.4,4.4,4.4,4.4,4.430680122839391,4.5,4.5,4.5,4.540819158515501,4.7,4.7,4.7,4.7,4.7,4.7,4.7,4.7,4.7,4.7,4.7,4.7,4.7,4.7,4.7,4.7,4.7,4.7,4.7,4.751708942177257,4.8,4.8,4.8,4.8,4.8,4.8,4.8,4.8,4.8,4.8,4.822338458626433,4.9,4.9,4.9,4.9,4.9,4.9,4.9,4.9,5.0,5.0,5.0,5.0,5.0,5.1,5.9,6.1,6.1,6.1,6.1,6.1,6.1,6.1,6.1,6.1,6.1,6.1,6.1,6.244820521620636,6.3,6.3,6.3,6.3,6.3,6.3,6.3,6.3,6.3,6.3,6.3,6.3,6.3,6.4,6.4,6.4,6.4,6.4,6.4,6.639729840190034,6.8,6.8,6.8,6.8,6.8,6.8,6.8,6.8,6.8,6.8,6.8,6.980848279117242,7.0,7.0,7.043198843880208,7.1,8.4,8.4,8.4,8.4,8.4,8.4,8.4,8.4,8.4,8.4,8.4,8.4,8.4,8.4,8.4,8.4,8.593672116206353,8.8,8.8,8.8,8.8,8.8,8.8,8.8,8.8,10.3,10.3,11.0,11.0
1.3994546650473745,1.7,1.8,1.9286373428261778,2.0,2.1,2.3931700645275615,2.4,2.4,2.4996092814346325,2.592866701553323,2.6,2.6,2.6,2.7,2.7,2.7,2.8,2.9,2.9,3.0,3.0,3.0,3.0590090298190247,3.1,3.1,3.1,3.1,3.1,3.1,3.1,3.1,3.1,3.1,3.1,3.1,3.2,3.2,3.2,3.2,3.2,3.2,3.2,3.2,3.3,3.3,3.3,3.3,3.3,3.3,3.3,3.3,3.3,3.3,3.3,3.3,3.3,3.3,3.3,3.3404999223586853,3.4,3.4,3.4,3.4,3.4,3.4275897391896875,3.5,3.5,3.5,3.5,3.5,3.5,3.5,3.5,3.5,3.5,3.6,3.6,3.6,3.6,3.6,3.6,3.6,3.6,3.6,3.6,3.6,3.6,3.6,3.6,3.6,3.6280109262911053,3.7,3.7,3.7,3.7,3.7,3.8,3.8,3.8,3.8,3.8,3.8,3.8,3.848291057822746,3.9,4.0,4.0,4.1,4.1,4.1,4.1,4.1,4.1,4.1,4.2,4.2,4.2,4.2,4.2,4.2,4.2,4.2,4.2,4.2,4.2,4.2,4.241424948730241,4.3,4.4,4.4,4.454593173962581,4.5,4.5,4.5,4.5,4.5,4.5,4.5,4.5,4.5,4.5,4.5,4.5,4.558462112967839,4.6,4.6,4.6,4.6,4.7,4.7,4.7,4.7,4.7,4.7,4.7,4.7,4.7,4.7,4.7,4.7,4.7,4.7,4.7,4.7,4.793593987845253,4.8,4.8,4.8,4.8,4.8,4.8,4.9,4.9,4.9,4.9,4.9,4.9,4.9,4.9,4.9,4.9,4.9,4.940688082251234,5.0,5.089518608039906,5.1,5.147944441110684,5.4,5.9,5.914266596893356,6.3,6.3,6.4,6.413659870944878,6.640415215425673,6.8,7.014087971521473,8.4,8.4,8.811997368957874
0.9978186601894985,1.6,1.7,1.8,1.9,2.179792392287166,2.4,2.5,2.6,2.6,2.6,2.682474763342478,2.8,2.8,2.8,2.9,2.9,3.0,3.030512947070702,3.1,3.1,3.1,3.1,3.1,3.1,3.1,3.1,3.1,3.1,3.2,3.2,3.2,3.3,3.3,3.3,3.3,3.3,3.3,3.3,3.3,3.3,3.3,3.3,3.3,3.3,3.340067539952498,3.4,3.4,3.4,3.4,3.430825981018876,3.5,3.5,3.5,3.5,3.6,3.6,3.6,3.6,3.6,3.6,3.6,3.635730053136092,3.7,3.7,3.7,3.7,3.8,3.8,3.8,3.8,3.8,3.9,3.9,3.986222963545816,4.0,4.040819158515501,4.1,4.1,4.1,4.1,4.1,4.1,4.2,4.2,4.2,4.2,4.2,4.2,4.2,4.2,4.2,4.2,4.2,4.202392509879161,4.4,4.4,4.4,4.4,4.5,4.5,4.5,4.5,4.5,4.5,4.5,4.5,4.5,4.5,4.5,4.5,4.6,4.6,4.6,4.697623680861142,4.7,4.7,4.7,4.7,4.7,4.7,4.7,4.7,4.7,4.7,4.7,4.7,4.7,4.7,4.7,4.7,4.7,4.7,4.7,4.7,4.7,4.7,4.7,4.7,4.8,4.8,4.8,4.8,4.8,4.8,4.8,4.8,4.9,4.9,4.9,4.9,4.9,4.9,4.9,4.9,4.9,4.9,4.9,4.9,4.9,4.9,4.9,4.9,4.9,4.9,4.993593987845253,5.0,5.0,5.0,5.09121831144011,5.1,5.1,5.2,5.2,5.4,5.9,6.1,6.1,6.1,6.1,6.3,6.3,6.3,6.3,6.3,6.4,6.4,6.4,6.4,6.8,6.8,6.8,6.8,6.999273738951649,7.0,7.0,7.1,7.1,8.4,8.711491531824345,11.0
0.6994546650473746,0.9221271170439141,1.0854855139391493,1.1,1.1,1.2,1.2931700645275617,1.4,1.5,1.5,1.6,1.6,1.6,1.6,1.6,1.6,1.6,1.6,1.7,1.7,1.7,1.7,1.7,1.7,1.7198524657127763,1.8,1.8,1.8,1.8,1.8,1.8,1.8,1.8,1.8,1.9,1.9,1.9,1.9,2.0,2.0,2.0329201988926884,2.1,2.1,2.1,2.1,2.1,2.1,2.1,2.1563222283256667,2.2,2.2,2.2,2.2,2.2,2.2,2.2,2.2,2.2,2.2,2.2,2.2,2.2,2.2,2.2,2.2,2.2275897391896877,2.3,2.3,2.3,2.3,2.3,2.3,2.3,2.3,2.3,2.3,2.3,2.3,2.3,2.4,2.4,2.4,2.4,2.4,2.4,2.4,2.5,2.5,2.5,2.5,2.6,2.6,2.6,2.6,2.6,2.6,2.6,2.6,2.6,2.6,2.6,2.6,2.6,2.6,2.6,2.6,2.6,2.6,2.6,2.6,2.6,2.6,2.6,2.6,2.7,2.7,2.7,2.7,2.7,2.7,2.7,2.7,2.7,2.7,2.7,2.7,2.7,2.7,2.7,2.7,2.7,2.7,2.7,2.7,2.742480395589342,2.8,2.8,2.8,2.8,2.8,2.9,2.9,2.9,2.9,2.9,2.9,2.9,2.9,2.9968948881851647,3.0,3.0,3.1,3.1,3.1,3.1,3.1,3.1,3.2,3.2,3.2,3.2,3.2,3.255172771262977,3.3,3.3,3.3,3.3,3.3,3.3,3.3,3.3,3.3,3.5,3.5,3.5,3.5,3.5801475342872324,3.6,3.6,3.6,3.6,3.6,3.6,3.6,3.6,3.7790372160798142,3.8,3.8,3.8,3.8,3.9142665968933557,4.1003907185653645,4.4,4.4,4.6,4.620207607712836,5.0,5.0,5.4,5.789364414780431,6.425085407821007
0.6,0.8,0.8854855139391493,0.9,0.9,1.0,1.0,1.0,1.0,1.1,1.1,1.1,1.1,1.1,1.2,1.2,1.2,1.2,1.2,1.2,1.2,1.2,1.2966561113817308,1.3,1.3,1.3,1.3,1.3,1.3,1.3,1.3,1.4,1.4,1.4,1.5,1.5,1.5,1.5,1.5,1.6,1.6,1.6,1.6,1.6,1.6,1.6,1.6,1.6,1.7,1.7,1.7,1.7,1.7,1.7,1.7,1.7,1.7,1.7,1.7,1.7,1.7,1.8,1.8,1.8,1.8,1.8,1.8,1.8,1.8,1.8,1.8,1.8,1.8,1.8,1.8,1.8,1.8,1.8,1.8,1.8,1.8,1.8736966480707367,1.9,1.9,1.9,1.9,1.9,1.9,1.9,1.9,1.9,1.9,1.9,1.9,1.9,1.9,1.9,2.0,2.0,2.0,2.0,2.0,2.0991113784562687,2.1,2.1,2.1,2.1,2.1,2.1,2.1,2.1,2.1,2.2,2.2,2.2,2.2,2.2,2.2,2.2,2.2,2.2,2.2,2.2,2.2,2.2,2.3,2.3,2.3,2.3,2.3,2.3,2.3,2.3,2.3,2.3,2.3,2.3,2.3332926814242567,2.4,2.4,2.4,2.4,2.4,2.5,2.5,2.6,2.6,2.6,2.6,2.6,2.6,2.6,2.6436777716743394,2.7,2.7,2.7,2.7,2.7,2.7,2.7,2.7,2.7,2.7,2.7,2.7,2.7,2.7,2.7,2.7,2.7,2.7,2.7962914202199327,2.8,2.8,2.8627137278564305,2.9,2.9,2.9,3.003343888618275,3.1,3.1,3.2,3.2,3.2,3.3,3.3,3.3,3.3,3.5,3.5,3.6,3.6,3.6,3.6,3.6136598709448777,3.86062282313851,4.1410608664118564,4.4,4.4,5.0,5.4
0.3,0.5,0.5,0.5,0.5,0.5,0.5931700645275615,0.6,0.6,0.6,0.6,0.6,0.6,0.6,0.6,0.6,0.6,0.6,0.6,0.6,0.6,0.6,0.6,0.6,0.6,0.6,0.6,0.6,0.6,0.6,0.6,0.6,0.6,0.6,0.6,0.6,0.6,0.6,0.6,0.6,0.6,0.6,0.6,0.6,0.7,0.7,0.7,0.7,0.7,0.7,0.7,0.7,0.7,0.7,0.7,0.7,0.7,0.7,0.7,0.7,0.7,0.7,0.7,0.7,0.7,0.7,0.7,0.7,0.7,0.7,0.7,0.7,0.7,0.7,0.7,0.7,0.7,0.7,0.7,0.7,0.7,0.7,0.7,0.7,0.7,0.7,0.7,0.7,0.7,0.7,0.7030739068521825,0.8,0.8,0.8,0.8,0.8,0.8,0.8,0.8,0.8,0.8,0.8,0.9,0.9,0.9,0.9,0.9,0.9,0.9,0.9,0.9,0.9,0.9,0.9,0.9,0.9,0.9,0.9,0.9,0.9,0.9,0.9,0.9054499355826124,1.0,1.0,1.0,1.0,1.0,1.0,1.0,1.0,1.0,1.0,1.0,1.0,1.0,1.1,1.1,1.164269946863908,1.2,1.2,1.2,1.2,1.2,1.2,1.2,1.2,1.2,1.2,1.2,1.2,1.2,1.3,1.3,1.3,1.3,1.3,1.3,1.3,1.3,1.3,1.3,1.3,1.3,1.3,1.3,1.3,1.4,1.4,1.4,1.4,1.4,1.4,1.4,1.4,1.4,1.4,1.4,1.5,1.5,1.5,1.6,1.6,1.7,1.7,1.8,1.867445006307696,1.9,1.9312240387354507,2.1,2.1,2.1,2.1,2.1,2.2,2.3,2.3,2.542725314347649,2.7,2.8,3.604908014573675
1.6,2.1,2.2,2.5,2.8,2.9,2.9,3.000363130524173,3.3,3.3,3.3,3.4,3.4687759612645443,3.5,3.5,3.5104813919600963,3.6,3.6,3.6,3.6,3.6671097311820504,3.7,3.7966561113817305,3.8,3.9,3.979256605514607,4.13728627214357,4.2,4.2,4.2,4.356801156119795,4.4,4.4,4.4,4.4,4.4,4.4,4.4,4.5,4.5,4.6,4.6,4.617922626012691,4.7,4.7,4.7,4.7,4.7,4.756322228325667,4.8,4.9,4.967234718804218,5.0,5.0,5.0,5.0,5.0,5.0,5.0,5.0,5.0,5.2,5.271460106272184,5.733536592878716,5.9,5.9,5.9,5.9,5.9,5.9908136520748485,6.1,6.1,6.1,6.2171501025395,6.3,6.3,6.3,6.3,6.3,6.3,6.3,6.3,6.3,6.3,6.3,6.3,6.3,6.3,6.3,6.3,6.3,6.3,6.3,6.3,6.3,6.3,6.3,6.4,6.4,6.4,6.4,6.4,6.4,6.4,6.4,6.4,6.4,6.4,6.4,6.4,6.4,6.4,6.4,6.4,6.4,6.4,6.4,6.4,6.4,6.4,6.4,6.4,6.8,6.8,6.8,6.8,6.8,6.8,6.8,7.0,7.0,7.0,7.0,7.0,7.0,7.0,7.0,7.0,7.0,7.0,7.1,7.1,7.1,7.2,7.2,7.2,7.2,7.2,7.2,7.593183374349382,8.4,8.4,8.4,8.4,8.4,8.4,8.4,8.4,8.4,8.5,8.5,8.5,8.5,8.8,8.8,8.8,8.8,8.8,8.8,8.8,8.8,8.8,8.8,8.8,8.8,8.8,8.8,8.8,8.8,8.8,8.8,8.8,8.8,8.8,8.8,8.8,8.8,8.8,10.3,10.3,10.3,10.3,10.3,10.3,10.3,10.3,11.0,11.0,11.0,11.0,11.0
0.8,0.9221271170439141,1.1,1.2286373428261779,1.4,1.5,1.5,1.6,1.6,1.6996092814346326,1.7,1.7,1.8,1.8,1.8,1.8,1.8,1.8,1.8305129470707022,1.9,1.9,1.9,1.9,1.9,2.0,2.0,2.0,2.0,2.1,2.1,2.2,2.2,2.2,2.3,2.3,2.3,2.3,2.399553860249409,2.4,2.4,2.4,2.4,2.5,2.5,2.5,2.5,2.579445275352288,2.6,2.6,2.6,2.6,2.6,2.6,2.7,2.7,2.7,2.7,2.7,2.8,2.8,2.8,2.8,2.8,2.8,2.897323051621021,2.9,2.9,2.9,2.9,2.9,2.9,2.9025276233258666,3.0,3.0,3.0,3.0,3.1,3.1,3.1,3.1,3.1,3.1,3.1,3.2,3.2,3.2,3.2,3.2,3.2,3.278050761736014,3.3,3.3,3.3,3.3,3.3,3.3,3.3,3.3,3.3,3.3,3.3,3.3,3.3,3.3,3.3,3.3,3.3,3.3,3.3,3.3,3.3,3.3,3.3,3.3,3.3,3.4,3.4,3.47439350157847,3.5,3.5,3.5,3.6,3.6,3.6,3.6,3.6,3.6,3.6414249487302413,3.8,3.8,3.8,3.8,3.8,3.8,3.9424803955893424,4.0,4.1,4.1,4.1,4.195621510063717,4.2,4.259500077641303,4.3,4.325036691116378,4.4,4.4,4.4,4.4,4.4,4.4,4.4,4.4,4.4,4.4,4.4,4.4,4.4,4.4,4.4,4.4,4.4,4.4,4.4,4.4,4.4,4.4,4.4,4.4,4.4,4.4,4.4,4.4,4.4,4.4,4.4,4.4,4.480147534287232,4.6,4.6,4.6,4.6,4.6,4.669487052929304,4.7,4.7,4.7,4.8,4.847944441110684,4.9,5.0,5.0,5.0,5.0,5.0,5.213659870944878,5.4,6.4,6.4,6.4,6.4,6.611997368957873
0.6994546650473746,0.7,0.8,0.9,0.9589391335881382,1.0,1.1,1.1,1.1,1.1,1.2,1.2,1.2,1.3,1.3,1.3,1.3,1.3593119177487658,1.4,1.4,1.4,1.4327174284142679,1.5,1.5,1.5,1.5,1.5,1.5,1.5,1.50370857978007,1.6,1.6,1.6,1.6,1.6,1.6,1.6,1.6,1.6448272287370203,1.7,1.7,1.7,1.7,1.7,1.7,1.7400675399524985,1.8,1.8,1.8,1.8,1.8,1.8,1.8,1.8,1.8,1.8,1.8,1.8,1.8,1.8,1.8,1.8,1.8,1.8,1.8,1.8,1.8,1.8,1.8,1.8,1.9,1.9,1.9,1.9,1.9,1.9,1.9,1.9,1.9,1.9,1.9,1.9,1.9,1.9,1.9,2.0,2.0,2.0,2.0,2.0,2.0,2.0,2.0,2.0,2.1,2.1,2.1,2.1,2.1,2.1,2.1,2.1,2.199111378456269,2.2,2.2,2.2,2.2,2.2,2.2,2.2,2.2,2.2,2.2,2.2,2.2,2.2,2.3,2.3,2.3,2.3,2.3,2.3,2.3,2.3,2.3,2.3,2.3,2.341424948730241,2.4,2.4,2.4,2.4,2.4,2.4128753795290434,2.5,2.5,2.5,2.6,2.6,2.6,2.6,2.6,2.6,2.6,2.6584621129678396,2.7,2.7,2.7,2.7,2.7,2.7,2.7,2.7436777716743395,2.8,2.8,2.8,2.8,2.9,2.9,2.9,3.0,3.1,3.1,3.2,3.2,3.2,3.2,3.3,3.3,3.3,3.3,3.3,3.3,3.3,3.3,3.3,3.3,3.3,3.3,3.3,3.3,3.3,3.4,3.5,3.5139854899254375,3.6,3.6674450063076964,3.8,4.1,4.317525236657525,4.4,4.4,4.4,4.4,4.4,4.4,4.4,4.4,4.6,4.933618648868259,6.413088038863134
0.5994546650473747,0.6442542340878283,0.8,0.9,0.9,0.9,0.9,1.0,1.0,1.0,1.1,1.1,1.1,1.1,1.1,1.2,1.2,1.2,1.2,1.3,1.3,1.3,1.3,1.3,1.3,1.3,1.4,1.4,1.4,1.4,1.4,1.4,1.4,1.4,1.4,1.4,1.4,1.4,1.4,1.4,1.4,1.4,1.5,1.5,1.5,1.5,1.5,1.5,1.5,1.5,1.5,1.5,1.5,1.5,1.5,1.5,1.5,1.5,1.5,1.5,1.5,1.5,1.5,1.5,1.5,1.5,1.6,1.6,1.6,1.6,1.6,1.7,1.7,1.7,1.7,1.7,1.7,1.7,1.7,1.7,1.7,1.7,1.7,1.7,1.7,1.7,1.8,1.8,1.8,1.8,1.8,1.8,1.8,1.8,1.8,1.8,1.8,1.8,1.8,1.8,1.8,1.8,1.8,1.8,1.8,1.8,1.9,1.9,1.9,1.9,1.9,1.9,1.9,1.9,1.9,1.9,2.0,2.0,2.0,2.0,2.0,2.0,2.0,2.0,2.0,2.0,2.0,2.0,2.0,2.0,2.0,2.0,2.0,2.0,2.0,2.0,2.0,2.0,2.0,2.0,2.0,2.0,2.0,2.0,2.0,2.0923452141771635,2.1,2.1,2.1,2.1,2.1,2.1,2.2,2.2,2.2,2.2,2.2,2.2,2.282077373987306,2.3,2.3,2.3,2.3,2.3004461397505906,2.4,2.4,2.4,2.4,2.4,2.4,2.4,2.5,2.5,2.5,2.5,2.5,2.5,2.6,2.603343888618275,2.7,2.7,2.7,2.7,2.7,2.7,2.7,2.7,2.7,2.7,2.8,2.8,2.8003907185653643,2.9,3.1992737389516495,3.213659870944878,3.4202076077128365,3.5,3.571362657173825,3.7,4.011491531824345,4.101090669905261
0.6,0.8,0.8,0.9,0.9,0.9,0.9,0.9,0.9022832662765964,1.0,1.0,1.1,1.1,1.1,1.1,1.1104813919600964,1.2,1.2,1.2,1.2,1.2,1.3,1.3,1.3,1.3,1.3,1.337286272143571,1.4,1.4,1.4,1.4,1.4,1.4,1.4,1.4,1.4,1.4,1.4,1.4,1.4,1.4,1.4,1.4,1.4,1.4,1.4,1.5,1.5,1.5,1.5,1.5,1.5,1.5,1.5,1.5,1.5,1.5,1.5,1.5,1.5,1.5,1.5,1.5,1.5,1.5,1.5,1.5,1.5,1.5,1.5,1.5741068266693021,1.6,1.6,1.6585750512697501,1.7,1.7,1.7,1.7,1.7,1.7,1.7,1.7,1.7,1.7,1.7,1.7,1.7,1.7,1.7,1.7780507617360144,1.8,1.8,1.8,1.8,1.8,1.8,1.8,1.8,1.8,1.8,1.8,1.8,1.8,1.8,1.8,1.9,1.9,1.9,1.9,1.9,1.9,1.9,1.9,1.9,1.9,1.9,1.948666772365334,2.0,2.0,2.0,2.0,2.0,2.0,2.0,2.0,2.0,2.0,2.0,2.0,2.0,2.0,2.0,2.0,2.0,2.0,2.0,2.0,2.0,2.0,2.0,2.0,2.0,2.0,2.0,2.0,2.0,2.0,2.1,2.1,2.1,2.1,2.1,2.1,2.2,2.2,2.2,2.2,2.2,2.2,2.2,2.2670798011073146,2.3,2.3,2.3,2.3,2.3,2.3415318772751785,2.4,2.4,2.4,2.4,2.4,2.4505417183933504,2.5,2.5,2.5,2.5,2.5,2.5,2.5,2.6,2.7,2.7,2.7,2.7,2.7,2.7,2.7,2.7,2.7,2.707133298446678,2.8,2.8,2.8996368694758243,2.9,3.2,3.3410608664118566,3.4713626571738248,3.614514486060847,4.033618648868258,4.5
0.2,0.3,0.3,0.4,0.4,0.4,0.5,0.5,0.5,0.5,0.5,0.5,0.5,0.5,0.5,0.5,0.5,0.5,0.6,0.6,0.6,0.6,0.6,0.6,0.7,0.7,0.7,0.7,0.7,0.7,0.7,0.7,0.7,0.7,0.8,0.8,0.8,0.8,0.8,0.8,0.8,0.8,0.8,0.8,0.8,0.8,0.8,0.8,0.8,0.8,0.8308259810188758,0.9,0.9,0.9,0.9,0.9,0.9,0.9,0.9,0.9,0.9,0.9,0.9,0.9,0.9,0.9,0.9,0.9,0.9,0.9,0.9,0.9,0.9,0.9,0.9,0.9,0.9,0.9,0.9,0.9,0.9,1.0,1.0,1.0,1.0,1.0,1.0,1.0,1.0,1.0,1.0,1.0,1.0528705692421483,1.1,1.1,1.1,1.1,1.1,1.1,1.1,1.1,1.1,1.1,1.1236884075919988,1.2,1.2,1.2,1.2,1.2,1.2,1.2,1.2219492382639885,1.3,1.3,1.3,1.3,1.3,1.3,1.3,1.3,1.3,1.3,1.3,1.3,1.3,1.3,1.3,1.3,1.3693198771606092,1.4,1.4,1.4,1.4,1.4,1.4,1.4,1.4,1.4,1.4,1.4,1.4,1.4,1.4,1.4,1.4,1.4,1.4,1.4,1.4,1.4,1.4,1.4,1.4,1.4,1.4,1.4,1.4,1.4,1.4,1.4,1.4,1.4,1.4,1.4,1.4,1.4,1.4,1.4,1.4,1.4,1.4,1.4,1.4505417183933502,1.5,1.5,1.5,1.5,1.5,1.5,1.5,1.5,1.6,1.7,1.7,1.7,1.7,1.7,1.7,1.7,1.7,1.7,1.7,1.7,1.8,1.8,1.8202076077128369,1.941060866411857,2.0,2.0,2.1778728829560863,2.8
1.0972733252368732,1.5221271170439141,1.6,1.8,1.8,1.8,1.9,1.9,2.0022832662765966,2.1,2.192866701553323,2.2,2.2,2.2,2.2,2.2104813919600965,2.3860145100745633,2.4,2.4,2.4,2.4,2.432717428414268,2.5,2.6,2.619852465712776,2.7,2.7,2.7,2.7,2.7,2.7,2.7,2.7,2.7,2.8,2.80640601215474,2.9,2.9,2.9,2.9,2.9,2.9,2.9,2.9,3.0,3.0,3.0,3.0,3.0,3.093861234331038,3.130825981018876,3.2,3.2,3.2,3.3,3.3,3.3,3.3,3.3,3.3,3.3,3.3,3.335730053136092,3.4,3.4,3.4,3.4,3.4,3.4,3.4,3.4,3.4,3.4,3.4,3.4,3.4,3.4,3.5,3.5,3.5,3.5,3.5,3.5,3.6,3.6,3.6,3.6,3.6,3.6,3.6,3.6,3.6,3.7,3.7,3.7,3.7,3.7,3.7,3.7,3.7,3.8,3.8,3.8,3.8,3.8,3.8,3.8,3.8,3.8,3.8,3.8,3.8,3.8,3.8,3.8976236808611415,3.9,3.9,3.9,3.9,3.9,3.9,3.9,3.9,3.932212223747814,4.059180841484493,4.1,4.1,4.1,4.1,4.1,4.2,4.2,4.2,4.2,4.2,4.2,4.2,4.2,4.2,4.2,4.2,4.2,4.2,4.2,4.2,4.2,4.2,4.2,4.2968948881851645,4.3,4.3,4.3,4.3,4.3,4.3,4.3,4.3,4.3,4.3,4.3,4.3,4.3,4.3,4.3,4.3,4.3,4.3,4.390424139558622,4.4,4.4,4.4,4.4,4.4,4.4,4.4,4.4,4.4,4.4,4.4,4.4,4.4,4.4,4.4,4.4,4.5,4.5,4.5,4.6,4.6,4.6,4.6,4.7,4.797716733723399,4.8,4.8,4.9,5.0,6.128175943042947,6.4,6.555745765912172,8.40054533495263
0.5978186601894985,1.0,1.1,1.2,1.3,1.3797923922871658,1.4931700645275616,1.5,1.5,1.6,1.6,1.6,1.6,1.6,1.6,1.6,1.6,1.7,1.7,1.7,1.7,1.7,1.7,1.7,1.8,1.8,1.8,1.8,1.8,1.8,1.8,1.8,1.8,1.8,1.8,1.8,1.8,1.8,1.8,1.8,1.8,1.8,1.8,1.8,1.8,1.8,1.8,1.8,1.8,1.8,1.8,1.8,1.8,1.8,1.8,1.8,1.8,1.8749633088836162,1.9,1.9,1.9,1.9,1.9,1.9,1.9,1.9,1.9,1.9,1.9,1.9,1.9,2.0,2.1,2.1,2.1,2.1,2.1,2.1,2.1,2.1,2.1,2.2,2.2,2.2,2.2,2.2,2.2,2.2,2.2,2.2,2.2,2.2,2.2,2.2,2.2,2.2,2.2,2.2,2.2,2.2,2.25,2.3,2.3,2.3,2.4,2.4,2.4,2.4,2.5,2.5,2.5,2.5,2.5,2.5,2.5,2.6,2.6,2.6,2.6,2.626303351929255,2.7,2.7,2.7,2.7,2.7,2.7,2.7,2.7,2.7,2.7974723766741247,2.8,2.8,2.8,2.8128753795290433,2.9,2.9,2.9,2.9,3.0,3.0,3.0,3.0,3.0,3.0,3.0,3.0,3.1,3.1,3.196894888185165,3.2,3.2,3.3,3.3,3.3,3.3,3.3,3.3,3.3,3.4,3.4,3.4670798011073147,3.5,3.5,3.5,3.5,3.5,3.5415318772751787,3.6,3.6,3.6,3.6,3.6,3.6,3.7,3.7,3.7,3.7,3.7,3.7,3.8,3.8,3.8,3.8,3.8,3.9,3.9,3.9,3.947944441110684,4.2,4.2,4.207133298446678,4.3,4.3,4.4,4.406829935472439,4.520207607712837,4.6,4.6,4.729028972121694,5.0,5.9
0.5978186601894985,1.0221271170439141,1.1,1.2,1.2589391335881381,1.4,1.4,1.5,1.5,1.5996092814346328,1.6,1.6,1.6,1.6,1.6,1.6,1.7,1.7,1.7,1.7,1.7,1.8,1.8,1.8,1.8,1.8,1.8,1.8,1.8,1.8,1.8,1.8,1.8,1.8,1.8,1.8,1.8,1.8,1.8,1.8,1.8,1.8,1.8,1.8,1.8,1.8,1.8,1.8,1.8,1.8,1.8,1.8,1.8,1.8,1.8,1.8,1.8,1.8,1.8,1.8,1.8,1.9,1.9,1.9,1.9,1.9,1.9,1.9,1.9,1.9,1.9,1.9,1.9306801228393908,2.0,2.0,2.1,2.1,2.1,2.1,2.1,2.1,2.1,2.1,2.1,2.1,2.2,2.2,2.2,2.2,2.2,2.2,2.2,2.2,2.2,2.2,2.2,2.2,2.2,2.2,2.2,2.2,2.2,2.2,2.2,2.2,2.2,2.2,2.3,2.3,2.3,2.3,2.4,2.4,2.4,2.4,2.4,2.4,2.4,2.5,2.5,2.5,2.5,2.5,2.5,2.5,2.5,2.6,2.6,2.6,2.6,2.6,2.6,2.6,2.7,2.7,2.7,2.7,2.7,2.7,2.7,2.7,2.7,2.7,2.725036691116378,2.8,2.8,2.826701204161429,2.9,2.9,2.9327652811957816,3.0,3.0,3.0,3.0,3.0,3.0,3.0,3.0,3.0820773739873064,3.1,3.2,3.2,3.2,3.2,3.2,3.2,3.3,3.3,3.3,3.39121831144011,3.4,3.4,3.5,3.5,3.5,3.5,3.5,3.5,3.503343888618275,3.6,3.6,3.6,3.7,3.7,3.7,3.7,3.7,3.8,3.8,3.8,3.8,3.8,3.9,3.9996368694758244,4.1068299354724385,4.2,4.341060866411857,4.6,4.729028972121694,5.0,5.401636004857892
0.6,1.3221271170439142,1.5,1.6,1.7,1.8,2.0,2.1,2.2,2.2,2.4,2.4,2.4,2.5,2.5,2.6,2.6,2.6,2.6305129470707023,2.7,2.76710973118205,2.8,2.8,2.9,2.9,2.9,2.9,2.9,2.9,3.0,3.0,3.1,3.1,3.1,3.1,3.1,3.1,3.1,3.2,3.2,3.2,3.2,3.217922626012691,3.3,3.3,3.3,3.3,3.3,3.3,3.3,3.3,3.3,3.3,3.3,3.3,3.3,3.3,3.3,3.4,3.4,3.4,3.4,3.4,3.4,3.4,3.4275897391896875,3.5,3.5,3.5,3.5,3.5,3.6,3.6,3.6,3.6,3.6,3.6,3.6,3.6,3.6,3.6,3.6736966480707367,3.7,3.7,3.7,3.7,3.7,3.7,3.75293269309945,3.8,3.8,3.8,3.8,3.8,3.8,3.8,3.8,3.8,3.9,3.9,4.0,4.1,4.1,4.1,4.1,4.1,4.1,4.1,4.2,4.2,4.2,4.2,4.2,4.2,4.3,4.3,4.3,4.3,4.3,4.3,4.3,4.3,4.3,4.332212223747814,4.4,4.486365747330313,4.5,4.5,4.5,4.5,4.5,4.5,4.5,4.5,4.5,4.5,4.5,4.5,4.6,4.6,4.6,4.6,4.6,4.7,4.7,4.7,4.7,4.7,4.8,4.8,4.8,4.9,4.9,4.9,4.9,4.9,4.9,4.9,4.9,4.9,4.9,5.0,5.0,5.0,5.0,5.1,5.1,5.1,5.1,5.1,5.1,5.1,5.1,5.1,5.1,5.1,5.1,5.1,5.1,5.1,5.1,5.1,5.169487052929304,5.2,5.2,5.2,5.2,5.2,5.2,5.2,5.2,5.2,5.2,5.2,5.2,5.240415215425673,5.7,5.7,6.3,6.6,7.0
1.3994546650473745,1.7,1.8,2.0,2.0589391335881384,2.179792392287166,2.4,2.5,2.5,2.5,2.6,2.6,2.6,2.6,2.632554993692302,2.8,2.9,2.9,2.9,2.9,2.9,3.0,3.096656111381731,3.1,3.1,3.1,3.1,3.1,3.1,3.1,3.1,3.1,3.1,3.1,3.1,3.1,3.1,3.1,3.1,3.1,3.1,3.1,3.117922626012691,3.2,3.2,3.2,3.2,3.2,3.2,3.2,3.2,3.3,3.3,3.3,3.3,3.3,3.3,3.3,3.3,3.3,3.3,3.3,3.3,3.3,3.3,3.3,3.3,3.3,3.3,3.3,3.3741068266693017,3.4,3.430680122839391,3.5,3.5,3.5,3.5,3.5,3.5,3.5,3.5474948492296106,3.6,3.6,3.6,3.6,3.6,3.6,3.6277108492161205,3.7,3.7,3.7,3.7,3.7,3.7,3.8,3.8,3.8,3.8,3.8,3.8,3.8499999999999996,4.07455142218925,4.1,4.1,4.1,4.1,4.1,4.1,4.1,4.1,4.1,4.121949238263988,4.2,4.272289150783877,4.3,4.3,4.3,4.3,4.3,4.3,4.3,4.3,4.3,4.3,4.3,4.3,4.327554072908356,4.5,4.5,4.5,4.5,4.5,4.5,4.5,4.5,4.5,4.5,4.5,4.5,4.5,4.5,4.5,4.5,4.5,4.5,4.6,4.6,4.6,4.6,4.6,4.6,4.6,4.643677771674339,4.7,4.7,4.7,4.7,4.840671534142251,4.9,4.9,4.9,4.9,4.9,4.9,4.9,4.9,4.9,4.9,4.9,4.9,4.9,4.9,4.9,5.005998456065578,5.1,5.1,5.1,5.1,5.1,5.1,5.1,5.1,5.1,5.1,5.1,5.1,5.1,5.1,5.1,5.1,5.1,5.1,5.1,5.1,5.1,5.1,5.1,5.171362657173825,5.2,5.2,6.602181339810522
0.4,0.8221271170439142,0.9,0.9286373428261779,1.0,1.0797923922871657,1.1,1.1,1.1,1.1,1.1928667015533228,1.2,1.2,1.3,1.3,1.3,1.3,1.3,1.3,1.4,1.4,1.4,1.5,1.5,1.5,1.5,1.5,1.5,1.6,1.6,1.6568011561197948,1.7,1.7,1.8,1.8,1.8,1.8,1.8,1.8,1.8,1.8329201988926882,1.9,1.9,1.9,1.9,1.9,1.9,1.9,1.9,2.0,2.0,2.0,2.0,2.0,2.0,2.0,2.0,2.0,2.0,2.0,2.0,2.0,2.0,2.1,2.1,2.1,2.1,2.1,2.1,2.1,2.174106826669302,2.2,2.2,2.2,2.2,2.2,2.2,2.2,2.2,2.2,2.3,2.3,2.3,2.3,2.3,2.3,2.3,2.3,2.3,2.3,2.3,2.328010926291105,2.4,2.4,2.4,2.4,2.4,2.4,2.4,2.5,2.5,2.5,2.5,2.5,2.5,2.5,2.5,2.5,2.5,2.5,2.5,2.5,2.5,2.5,2.5,2.5,2.5,2.5,2.6,2.6,2.6,2.6,2.6,2.6,2.6591808414844937,2.7,2.7,2.7,2.7,2.7,2.7,2.7545931739625815,2.8,2.8,2.8,2.8,2.8,2.8332926814242567,2.9,2.9,2.9,2.9,2.9,2.925036691116378,3.1,3.1,3.1,3.1,3.2,3.2,3.2,3.2,3.2,3.2,3.2205547246477124,3.3,3.3,3.3,3.3820773739873062,3.4,3.4,3.4,3.4,3.4,3.4,3.4,3.4,3.4,3.5,3.5,3.5,3.5,3.5,3.5,3.5,3.5,3.5,3.5,3.503343888618275,3.7,3.7,3.7,3.7,3.7,3.7,3.9790372160798144,4.1,4.1,4.131224038735451,4.2,4.3,4.3,4.3,4.499273738951649,4.5,4.5,4.5,4.5,4.9,5.055745765912172,5.20981602914735
0.9994546650473747,1.422127117043914,1.6,1.7,1.7,1.8,1.8,1.8,1.8,1.8996092814346326,1.9,1.9,1.9,2.0,2.0,2.1,2.1860145100745636,2.2,2.2,2.2,2.2,2.2,2.2,2.2,2.3,2.3,2.3,2.3,2.3,2.4,2.4,2.4,2.4,2.4,2.5,2.5,2.5,2.5,2.5,2.589273309875608,2.6,2.6,2.6,2.6,2.6,2.6,2.6,2.6,2.6,2.7,2.7,2.7,2.7,2.7,2.7,2.7,2.7415378870321603,2.8,2.8,2.8,2.8,2.8,2.8,2.8,2.8,2.8,2.8,2.8,2.8,2.8,2.8,2.8,2.8,2.8,2.8,2.8,2.840819158515501,2.9,2.9,2.9,2.9,2.9,2.9,2.9,2.9,2.9,2.9,2.9,2.9,2.9,2.9,3.0,3.0,3.0,3.1,3.1,3.1,3.1,3.1,3.1,3.1,3.174551422189251,3.2,3.2,3.2,3.2,3.2,3.2,3.2,3.2,3.2,3.2,3.2,3.2,3.2,3.223079872757484,3.3,3.3,3.3,3.3,3.3,3.3,3.3,3.3,3.3,3.3,3.313777036454178,3.4,3.4,3.4,3.5,3.5,3.5,3.5,3.5,3.5,3.5,3.5,3.5,3.5,3.5,3.5,3.5,3.525036691116378,3.6,3.6,3.6,3.6,3.6,3.6,3.6,3.6,3.6,3.6,3.6,3.6,3.6,3.7,3.7,3.7,3.8,3.8,3.8,3.8,3.8,3.8,3.9245956318255364,4.1,4.1,4.1,4.2,4.2,4.25054171839335,4.3,4.3,4.3,4.4,4.4,4.4,4.4,4.4,4.4,4.4,4.6,4.7,4.7,4.7,4.7,4.7,4.7,4.7,4.8,4.8,4.9,4.9,4.9,4.9,4.971362657173825,5.0,6.211491531824345,7.0
0.6994546650473746,0.9221271170439141,1.2,1.3,1.3,1.3,1.4,1.5,1.5,1.5,1.5,1.5824747633424778,1.6,1.6,1.7,1.7,1.7,1.7,1.7,1.8,1.8,1.8,1.8,1.8,1.8,1.8,1.8,1.8,1.8,1.8,1.8,1.8,1.8,1.8,1.8,1.9,1.9,1.9,1.9,1.9,1.9,1.9757947415640416,2.0,2.0,2.0,2.0,2.0,2.0,2.0,2.0,2.1,2.1,2.1,2.1,2.173298795838568,2.2,2.2,2.2,2.2,2.2,2.2,2.2,2.2,2.266707318575743,2.3,2.3,2.3,2.3,2.3,2.3,2.3,2.3,2.3,2.3,2.386222963545816,2.4,2.4,2.4,2.4,2.4,2.4,2.4,2.4,2.5,2.5,2.5,2.5,2.5,2.6,2.6,2.6,2.6,2.6,2.6,2.6,2.6,2.6,2.7,2.7,2.7,2.7,2.7,2.7,2.7,2.7,2.7,2.7,2.7,2.7,2.7,2.7,2.7,2.7,2.7,2.7976236808611414,2.8,2.8,2.8,2.8,2.8,2.8,2.8,2.8,2.8,2.8,2.8,2.8,2.8,2.8,2.897472376674125,2.9,2.9,2.9,2.9,2.9,2.9,2.9,2.9,2.9,2.9,3.0,3.0,3.0,3.0,3.1,3.1,3.1,3.1,3.1,3.2,3.2,3.2,3.2,3.2,3.2,3.2,3.2,3.2,3.2,3.2,3.2,3.2,3.2,3.2,3.3,3.3,3.3,3.3,3.3,3.3,3.4431988438802077,3.5,3.5,3.5,3.5,3.5,3.6,3.6,3.6,3.6,3.6,3.6,3.6,3.6,3.7,3.8,3.8,3.8958888822213678,4.1,4.1,4.3,4.3,4.3,4.3,4.4,4.4,4.4,4.5,4.629028972121693,4.9,6.8
0.6994546650473746,0.8221271170439142,0.9,1.2,1.2,1.2,1.2,1.2,1.2,1.2,1.2,1.3,1.3,1.3,1.3,1.3,1.4,1.4,1.4,1.5,1.5,1.5,1.5,1.5,1.5,1.5,1.5,1.5,1.5494582816066527,1.6,1.6,1.6,1.7,1.7,1.7,1.7,1.7,1.7,1.7,1.7,1.7,1.7,1.7,1.759328465857746,1.8,1.8,1.8,1.8,1.8,1.8,1.8,1.8,1.8,1.8,1.8,1.8,1.8,1.8,1.8,1.8,1.8,1.8,1.8,1.8,1.8,1.8,1.8,1.8,1.8,1.9,1.9,1.9,1.9,1.9,1.9,1.9,1.9,1.9,1.9,1.9,2.0,2.0,2.0,2.0,2.0,2.0,2.0,2.0,2.0,2.0,2.0,2.0,2.0,2.0,2.0,2.0,2.0517089421772567,2.1,2.1,2.1,2.1,2.1,2.1,2.2,2.2,2.2,2.2,2.2,2.2,2.2,2.2,2.2,2.2,2.2,2.2,2.2,2.2,2.2,2.2,2.2263033519292548,2.3,2.3,2.3,2.3,2.3,2.3,2.3,2.3,2.3,2.3,2.3,2.3,2.4,2.4,2.4,2.4,2.4,2.4,2.4,2.4,2.4,2.4,2.4,2.5,2.5,2.5,2.526701204161429,2.6,2.6,2.6,2.66917401898113,2.7,2.7,2.7,2.7,2.7,2.7,2.7,2.7,2.7,2.7,2.7,2.7,2.7,2.7,2.7,2.7,2.7,2.7,2.79121831144011,2.8,2.8,2.8,2.8,2.8,2.8,2.8,2.8409909701809735,2.9,2.9,2.9,2.9,2.9,3.0,3.0,3.0,3.0,3.1,3.1,3.2,3.2,3.3,3.3,3.3,3.3,3.4202076077128365,3.5,3.6,3.714514486060847,4.1,4.3032720097157835
1.0,1.3,1.4854855139391492,1.6,1.7,1.7,1.7,1.7,1.7,1.8,1.8,1.8,1.8,1.8,1.8,1.9,1.9,1.9,1.9,1.9,1.9,2.0,2.0,2.0,2.019852465712776,2.1,2.1,2.2,2.2,2.2,2.2,2.2,2.2,2.3,2.358468122724821,2.4,2.4,2.4,2.5,2.5,2.5,2.5,2.5,2.5,2.6,2.6,2.6,2.6,2.6563222283256667,2.7,2.7,2.7,2.7,2.8,2.8,2.8,2.8,2.8,2.8,2.8,2.8,2.8,2.8,2.8,2.8,2.8275897391896874,2.9,2.9,2.9,2.9,2.9,2.9,3.0,3.0,3.0,3.0,3.0,3.0,3.0,3.021115852667802,3.1,3.1,3.1,3.1,3.1,3.1,3.1,3.1,3.15293269309945,3.2,3.2,3.2280109262911054,3.3,3.3,3.3,3.3,3.3,3.3,3.3,3.3,3.3,3.3,3.3,3.3,3.3,3.4,3.4,3.4,3.4,3.4,3.4,3.4,3.4,3.4,3.4,3.5,3.5,3.5,3.5,3.5,3.5,3.5,3.5,3.5,3.5,3.5,3.5,3.5,3.5,3.5,3.5,3.5,3.6,3.6,3.6,3.6,3.6,3.6,3.6,3.6,3.6,3.6,3.6,3.6,3.6,3.6,3.6,3.6,3.6,3.6,3.8,3.8,3.8,3.8,3.8,3.8,3.8,3.940671534142251,4.0,4.0,4.1,4.110726690124397,4.2,4.2,4.2,4.2,4.2,4.2,4.2,4.2,4.3,4.3,4.35054171839335,4.4,4.5,4.5,4.5,4.540990970180974,4.6,4.7,4.7,4.7,4.7,4.7,4.8,4.8,4.867445006307697,4.9,4.9,4.9,4.9,4.9,4.9,4.9,4.9,5.0,5.082121732823714,5.34272531434765,5.7580579442433875,6.255745765912172,6.801636004857891
0.5994546650473747,0.9221271170439141,1.385485513939149,1.5,1.5589391335881382,1.6,1.7,1.7,1.7,1.7,1.7,1.7,1.7,1.7,1.7,1.8,1.8,1.8,1.8305129470707022,1.9,1.9,1.9,1.9,1.9,1.9,1.9,1.9,1.9,1.9,1.9,1.9,1.9,1.9,1.9,1.958468122724821,2.0,2.0,2.0,2.04482722873702,2.1,2.1,2.1,2.1,2.1,2.1,2.1,2.1,2.2,2.2,2.2,2.2,2.2,2.2,2.2,2.2,2.3,2.3,2.374963308883616,2.4,2.4,2.4,2.4,2.4,2.4,2.4,2.4,2.4,2.4,2.4,2.5,2.5,2.5,2.5,2.5,2.5,2.5,2.5,2.5,2.5,2.5,2.5,2.5,2.5,2.6,2.6,2.6,2.6,2.6,2.6,2.6,2.6,2.6,2.6,2.6,2.6,2.7,2.7,2.7,2.700888621543729,2.8,2.8,2.8,2.8,2.8,2.8,2.8,2.8,2.8,2.8,2.8,2.8,2.821949238263988,2.9,2.9,2.9,2.9,2.9,2.9,2.9,2.9,2.9525051507703894,3.0,3.0,3.0,3.0,3.0,3.0,3.0,3.0,3.0,3.0,3.0,3.0,3.1,3.1,3.1,3.1,3.1,3.1,3.1,3.2,3.2,3.2,3.2,3.2,3.3,3.3,3.3,3.3,3.3,3.3691740189811297,3.4,3.4,3.4,3.4,3.4,3.4,3.4,3.4,3.4,3.4670798011073147,3.5,3.5,3.5,3.5,3.5,3.5,3.5,3.5,3.5,3.5,3.5,3.5,3.5059984560655777,3.6,3.6,3.6,3.6,3.6,3.6,3.6,3.7,3.7,3.8,3.8,3.9790372160798144,4.0,4.1,4.2,4.3,4.3071332984466775,4.5,4.5,4.6,4.7,4.8,4.9,4.9,4.9,4.9778728829560865,5.923994737915746
0.2,0.3,0.3,0.3,0.3,0.3,0.3,0.3,0.4,0.4,0.4,0.4,0.4,0.45205555888931953,0.5,0.5,0.5,0.5,0.5,0.5,0.5,0.5,0.5,0.6,0.6,0.6,0.6,0.7,0.7,0.7,0.7,0.7,0.7,0.8,0.8,0.8,0.8,0.8,0.8,0.8,0.8,0.8,0.8,0.8,0.8,0.8,0.8,0.8,0.8,0.8,0.8,0.8,0.8,0.8,0.8,0.8,0.8,0.8,0.8,0.8,0.8,0.8,0.8,0.8,0.8,0.8,0.8,0.8,0.8,0.8,0.8,0.8,0.9,0.9,0.9,0.9,0.9,0.9,0.9,0.9,0.9,0.9,0.9,0.9,0.9,0.9,0.9,0.9,0.9,0.9,0.9,0.9,0.9,0.9,0.9,0.9,0.9,0.9,0.9008886215437286,1.0,1.0,1.0,1.0,1.0,1.0,1.0,1.0,1.0,1.0,1.0,1.0,1.0,1.0,1.0,1.0,1.0,1.048666772365334,1.1,1.1,1.1,1.1,1.1,1.1,1.1,1.1,1.1,1.1,1.1,1.1,1.1,1.2,1.2,1.2,1.2,1.2,1.2,1.2,1.2,1.264269946863908,1.3,1.3,1.3,1.3,1.3,1.3,1.3,1.3,1.3,1.3,1.3,1.3,1.3,1.3,1.3,1.3,1.3,1.3,1.3,1.3,1.3,1.4,1.4,1.4,1.4,1.4,1.4,1.4,1.4,1.4,1.4,1.4,1.4,1.4,1.4,1.4,1.4,1.4,1.5,1.5,1.5,1.5,1.6,1.6,1.7,1.7,1.7,1.7,1.7,1.7,1.7,1.7071332984466778,1.8,1.8,1.8996368694758246,1.9,1.9202076077128367,2.0,2.0,2.0290289721216936,2.2,2.9005453349526307
0.6,0.7,0.8709710278782985,1.028637342826178,1.1,1.2,1.3,1.3,1.3,1.3,1.4,1.4,1.4,1.4,1.4325549936923017,1.5,1.5,1.5,1.5,1.5,1.5,1.5,1.6,1.6,1.6,1.6,1.6,1.6,1.6,1.6,1.6,1.6,1.7,1.7,1.7,1.7,1.7,1.7,1.7,1.7,1.7,1.7,1.8,1.8,1.8,1.8,1.8,1.8,1.8,1.8,1.8,1.8,1.8031051118148356,1.9,1.9,1.9,1.9,1.9,2.0,2.0,2.0,2.0,2.1,2.1,2.1,2.1,2.1,2.1871246204709536,2.2,2.2,2.2,2.2,2.2,2.2,2.2,2.2,2.2,2.2,2.2,2.2,2.2,2.2,2.2,2.2,2.2,2.2,2.2,2.2,2.2,2.2,2.2,2.2,2.2,2.2,2.2,2.2,2.251708942177257,2.3,2.4,2.4,2.4,2.4,2.4,2.4,2.448291057822746,2.5,2.5,2.5,2.5,2.5,2.5,2.5,2.6,2.6,2.6,2.6,2.6,2.6,2.6,2.6,2.6,2.6,2.7,2.7,2.7,2.7,2.7,2.7,2.7,2.7,2.7,2.7,2.7,2.7128753795290437,2.8,2.8,2.8,2.8,2.8,2.9,2.9,2.9,2.9,3.0,3.0,3.0,3.1,3.1,3.1,3.1,3.1,3.1,3.1,3.2,3.2205547246477124,3.3,3.3,3.3,3.3,3.3,3.3,3.3,3.3,3.3,3.3,3.3,3.3,3.3,3.3,3.4,3.4,3.4,3.5,3.5,3.5,3.6,3.6,3.6,3.6,3.6,3.8,3.8,3.938974105858608,4.040688082251234,4.1,4.379037216079815,4.4,4.6,4.6,4.617525236657525,4.707133298446678,4.8,4.8,4.9,4.9,5.4,5.9,5.9,5.9,6.255745765912172,7.107634689336828
0.6,0.6221271170439141,0.7854855139391493,0.9,1.0,1.0,1.0,1.1,1.1,1.1,1.2,1.3,1.3,1.3,1.3,1.3,1.3,1.3,1.3,1.3,1.3,1.3,1.3,1.4,1.4,1.4,1.4,1.4,1.4,1.4,1.4,1.4,1.4,1.4,1.4,1.4,1.4,1.4,1.5,1.5,1.5,1.5,1.5,1.5,1.5,1.5,1.5,1.5,1.5,1.5,1.5,1.5,1.5,1.5,1.6,1.6,1.6,1.6,1.6,1.6,1.6,1.6,1.6,1.6,1.6,1.6,1.6,1.6,1.6164165237127208,1.7,1.7,1.7,1.7,1.7,1.7,1.7,1.7,1.7,1.7,1.7,1.7,1.7,1.7,1.7,1.8,1.8,1.8,1.8,1.8,1.8,1.8,1.8,1.8,1.8,1.8,1.9,1.9,1.9,1.9,1.9,1.9,1.9,1.9,2.0,2.0,2.0,2.0,2.0,2.0,2.0,2.0,2.0,2.0,2.0,2.0976236808611417,2.1,2.1,2.1,2.1,2.1,2.1,2.1,2.1054499355826124,2.2,2.2,2.2,2.2,2.2,2.2,2.2,2.2,2.2,2.2,2.2,2.2,2.2,2.202676948378985,2.3,2.3,2.3,2.4,2.4,2.4,2.4,2.4,2.4,2.4,2.461545727139935,2.5,2.5,2.5,2.5,2.5,2.5818099114968334,2.6,2.6,2.6,2.6,2.6820773739873065,2.7,2.7,2.7,2.8,2.8,2.8,2.8,2.8,2.890424139558621,2.9,2.9,2.9,2.9,3.0,3.0,3.0,3.1,3.1,3.1,3.1,3.2,3.2,3.3,3.3,3.3,3.4,3.4,3.4674450063076963,3.5,3.5312240387354508,3.6,3.6,3.7,3.8,4.0,4.1068299354724385,4.320207607712836,4.5,4.6,4.8,5.289364414780431,5.9021813398105225
0.1,0.2,0.3,0.4,0.5,0.5,0.5,0.5,0.6,0.6,0.6,0.6,0.6,0.6,0.6,0.6,0.6,0.6,0.6,0.6,0.7,0.7,0.7,0.7,0.8,0.8,0.8,0.8,0.8,0.8,0.8,0.8,0.8,0.9,0.9,0.9,0.9,0.9,0.9,0.9,0.9,0.9,0.9,0.9,0.9,0.9,0.9,0.9,0.9,0.9,0.9,0.9,0.9,0.9,0.9,0.9,0.9,0.9,0.9,0.9,0.9,0.9,0.9,0.9,0.9,0.9,0.9,0.9,0.9,0.9,0.9,0.9025276233258666,1.0,1.0,1.0,1.0,1.0,1.0,1.0,1.0,1.0,1.0,1.0,1.1,1.1,1.1,1.1,1.1,1.1,1.1,1.1,1.1,1.1,1.1,1.2,1.2,1.2,1.2,1.2,1.2,1.2,1.2,1.2,1.2,1.2,1.2,1.2,1.2,1.2,1.2,1.2,1.2219492382639885,1.3,1.3,1.3,1.3,1.3,1.3,1.3,1.3,1.3,1.3,1.3,1.3,1.3,1.3,1.3,1.3,1.3,1.4,1.4,1.4,1.4,1.4,1.4,1.4,1.4,1.4,1.4,1.4,1.4,1.4,1.4,1.4,1.4,1.4,1.4,1.4,1.4,1.5,1.5,1.5,1.5,1.5,1.5,1.5,1.5,1.5,1.5,1.5,1.5,1.6,1.6,1.6,1.6,1.6,1.6,1.6,1.7,1.7,1.7,1.7,1.7,1.8,1.8,1.9,1.9,2.0,2.0,2.0672825715857357,2.1,2.1002582456110193,2.2,2.2,2.3139854899254373,2.489518608039907,2.5,2.5,2.5,2.5,2.5,2.5,2.5,2.6,2.8,2.8,3.082121732823714,6.0549676867362106,7.0,8.5,10.303817344668415
0.5989093300947492,0.7,0.7854855139391493,0.9,0.9,0.9797923922871657,1.0,1.0,1.0,1.0,1.0,1.0824747633424778,1.1,1.1520555588893195,1.2,1.3,1.3,1.3,1.4,1.4,1.4,1.4,1.4,1.4,1.5,1.5,1.5,1.5,1.5,1.5,1.5,1.5,1.5,1.6,1.6,1.6,1.6,1.6,1.6,1.689273309875608,1.7,1.7,1.7,1.7,1.8,1.8,1.8,1.8,1.8,1.8,1.8,1.8,1.8,1.8,1.9,1.9,1.9,1.9,1.9,1.9,1.9,2.0,2.0,2.0,2.0,2.0,2.0,2.0,2.0,2.0,2.0,2.0,2.0,2.0,2.0,2.0,2.0,2.0,2.0,2.1,2.1,2.1,2.1,2.1,2.1,2.1769201272425165,2.2,2.2,2.2,2.2,2.2,2.2,2.2,2.277661541373567,2.3,2.3,2.3,2.3,2.4,2.4,2.4,2.4,2.4,2.4,2.5,2.5,2.5,2.5,2.5,2.5719890737088917,2.6,2.6,2.64706730690055,2.7,2.7,2.7,2.7,2.7,2.7,2.7,2.7,2.7,2.7,2.7,2.7,2.7,2.7,2.7,2.7,2.7,2.7,2.7,2.7,2.7,2.7,2.7,2.7,2.7,2.8,2.8,2.8,2.8,2.8,2.8,2.8,2.8,2.9,2.9,2.9,2.9,2.9691740189811298,3.0,3.0436777716743393,3.1818099114968335,3.2,3.2,3.2,3.2,3.2,3.4,3.4,3.5,3.5,3.5,3.5,3.5,3.5,3.5,3.7,3.7,3.7,3.7,3.7,3.7,3.7,3.7,3.7,3.7,3.7,3.7,3.7,3.7,3.7,3.7,3.7,3.889518608039907,4.1,4.1,4.1,4.1,4.107133298446677,4.3,4.3,4.499273738951649,4.5,4.5,4.5,4.571362657173824,4.9,5.133618648868259,5.7
0.2,0.22212711704391416,0.3,0.3,0.3,0.4,0.4,0.4,0.4,0.5,0.5,0.5,0.5,0.5,0.5,0.5,0.5,0.5,0.6,0.6,0.6,0.6,0.6,0.7,0.7,0.7,0.7,0.7,0.7494582816066526,0.8,0.8,0.8,0.8,0.8,0.8,0.8,0.8,0.8,0.9,0.9,0.9,0.9,0.9,0.9,0.9,0.9,0.9,0.9,0.9,0.9,0.9,0.9,0.9,0.9,0.9732987958385678,1.0,1.0,1.0,1.0,1.0,1.0,1.0,1.0,1.0,1.0,1.0,1.0,1.0,1.1,1.1,1.1,1.1,1.1,1.1,1.1,1.1,1.1,1.1,1.1,1.1,1.1,1.1,1.1,1.2,1.2,1.2,1.2,1.2,1.2,1.2,1.2,1.2280109262911054,1.3,1.3,1.3,1.3,1.3,1.3,1.3,1.3,1.3,1.3,1.3,1.3,1.3,1.3,1.3,1.3,1.3,1.3,1.3,1.3,1.3,1.4,1.4,1.4,1.4,1.4,1.4,1.4,1.4,1.4,1.4,1.4,1.4,1.4,1.4,1.4,1.4,1.4,1.4,1.4,1.4,1.4,1.4,1.4,1.4,1.4,1.4,1.4,1.4,1.4,1.4,1.4,1.4,1.4,1.4,1.4,1.4,1.4,1.4,1.4,1.4,1.4,1.4,1.4,1.4,1.5,1.5,1.5,1.5,1.5,1.5,1.5,1.5,1.5,1.5,1.5,1.5,1.5,1.5,1.6,1.7,1.7,1.7,1.7,1.7,1.7,1.7,1.8,1.8,1.8,1.8,1.8,1.8,1.8,1.8,1.9479444411106839,2.0,2.0,2.0,2.0,2.0,2.0996368694758245,2.5,2.7,2.7,2.7,3.0290289721216936,3.3557457659121726,3.7
1.2989093300947494,1.5,1.5,1.528637342826178,1.6,1.6797923922871658,1.7,1.7,1.8,1.8,1.8,1.8,1.8,1.9,1.9,1.9,1.9,1.9,2.0,2.0,2.0,2.0,2.096656111381731,2.1,2.1,2.1,2.2,2.2,2.2,2.2,2.2,2.2,2.259693109019841,2.3,2.3,2.3,2.3,2.3,2.3,2.3,2.3,2.3,2.317922626012691,2.4,2.4,2.4,2.4,2.4,2.4,2.4,2.4,2.4,2.5,2.5,2.5,2.5,2.5415378870321605,2.6,2.6,2.6,2.67263956962276,2.7,2.7,2.7,2.7,2.7,2.7,2.7,2.7,2.7,2.774106826669302,2.8,2.8,2.8,2.8,2.8,2.8,2.8,2.8,2.8,2.8,2.8,2.8,2.9,2.9,2.9,2.9,2.9,2.9,2.9,2.9,2.9,2.9,2.9,2.9,2.9,2.9,2.976311592408004,3.0,3.0,3.0,3.0,3.0,3.0,3.0,3.0,3.0,3.0,3.0,3.0,3.0,3.0,3.0,3.0,3.0,3.0,3.0,3.0,3.0,3.0,3.0,3.0,3.0,3.0,3.0,3.0,3.0,3.0,3.0,3.0,3.0258931733306893,3.1,3.1,3.1,3.1,3.1,3.1,3.1,3.1,3.1,3.1,3.1,3.1,3.1,3.1,3.1,3.1267012041614293,3.2,3.2,3.2,3.2,3.2,3.2,3.2,3.2,3.2599324600475086,3.3,3.3,3.3,3.3,3.3,3.3,3.3,3.3,3.3,3.3,3.3,3.3,3.3,3.4,3.4,3.4,3.5,3.5,3.6,3.6,3.6,3.6,3.6,3.6,3.6,3.6,3.6,3.6,3.6,3.6,3.7,3.7,3.8,3.8,3.8,3.8,3.8,3.9996368694758244,4.1,4.1,4.1,4.1,4.314514486060847,4.555745765912172,4.60981602914735
0.7994546650473747,1.2,1.2,1.3,1.3,1.4,1.4,1.5,1.5,1.5,1.5,1.5,1.5,1.5,1.5,1.5,1.5,1.5,1.5,1.5,1.5,1.5,1.5,1.5,1.5,1.579256605514607,1.6,1.6,1.6494582816066525,1.7,1.7,1.7,1.7,1.7,1.7,1.7,1.7,1.8,1.8,1.8,1.8,1.8,1.9,1.9,1.9,1.9,1.9,1.9,1.9563222283256663,2.0,2.0,2.0,2.0,2.0,2.073298795838568,2.1,2.1,2.1,2.1,2.1,2.1,2.1,2.1,2.1667073185757433,2.2,2.2,2.2,2.2,2.2,2.2,2.2,2.2,2.2,2.2,2.2,2.2,2.2,2.2,2.2,2.2,2.3,2.3,2.3,2.3,2.3,2.3,2.4,2.4,2.4,2.4,2.4,2.4,2.4,2.4,2.4,2.5,2.5,2.5,2.5,2.5,2.5,2.5,2.5,2.5,2.5,2.5,2.5,2.6,2.6,2.6,2.7,2.7,2.7,2.7,2.7,2.7,2.7,2.7,2.7,2.7263033519292548,2.8,2.8,2.8,2.8,2.8,2.8,2.8,2.8,2.8,2.8,2.9,2.9,2.9,2.9,2.9,2.9,2.9,2.9,2.9,2.9,2.9,2.9,2.9,2.925036691116378,3.0,3.0,3.0,3.0,3.0,3.0,3.0,3.0,3.0,3.0,3.0,3.0,3.0,3.0,3.0,3.0,3.0,3.0,3.0,3.0,3.0,3.0,3.0,3.0,3.0,3.0,3.0,3.0,3.05054171839335,3.1,3.1,3.1,3.1,3.1,3.1,3.1,3.1,3.2,3.2,3.3,3.3,3.3,3.3,3.3,3.3,3.3,3.3,3.3,3.3,3.4,3.6,3.6,3.6,3.7,3.8,3.9,4.6
0.2994546650473746,0.3,0.5,0.5,0.5,0.5,0.5,0.5,0.5,0.5,0.5,0.5,0.5,0.6,0.6,0.6,0.6,0.6,0.6,0.6,0.6,0.6,0.6,0.6,0.6,0.6,0.6,0.6,0.6,0.6,0.6,0.6,0.7,0.7,0.7,0.7,0.7,0.7,0.7,0.7,0.7,0.7,0.7,0.7,0.7,0.7,0.7,0.7,0.7,0.7,0.8,0.8,0.8,0.8,0.8,0.8,0.8,0.8,0.8,0.8,0.8,0.8,0.8,0.8,0.8,0.8,0.8,0.8,0.8,0.8,0.9,0.9,0.9,0.9,0.9,0.9,0.9,0.9,0.9,1.0,1.0,1.0,1.0,1.0256064984215272,1.1,1.1,1.1,1.1,1.1,1.1,1.1,1.1,1.1,1.1,1.1,1.1,1.1,1.1,1.1,1.1,1.1,1.1,1.1,1.2,1.2,1.2,1.2,1.2,1.2,1.2,1.2,1.2,1.2,1.2,1.2,1.2,1.2,1.2,1.2,1.2,1.2,1.2788841473321952,1.3,1.3,1.3,1.3,1.3,1.3,1.3,1.3,1.3,1.3,1.3,1.3,1.3,1.3,1.3,1.3,1.3,1.3,1.3,1.3,1.3,1.3,1.3,1.3,1.3,1.3,1.3,1.3,1.3,1.3,1.3,1.4,1.4,1.4,1.4,1.4,1.4,1.4,1.5,1.5,1.5,1.5,1.5,1.5,1.5,1.5,1.5,1.5,1.5,1.5,1.5,1.5,1.5,1.5,1.5,1.5,1.6,1.6,1.7,1.7,1.7,1.7,1.7,1.7,1.7,1.7,1.8,1.9,1.9,2.0,2.1,2.1,2.106829935472439,2.2,2.2,2.3,2.3,2.7,3.0
1.0972733252368732,1.3221271170439142,1.6854855139391491,1.7286373428261779,1.8,1.9,1.9931700645275616,2.1,2.2,2.2,2.2,2.2,2.2,2.3,2.332554993692302,2.5,2.5,2.6,2.6,2.6,2.7,2.7,2.7,2.8,2.8,2.8,2.8372862721435705,2.9,2.9,2.9,2.9,2.9,2.9,2.9,2.9584681227248213,3.0,3.0,3.0,3.0,3.0,3.1,3.1,3.1,3.1,3.1,3.1,3.1,3.1,3.1563222283256667,3.2,3.2,3.2,3.2,3.2,3.2,3.2,3.2,3.2,3.2,3.2,3.3,3.3,3.3,3.3,3.3,3.3,3.3,3.3,3.3,3.3,3.3,3.3,3.3,3.3,3.3,3.3,3.3,3.3,3.3,3.3,3.3,3.3,3.3,3.3,3.3,3.3,3.302376319138855,3.4,3.4,3.4,3.4,3.5,3.5,3.5,3.5,3.5,3.5,3.5,3.5,3.5,3.5,3.5,3.5991113784562687,3.6,3.6,3.6,3.6,3.6,3.6,3.6,3.6,3.6,3.6,3.6,3.6,3.6,3.6,3.6,3.6,3.6,3.6,3.6,3.6,3.6,3.6,3.6,3.6,3.6,3.6,3.6,3.6,3.6,3.6,3.6,3.6,3.6,3.7,3.7,3.7,3.7956215100637163,3.8,3.8,3.8,3.8,3.8,3.8,3.8,3.8,3.8968948881851646,4.0,4.1,4.1,4.143677771674339,4.2,4.2,4.2,4.2,4.2,4.2,4.2,4.2,4.210726690124398,4.3,4.300446139750591,4.4,4.4,4.4,4.4904241395586215,4.5,4.5,4.6,4.696291420219933,4.7,4.7,4.7,4.7,4.7,4.7,4.7,4.7,4.7,4.7,4.7,4.7,4.8,4.8,4.8,4.847944441110684,4.9,4.9,4.9,4.9,4.9,4.9,5.0,5.240415215425673,5.605304332059285,6.1,6.129028972121693,6.711491531824345,7.000545334952631
0.6,1.1,1.1854855139391491,1.4,1.4,1.5,1.5,1.6,1.7,1.7,1.7,1.8,1.8,1.8,1.8,1.9,1.9,1.9593119177487657,2.0,2.0,2.0671097311820503,2.1,2.1,2.1,2.2,2.2,2.2,2.294001543934421,2.3,2.3037085797800696,2.4,2.4,2.4,2.5,2.5,2.5,2.5,2.5,2.5,2.5,2.5,2.5,2.5,2.5,2.6,2.6,2.6,2.6,2.6,2.6,2.6,2.6,2.6,2.6384542728600624,2.7,2.7,2.7,2.7,2.7,2.7,2.7,2.8,2.8,2.866707318575743,2.9,2.9,2.9,2.9,2.9,2.9,2.9,2.9,2.9,2.9,2.9,2.9,2.9,2.9,2.9945500644173846,3.0,3.0,3.0,3.0,3.0,3.0,3.0,3.0,3.1,3.1,3.1,3.1,3.1,3.1,3.1,3.2,3.2,3.2,3.2,3.2,3.2,3.2,3.2,3.2,3.2,3.2,3.2,3.2,3.2,3.2,3.2,3.2,3.2,3.2,3.2,3.2,3.2,3.2,3.2,3.2,3.2,3.2,3.2,3.2,3.2,3.2,3.2,3.3,3.3,3.3,3.3,3.3,3.3,3.3,3.3,3.3,3.3,3.3,3.3,3.3,3.3,3.3,3.4,3.4,3.4,3.4584621129678395,3.5,3.5,3.5,3.5,3.5,3.5,3.5,3.5,3.5,3.5,3.5,3.5,3.5,3.5,3.5,3.5,3.5,3.5551727712629773,3.6,3.6,3.6,3.6,3.6,3.6,3.6,3.6,3.6,3.6,3.6,3.6,3.6,3.6,3.6,3.6,3.6,3.7,3.7,3.7,3.7406880822512334,3.8,3.8,3.8,3.8,3.8,3.817525236657525,4.0,4.000390718565365,4.2,4.2,4.406829935472439,4.5,4.541060866411857,4.7,4.9,5.1,6.1
0.6,0.9,1.1854855139391491,1.328637342826178,1.4,1.5,1.5,1.500363130524173,1.6,1.6996092814346326,1.7,1.7,1.7,1.7,1.8,1.8,1.8,1.8,1.8,1.8,1.9,1.9,1.9,1.9,1.9198524657127762,2.0,2.1,2.1,2.1,2.2,2.2,2.2,2.2,2.3,2.3,2.30640601215474,2.4,2.4,2.4,2.5,2.5,2.5,2.5,2.5,2.5,2.5,2.5,2.5,2.6,2.6,2.6,2.6,2.6,2.6,2.6,2.6,2.6,2.6,2.6,2.6,2.6,2.7,2.7,2.7,2.7,2.7,2.7,2.7,2.7,2.7454068260374243,2.8,2.8,2.8,2.8,2.8,2.9,2.9,2.9,2.9,2.9,2.9,2.9,2.9,2.9,2.9,2.9,2.9,2.9277108492161203,3.0,3.0,3.0,3.0,3.0,3.0,3.0023925098791606,3.1,3.1,3.1,3.1,3.1,3.1,3.2,3.2,3.2,3.2,3.2,3.2,3.2,3.2,3.2,3.2,3.2,3.2,3.2,3.2,3.2,3.2,3.2,3.2,3.2,3.2,3.2,3.2054499355826125,3.3,3.3,3.3,3.3,3.3,3.3,3.3,3.3,3.3,3.3,3.3,3.3,3.3,3.3,3.3,3.3,3.3,3.3,3.3,3.3,3.3,3.4,3.4,3.4,3.4,3.5,3.5,3.5,3.5,3.5,3.5,3.5,3.5,3.5,3.5,3.5,3.5,3.5,3.5,3.5,3.5,3.5,3.6,3.6,3.6,3.6,3.6,3.6,3.6,3.6,3.6,3.6,3.6,3.6,3.6,3.7,3.7,3.7,3.8,3.8,3.8,3.8,3.8,3.8,4.0,4.03122403873545,4.1,4.2,4.200390718565365,4.4,4.699273738951649,4.706829935472439,4.9,4.982121732823714,5.2,6.1,6.645110180692603,7.10927069419472
0.5,0.7,0.7,0.8,0.8,0.8,0.8,0.8,0.8,0.8,0.8928667015533229,0.9,0.9,0.9,0.9,0.9,0.9,0.9,1.0,1.0,1.0,1.0,1.0,1.0,1.0,1.0,1.0,1.0,1.1,1.1,1.1,1.1,1.2,1.2,1.2,1.2,1.2,1.2,1.2,1.2,1.2,1.2,1.2,1.2,1.2,1.2400675399524985,1.3,1.3,1.3,1.3,1.3,1.3,1.3,1.3,1.3,1.3,1.3,1.3,1.3,1.3,1.3,1.3,1.3,1.3,1.3,1.3,1.3,1.3,1.3,1.3,1.3,1.4,1.4,1.4,1.4,1.4,1.4,1.4,1.4,1.4,1.4,1.4,1.5,1.5,1.5,1.5,1.5,1.5,1.5,1.5,1.5,1.5,1.5,1.5,1.5,1.5,1.5,1.5,1.5,1.5,1.5,1.5,1.5,1.5,1.5,1.5,1.5,1.5,1.5,1.5,1.5,1.5,1.5,1.5,1.5,1.5,1.5,1.57439350157847,1.6,1.6,1.6,1.6,1.6,1.6,1.6,1.6,1.6,1.6,1.6693198771606093,1.7,1.7,1.7,1.7,1.7,1.7,1.7,1.7,1.7,1.7,1.7,1.7,1.7,1.7,1.7,1.7,1.7,1.7267012041614294,1.8,1.8,1.8,1.8,1.8,1.8,1.8,1.8,1.8,1.8,1.8,1.882077373987306,1.9,1.9,1.9,1.9,1.9,1.9,1.9,1.9415318772751788,2.0,2.0,2.0,2.0,2.0,2.0,2.0,2.0,2.0207433944853905,2.1,2.1,2.1,2.1,2.1,2.1,2.1,2.1,2.2,2.2,2.2,2.2,2.3,2.3,2.4,2.4,2.5,2.5,2.6,2.6,2.641060866411857,2.7713626571738246,2.8435434581825403,3.4,3.501636004857892
0.1,0.1,0.1,0.2,0.2,0.2,0.2,0.2,0.2,0.2,0.2,0.2,0.2,0.2,0.2,0.2,0.2,0.2,0.2,0.2,0.2,0.2,0.2,0.2,0.2,0.2,0.2,0.2,0.2,0.2,0.2,0.2,0.2,0.2,0.2,0.2,0.2,0.2,0.2,0.2,0.2,0.2,0.2,0.2,0.2,0.2,0.2,0.2,0.2,0.2,0.2,0.2,0.2,0.2,0.2,0.2,0.2,0.2,0.2,0.2,0.2,0.2,0.2,0.2,0.2,0.2,0.2,0.2,0.2,0.2,0.2,0.2,0.2,0.2,0.2,0.2,0.2,0.2,0.2,0.2,0.2,0.2,0.2,0.2,0.2,0.2,0.2,0.2,0.2,0.2,0.2,0.2,0.25287056924214824,0.3,0.3,0.3,0.3,0.3,0.3,0.3,0.3,0.3,0.3,0.3,0.3,0.3,0.3,0.3,0.3,0.3,0.3,0.3,0.3,0.3,0.3,0.3,0.3,0.3,0.3,0.3,0.3,0.3,0.3,0.3,0.3,0.3,0.3,0.3,0.3,0.3,0.3,0.35459317396258144,0.4,0.4,0.4,0.4,0.4,0.4,0.4,0.4,0.4,0.4,0.4,0.4,0.4,0.4,0.4,0.4,0.4,0.4,0.46917401898112987,0.5,0.5,0.5,0.5,0.5,0.5,0.5,0.5,0.5,0.5,0.5,0.5,0.5,0.5,0.5,0.5,0.5,0.5,0.5,0.5,0.5962914202199329,0.6,0.6,0.6,0.6,0.6,0.6,0.6,0.6,0.6,0.6002582456110189,0.7,0.7,0.7,0.7,0.7,0.7,0.7312240387354506,0.8,0.8,0.8,0.8977167337233993,0.9,0.9,1.0,1.0,1.2,1.3,1.5,1.501090669905261
0.6,1.1,1.1,1.1,1.1,1.1797923922871658,1.2,1.3,1.3,1.3,1.3928667015533227,1.4824747633424777,1.6,1.6,1.6,1.6,1.6,1.6,1.6,1.6,1.6,1.6,1.6,1.6,1.6,1.6,1.7,1.7,1.7,1.7,1.7,1.8,1.8,1.8,1.8,1.8,1.8,1.9,1.9,1.9,1.9,2.0,2.0,2.0,2.0,2.0,2.0,2.1,2.1,2.1,2.1,2.1,2.1,2.2,2.2,2.2,2.2,2.2,2.2,2.2,2.2,2.3,2.3,2.3,2.3,2.3275897391896874,2.4,2.4,2.4,2.4,2.4,2.5,2.5,2.5,2.5,2.5,2.5,2.5,2.5,2.5,2.5,2.5,2.5,2.5,2.55133322763466,2.6,2.6,2.6,2.6,2.6,2.7,2.7,2.7,2.777661541373567,2.8,2.8,2.8,2.8,2.8,2.8,2.8,2.8,2.8,2.8,2.8,2.8,2.8,2.822338458626433,2.9,2.9,3.096926093147823,3.1,3.1,3.1,3.1,3.1,3.1,3.1,3.1,3.126303351929255,3.2,3.2,3.2,3.232212223747814,3.3,3.3,3.313777036454178,3.4,3.4,3.4,3.4,3.4545931739625813,3.5,3.5,3.5,3.5,3.5,3.5,3.5,3.5,3.5,3.5,3.5,3.525036691116378,3.6,3.6,3.6,3.6,3.6,3.6,3.6,3.606138765668953,3.7,3.7,3.7,3.8,3.8,3.8,3.8,3.8,3.9,4.0,4.0,4.1,4.1,4.1,4.1,4.1,4.1,4.1,4.2,4.2,4.25054171839335,4.3,4.3,4.420743394485391,4.5,4.5,4.5,4.5,4.5,4.6,4.6,4.6,4.6,4.6,4.667445006307696,4.9,5.1,5.2,5.2,5.2,5.2,5.7,5.7,5.7,5.7,5.7,6.6,6.6,7.0
0.5989093300947492,0.7,0.7,0.7,0.8,0.9,0.9931700645275615,1.000363130524173,1.1,1.1,1.1,1.1,1.1,1.1,1.1325549936923018,1.2,1.3,1.3,1.3,1.3,1.3,1.3,1.4,1.4,1.4198524657127762,1.5,1.5,1.5,1.5494582816066527,1.6,1.6,1.6,1.6,1.6,1.6,1.6,1.6,1.6,1.7,1.7,1.7,1.7,1.8,1.8,1.8,1.8,1.8,1.8,1.8563222283256664,1.9,1.9,1.9,1.9,1.9,1.9,2.0,2.0,2.0,2.0,2.0,2.0,2.1,2.1,2.1,2.1,2.1,2.1575196044106635,2.2,2.2,2.2,2.2,2.2,2.2,2.2,2.2,2.2136342526696895,2.3,2.3,2.3,2.3,2.3,2.3736966480707364,2.4,2.4,2.4,2.4769201272425163,2.5,2.5,2.5,2.5,2.5,2.5,2.5,2.5,2.5,2.6,2.6,2.6,2.6,2.6,2.6,2.6,2.6,2.7,2.7,2.7,2.7,2.7,2.7,2.7,2.7,2.7,2.8,2.8,2.8,2.8,2.8,2.8,2.8,2.9,2.9,2.9,3.0,3.0,3.0,3.0,3.013777036454178,3.1,3.1,3.1,3.1,3.1,3.183583476287288,3.2,3.2,3.2,3.3,3.3,3.3,3.3,3.4,3.4,3.4,3.5,3.5,3.5,3.5,3.5,3.5,3.5,3.5,3.5,3.5,3.5,3.5,3.5,3.5,3.6,3.6,3.6,3.6,3.6,3.6,3.6,3.6,3.7,3.7,3.7,3.7,3.8,3.8,3.996291420219933,4.1,4.1,4.1,4.1,4.1,4.1,4.1,4.1,4.2,4.2,4.269487052929304,4.4,4.4,4.5,4.5,4.5,4.5,4.6,4.6,4.6003907185653645,4.9,5.099636869475824,5.1068299354724385,5.2,5.2,5.2,5.7,5.7,6.602181339810522
0.4,0.5,0.5,0.6,0.6,0.6,0.6,0.7,0.7,0.7,0.7,0.7,0.7,0.7,0.7,0.7,0.7,0.8,0.8,0.8,0.8,0.9,0.9,0.9,0.9,0.9,0.9,0.9,0.9,0.9,0.9,0.9,0.9,0.9,0.9,0.9,0.9534237581140019,1.0,1.0,1.0,1.0,1.0,1.0,1.0,1.0000358757198555,1.1,1.1,1.1,1.1,1.1,1.1,1.1,1.1,1.1,1.1,1.1,1.1,1.1,1.1,1.1,1.1726395696227598,1.2,1.2,1.2,1.2,1.2,1.2,1.2,1.2,1.3,1.3,1.3,1.3,1.3,1.3,1.3,1.3,1.3,1.3,1.3,1.3,1.3,1.3,1.3,1.3513332276346603,1.4,1.4,1.4,1.4,1.4,1.4,1.4,1.4,1.4,1.4,1.4,1.4,1.4,1.5,1.5,1.5,1.5,1.5,1.5,1.5,1.5,1.5,1.5,1.5,1.5,1.5,1.5,1.5,1.5,1.5,1.5,1.5,1.5,1.5,1.5,1.5525051507703893,1.6,1.6,1.6,1.6,1.6,1.6,1.7,1.7,1.7,1.7,1.7,1.8,1.8,1.8,1.8,1.8,1.8,1.9,1.9,1.9,1.9,1.9,1.9,2.0,2.0,2.0,2.0,2.0,2.0,2.0,2.006138765668953,2.1,2.1,2.1,2.1,2.1,2.2,2.2,2.2,2.3,2.3,2.4,2.4,2.5,2.5,2.5,2.5,2.5,2.5,2.5,2.5,2.6505417183933506,2.7,2.7,2.7,2.7,2.7,2.7,2.7,2.7,2.7,2.7,2.7406880822512334,2.8,2.8,2.8,3.0,3.131224038735451,3.5,3.5,3.5,3.695433467446799,3.7,3.7,3.86062282313851,4.1,4.1,4.214514486060847,4.4778728829560865,4.6
0.5989093300947492,0.6,0.7,0.8,0.9,0.9797923922871657,1.0,1.1,1.2,1.2,1.2,1.2,1.2,1.2,1.3,1.3,1.3,1.4,1.4,1.4,1.4,1.4,1.4,1.5,1.5,1.5,1.5,1.5,1.5,1.5,1.5,1.5,1.5,1.5,1.5,1.5,1.5,1.5,1.5,1.5,1.6,1.6,1.6,1.6,1.6,1.6,1.6,1.6,1.6,1.6,1.6,1.7,1.7,1.7,1.7,1.7,1.7,1.7,1.7,1.7,1.7,1.7,1.7,1.7,1.8,1.8,1.8,1.8,1.8,1.8,1.8,1.8,1.8,1.8,1.8,1.8,1.8,1.8,1.8,1.8,1.9,1.9,1.9,1.9,1.9,1.9,1.9,1.9,1.9,1.9,1.9,1.9,1.9,1.9,1.9,1.9,1.9,1.9,1.9,1.9,1.9,1.9,1.9,1.9,1.9,1.9,1.9,1.9,1.9,1.9,1.9,2.0,2.0,2.0,2.0,2.0,2.0,2.0,2.0,2.0,2.0,2.0,2.0,2.0,2.0,2.0,2.0,2.0,2.0,2.0,2.0,2.0,2.0,2.0,2.0,2.0,2.0,2.0,2.0,2.0,2.1,2.1,2.1,2.1,2.1,2.1,2.1,2.1,2.1,2.2,2.2,2.2,2.2,2.2,2.2,2.2,2.2,2.2,2.2,2.2,2.2,2.2,2.2,2.2,2.2,2.2,2.2,2.2,2.2,2.2,2.243198843880208,2.3,2.3,2.3059984560655775,2.4,2.4,2.4,2.4,2.4,2.5,2.5,2.500258245611019,2.6,2.7,2.7139854899254376,2.8,2.8,2.8,2.9,2.9,3.0,3.0003907185653644,3.1,3.399273738951649,3.4,3.4,3.4,3.5,3.514514486060847,3.7,4.301090669905261
0.5989093300947492,0.6221271170439141,0.7,0.8,0.9,0.9,0.9,1.0,1.1,1.1996092814346326,1.2,1.2,1.2,1.2,1.3,1.3,1.3,1.3,1.3,1.3,1.3,1.4,1.4,1.4,1.4,1.4,1.4,1.4,1.5,1.5,1.5,1.5,1.5,1.5,1.5,1.5,1.5,1.5,1.5,1.6,1.6,1.6,1.6,1.6,1.6,1.6,1.6,1.7,1.7,1.7,1.7,1.7,1.7,1.7,1.7,1.7076547858228308,1.8,1.8,1.8,1.8,1.8,1.8,1.8,1.8,1.8,1.8,1.8,1.8,1.8,1.8,1.8,1.8,1.8,1.8,1.8,1.8,1.8,1.9,1.9,1.9,1.9,1.9,1.9,1.9,1.9,1.9,1.9,1.9,1.9,1.9,1.9,1.9,1.9,1.9,1.9,1.9,1.9,1.9,1.9,1.9,1.9,1.9,1.9,1.9,1.9,1.9,1.9,1.9,1.9,1.9,1.9,1.9,1.9,1.9,2.0,2.0,2.0,2.0,2.0,2.0,2.0,2.0,2.0,2.0,2.0,2.0,2.0,2.0,2.0,2.0,2.0,2.0,2.0,2.0,2.0,2.0,2.0,2.0,2.0,2.0,2.0,2.0,2.0,2.0,2.0,2.0,2.0,2.1,2.1,2.1,2.1,2.1,2.1,2.1818099114968335,2.2,2.2,2.2,2.2,2.2,2.2,2.2,2.2,2.2,2.2,2.2,2.2,2.2,2.2,2.2,2.2,2.2,2.2,2.2,2.2,2.2,2.3,2.3,2.4,2.4,2.4,2.4,2.4,2.4,2.4406880822512336,2.5,2.6,2.6,2.6479444411106843,2.8,2.8,2.8,2.9,3.1,3.1996368694758246,3.206829935472439,3.3202076077128364,3.4,3.4,3.4145144860608467,3.6778728829560863,4.5
0.19945466504737464,0.2,0.3,0.3,0.3,0.4,0.4931700645275615,0.5,0.5,0.5,0.5,0.5,0.5,0.5,0.5,0.5,0.5,0.5,0.5,0.5,0.5,0.5,0.5,0.5,0.5,0.5,0.6,0.6,0.6,0.6,0.6,0.6,0.6,0.6,0.6,0.6,0.6,0.6,0.6,0.6,0.6,0.6,0.6,0.6,0.6,0.6,0.6,0.6,0.6,0.6,0.7,0.7,0.7,0.7,0.7,0.7,0.7,0.7,0.7,0.7,0.7,0.7,0.7,0.7,0.7,0.7,0.7,0.7,0.7,0.7,0.7,0.7,0.7,0.7,0.7862229635458163,0.8,0.8,0.8,0.8,0.8,0.8,0.8,0.8,0.8,0.8,0.8,0.8,0.8,0.8,0.8,0.8,0.8,0.8,0.8,0.8,0.8,0.8,0.8,0.8,0.8,0.8,0.8,0.8,0.8,0.8,0.8,0.8,0.8,0.8,0.8,0.8,0.8,0.8,0.8,0.8,0.8,0.8,0.8,0.8,0.8,0.8,0.8,0.9,0.9,0.9,0.9,0.9,0.9,0.9,0.9,0.9,0.9,0.9,0.9,0.9,0.9,0.9,0.9,0.9,0.9,0.9273604303772345,1.0,1.0,1.0,1.0,1.0,1.0,1.0,1.0,1.0,1.0,1.0061387656689533,1.1,1.1,1.1,1.1,1.1,1.1,1.1,1.2,1.2,1.2,1.2,1.2,1.2,1.2,1.2415318772751789,1.3,1.3,1.3,1.3,1.3,1.3,1.3,1.4,1.4,1.4,1.4,1.4,1.4,1.4,1.4002582456110189,1.5,1.5,1.5,1.5,1.5,1.5,1.6,1.6,1.7,1.7,1.7,1.7,1.8,1.8,1.8,1.8,2.0,2.0,2.2021813398105223
0.6,0.7,0.7,0.828637342826178,1.0,1.1,1.1,1.2,1.2,1.2,1.3,1.3,1.3,1.3,1.4,1.5,1.5,1.5,1.5,1.5,1.6,1.6,1.6,1.6,1.6,1.6,1.637286272143571,1.7,1.7,1.7,1.7,1.8,1.8,1.8,1.8,1.8,1.8,1.8,1.8,1.8,1.8,1.8757947415640415,1.9,1.9,1.9000358757198554,2.0,2.1,2.1,2.1,2.1,2.1,2.1,2.1,2.1,2.1,2.2,2.2,2.2,2.2,2.2,2.2,2.2,2.2,2.2,2.2,2.3,2.3,2.3,2.3,2.3,2.3,2.4,2.4,2.4,2.4,2.4,2.4,2.4,2.4,2.5,2.5,2.5,2.5,2.5,2.5,2.5,2.5,2.6,2.6,2.6,2.6,2.6,2.6,2.6,2.6,2.6,2.6,2.676311592408004,2.7,2.7,2.7,2.7,2.7,2.7,2.7,2.7,2.7,2.7,2.7,2.7,2.7,2.7,2.7,2.7,2.7,2.7,2.7,2.7743935015784698,2.8,2.8,2.8,2.8,2.9,2.9,2.9,2.9,2.9,2.9,2.9,2.9,2.9,2.9,2.9,2.9,2.9,2.9,2.9026769483789847,3.0,3.0,3.0,3.0273604303772346,3.1,3.1,3.1,3.1,3.1923452141771635,3.2,3.2,3.2,3.3,3.3,3.3,3.3,3.3,3.3,3.3599324600475087,3.4,3.4,3.4820773739873063,3.5,3.5,3.6,3.6,3.6,3.6,3.7,3.7,3.7,3.7,3.7,3.743198843880208,3.8,3.8,3.8,3.8,3.9,3.9,4.0,4.1,4.1,4.2,4.300258245611019,4.4,4.4,4.413985489925437,4.5,4.6,4.6,4.7312240387354505,4.8,4.8,5.4,5.888583668616997,5.9,5.9,6.3,6.4,6.4,6.629028972121693,8.477872882956087,8.8
0.29890933009474924,0.6,0.6,0.6,0.6,0.6797923922871657,0.7,0.7,0.7,0.7,0.7,0.7,0.7,0.7520555588893195,0.8,0.8,0.8,0.9,0.9,0.9,0.9,0.9,0.9,0.9,0.9,0.9,0.9,0.9940015439344208,1.0,1.0,1.0,1.0,1.0,1.1,1.1,1.1,1.1,1.1,1.1,1.1,1.1,1.1,1.2,1.2,1.2,1.2,1.2,1.2,1.2,1.2,1.2,1.2,1.2,1.2,1.2,1.3,1.3,1.3,1.3,1.3,1.3,1.3,1.3,1.3,1.3,1.3,1.3,1.3,1.3,1.3,1.374106826669302,1.4,1.4,1.4,1.4862229635458164,1.5,1.5,1.5,1.5,1.5,1.5,1.5,1.5,1.5,1.5,1.5,1.5,1.5,1.5,1.5,1.5030739068521826,1.6,1.6,1.6,1.6,1.6,1.6,1.6,1.6,1.6,1.6,1.6,1.6,1.6,1.648291057822746,1.7,1.7,1.7,1.7,1.7,1.7,1.7,1.7,1.7,1.7,1.7230798727574836,1.8,1.8,1.8,1.8,1.8,1.8,1.8,1.8,1.8,1.8,1.8,1.8,1.8,1.8,1.9,1.9,1.9,1.9,1.9,1.9,2.0,2.0,2.0,2.0,2.1,2.1,2.1,2.1,2.1,2.1,2.1,2.1,2.1,2.1,2.1,2.2,2.2,2.2,2.2,2.2,2.2,2.2,2.2,2.2242052584359557,2.3,2.3,2.3,2.4,2.446576241885998,2.593593987845253,2.6,2.6,2.6,2.6,2.7,2.7,2.7,2.8,2.8,2.8,2.8,2.8,2.803343888618275,2.9,2.9,2.9,2.9,3.0,3.1,3.1895186080399074,3.3,3.3,3.5312240387354508,3.7175252366575253,3.8,3.900781437130729,4.490866934893598,4.599636869475824,4.8,4.8,5.9,5.9,6.314514486060847,6.6,8.5
0.19945466504737464,0.2,0.3,0.3,0.3,0.3,0.3,0.3,0.3,0.3,0.39286670155332293,0.4824747633424778,0.5,0.5,0.5,0.5,0.5,0.5,0.5,0.5,0.5,0.5,0.5,0.5,0.5,0.5792566055146068,0.6,0.6,0.6,0.6,0.6,0.6,0.6,0.6,0.6,0.6,0.6,0.6,0.6,0.6,0.6,0.6,0.6,0.6,0.6,0.6,0.6,0.6,0.6,0.6,0.6,0.6,0.6,0.6,0.6,0.6,0.6415378870321603,0.7,0.7,0.7,0.7,0.7,0.7,0.7,0.7,0.7,0.7,0.7,0.7,0.7,0.7,0.7,0.7,0.7,0.7,0.7,0.7,0.7,0.7,0.7,0.7,0.7,0.7,0.7,0.7,0.7,0.7,0.7,0.7,0.7,0.7,0.7,0.7,0.7,0.8,0.8,0.8,0.8,0.8,0.8,0.8,0.8,0.8,0.8236884075919989,0.9,0.9,0.9,0.9,0.9,0.9,0.9,0.9,0.94706730690055,1.0,1.0,1.0,1.0,1.0,1.0,1.0,1.0,1.0,1.0,1.0,1.0,1.1,1.1,1.1,1.1,1.1,1.1258931733306896,1.2,1.2,1.2,1.2,1.2,1.2,1.2,1.2,1.2,1.2,1.259500077641303,1.3,1.3,1.3,1.3,1.3,1.3,1.3,1.3,1.3,1.3,1.3,1.3,1.3,1.3,1.3,1.3,1.3,1.3,1.3,1.3107266901243975,1.4,1.4,1.4,1.5,1.5,1.5,1.5,1.5,1.6,1.6,1.6,1.6059984560655778,1.7,1.7,1.7,1.7,1.8,1.8,1.8328902688179483,1.9,1.969487052929304,2.1,2.2139854899254376,2.389518608039907,2.6674450063076964,2.7,2.9,2.9,2.9,3.2003907185653646,3.8,4.4,4.6068299354724385,4.8,5.9,5.9,6.314514486060847,6.6,8.40054533495263
1.0989093300947494,1.3,1.6,1.7286373428261779,1.8,1.8,1.9,1.9003631305241728,2.0,2.1,2.1,2.1,2.1,2.1,2.132554993692302,2.2,2.2,2.2,2.2,2.2,2.2,2.2,2.2,2.2,2.2,2.2,2.2,2.2,2.2,2.3,2.4,2.4,2.4,2.4,2.4,2.4,2.5,2.6,2.6,2.6,2.6,2.6,2.6,2.6,2.6000358757198554,2.7,2.7,2.7,2.7,2.7,2.7,2.767234718804218,2.8,2.8,2.8,2.8,2.8,2.8,2.9,2.9,2.9,2.9,2.9,2.9,2.9,2.9,3.0,3.0,3.0,3.0,3.1,3.1,3.1,3.1,3.1,3.1,3.1,3.1,3.2,3.2,3.2,3.2,3.2,3.2,3.2,3.2,3.2,3.2,3.2,3.3,3.3,3.3,3.3,3.3,3.3,3.3,3.3,3.3,3.3,3.3,3.3,3.3,3.3,3.3,3.3,3.3,3.3,3.3,3.3,3.3,3.3,3.3,3.34706730690055,3.4,3.4,3.4,3.4,3.4,3.4,3.4,3.4,3.4,3.4,3.432212223747814,3.5,3.5,3.5,3.5,3.5,3.5,3.6,3.6,3.6,3.6,3.6,3.6,3.6,3.6,3.6,3.6,3.6,3.6,3.6,3.6,3.7,3.7,3.8,3.8,3.8,3.8,3.8,3.8,3.8,3.8,3.8,3.8,3.8,3.9,3.9,4.024205258435956,4.1,4.1,4.155172771262977,4.2,4.2,4.2,4.2,4.290424139558621,4.340306890980156,4.4,4.4,4.4,4.4,4.4,4.4,4.420743394485391,4.5,4.6,4.6,4.6,4.632890268817948,4.7,4.7,4.7,4.7,4.8,4.8,4.8,4.9,4.9,5.0,5.0,5.0,5.0,5.213659870944878,5.4,6.182121732823713,6.3,6.4,6.4,6.808725359242089
0.7994546650473747,0.8221271170439142,0.9854855139391493,1.1,1.2,1.2,1.3,1.3,1.3,1.3996092814346326,1.4,1.4,1.4,1.4,1.5,1.5,1.5,1.5,1.5,1.5,1.5,1.5,1.5966561113817308,1.6,1.6,1.6,1.6,1.6,1.6494582816066525,1.7,1.7,1.7,1.7,1.7,1.7,1.7,1.7,1.8,1.8,1.8,1.8,1.8,1.8,1.8,1.8,1.8,1.8,1.8,1.8,1.8,1.9,1.9,1.9,1.9,1.9,2.0,2.0,2.0,2.0,2.0,2.0,2.0,2.0,2.0,2.0,2.0,2.1,2.1,2.1,2.1,2.1,2.1,2.1,2.1,2.1,2.2,2.2,2.2,2.2,2.2,2.2,2.2,2.2,2.2,2.2,2.2,2.2,2.2,2.2,2.2,2.3,2.3,2.3,2.3,2.3,2.3,2.3,2.3,2.3,2.3,2.4,2.4,2.4,2.4,2.4,2.4,2.4,2.4,2.4,2.4,2.5,2.5,2.5,2.5,2.5,2.5,2.5486667723653342,2.6,2.6,2.6,2.6,2.6,2.6,2.6,2.6,2.6,2.7,2.7,2.7,2.7,2.7,2.7,2.7,2.7,2.7,2.7,2.7,2.7,2.764269946863908,2.8,2.8,2.8,2.8,2.8,2.8,2.8,2.8,2.8,2.8,2.9,2.9,2.9,2.9,2.9,2.9,2.9,2.9,2.9,3.0,3.0,3.0,3.0,3.0,3.1,3.1,3.1,3.1,3.1,3.1,3.2,3.2,3.2,3.2,3.2,3.2,3.2207433944853903,3.3,3.3,3.3,3.3,3.3,3.3,3.4,3.4406880822512336,3.5,3.5,3.5,3.6,3.6,3.6,3.6,3.6,3.7,3.7996368694758242,3.8,3.8,3.8,3.8713626571738247,4.014514486060847,4.555745765912172,4.801636004857891
0.2,0.2,0.2,0.3,0.3,0.3,0.3,0.3,0.3,0.4,0.4,0.4,0.4,0.4,0.4325549936923018,0.5,0.5,0.5,0.5,0.5,0.5671097311820503,0.6,0.6,0.6,0.6,0.6,0.6,0.6,0.6,0.6,0.6,0.6,0.6,0.6,0.6,0.6,0.6,0.6,0.6,0.6,0.6,0.6,0.6,0.6,0.6,0.6,0.6,0.6,0.6,0.6,0.6308259810188758,0.7,0.7,0.7,0.7,0.7,0.7,0.7,0.7,0.7404999223586856,0.8,0.8,0.8,0.8,0.8,0.8,0.8,0.8,0.8,0.8,0.8,0.8,0.8,0.8,0.8,0.8,0.8,0.8,0.8,0.8,0.8,0.9,0.9,0.9,0.9,0.9,0.9,0.9,0.9,0.9,0.9,0.9280109262911055,1.0,1.0,1.0,1.0,1.0,1.0,1.0,1.0,1.0,1.0,1.0,1.0,1.0,1.0,1.0,1.1,1.1,1.1,1.1,1.1,1.1,1.1,1.1,1.1230798727574836,1.2,1.2,1.2,1.2,1.2,1.2,1.2,1.2,1.2,1.2,1.2,1.2,1.2,1.2,1.2,1.2,1.2,1.2,1.2,1.2,1.2,1.2,1.2,1.2,1.2,1.2,1.2,1.2,1.2,1.2,1.2,1.3,1.3,1.3,1.3,1.3,1.3,1.3,1.3,1.3,1.3,1.3,1.3,1.3,1.3,1.3,1.3,1.3,1.3,1.3,1.3,1.3,1.3,1.3,1.3,1.3,1.4,1.4,1.4,1.4,1.4,1.4,1.4,1.4,1.4,1.5,1.5,1.5,1.5,1.5,1.5,1.595888882221368,1.7,1.7,1.7,1.8,1.8,1.8,1.8068299354724389,1.9,2.0,2.1,2.2,2.277872882956086,2.7
0.8994546650473747,1.2,1.3,1.3,1.3,1.4,1.4,1.4,1.4,1.4,1.5,1.5,1.5,1.6,1.6,1.6104813919600964,1.7,1.7,1.7,1.7,1.8,1.8,1.8,1.8,1.8,1.8,1.8,1.8,1.8,1.9,1.9,1.9,1.9,1.9,1.9,1.9,1.953423758114002,2.0,2.0,2.0,2.0,2.0,2.0,2.0,2.1,2.1,2.1,2.1,2.1,2.1,2.1,2.1,2.1,2.1,2.1,2.2,2.2,2.2,2.2,2.2,2.2,2.2,2.2,2.3,2.3,2.3,2.3,2.3,2.3,2.3,2.3,2.3025276233258665,2.4,2.4,2.4,2.4,2.4,2.4,2.4,2.4,2.4,2.4,2.4997307358156036,2.5,2.5,2.5,2.5,2.5,2.5,2.5,2.6,2.6,2.6,2.6,2.6,2.6,2.6,2.6,2.6,2.6,2.6,2.6,2.6,2.6,2.6,2.7,2.7,2.7,2.7,2.7,2.7,2.7,2.7,2.7,2.7,2.7,2.7,2.7,2.7,2.7,2.7,2.8,2.8,2.8,2.8,2.8,2.8,2.8,2.8,2.8,2.8,2.8,2.8,2.9,2.9,2.9,2.9,2.9,2.9,2.9,2.9,2.959500077641303,3.0,3.0,3.0,3.0,3.0,3.0,3.0,3.0,3.1,3.1,3.1,3.1,3.1,3.1,3.1,3.1,3.1,3.1,3.1,3.1107266901243977,3.2,3.2,3.2,3.2,3.2,3.2,3.2,3.3,3.3,3.3,3.3,3.3,3.3,3.4,3.4,3.4,3.5,3.5,3.5,3.5,3.5,3.6,3.6,3.6,3.7,3.7,3.7,3.8,3.8,3.8,3.8,4.098910608427474,4.2,4.320207607712836,4.4,4.8,4.814514486060847,5.0,5.402726674763153
0.7994546650473747,1.0221271170439141,1.1,1.128637342826178,1.2,1.3,1.3,1.3,1.4,1.4,1.4,1.5,1.5,1.5,1.5,1.5,1.5860145100745635,1.6,1.6,1.6,1.6,1.7,1.7,1.7,1.7,1.7,1.7,1.7,1.7,1.7,1.7,1.8,1.8,1.8,1.8,1.8,1.8,1.8,1.8,1.8,1.8329201988926882,1.9,1.9,1.9,1.9,1.9,1.9,1.9,1.9,1.9938612343310382,2.0,2.0,2.0,2.0,2.0,2.0,2.0,2.0,2.0,2.0,2.0,2.0,2.1,2.1,2.1,2.1,2.1,2.1,2.1,2.2,2.2,2.2,2.2,2.2,2.2,2.2,2.240819158515501,2.3,2.3,2.3,2.3,2.3,2.3,2.3,2.3,2.4,2.4,2.4,2.4,2.4,2.4,2.4,2.4,2.5,2.5,2.5,2.5,2.5,2.5,2.5,2.5,2.5,2.5,2.6,2.6,2.6,2.6,2.6,2.6,2.6,2.6,2.6,2.6,2.6,2.6,2.7,2.7,2.7,2.7,2.7,2.7,2.7,2.7,2.7,2.7,2.7,2.7,2.7,2.769319877160609,2.8,2.8,2.8,2.8,2.8,2.8,2.8,2.8,2.8,2.9,2.9,2.9,2.9,2.9,2.9,2.9,2.9,2.9,2.9,2.9,2.9,2.9691740189811298,3.0,3.0,3.0,3.0,3.0,3.0,3.0,3.1,3.1,3.1,3.1,3.1,3.100446139750591,3.2,3.2,3.2,3.2,3.2,3.29121831144011,3.3,3.3,3.3,3.3,3.3,3.3,3.3,3.4,3.4,3.4,3.4,3.5,3.5,3.5,3.5139854899254375,3.6,3.6,3.6,3.7,3.7,3.8,3.8,3.8,3.8,3.8,4.1,4.341060866411857,4.7,4.9725724303042345,5.4,5.9
0.1,0.1,0.1,0.1,0.2,0.2,0.2,0.2,0.2,0.2,0.2,0.2,0.2,0.2,0.2,0.2,0.2,0.2,0.2,0.2,0.2,0.2,0.2,0.2,0.2,0.2,0.2,0.2,0.2,0.2,0.2,0.2,0.2,0.2,0.2,0.2,0.2,0.2,0.2,0.2,0.2,0.2,0.2,0.2,0.2,0.2,0.2,0.2,0.2,0.2,0.2,0.2,0.2,0.2,0.2,0.2,0.2,0.2,0.2,0.2,0.2,0.2,0.2,0.2,0.2,0.2,0.2,0.2,0.2,0.2,0.2,0.2,0.2,0.2,0.2,0.2,0.2,0.2,0.2,0.2,0.2,0.2,0.2,0.2,0.2,0.2,0.2,0.2,0.2,0.2,0.2,0.2,0.2,0.2,0.2,0.2,0.2,0.2,0.2,0.2,0.2,0.2,0.2,0.3,0.3,0.3,0.3,0.3,0.3,0.3,0.3,0.3,0.3,0.3,0.3,0.3,0.3,0.3,0.3,0.3,0.3,0.3,0.3,0.3,0.3,0.3,0.3,0.3,0.3,0.3,0.3,0.3,0.3,0.3,0.3424803955893424,0.4,0.4,0.4,0.4,0.4,0.4,0.4,0.4,0.4,0.4,0.4,0.4,0.4,0.4,0.4,0.5,0.5,0.5,0.5,0.5,0.5,0.5,0.5,0.5,0.5,0.5,0.5,0.5,0.6,0.6,0.6,0.6,0.6,0.6,0.6,0.6,0.6,0.6,0.7,0.7,0.7,0.7,0.7,0.7,0.7672825715857358,0.8,0.8,0.8,0.8,0.8,0.8,0.867445006307696,1.0,1.0,1.0,1.0,1.0,1.0,1.1,1.2,1.2,1.241060866411857,1.3,1.3145144860608469,1.477872882956086,1.501090669905261
1.1,1.5663813511317426,1.8,1.828637342826178,2.0,2.0797923922871657,2.193170064527562,2.2,2.2,2.2,2.2,2.2,2.2,2.3,2.3,2.4,2.5,2.6,2.6,2.699741754388987,2.7,2.7,2.7,2.7,2.7,2.8,2.8,2.8,2.8,2.8037085797800696,2.9,2.9,2.9,2.9,2.9,2.9,2.9,2.9,2.9,2.9,2.9329201988926883,3.0,3.0,3.0,3.0,3.0,3.0,3.0,3.0563222283256666,3.1,3.1,3.1,3.1,3.1,3.1,3.1,3.1,3.1,3.1,3.1,3.1,3.2,3.2,3.2,3.2,3.2,3.2,3.2,3.216416523712721,3.3,3.3,3.3,3.3,3.3,3.3,3.3,3.3,3.3,3.3,3.3,3.3,3.4,3.4,3.4,3.4,3.4,3.5,3.5,3.5,3.5,3.5,3.5280109262911052,3.6,3.6,3.6,3.6,3.6,3.6,3.6,3.7,3.7,3.7,3.7,3.7,3.7,3.7,3.7,3.8,3.8,3.8,3.8,3.8,3.8,3.8,3.8,3.8,3.9,3.9,4.0,4.0,4.052505150770389,4.1,4.1,4.1,4.1,4.1,4.1,4.1,4.1,4.1,4.1,4.1,4.1,4.1,4.1,4.1,4.1,4.1,4.2,4.2,4.2,4.259500077641303,4.392054149709748,4.4,4.4,4.4,4.4,4.4,4.4,4.4,4.4,4.5,4.5,4.6,4.6,4.6,4.6,4.6,4.6,4.6,4.6,4.6,4.6,4.6,4.6,4.6,4.6,4.6,4.7,4.7,4.7,4.7,4.7,4.7,4.7,4.7,4.7,4.7,4.7,4.8,4.8,4.8,4.8,4.8,4.8,4.8,4.8,4.8,4.8,4.8,4.8,4.9,4.997716733723399,5.4,5.4,5.4,5.4,5.6140879715214735,6.4,6.4,6.611997368957873
0.5,0.8,0.9854855139391493,1.128637342826178,1.2,1.2,1.2,1.2,1.3,1.3,1.3,1.3,1.3687759612645443,1.4,1.4325549936923017,1.5,1.5,1.5,1.5,1.5,1.5,1.5,1.5,1.5,1.5,1.5,1.5,1.5,1.5,1.5,1.5,1.5,1.5,1.5,1.5,1.5,1.5,1.6,1.6,1.6,1.6329201988926882,1.7,1.7,1.7,1.7,1.7,1.7,1.7,1.7,1.7,1.8,1.8,1.8,1.8384542728600621,1.9,1.9,1.9,1.9,1.9,1.9,1.9,1.9,1.9,2.0,2.0,2.0,2.0,2.0,2.0,2.0,2.074106826669302,2.1,2.1,2.1,2.1,2.1,2.1,2.1,2.1,2.1,2.2,2.2,2.2,2.2,2.2,2.2,2.2,2.2,2.2,2.2,2.2,2.2,2.2,2.2,2.202392509879161,2.3,2.3,2.3,2.3008886215437285,2.4,2.4,2.4,2.4,2.4,2.4,2.4,2.4,2.5,2.5,2.5,2.5,2.5,2.5,2.5,2.5,2.6,2.6,2.6,2.6,2.626303351929255,2.7,2.7,2.7,2.7,2.7,2.7,2.7,2.7,2.7,2.7,2.7,2.7,2.7835834762872875,2.8,2.8,2.8,2.8,2.8,2.8,2.8,2.8,2.8,2.8,2.8,2.8,2.8,2.9,2.9,2.9,2.9,2.9,2.9,2.9,2.9,2.9,2.9599324600475088,3.0,3.0,3.0,3.0,3.0,3.0,3.0,3.0,3.0,3.0,3.0,3.0,3.0,3.0,3.0,3.0,3.0,3.0,3.0,3.0,3.0,3.0409909701809736,3.1,3.167282571585736,3.2,3.2,3.2,3.3,3.3,3.3,3.3,3.3,3.3,3.33505047331505,3.6,3.6,3.6,3.6996368694758246,3.7,3.7202076077128368,3.8,3.9,4.1,4.377872882956086,4.504908014573675
0.2994546650473746,0.3,0.5,0.5,0.5,0.5,0.5,0.5,0.5,0.5996092814346327,0.6,0.6,0.6,0.6,0.6,0.6,0.6,0.6,0.6,0.6,0.6,0.6,0.6,0.6,0.6,0.6,0.6,0.6,0.6,0.6,0.6,0.6,0.6,0.6,0.6,0.7,0.7,0.7,0.7,0.7,0.7,0.7,0.7,0.7,0.7,0.7,0.7,0.7,0.7,0.7,0.7,0.7,0.7,0.7,0.7,0.7,0.8,0.8,0.8,0.8,0.8,0.8,0.8,0.8,0.8,0.8,0.8,0.8871246204709536,0.9,0.9,0.9,0.9,0.9,0.9,0.9,0.9,0.9,0.9,0.9,0.9,0.9,0.9,0.9,0.9256064984215272,1.0,1.0,1.0,1.0277108492161204,1.1,1.1,1.1,1.1,1.1,1.2,1.2,1.2,1.2,1.2,1.2,1.2,1.2,1.2,1.2,1.2,1.2,1.2,1.2,1.2,1.2,1.2,1.2,1.2,1.3,1.3,1.3,1.3,1.3,1.3,1.3,1.3,1.3,1.3,1.3,1.3,1.3,1.3,1.3,1.3,1.3,1.3,1.3,1.3,1.3,1.3,1.3,1.3,1.3,1.3,1.4,1.4,1.4,1.4,1.4,1.4,1.4584621129678397,1.5,1.5,1.5,1.5,1.5,1.5,1.5,1.5873555433486786,1.7,1.7,1.7,1.7,1.7,1.7,1.7,1.7,1.7,1.7,1.7,1.7,1.8,1.8,1.8,1.840306890980156,1.9,1.9,1.9,1.9,2.0,2.0,2.1,2.1,2.1,2.1,2.1,2.1,2.1002582456110193,2.2,2.2,2.2,2.2,2.267445006307696,2.3,2.3,2.3,2.3,2.3,2.4,2.6,2.7,2.7,2.7,2.9713626571738248,3.3290289721216935,3.6,4.413088038863134
0.6994546650473746,1.0,1.2709710278782986,1.528637342826178,1.6,1.6797923922871658,1.7,1.7,1.7,1.7,1.7,1.7,1.7687759612645444,1.8,1.8,1.8,1.8,1.8,1.8,1.8,1.8,1.9,1.9,1.9,1.9,1.9,1.9,1.9,1.9,1.9,1.9,1.9,1.9,1.9,1.9,1.9,1.9,1.9,2.0,2.0,2.0,2.0,2.0,2.0,2.0,2.0,2.0,2.0,2.0,2.0,2.0,2.0,2.0031051118148353,2.1,2.1,2.1,2.1,2.1,2.1,2.1,2.1,2.1043784899362863,2.2,2.2,2.2,2.2,2.2,2.2,2.2,2.2,2.2,2.2,2.2,2.2,2.2,2.2,2.2,2.3,2.3,2.3,2.3,2.3,2.3,2.4,2.4,2.4,2.4,2.4,2.4,2.4,2.5,2.5,2.5,2.5,2.5,2.5,2.5,2.5,2.5,2.5,2.5,2.5,2.5,2.5,2.5,2.5,2.5,2.5,2.5,2.5719890737088917,2.6,2.6,2.6,2.6,2.6,2.6,2.6,2.6,2.6,2.6,2.6,2.6,2.7,2.732212223747814,2.8,2.8,2.8,2.8,2.8,2.8,2.8,2.8,2.8,2.8,2.8,2.8,2.9,2.9,2.9,2.9,2.9,2.9,2.9920541497097473,3.0,3.0,3.0,3.0,3.061545727139935,3.1,3.1,3.1,3.1,3.1,3.1,3.1,3.1,3.1,3.1,3.1,3.1,3.1,3.1,3.2,3.2,3.2,3.2,3.2,3.2,3.3,3.3,3.3,3.3,3.3,3.4,3.4,3.4,3.4,3.4,3.4,3.4,3.5,3.5,3.5,3.5,3.5,3.5895186080399073,3.6,3.6,3.631224038735451,3.8,3.8,3.8,3.8,4.0,4.0,4.0,4.2,4.3,4.514514486060847,4.9,6.103817344668414
0.6994546650473746,0.9,0.9,1.0,1.0,1.1,1.1,1.3,1.3,1.4,1.4,1.5,1.5687759612645444,1.6,1.6,1.6,1.6,1.6593119177487659,1.7,1.7,1.7,1.7,1.7,1.7,1.7,1.7,1.7,1.7,1.7,1.7,1.7,1.7,1.7,1.7,1.7,1.8,1.8,1.8,1.8,1.8,1.8,1.8,1.8,1.8,1.8,1.9,1.9,1.9,1.9,1.9,1.9,1.9,1.9,1.9,1.9,1.9,1.9,1.9,1.9,1.9,1.9,1.9,1.9,1.9,1.9,1.9,1.9,1.9,1.9,1.9,1.9,2.0,2.0,2.0,2.0,2.0,2.0,2.0,2.0,2.0,2.0,2.0,2.0,2.1,2.1,2.1,2.1,2.1,2.1,2.1,2.2,2.2,2.2,2.2,2.2,2.2,2.2,2.2,2.2,2.2,2.2,2.2,2.2,2.2,2.2,2.2,2.2,2.2,2.2,2.2,2.2,2.3,2.3,2.3,2.3,2.3,2.3,2.4,2.4,2.4,2.4,2.5,2.5,2.5,2.5,2.5,2.5,2.5,2.5,2.5,2.5,2.5,2.5,2.5,2.6,2.6,2.6,2.6,2.6,2.6,2.6,2.6,2.6,2.6,2.6,2.6,2.7,2.7,2.8,2.8,2.8,2.8,2.8,2.8,2.8,2.8,2.8999641242801375,2.9,2.9,2.9,2.9,3.0,3.0,3.0,3.0,3.1,3.1,3.1,3.1,3.1,3.1,3.1,3.1,3.1,3.1,3.1,3.1801475342872325,3.2,3.2,3.3,3.3,3.3,3.3,3.4,3.4,3.4,3.4,3.4,3.5,3.5,3.5071332984466776,3.7,3.8,3.9992737389516493,4.0,4.0,4.0,4.0,4.214514486060847,4.833618648868259,4.910361364099981
0.2994546650473746,0.3,0.3,0.4,0.45893913358813826,0.5,0.5,0.5,0.5,0.5,0.5,0.5,0.5,0.5,0.5,0.5,0.5,0.5,0.6,0.6,0.6,0.6,0.6,0.6,0.6,0.6,0.6,0.6,0.6,0.6,0.6,0.6,0.659693109019841,0.7,0.7,0.7,0.7,0.7,0.7,0.7,0.8,0.8,0.8,0.8,0.8,0.8,0.8,0.8,0.8,0.8,0.8,0.8,0.8,0.8,0.8,0.8,0.8,0.8,0.8,0.8,0.8,0.8,0.8,0.8,0.8,0.8,0.8,0.8,0.8,0.8,0.8,0.8,0.8,0.8,0.8,0.8,0.8,0.8,0.8,0.8,0.8,0.8,0.8,0.8,0.8,0.8,0.8,0.8,0.8,0.9,0.9,0.9,0.9,0.9,0.9,0.9,0.9,0.9,0.9,1.0,1.0,1.0,1.0,1.0,1.0,1.0,1.0,1.0,1.0,1.0,1.0,1.0,1.0,1.0,1.0,1.0,1.048666772365334,1.1,1.1,1.1,1.1,1.1,1.1,1.1,1.1,1.1,1.1,1.1,1.1,1.1,1.1,1.1,1.1,1.2,1.2,1.2,1.2,1.2,1.2,1.2,1.2,1.2,1.2,1.2,1.2,1.2,1.2,1.2,1.3,1.3,1.3,1.3,1.3,1.3,1.3,1.3,1.3,1.3,1.3,1.3,1.3,1.3,1.3,1.3,1.3,1.3,1.3,1.3,1.340306890980156,1.4,1.4,1.4,1.4,1.4,1.4,1.4,1.4,1.4,1.4,1.4,1.4,1.4,1.5,1.5,1.5,1.5,1.7,1.7,1.7,1.7,1.7,1.7,1.7,1.8,1.8,1.9,1.9,2.0,2.2,2.377872882956086,2.6032720097157838
1.3,1.6,1.7,1.8,1.8589391335881382,1.9,1.9,1.9,1.9,1.9,1.9,1.9,1.9,1.9,1.9,1.9,1.9,1.9,1.9,1.9,1.9,2.0,2.0,2.0,2.0,2.0,2.0,2.1,2.1,2.1,2.1,2.2,2.2,2.2,2.2,2.20640601215474,2.3,2.4,2.4,2.5,2.5,2.5,2.5,2.6,2.6,2.6,2.6,2.6,2.6,2.6,2.6,2.6672347188042185,2.7,2.7,2.7,2.8,2.8,2.8,2.8,2.8,2.8,2.8,2.8,2.8,2.8,2.8,2.8,2.8,2.8,2.8,2.8,2.8,2.8,2.85857505126975,2.9,2.9,2.9,2.9,2.9,3.0,3.0,3.0,3.0,3.0,3.0,3.0,3.0,3.0,3.0,3.0,3.0,3.0,3.0,3.0,3.1,3.1,3.1,3.1,3.1,3.1,3.1,3.174551422189251,3.2,3.2,3.2,3.2729278915505744,3.3,3.3,3.3,3.3,3.4,3.4,3.4,3.4,3.4,3.4,3.4,3.4,3.4,3.4,3.4,3.4,3.4,3.4,3.4,3.4,3.413777036454178,3.5,3.5,3.5,3.5,3.5,3.5,3.5,3.5,3.5,3.5,3.5,3.5,3.5,3.5,3.5,3.5,3.5,3.5,3.5,3.5,3.5,3.5,3.5,3.5,3.5,3.5,3.5,3.5,3.5,3.5999641242801377,3.6,3.6,3.6,3.6,3.6,3.6,3.6,3.6,3.6,3.6,3.6,3.7403068909801562,3.8,3.8,3.8,3.8,3.8,3.8,3.8,3.8,3.8409909701809735,4.0,4.0,4.0,4.0,4.0,4.140688082251233,4.2,4.289518608039907,4.3,4.5,4.5,4.5,4.5,4.5,4.5,4.599636869475824,4.8,4.8,4.9,4.9,4.929028972121694,6.1,6.103817344668414
1.3934559805684956,1.6221271170439142,1.7854855139391492,1.828637342826178,1.9,1.9,1.9,1.9,1.9,1.9,1.9,1.9,1.9,1.9520555588893196,2.0,2.0,2.0,2.059311917748766,2.1,2.1,2.1,2.1,2.1,2.1,2.1,2.1,2.2,2.2,2.2,2.2,2.3,2.4,2.4,2.5,2.5,2.5,2.5,2.5,2.5,2.6,2.6,2.6,2.7,2.759328465857746,2.8,2.8,2.8,2.8,2.8,2.8,2.8,2.8,2.8,2.8,2.8,2.8,2.8,2.8,2.8,2.8,2.8,2.9,2.9,2.9,2.9,2.9,3.0,3.0,3.0,3.0,3.0,3.0,3.0,3.0,3.0,3.0,3.0,3.0,3.0,3.0,3.0,3.0,3.0,3.0,3.0,3.0,3.1,3.1,3.1,3.1,3.1,3.1280109262911053,3.2,3.2,3.2,3.227072108449437,3.3,3.376311592408004,3.4,3.4,3.4,3.4,3.4,3.4,3.4,3.4,3.4,3.4,3.4,3.4,3.4,3.4,3.4,3.4,3.4976236808611416,3.5,3.5,3.5,3.5,3.5,3.5,3.5,3.5,3.5,3.5,3.5,3.5,3.5,3.5,3.5,3.5,3.5,3.5,3.5,3.5,3.5,3.5,3.5,3.5,3.5,3.5,3.5,3.6,3.6,3.6,3.6,3.6,3.6,3.6,3.6,3.6,3.6,3.6,3.6,3.6,3.6,3.6,3.6,3.6820773739873065,3.7,3.7670798011073146,3.8,3.8,3.8,3.8,3.8,3.8,3.8,3.8,3.8,3.886397687760416,4.0,4.0,4.005998456065578,4.1,4.2,4.2,4.240990970180974,4.3,4.3,4.3,4.4002582456110195,4.5,4.5,4.5,4.5,4.5,4.5,4.5,4.8,4.8,4.8,4.8,4.8,4.9,4.9,4.9,4.9,5.1145144860608465,6.1,6.4021813398105225
0.8989093300947493,1.0,1.3,1.4,1.4,1.4797923922871656,1.6,1.6,1.6022832662765965,1.7,1.7,1.7,1.7,1.7,1.7,1.8,1.8,1.8,1.8,1.8,1.8,1.8,1.8,1.8,1.8,1.8,1.8,1.8,1.9,1.9,1.9,1.9,1.9,1.9,1.9,1.9,1.9,1.9,1.9,1.9,1.9,1.9,1.9,1.9,1.9,1.9,1.9,1.9,1.9,1.9,1.9,1.9,1.9031051118148354,2.0,2.0,2.0,2.0,2.0,2.0,2.0,2.0,2.0,2.0,2.0,2.1,2.1,2.1,2.1,2.2,2.2,2.2,2.2,2.2,2.2,2.2,2.2,2.2,2.2,2.2,2.2,2.2,2.2,2.2,2.2,2.2,2.2,2.2,2.2,2.2,2.2,2.2,2.3,2.3,2.3,2.3,2.4,2.4,2.4,2.4,2.4,2.5,2.5,2.5,2.5,2.5,2.6,2.6,2.6,2.6,2.6,2.6,2.6219492382639884,2.7,2.7,2.7976236808611414,2.8,2.8,2.8,2.8,2.8,2.8,2.8,2.9,2.9,2.9,2.9,2.9,2.9,2.9,2.9,2.9,2.9,2.9,2.9,2.9,2.9,2.9,2.9,2.9,2.9,3.0,3.0,3.0,3.0,3.0,3.0,3.0,3.0,3.096894888185165,3.1,3.1,3.1,3.1,3.1,3.1,3.1,3.1,3.1,3.1,3.1,3.167079801107315,3.2,3.255172771262977,3.3,3.346576241885998,3.4,3.4,3.4,3.4,3.4,3.4,3.4,3.4,3.4,3.4627137278564306,3.5,3.5,3.5,3.5,3.5,3.5,3.5,3.5,3.5406880822512337,3.6,3.6,3.6,3.6,3.631224038735451,3.8,4.0,4.0,4.0,4.0,4.0,4.0,4.2,4.271362657173825,4.5435434581825405,4.9,4.906544019431568
0.2,0.6,0.6,0.6,0.6,0.6,0.6,0.7,0.7,0.7,0.7,0.8,0.8,0.8,0.8,0.9,0.9860145100745633,1.0,1.0,1.0,1.0,1.1,1.1,1.1,1.1,1.1,1.1,1.1,1.1,1.1,1.1,1.1,1.1,1.1,1.2,1.2,1.2,1.2,1.2,1.2,1.2,1.2,1.3,1.3,1.3,1.3,1.3,1.3,1.3,1.3,1.3,1.3,1.4,1.4,1.4,1.4,1.4,1.4,1.5,1.5,1.5,1.5,1.5,1.6,1.6,1.6,1.7,1.7,1.7,1.7454068260374243,1.8,1.8,1.8,1.8,1.9,1.9,1.9,1.9677877762521887,2.0,2.0,2.0,2.0,2.0,2.0,2.0,2.0,2.0,2.0,2.0,2.0,2.0030739068521823,2.1,2.1,2.1,2.2,2.2,2.2,2.3,2.3,2.3,2.3,2.3,2.3,2.3,2.3,2.3,2.3,2.3,2.3471294307578545,2.4,2.4,2.4,2.4,2.4,2.4,2.4,2.4,2.4,2.4,2.4,2.4,2.4,2.4,2.4,2.4,2.4,2.4,2.4,2.4,2.4,2.4,2.4,2.4,2.4,2.4,2.4,2.4,2.4,2.4,2.4,2.4,2.4,2.4,2.4,2.4,2.4,2.4,2.4,2.4,2.4,2.4,2.4,2.4,2.4,2.5,2.5,2.5,2.5,2.5,2.5,2.5,2.5,2.5,2.5,2.5465762418859983,2.6,2.6,2.6,2.6,2.6,2.6,2.6,2.7,2.705998456065578,2.8,2.8,2.8,2.8,2.8,2.8,2.8,2.8,2.8,2.8,2.8,2.8,2.867445006307696,2.947944441110684,3.1,3.3,3.4,3.4003907185653643,3.5,3.5996368694758245,3.8,4.3,4.841060866411857,5.927714543259719,6.429028972121694,6.8,7.2065440194315675
0.2,0.6,0.6,0.6,0.6,0.6,0.7,0.7,0.7,0.7,0.7,0.7,0.7,0.7,0.8,0.8,0.8,0.8,0.8,0.8,0.8,0.8,0.8,0.8,0.8,0.8,0.9,0.9,0.9,1.0,1.0,1.0,1.0,1.0,1.1,1.1,1.1,1.1,1.1,1.1,1.1,1.1,1.1,1.1,1.1,1.1,1.1,1.1,1.1,1.1,1.1,1.1,1.1,1.1,1.1,1.1,1.1,1.1,1.2,1.2,1.2,1.2,1.2,1.2,1.2,1.2,1.2,1.2,1.2,1.2,1.2,1.3,1.3,1.3,1.3,1.3,1.3,1.3,1.3,1.3,1.3,1.3736966480707367,1.4,1.4,1.4,1.4,1.4,1.4,1.45293269309945,1.5,1.5,1.5,1.5,1.577661541373567,1.6,1.6,1.6,1.6,1.7,1.7,1.75,1.8,1.8,1.9,1.9,1.9,1.9,2.0,2.0,2.0,2.0,2.0,2.0,2.0,2.0,2.0,2.0,2.0,2.0,2.0,2.0,2.1,2.2,2.2,2.2,2.3,2.3,2.3,2.3,2.3,2.3,2.3,2.3,2.3,2.3,2.3,2.3,2.3,2.3,2.3,2.3,2.3,2.3,2.3,2.3,2.3,2.3,2.3,2.4,2.4,2.4,2.4,2.4,2.4,2.4,2.4,2.4,2.4,2.4,2.4,2.4,2.4,2.5,2.5,2.5,2.5,2.5,2.5,2.5,2.6,2.6,2.6,2.6,2.6,2.6,2.7,2.780147534287232,2.8,2.8,2.8,2.8,2.8,2.8,2.8,2.8,2.8,2.8,2.8,2.8,2.9,3.0071332984466776,3.1,3.3,3.5,3.8,3.9,4.3,5.071362657173824,6.4,6.6,7.0010906699052615
0.1,0.1,0.1,0.1,0.1,0.1,0.1,0.1,0.1,0.1,0.1,0.1,0.1,0.1,0.1,0.1,0.1,0.1,0.1,0.1,0.1,0.2,0.2,0.2,0.2,0.2,0.2,0.2,0.2,0.2,0.2,0.2,0.2,0.2,0.2,0.2,0.25342375811400186,0.3,0.34482722873702015,0.4,0.4,0.4,0.4,0.4,0.4,0.4,0.4,0.4,0.4,0.4,0.5,0.5,0.5031051118148355,0.6,0.6,0.6,0.6,0.6,0.6,0.6,0.6,0.6,0.6,0.6,0.6,0.6,0.6,0.6,0.6,0.6,0.6,0.6,0.6,0.6,0.6,0.6,0.6,0.6,0.6,0.6,0.6,0.6,0.6,0.6,0.6513332276346602,0.7,0.7,0.7,0.7,0.7,0.7,0.7,0.7,0.7,0.7,0.7,0.7,0.7763115924080041,0.8,0.8,0.8,0.8,0.8,0.8,0.8,0.8,0.8976074901208392,0.9,0.9,0.9,0.9,0.9,0.9,0.9,0.9,0.9,0.9,0.97439350157847,1.0,1.0,1.0,1.0,1.0,1.0,1.0,1.0,1.0,1.0414249487302414,1.1,1.1,1.1,1.1,1.1,1.1,1.1,1.1,1.1,1.2,1.2,1.2,1.2,1.2,1.2,1.2,1.2,1.2,1.2,1.2,1.2,1.2,1.2,1.2,1.2,1.2,1.2,1.3,1.3,1.3,1.3,1.3,1.4,1.4,1.4,1.4,1.4,1.5,1.5,1.5,1.5,1.5,1.5,1.5,1.6,1.6,1.6,1.6,1.6,1.6,1.6033438886182751,1.7,1.7,1.8,1.8,1.8,1.9,1.9,1.9,1.9,1.9,1.917525236657525,2.0,2.0,2.0,2.0,2.2,2.2,2.3,2.4713626571738248,2.714514486060847,2.8,2.9016360048578917
0.1,0.2,0.2,0.3,0.3,0.3,0.3,0.4,0.4,0.4,0.4,0.5,0.5,0.5,0.5,0.5,0.5,0.5,0.5,0.5,0.6,0.6,0.6,0.6,0.6,0.6,0.6,0.6,0.6,0.6,0.6,0.6,0.6,0.6,0.6,0.6064060121547399,0.7,0.7,0.7,0.7,0.7,0.7,0.7,0.7,0.7,0.7,0.7,0.7181900885031638,0.8,0.8,0.8,0.8,0.8,0.8,0.8,0.8,0.8,0.9,0.9,0.9,0.9,0.9,0.9,1.0,1.0,1.0,1.0,1.0,1.0,1.0,1.0,1.0,1.1,1.1,1.1,1.1,1.1,1.1,1.1,1.1,1.1,1.2,1.2,1.2,1.2,1.2,1.2,1.2,1.2,1.2,1.2,1.2,1.2,1.2,1.2,1.2,1.2,1.2,1.2,1.2,1.2,1.2,1.2,1.2,1.2,1.2,1.2,1.222338458626433,1.3,1.3,1.3,1.3,1.3,1.3,1.3,1.3,1.3,1.3,1.3,1.3,1.3,1.3,1.3,1.3,1.3,1.3,1.3,1.3,1.3,1.3,1.3,1.3,1.3,1.3,1.3,1.3,1.3026769483789848,1.4,1.4,1.4,1.4,1.4,1.4,1.5,1.5,1.5,1.5,1.5,1.5,1.5,1.5,1.5,1.5,1.5,1.5,1.5,1.5,1.5,1.5,1.5,1.5,1.5,1.5,1.5,1.5,1.5,1.6,1.6,1.6,1.6,1.6,1.6,1.6,1.6,1.6,1.7,1.7,1.7,1.7,1.7,1.7,1.700258245611019,1.8,1.8,1.8,1.9,1.9,1.9479444411106839,2.0,2.0,2.0,2.0003907185653644,2.1977167337233996,2.3,2.3,2.4404152154256735,2.8,2.8713626571738247,3.2,3.3,5.106544019431567
0.19945466504737464,0.2,0.2,0.22863734282617793,0.3,0.3,0.3,0.3,0.4,0.4,0.4,0.5,0.5,0.5,0.5,0.5,0.5,0.5,0.6,0.6,0.6,0.6,0.6,0.6,0.6,0.6,0.6,0.6,0.6,0.6,0.6,0.6,0.6,0.6,0.6,0.7,0.7,0.7,0.7,0.7,0.7,0.7,0.7,0.7,0.7,0.7400675399524985,0.8,0.8,0.8,0.8,0.8,0.8,0.8,0.8,0.9,0.9,0.9,0.9,0.9,0.9,0.9726395696227599,1.0,1.0,1.0,1.0,1.0,1.0,1.0,1.0,1.0,1.1,1.1,1.1,1.1,1.1,1.1,1.2,1.2,1.2,1.2,1.2,1.2,1.2,1.2,1.2,1.2,1.2,1.2,1.2,1.2,1.2,1.2,1.2,1.2,1.2,1.2,1.2,1.2,1.2,1.2,1.2,1.2,1.2,1.2,1.3,1.3,1.3,1.3,1.3,1.3,1.3,1.3,1.3,1.3,1.3,1.3,1.3,1.3,1.3,1.3,1.3,1.3,1.3,1.3,1.3,1.3,1.3,1.3,1.3,1.3,1.3,1.3,1.3,1.3,1.3,1.3,1.3,1.3,1.4,1.4,1.4,1.4,1.4,1.4,1.4,1.4923452141771634,1.5,1.5,1.5,1.5,1.5,1.5,1.5,1.5,1.5,1.5,1.5,1.5,1.5,1.5,1.5,1.5,1.5,1.5,1.5,1.5,1.6,1.6,1.6,1.6,1.6,1.6,1.6,1.6,1.7,1.7,1.7,1.7,1.7,1.7,1.7,1.700258245611019,1.8,1.8,1.9,1.9,2.0,2.0,2.0,2.0,2.0071332984466776,2.2,2.3,2.3,2.4,2.7202076077128368,2.8,3.114087971521474,3.214514486060847,3.6778728829560863,5.107089354384197
0.1,0.2,0.2,0.2,0.2,0.27979239228716574,0.3,0.3,0.3,0.3,0.39286670155332293,0.4,0.4,0.4,0.4,0.4104813919600965,0.5,0.5,0.5,0.5,0.5,0.5,0.5,0.5,0.5,0.6,0.6,0.6,0.6,0.6,0.6,0.6,0.6,0.6,0.6,0.6,0.6,0.6,0.6,0.6,0.6,0.6,0.6,0.6,0.6,0.6,0.6,0.6,0.6,0.6,0.6,0.6,0.7,0.7,0.7,0.7,0.7,0.7,0.7,0.7,0.7,0.7,0.7,0.7,0.7,0.7,0.7575196044106633,0.8,0.8,0.8,0.8,0.8,0.8,0.8,0.8,0.8,0.8,0.8677877762521888,0.9,0.9,0.9,0.9,0.9,0.9,0.9,0.9769201272425164,1.0,1.0,1.0,1.0,1.0,1.0,1.0,1.0,1.1,1.1,1.1,1.1,1.1,1.1,1.1,1.1745514221892506,1.2,1.2,1.2,1.2,1.2,1.2,1.2,1.2,1.2,1.2,1.2,1.2,1.2,1.2,1.2,1.2,1.2,1.2,1.2525051507703893,1.3,1.3,1.3,1.3,1.3,1.3,1.3,1.3,1.3,1.3,1.3,1.3,1.3,1.3,1.3,1.3,1.3,1.3,1.3,1.3,1.3,1.3,1.3,1.3,1.3,1.4,1.4,1.4,1.4,1.4,1.4,1.4,1.4,1.4205547246477124,1.5,1.5,1.5,1.5,1.5,1.5,1.5,1.5,1.5,1.5,1.5,1.5,1.5,1.5403068909801563,1.6,1.6,1.6,1.6,1.6,1.6627137278564306,1.7,1.7,1.7,1.7,1.7,1.7,1.7,1.7,1.7,1.8,1.8895186080399071,1.9,1.9,2.0,2.0,2.0,2.0,2.0,2.0,2.206829935472439,2.3,2.4231825992355707,2.7,2.8,3.2,3.3027266747631527
0.5978186601894985,0.6,0.6854855139391492,0.7,0.7,0.7,0.7,0.7,0.7,0.7,0.7,0.7,0.7,0.7520555588893195,0.8,0.8,0.8,0.8,0.8,0.8,0.8,0.8,0.8,0.8,0.8,0.8,0.8,0.8,0.8,0.8,0.8568011561197949,0.9,0.9,1.0,1.0,1.0,1.0,1.0995538602494095,1.1,1.1,1.1,1.1,1.1,1.1,1.1,1.1,1.1,1.1,1.1,1.1,1.1,1.1,1.1,1.1,1.1,1.1,1.1,1.1,1.1,1.1,1.1,1.1,1.1,1.1,1.1,1.1,1.1575196044106633,1.2,1.2,1.2,1.2,1.2,1.2,1.2,1.2,1.2,1.2,1.2,1.2,1.2,1.2,1.2736966480707366,1.3,1.3,1.3,1.3,1.3,1.3,1.35293269309945,1.4,1.4,1.4,1.4,1.4,1.5,1.5,1.5,1.5,1.5008886215437287,1.6,1.6,1.6,1.6,1.7,1.7,1.7,1.7,1.8,1.8,1.8,1.9,1.9,2.0,2.0,2.0,2.0,2.0,2.0,2.0,2.0,2.0,2.0,2.0,2.0,2.0,2.0,2.0,2.0,2.0,2.0,2.0,2.1,2.183583476287288,2.2,2.2,2.2,2.3,2.3,2.3,2.3,2.3,2.3,2.3,2.3,2.3,2.3,2.3,2.3,2.3,2.4,2.4,2.4,2.4,2.4,2.4,2.4,2.4,2.4,2.4,2.4,2.5,2.5,2.5,2.5,2.5,2.5,2.5,2.6,2.6,2.6,2.6,2.6,2.6,2.6,2.6,2.6207433944853906,2.8,2.8,2.8,2.8,2.8,2.8,2.8,2.8,2.8,2.8,2.867445006307696,2.9,3.0,3.1,3.3,3.5,3.5,3.799273738951649,4.3,4.340415215425673,4.664243465647428,6.0277145432597194,6.429028972121694,6.755745765912172,7.2065440194315675
0.1,0.6,0.6,0.6286373428261779,0.7,0.7,0.7,0.7,0.7,0.7,0.7,0.7,0.7,0.7,0.7,0.7,0.7,0.7593119177487658,0.8,0.8,0.8,0.8,0.8,0.8,0.8,0.8,0.8,0.8,0.8,0.8,0.8,0.8,0.8,0.8,0.8584681227248212,0.9,0.9,0.9995538602494094,1.0,1.0,1.0329201988926884,1.1,1.1,1.1,1.1,1.1,1.1,1.1,1.1,1.1,1.1,1.1,1.1,1.1,1.1,1.1,1.1,1.1,1.1,1.1,1.2,1.2,1.2,1.2,1.2,1.2,1.2,1.2,1.2,1.2,1.2,1.2,1.2,1.3,1.3,1.3,1.3,1.3,1.3,1.4,1.4,1.4,1.4,1.425606498421527,1.5,1.5,1.5,1.5,1.5,1.5,1.5,1.6,1.6,1.6,1.6,1.6,1.6,1.6,1.7,1.7,1.7,1.8,1.8,1.8,1.8,1.9,1.9,1.9,1.9471294307578546,2.0,2.0,2.0,2.0,2.0,2.0,2.0,2.0,2.0,2.0,2.0,2.0,2.0,2.0,2.0,2.0,2.0,2.0,2.0,2.1,2.1,2.1,2.1,2.1,2.2,2.2,2.2,2.2,2.233292681424257,2.3,2.3,2.3,2.3,2.3,2.3,2.3,2.3,2.3,2.3,2.3,2.3,2.3,2.306138765668953,2.4,2.4,2.4,2.4,2.4,2.4,2.4,2.4,2.4,2.4,2.5,2.5,2.5,2.5,2.5,2.5,2.540306890980156,2.6,2.6,2.6,2.6,2.6,2.6,2.6,2.6,2.6,2.6,2.6,2.732890268817948,2.8,2.8,2.8,2.8,2.8,2.8,3.0,3.0,3.017525236657525,3.1071332984466777,3.3007814371307287,3.5,3.5,3.606829935472439,3.8,4.3,4.5,6.4,6.6,7.2
0.1,0.1,0.1,0.1,0.1,0.1,0.2,0.2,0.2,0.2,0.2,0.2,0.2,0.2,0.2,0.2,0.2,0.2,0.2,0.2,0.2,0.2,0.2,0.2,0.2,0.2,0.2,0.2,0.2,0.2,0.2,0.2,0.2,0.2,0.2,0.2,0.2,0.2,0.2,0.2,0.2,0.2,0.2,0.2,0.2,0.2,0.2,0.2,0.2,0.2,0.2,0.2,0.2,0.2,0.2,0.2,0.2,0.2,0.2,0.2,0.2,0.2,0.2,0.2,0.2,0.2,0.2,0.2,0.2,0.24540682603742425,0.3,0.3,0.3,0.3,0.3,0.3,0.3,0.3,0.3,0.3,0.3,0.3,0.3,0.3,0.3,0.3,0.3,0.3,0.3,0.3,0.3,0.3,0.3,0.3,0.3,0.3,0.3,0.3,0.4,0.4,0.4,0.4,0.4,0.4,0.4,0.4,0.4,0.4,0.4,0.4,0.4,0.4,0.4,0.4,0.4,0.4,0.4,0.4,0.4,0.4,0.4,0.4,0.4,0.4,0.5,0.5,0.5,0.5,0.5,0.5,0.5,0.5,0.5,0.5,0.5,0.5,0.5,0.5,0.5,0.5,0.5,0.5,0.5,0.5,0.5,0.5,0.5,0.5,0.5,0.5,0.5,0.5,0.5,0.5,0.5,0.5,0.5,0.5,0.5,0.6,0.6,0.6,0.6,0.6,0.6,0.6,0.6,0.6,0.6,0.6,0.7,0.7,0.7,0.7,0.7,0.7,0.7,0.7,0.8,0.8,0.8,0.800258245611019,0.9,0.9,0.9,0.9,0.9,0.9,0.9,0.9,0.9,0.9,0.9,1.0,1.0,1.0,1.041060866411857,1.1,1.2,1.2,1.6005453349526306
0.6,0.6,0.6,1.1,1.2,1.2,1.486340129055123,1.6,1.6,1.6,1.6928667015533228,1.7,1.7,1.8,1.8,1.8,1.8,2.059311917748766,2.1,2.1,2.1671097311820504,2.2,2.2,2.2,2.3,2.4,2.4,2.4,2.4,2.4,2.4,2.4,2.4,2.4,2.4,2.5,2.5,2.5,2.5,2.5,2.6,2.6,2.6,2.6,2.7,2.7,2.7,2.7,2.7,2.7,2.7,2.7,2.7,2.7,2.7,2.7,2.7,2.7,2.7,2.7,2.7,2.7,2.7,2.766707318575743,2.8,2.8,2.8,2.8,2.8,2.8,2.8,2.9,2.9,2.9,2.9,2.9,2.9816383170310017,3.1,3.1,3.1,3.1,3.1736966480707367,3.2,3.3,3.3,3.3,3.3,3.3,3.3,3.3,3.4,3.428010926291105,3.5,3.5,3.5,3.5,3.5,3.5,3.5,3.5254485778107467,3.6,3.6,3.6,3.6,3.6,3.6,3.6,3.6,3.6,3.6,3.6,3.6,3.64706730690055,3.7,3.7,3.7,3.7,3.7,3.7,3.8,3.8,3.8,3.9,3.9,3.9,3.9,3.9,3.9,3.9,3.997472376674125,4.1,4.1,4.1,4.1,4.1,4.172410260810318,4.2,4.2,4.2,4.2,4.2,4.2,4.2,4.225036691116378,4.3,4.3,4.4,4.4,4.4,4.4,4.4,4.4,4.4,4.4,4.5,4.5,4.6,4.6,4.6,4.6,4.6,4.610726690124397,4.7,4.8,4.8,4.8,4.941531877275179,5.0,5.0,5.0,5.043198843880208,5.2,5.2,5.6,5.7,5.7,5.7,5.7,5.9,5.9,5.9,5.9,5.9,5.9,5.9,6.258074432159629,6.3,6.4,6.4,6.6,6.6,6.6,6.8,6.899636869475825,8.4,8.4,8.564243465647428,8.8,8.8,8.8,8.8
0.6,1.1,1.1,1.2,1.2,1.2,1.2,1.2,1.2,1.2996092814346327,1.3,1.3824747633424777,1.6,1.6,1.6,1.7,1.7,1.7,1.7,1.7,1.8,1.8,1.8,1.8,1.8,1.8,1.8,1.8940015439344207,1.9,1.90370857978007,2.0,2.0,2.1,2.1,2.2,2.2,2.2,2.299553860249409,2.4,2.4,2.4,2.4,2.4,2.4,2.4,2.4,2.4,2.5,2.5,2.5,2.530825981018876,2.6,2.6031051118148354,2.7,2.7,2.7,2.7,2.7,2.7,2.7,2.7,2.7,2.7,2.7,2.7,2.7,2.7,2.7,2.7,2.7,2.7,2.7,2.7,2.7,2.7,2.7,2.7,2.7,2.7,2.7,2.7,2.7,2.7,2.8,2.8,2.8,2.8,2.9,2.9,2.9,2.9,2.928010926291105,3.0,3.0,3.0,3.1,3.1,3.1,3.1,3.2,3.25,3.3,3.3,3.3,3.3,3.3729278915505745,3.4,3.4,3.4,3.4,3.5,3.5,3.5,3.5,3.5,3.5,3.5,3.5,3.5,3.5,3.5,3.5,3.5,3.6,3.6,3.6,3.6,3.6,3.6,3.6,3.6,3.6,3.6,3.6,3.6,3.6,3.6,3.6,3.6,3.6,3.6273604303772347,3.7,3.7,3.7,3.7,3.7,3.7267012041614294,3.8,3.8,3.8,3.8691740189811297,3.9,3.9,3.9,4.1,4.159932460047509,4.2,4.2,4.2,4.2,4.2,4.210726690124398,4.3,4.4,4.4,4.493593987845253,4.541531877275179,4.6,4.6,4.7,4.8,4.896291420219933,5.1010834367867,5.6,5.6,5.6,5.6,5.6,5.6,5.667282571585735,5.9,5.9,5.9,5.9,6.3,6.3,6.3,6.4,6.6,6.6,6.6,6.8,6.8,8.4,8.4,8.4,8.4,8.8,8.8,8.8,8.8
0.6,0.7,1.0,1.1,1.1,1.1,1.1,1.1,1.2,1.2,1.2,1.2,1.2,1.2,1.2,1.2,1.2,1.2,1.2,1.2,1.2,1.2,1.2,1.2,1.2,1.2,1.2,1.2,1.2,1.2,1.2,1.3,1.3,1.3,1.3,1.3,1.3,1.3,1.3,1.3,1.3,1.3,1.3,1.3,1.4000358757198554,1.6,1.6,1.6,1.6,1.6,1.6,1.6,1.7,1.7,1.7,1.7,1.7,1.7,1.7,1.7,1.7,1.8,1.8,1.8,1.8,1.8,1.8,1.8,1.8,1.8,1.8,1.8,1.8,1.8,1.8,1.8,1.8,1.8677877762521888,1.9,1.9,1.9,1.9,1.9997307358156036,2.1,2.1,2.1,2.1,2.1,2.1,2.2,2.2,2.2,2.2,2.2,2.2,2.2,2.2,2.2763115924080037,2.4,2.4,2.4,2.4,2.4,2.5,2.5,2.5729278915505747,2.6,2.6,2.7,2.7,2.7,2.7,2.7,2.7,2.7,2.7,2.7,2.7,2.7,2.7,2.7,2.778884147332195,2.8108998711652244,3.0,3.0591808414844937,3.1,3.2,3.2,3.2,3.2974723766741247,3.3,3.3,3.3,3.3,3.3,3.372410260810318,3.4,3.4,3.5,3.5,3.5,3.5,3.5,3.5,3.5,3.5,3.526701204161429,3.6,3.6,3.6,3.6,3.6,3.6,3.6,3.6,3.659932460047509,3.7,3.7,3.7,3.7,3.8,3.8,3.8,3.8,3.846576241885998,3.9,4.1,4.1,4.2,4.2,4.2,4.2,4.2,4.2,4.4,4.5,4.5,4.5,4.603343888618275,4.7,4.7,4.7,4.838974105858608,4.9,5.0,5.5580744321596285,5.6,5.6,5.6,5.6,5.9,5.901562874261458,6.397716733723399,6.6,6.8,8.4,8.4,8.4,8.8,8.8,10.303817344668415
1.0,1.222127117043914,1.5854855139391493,1.628637342826178,1.7,1.7,1.8,1.8,1.9,1.9,1.9,1.9,1.9,2.0,2.0,2.0,2.1,2.1,2.1,2.1,2.1,2.1,2.2,2.2,2.2,2.2,2.2,2.2,2.2,2.2,2.2,2.2,2.3,2.3095758604413756,2.4,2.4,2.4,2.4,2.4,2.4,2.5,2.5,2.5,2.5,2.5000358757198553,2.6,2.6,2.6,2.6,2.6,2.630825981018876,2.7,2.7,2.7,2.7,2.7,2.7,2.774963308883616,2.8,2.8,2.8,2.804378489936286,2.9,2.9,2.9,2.9,2.9,2.9,2.9164165237127206,3.0,3.0,3.0,3.1,3.1,3.1,3.1136342526696894,3.2,3.2,3.2,3.2,3.2,3.3,3.3,3.3,3.3,3.3,3.3,3.3277108492161203,3.4,3.4,3.4,3.4,3.4,3.5,3.5,3.5,3.5,3.5,3.5,3.5,3.5,3.5,3.5,3.5,3.5,3.5,3.5976074901208395,3.6,3.6,3.6,3.6,3.6,3.6,3.6,3.7,3.7,3.7,3.7,3.7,3.7,3.7,3.7,3.7,3.7,3.7,3.7863657473303136,3.8,3.8,3.8,3.8,3.8,3.8,3.8,3.8,3.8,3.8,3.8,3.8,3.9,3.9956215100637165,4.1,4.159500077641303,4.2,4.2,4.2,4.292345214177163,4.3,4.3,4.4,4.432765281195782,4.5,4.5,4.5,4.581809911496833,4.7,4.7,4.7,4.7,4.7,4.824205258435955,4.9,4.9,4.9,4.9,4.9,4.9,4.9,4.9904241395586215,5.0,5.2,5.6,5.6,5.6,5.6,5.6,5.703716972426951,6.1,6.1,6.1,6.1,6.1,6.1,6.1,6.1,6.3,6.3,6.3,6.3,6.3,6.3,6.4,6.4,6.4,6.5992737389516485,6.6,6.6,6.8,6.8,6.9,6.9,8.402181339810523
0.6,0.9221271170439141,1.1,1.1,1.3,1.3,1.3,1.3,1.3,1.3,1.3,1.3824747633424777,1.4,1.4,1.4,1.4,1.4,1.4593119177487657,1.5,1.5,1.5,1.5,1.5,1.5,1.5,1.5,1.537286272143571,1.6,1.6,1.6,1.6,1.6,1.6,1.7,1.7,1.7,1.7,1.7,1.7,1.7,1.7,1.7,1.7,1.7,1.7,1.7,1.7,1.7,1.7,1.7,1.7,1.7,1.7,1.7,1.7,1.8,1.8,1.8,1.8,1.8,1.8,1.8,1.8,1.9,1.9,1.9,1.9,1.9,1.9,1.9,1.9,1.9,1.9,1.9,1.9,1.9,1.9,1.9,1.9,1.9,1.9,1.9,1.9,2.0,2.0,2.0,2.0,2.0,2.0,2.0,2.0,2.0,2.0,2.0,2.0,2.0,2.0,2.0,2.0,2.0,2.0,2.0,2.0,2.0,2.0,2.0,2.0,2.1,2.1,2.1,2.1,2.1,2.1,2.1,2.1,2.1,2.1,2.1,2.1,2.1,2.1,2.1,2.1,2.1,2.1,2.1,2.1,2.1,2.1,2.1,2.1,2.1,2.1,2.1,2.1,2.1,2.2,2.2,2.2,2.2,2.2,2.2,2.2,2.2,2.2,2.2,2.2,2.2,2.2,2.232765281195782,2.3,2.3,2.3,2.3,2.4,2.4,2.4,2.4,2.4,2.4,2.4,2.4,2.4,2.5,2.5,2.5,2.5,2.5,2.5,2.5,2.5,2.5,2.5,2.6,2.6,2.6,2.6,2.6,2.6,2.6,2.6,2.6,2.6,2.6406880822512337,2.8,2.8,2.8,2.8,2.8,2.8,2.9,2.9,2.9,3.0,3.106829935472439,3.2,3.3,3.4,3.7,3.955745765912172,4.906544019431568
0.2,0.3,0.3,0.3,0.3,0.4,0.4,0.4,0.4,0.4,0.4,0.4,0.4,0.4,0.4,0.4,0.4,0.4,0.4,0.4,0.4,0.4,0.4,0.4,0.4,0.5,0.5,0.5,0.5,0.5,0.5,0.5,0.5,0.5,0.5,0.5,0.5,0.5,0.5,0.5,0.5,0.5,0.5,0.5,0.5,0.5,0.5,0.5,0.5,0.5,0.5,0.5,0.5,0.5,0.5,0.5,0.5,0.5,0.5,0.5,0.5,0.5,0.5,0.5,0.5,0.5,0.5,0.5,0.5,0.6,0.6,0.6,0.6,0.6,0.6,0.6,0.6408191585155009,0.7,0.7,0.7,0.7,0.7,0.7,0.7,0.7,0.8,0.8,0.8,0.8,0.8,0.8,0.8,0.8,0.8,0.8,0.8,0.8,0.8,0.8,0.8,0.8,0.8,0.8,0.8,0.8,0.8,0.8,0.8,0.8,0.9,0.9,0.9,0.9,0.9,0.9,0.9,0.9,0.9,0.9,0.9,0.9,0.9,0.9,0.9,0.9,0.9863657473303136,1.0,1.0,1.0,1.0,1.0,1.0,1.0,1.0,1.0,1.0,1.0,1.0,1.0,1.0,1.0273604303772346,1.1,1.1,1.1,1.1,1.1,1.1,1.1,1.1,1.132765281195782,1.2,1.2,1.2,1.2,1.2,1.2,1.2,1.2,1.2,1.3,1.3,1.3,1.3,1.3,1.3,1.3,1.3,1.3,1.3,1.3,1.3,1.3,1.3,1.3,1.3,1.3207433944853904,1.4,1.4,1.4,1.4,1.4,1.4,1.4,1.4,1.4,1.4895186080399072,1.5,1.5,1.5,1.5,1.5,1.6,1.6,1.6,1.7,1.8,1.8,1.9,1.9,2.0,2.2
0.6,0.6,0.6,1.028637342826178,1.1,1.1,1.1,1.2,1.4045665325531926,1.6,1.7,1.7,1.7687759612645444,1.8,1.8,1.8104813919600964,1.9,1.9,2.0,2.0,2.0,2.0,2.0,2.1,2.1,2.1,2.1,2.1,2.1494582816066528,2.2,2.2,2.2,2.2,2.2,2.2,2.2,2.3,2.3,2.3,2.3,2.4,2.4,2.4,2.4,2.4,2.4,2.4,2.4,2.4,2.4,2.4,2.4,2.4,2.438454272860062,2.5,2.5,2.5,2.5,2.5,2.5,2.5726395696227597,2.6,2.6,2.6,2.6,2.6,2.6,2.6,2.7,2.7,2.7,2.7,2.7,2.7,2.7,2.7,2.7,2.7,2.7,2.7,2.7474948492296107,2.8,2.8,2.8,2.8,2.8,2.8,2.8,2.8,2.8,2.9,2.9,2.9,2.9,2.9,2.9,2.9,2.9,2.9,2.9,2.9,2.9,2.9,2.9236884075919987,3.0,3.0,3.1,3.1,3.1,3.1,3.1,3.1,3.1,3.2,3.2976236808611414,3.3,3.3,3.3,3.3,3.3,3.3,3.3,3.3,3.332212223747814,3.4,3.4,3.4,3.4,3.5,3.5,3.5,3.6,3.6,3.6,3.6,3.6,3.7,3.7,3.7,3.7,3.7,3.7,3.7,3.7,3.7,3.7,3.7,3.7,3.7,3.7,3.7,3.7,3.7436777716743395,3.8,3.8,3.8,3.8,3.8,3.8,3.8,3.9,3.9,3.9,3.9,3.9,3.9,3.9,3.9,3.9,3.9,3.9,3.9,4.05054171839335,4.1,4.1,4.1,4.1,4.1,4.2,4.2,4.2,4.2,4.269487052929304,4.3406880822512335,4.413985489925437,4.6,4.6,4.6,4.631224038735451,4.8,4.8,4.8,4.8,4.999636869475824,5.4,5.7,5.9,6.4,6.6,6.8,8.40054533495263
0.6994546650473746,0.8221271170439142,1.0,1.1,1.1,1.1,1.1,1.1,1.1,1.2996092814346327,1.3,1.3,1.3,1.3,1.3,1.3104813919600964,1.4,1.4,1.5,1.5,1.6,1.6,1.6,1.6,1.6,1.6,1.7,1.7,1.7,1.8,1.8,1.8,1.8,1.8,1.8,1.8,1.8,1.8,1.8,1.8,1.8,1.8757947415640415,1.9,1.9,1.9,1.9,1.9,1.9,1.9,1.9,1.9,1.9,1.9,1.9,1.9,1.9,1.9,1.9,2.0,2.0,2.0,2.0,2.0,2.0,2.0,2.1,2.1,2.1,2.1,2.1,2.1,2.1,2.2,2.2,2.2,2.2,2.2,2.2,2.2,2.2,2.2,2.2,2.2,2.2,2.2,2.2,2.2,2.3,2.3,2.3,2.3,2.3,2.4,2.4,2.4,2.4,2.4,2.476311592408004,2.5,2.5,2.5,2.5,2.5,2.5236884075919988,2.6,2.6,2.6,2.6,2.6,2.6,2.6,2.7,2.7,2.7,2.7,2.7,2.7,2.7,2.700269264184391,2.8,2.8,2.8,2.8,2.8,2.8,2.8,2.8,2.9,2.9,2.9,2.9,2.9,2.9,2.9,2.9,2.9,3.0,3.0,3.0,3.0,3.1,3.1,3.1,3.1,3.1,3.1,3.1,3.2,3.2,3.2,3.2691740189811296,3.3,3.3,3.3,3.3,3.3,3.3,3.3,3.3820773739873062,3.4,3.4,3.4,3.4,3.4,3.4,3.4,3.5,3.5,3.5,3.5,3.5,3.5,3.5,3.6,3.6,3.6,3.6,3.6,3.7,3.7,3.7,3.7,3.7,3.7,3.7,3.8,3.8,3.8,3.8312240387354506,3.9,3.9142665968933557,4.1,4.1,4.2,4.406829935472439,4.520207607712837,4.6,4.6,5.058057944243387,5.8557457659121726,6.6
0.1,0.2,0.2,0.2,0.2,0.27979239228716574,0.3,0.3,0.3022832662765964,0.4,0.4,0.4,0.4,0.4,0.4,0.4,0.5,0.5,0.5,0.5,0.6,0.6,0.6,0.6,0.6,0.6,0.6,0.6,0.6,0.6,0.6,0.6,0.6,0.7,0.7,0.7,0.7,0.7,0.7,0.7,0.7,0.7,0.7,0.7,0.7,0.7,0.7,0.7,0.7,0.7,0.7,0.7,0.7,0.7,0.7,0.7,0.7,0.7,0.8,0.8,0.8,0.8,0.8,0.8,0.8,0.8,0.8,0.8,0.8,0.8,0.8,0.8,0.8306801228393909,0.9,0.9,0.9,0.9,0.9,0.9,0.9,0.9,0.9,0.9,0.9,0.9,0.9769201272425164,1.0,1.0,1.0,1.0,1.0,1.0,1.0,1.0,1.1,1.1,1.1,1.1,1.1,1.1,1.15,1.2,1.2,1.2,1.2,1.2,1.2,1.2,1.2,1.2,1.2,1.2,1.2,1.2,1.2,1.2,1.2,1.2,1.2,1.2,1.2,1.2,1.2,1.2,1.2,1.2,1.2,1.2,1.2,1.2,1.2,1.2,1.3,1.3,1.3,1.3,1.3,1.3,1.3,1.3,1.3,1.3,1.3,1.3,1.3,1.3,1.4,1.4,1.4,1.4,1.4,1.4,1.4,1.4818099114968333,1.5,1.5,1.5,1.5,1.5,1.5,1.5,1.5,1.5,1.5,1.546576241885998,1.6,1.6,1.6,1.6,1.6,1.7,1.7,1.7,1.7,1.7,1.7,1.7,1.8,1.8,1.8,1.9,1.9,1.9,1.9,1.9,1.9,2.0,2.0,2.0,2.0,2.0071332984466776,2.1,2.1977167337233996,2.2,2.3,2.3,2.3410608664118566,2.5,2.614514486060847,2.7,3.3092706941947196
0.1,0.1,0.18548551393914928,0.2,0.2,0.2,0.2,0.2,0.2,0.2,0.2,0.2,0.3,0.4,0.4,0.4,0.4,0.5,0.5,0.5,0.5,0.6,0.6,0.6,0.6,0.6,0.6,0.6,0.6494582816066525,0.7,0.7,0.7,0.8,0.8,0.8,0.8,0.8,0.8,0.8,0.8,0.9,0.9,0.9,0.9,0.9,0.9,0.9,0.9,0.9,0.9,0.9,0.9,0.9,0.9384542728600621,1.0,1.0,1.0,1.0,1.0,1.0,1.0,1.0,1.1,1.1,1.1,1.1,1.1,1.1,1.1,1.1,1.1,1.1,1.1,1.1585750512697501,1.2,1.2,1.2,1.2,1.2,1.3,1.3,1.3,1.3,1.3,1.3,1.3,1.3,1.3,1.3,1.3,1.3,1.3,1.3,1.3,1.3,1.3,1.3,1.3,1.3,1.3,1.3,1.3,1.3,1.3,1.3,1.3,1.3,1.3,1.3,1.3,1.4,1.4,1.4,1.4,1.4,1.4,1.4,1.4,1.4,1.4,1.4,1.4,1.4,1.5,1.5,1.5,1.5,1.5,1.5,1.5,1.5,1.5,1.5835834762872878,1.6,1.6,1.6,1.6,1.6,1.6,1.6,1.6,1.6,1.7,1.7,1.7,1.7,1.7,1.7,1.7,1.7,1.7,1.7,1.8,1.8,1.8,1.8599324600475085,1.9,1.9,1.9,1.9242052584359555,2.0,2.0,2.0,2.0,2.0,2.093593987845253,2.1,2.1,2.2,2.2,2.3,2.3,2.3,2.3,2.3,2.3,2.3,2.3,2.3,2.3,2.3,2.3,2.3,2.3,2.3,2.4,2.4674450063076963,2.6,2.7,2.8,2.9071332984466776,3.1,3.1,3.3,3.8,3.8,3.8,3.8,3.8,3.8,4.30981602914735
0.1,0.2,0.4,0.5286373428261779,0.6,0.6,0.7,0.7,0.8,0.8,0.8,0.8,0.8,0.8,0.8,0.8,0.8860145100745633,0.9,0.9,0.9,0.9,0.9,0.9,0.9,0.9,0.9,0.9,0.9,0.9,0.9,0.9,1.0,1.0,1.0,1.0,1.0,1.053423758114002,1.1,1.1,1.1,1.1,1.1,1.1,1.1,1.1,1.1,1.1,1.1,1.1,1.1,1.1,1.1,1.1,1.1,1.1,1.1,1.2,1.2,1.2,1.2404999223586857,1.3,1.3,1.3,1.3,1.3,1.3,1.3,1.3,1.3,1.3,1.3,1.3,1.3,1.3,1.3,1.3,1.4,1.4,1.4,1.4,1.4,1.4,1.4,1.4,1.5,1.5,1.5,1.5,1.5,1.5,1.5,1.5,1.6,1.6,1.6,1.6,1.6,1.6,1.6,1.6,1.6,1.6,1.6,1.6,1.6,1.6,1.6,1.6,1.6,1.6,1.6,1.6,1.6,1.7,1.7,1.7,1.7,1.7,1.7,1.7263033519292548,1.8,1.8,1.9,1.9,1.9,1.9,1.9,1.9,1.9,1.9,1.9,1.9,1.9,1.9,1.9,1.972410260810318,2.0,2.0,2.0,2.0,2.0,2.0,2.0,2.1,2.1,2.1,2.1267012041614293,2.2,2.2,2.2,2.2,2.2,2.2,2.2,2.3,2.3,2.3,2.3,2.3,2.3,2.4,2.4,2.4,2.4,2.4,2.4,2.4415318772751786,2.6,2.6,2.7,2.743198843880208,2.8,2.9505417183933504,3.1,3.1,3.3,3.4801475342872323,3.6409909701809737,3.7,3.8,3.8,3.8,3.8,3.8,3.8,3.8,3.8,3.8,3.8,3.8,3.8,3.8,3.8,3.8,4.0,4.16062282313851,4.723182599235571,5.756813285869123,5.9,6.533618648868258,6.9
0.1,0.12212711704391417,0.2,0.2,0.2,0.2,0.2,0.2,0.2,0.2,0.2,0.2,0.2,0.2,0.3,0.3,0.38601451007456333,0.4,0.4,0.4997417543889867,0.5,0.5,0.5,0.5,0.5198524657127763,0.6,0.6,0.6,0.6,0.6,0.6,0.6,0.7,0.7,0.7,0.7,0.7534237581140019,0.8,0.8,0.8,0.8,0.8,0.8179226260126911,0.9,0.9,0.9,0.9,0.9,0.9,0.9,0.9308259810188758,1.0,1.0,1.0,1.0,1.0,1.0,1.0,1.0,1.0,1.0,1.1,1.1,1.1,1.1,1.1,1.1,1.1,1.1,1.1,1.1,1.2,1.2,1.2,1.2,1.3,1.3,1.3,1.3,1.3,1.3,1.3,1.3,1.3,1.3,1.3,1.3,1.3,1.3,1.3,1.3,1.3,1.3,1.3,1.3,1.3,1.3,1.3,1.3,1.3,1.3,1.3,1.3,1.3,1.3,1.3,1.397607490120839,1.4,1.4,1.4,1.4,1.4,1.4,1.4,1.4,1.4,1.4,1.4,1.4,1.4,1.4,1.4,1.4,1.4,1.4,1.5,1.5,1.5,1.5,1.5,1.5,1.5,1.5,1.5,1.5,1.572410260810318,1.6,1.6,1.6,1.6,1.6,1.6,1.6,1.7,1.7,1.7,1.7,1.7,1.7,1.8,1.86917401898113,1.9,1.9,1.9,1.9,2.0,2.0,2.0,2.0,2.0,2.1,2.1,2.2,2.2,2.2,2.2935939878452527,2.3,2.3,2.3,2.3,2.3,2.3,2.3,2.3,2.3,2.3,2.3,2.3,2.3,2.3,2.3,2.3,2.3,2.3,2.3,2.3,2.3,2.3,2.3,2.4,2.5071332984466776,2.7,2.8,3.0996368694758245,3.327319741889755,3.8,3.8,3.8,3.8,3.8,5.005998684478937
0.6994546650473746,0.7,0.7,1.0,1.1,1.1,1.1,1.2,1.2,1.3,1.3,1.3,1.4,1.4,1.4325549936923017,1.5,1.5,1.6,1.6,1.6,1.6,1.6,1.6,1.6590090298190248,1.7,1.7,1.7,1.7,1.7,1.7,1.7,1.7087816885598868,1.8,1.8,1.8,1.8,1.8,1.8,1.8,1.8,1.8,1.8,1.8,1.8,1.8,1.8,1.8,1.8,1.8,1.9,1.9,1.9,1.9,1.9,1.9,1.9,1.9,2.0,2.0,2.0,2.0,2.0,2.035730053136092,2.1,2.1,2.1,2.1,2.1,2.1,2.1,2.1,2.1,2.1,2.1,2.1,2.1,2.2,2.2,2.2,2.2,2.2,2.2,2.2,2.2,2.2,2.2,2.2,2.2,2.2,2.2,2.2,2.2,2.2,2.2,2.2,2.2,2.2,2.2,2.3,2.3254485778107465,2.4,2.4,2.4,2.4,2.4,2.4,2.4,2.4,2.4,2.4,2.4,2.4,2.4,2.4,2.4,2.5,2.5,2.5,2.5,2.5,2.5,2.5,2.5,2.5,2.5,2.6,2.613777036454178,2.7,2.7,2.7,2.7,2.7545931739625815,2.8,2.8,2.9,2.9,2.9,3.0,3.0,3.1956215100637166,3.3,3.3,3.3,3.3,3.3,3.3,3.3,3.3,3.3,3.3327652811957815,3.5,3.6,3.6,3.7,3.7205547246477124,3.9,3.9,3.9,3.9,4.0,4.0,4.0,4.0,4.0,4.0,4.0,4.0,4.0,4.0,4.0,4.0,4.0,4.0,4.0,4.0,4.0,4.0,4.0,4.0,4.0,4.0,4.0,4.0,4.0,4.0,4.0,4.0,4.0,4.03122403873545,4.1,4.207133298446678,4.4,4.497716733723399,4.5,4.5,4.5,4.5,4.571362657173824,4.914514486060847,5.700855946604776,6.105998684478936
0.6994546650473746,0.7,0.9,1.0,1.1,1.1,1.1,1.2,1.2,1.2,1.3,1.3,1.3687759612645443,1.4,1.4,1.5,1.5,1.5593119177487658,1.6,1.6,1.6,1.6,1.6,1.6,1.6,1.7,1.7,1.7,1.7,1.7,1.7,1.7,1.7,1.7,1.7,1.8,1.8,1.8,1.8,1.8,1.8,1.8,1.8,1.8,1.8,1.8,1.8,1.8,1.8,1.8,1.9,1.9,1.9,1.9,1.9,1.9,1.9,1.9,1.9079458502902524,2.0,2.0,2.0,2.0,2.0,2.0,2.0,2.1,2.1,2.1,2.1,2.1,2.1,2.1,2.1,2.1,2.1,2.1,2.1,2.1945500644173848,2.2,2.2,2.2,2.2,2.2,2.2,2.2,2.2,2.2,2.2,2.2,2.2,2.2,2.2,2.2,2.2,2.2,2.2,2.2,2.2,2.2254485778107465,2.3,2.4,2.4,2.4,2.4,2.4,2.4,2.4,2.4,2.4,2.4,2.4,2.4,2.4,2.4,2.5,2.5,2.5,2.5,2.5,2.5,2.5,2.5,2.5,2.5,2.5863657473303134,2.6,2.7,2.7,2.7,2.7,2.7,2.7,2.8,2.8,2.8,2.9,2.9,2.9,2.9,2.9,2.9,3.0,3.150073382232756,3.3,3.3,3.3,3.3,3.3,3.3,3.3,3.3,3.3,3.3,3.320554724647712,3.4,3.5,3.6,3.6,3.7242052584359557,3.9,3.9,3.9,3.9,3.9,3.9,4.0,4.0,4.0,4.0,4.0,4.0,4.0,4.0,4.0,4.0,4.0,4.0,4.0,4.0,4.0,4.0,4.0,4.0,4.0,4.0,4.0,4.0,4.1,4.2,4.4,4.5,4.5,4.5,4.5,4.520207607712837,4.8,4.971362657173825,5.0,5.9,7.2
0.7,1.1,1.1,1.1,1.1589391335881383,1.2,1.2,1.3,1.3,1.3996092814346326,1.4928667015533228,1.5824747633424778,1.6,1.6,1.6,1.6,1.6,1.7,1.7,1.7,1.7,1.7,1.7,1.7,1.7198524657127763,1.8,1.8,1.8,1.8,1.8,1.8,1.8,1.8,1.8,1.8,1.8,1.8,1.8,1.8,1.889273309875608,1.9,1.9,1.9,1.9,1.9,1.9,1.9,1.9,2.0,2.0,2.0,2.0,2.0,2.1,2.1,2.1,2.1,2.1,2.1,2.1,2.1,2.1,2.1,2.1,2.1,2.1,2.1,2.1871246204709536,2.2,2.2,2.2,2.2,2.2,2.2,2.2,2.2,2.2,2.2,2.2,2.2,2.2,2.2,2.2,2.2,2.2,2.2,2.2,2.2,2.3,2.4,2.4,2.4,2.4,2.4,2.4,2.4,2.4,2.4,2.4,2.4,2.4,2.4,2.4,2.4,2.4,2.5,2.5,2.5,2.5,2.5,2.5,2.5,2.54706730690055,2.6,2.7,2.7,2.7,2.7,2.7,2.7263033519292548,2.8,2.8,2.8,2.8,2.9,2.9,2.9,2.9,2.9,3.0,3.0,3.0545931739625813,3.2671669525745752,3.3,3.3,3.3,3.3,3.3,3.3,3.3,3.3,3.4,3.4,3.5,3.5584621129678395,3.6,3.6267012041614293,3.7,3.8,3.9,3.9,3.9,3.9,3.9,3.9,4.0,4.0,4.0,4.0,4.0,4.0,4.0,4.0,4.0,4.0,4.0,4.0,4.0,4.0,4.0,4.0,4.0,4.0,4.0,4.0,4.0,4.0,4.0,4.0,4.0,4.0,4.0,4.0,4.0,4.0,4.1,4.1,4.2,4.331224038735451,4.4,4.5,4.5,4.5,4.5,4.706829935472439,4.8,4.841060866411857,5.0,5.9,6.055745765912172,7.2
0.5978186601894985,1.1,1.3,1.3,1.5,1.6,1.7,1.8,1.8,1.8,1.9,1.9,2.0,2.1,2.2,2.3,2.3860145100745633,2.459311917748766,2.530512947070702,2.6,2.6,2.6,2.696656111381731,2.8,2.9,2.979256605514607,3.0372862721435707,3.1,3.2,3.2,3.2,3.2,3.2,3.2,3.2,3.2,3.2,3.2,3.2,3.2,3.2,3.2,3.2,3.2,3.2,3.2,3.2,3.2,3.2,3.2,3.2,3.2,3.2,3.238454272860062,3.3,3.3,3.3,3.3,3.3,3.3,3.3,3.3,3.3,3.3,3.3,3.3,3.3,3.3,3.4,3.4,3.474106826669302,3.5,3.5,3.5,3.5,3.5,3.5,3.5,3.5,3.5,3.5,3.5,3.5,3.5,3.6,3.6,3.6,3.6,3.6,3.6780507617360145,3.7,3.7,3.7,3.7,3.7,3.7,3.7,3.7,3.7,3.7,3.7,3.7,3.7,3.7,3.7,3.7729278915505744,3.8,3.8,3.8,3.8,3.8,3.8,3.8,3.8,3.8,3.8,3.8,3.8,3.8,3.8,3.8,3.8,3.8,3.8,3.8,3.8,3.8,3.8,3.8,3.8,3.8,3.8,3.8,3.8,3.8,3.8,3.8,3.8,3.8,3.8,3.8,3.859500077641303,3.9,3.9,4.058462112967839,4.1,4.1,4.1,4.1,4.1,4.1,4.1,4.1,4.181809911496833,4.2,4.2,4.2,4.2,4.2,4.2,4.2,4.2,4.2,4.2,4.2,4.2,4.2,4.2,4.2,4.2,4.2,4.2,4.2,4.3,4.3,4.3,4.3,4.5,4.5,4.5,4.532890268817948,4.6,4.6,4.7,4.7,4.7,4.7,4.7,4.7,4.7,4.907133298446678,5.2,5.2,5.2,5.2,5.6,5.6,5.6,5.7,5.7,5.903817344668415
0.6,0.8221271170439142,1.2,1.3,1.3,1.3797923922871658,1.5,1.600363130524173,1.7,1.7,1.8,1.8,1.8687759612645443,1.9,1.9,1.9104813919600963,2.0,2.0,2.030512947070702,2.1,2.1,2.2,2.2,2.259009029819025,2.419852465712776,2.5,2.5,2.6,2.6,2.6,2.6,2.7,2.8,2.8,2.8,2.9,2.9,2.9,3.1,3.1,3.1,3.1,3.1,3.2,3.2,3.2,3.2,3.2,3.2,3.2,3.2,3.2,3.2,3.2,3.2,3.2,3.2,3.2,3.2,3.2,3.2,3.2,3.2,3.2,3.2,3.2,3.2,3.2,3.2,3.2,3.2,3.2,3.2,3.2,3.2,3.2,3.3,3.3,3.3,3.3,3.3,3.3,3.3,3.3,3.3,3.3,3.3,3.3,3.3,3.3,3.3,3.3,3.3,3.4,3.4,3.4,3.4,3.4,3.4,3.5,3.5,3.5,3.5,3.5,3.5,3.5,3.5,3.5,3.5,3.5,3.5,3.5,3.5,3.5,3.5,3.5,3.5,3.5,3.5,3.5,3.5,3.5,3.5,3.5,3.5,3.6,3.6,3.6,3.6,3.6,3.7,3.7,3.7,3.7,3.7,3.7,3.7,3.7,3.7,3.7,3.7,3.7,3.7,3.7,3.7,3.792345214177163,3.8,3.8,3.8,3.8,3.8,3.8,3.8,3.8,3.8,3.8,3.8,3.8,3.8,3.8,3.8,3.8,3.8,3.8,3.8,3.8,3.8415318772751785,3.9,4.0,4.0,4.1,4.1,4.1,4.1,4.1,4.2,4.2,4.2,4.2,4.2,4.2,4.2,4.2,4.3,4.3,4.3,4.3,4.3,4.3,4.5,4.5,4.6,4.7,4.7,4.713659870944878,5.0,5.082121732823714,5.2,5.6,5.6,6.401090669905262
0.1,0.2,0.2,0.2,0.3,0.3,0.3,0.3,0.3,0.39960928143463265,0.4,0.4,0.4,0.4,0.4,0.4,0.4,0.4,0.4,0.4,0.4,0.4,0.4,0.4,0.4,0.4,0.4,0.4,0.4,0.40370857978006996,0.5,0.5,0.5,0.5,0.5,0.5,0.5,0.5,0.5,0.5,0.5,0.5,0.6,0.6,0.6,0.6,0.6,0.6,0.7,0.7,0.7,0.7,0.7,0.7,0.7,0.7,0.7,0.7,0.7,0.7,0.7,0.7,0.7,0.7,0.7,0.7,0.7,0.7,0.7,0.7,0.7,0.7,0.7,0.7,0.7,0.7,0.7,0.8,0.8,0.8,0.8,0.8,0.8,0.8,0.8,0.8,0.8,0.8,0.8,0.8,0.8,0.8,0.8,0.8,0.8,0.8,0.8,0.8,0.9,0.9,0.9,0.9,0.9,0.9,0.9,0.9,0.9,0.9,0.9,0.9,0.9,0.9,0.9,0.9,0.9,0.9,0.9,0.9,0.9,0.9,0.9,0.9,0.9,0.9,0.9591808414844933,1.0,1.0,1.0,1.0,1.0,1.0,1.0,1.0,1.0,1.0,1.0,1.0,1.0,1.1,1.1,1.1,1.1,1.1,1.2,1.2,1.2,1.2267012041614294,1.3,1.3,1.3,1.3,1.3,1.3,1.3,1.3,1.3,1.3,1.3,1.3,1.3,1.3,1.4,1.4,1.4,1.4,1.4,1.4,1.4,1.4,1.4,1.4,1.4,1.4,1.4,1.4,1.4,1.4,1.4,1.4,1.4,1.5,1.5,1.6,1.6,1.6139854899254376,1.7,1.7,1.7,1.7,1.7,1.7,1.7,1.7,1.8,1.8,1.8,1.841060866411857,1.9713626571738245,2.0,2.377872882956086,3.1021813398105222
0.5972733252368732,0.6,0.6854855139391492,0.7,0.7,0.7,0.7931700645275616,0.8,0.9,0.9,1.0,1.0,1.0,1.0,1.0,1.0,1.0,1.0593119177487658,1.1,1.1,1.1,1.1,1.1,1.1,1.2,1.2,1.2,1.2,1.2,1.2,1.2,1.2,1.2,1.2,1.2,1.2,1.253423758114002,1.3,1.3,1.3,1.3,1.3,1.3,1.359328465857746,1.4,1.4400675399524985,1.5,1.5,1.5,1.5,1.5,1.5,1.5,1.5,1.5,1.6,1.6,1.6,1.6,1.6,1.6,1.6,1.6,1.6,1.6,1.6,1.6,1.6871246204709536,1.7,1.7,1.7,1.7,1.8,1.8,1.8,1.8,1.8,1.8,1.8,1.8,1.8,1.8,1.8,1.8,1.9,1.9,1.9,1.9,1.9,1.9,1.9,1.9,1.9,1.9,1.9,1.9270721084494369,2.0,2.0,2.0,2.0,2.0,2.0,2.0,2.0,2.0,2.0,2.0,2.0,2.0,2.0,2.0,2.0,2.0,2.0,2.0,2.0,2.0,2.1,2.1,2.1,2.1,2.1,2.1,2.1,2.1,2.1,2.1,2.1,2.1693198771606093,2.2,2.2,2.2,2.2,2.2,2.2,2.2,2.3,2.3,2.3,2.3,2.3,2.3,2.3,2.3,2.3,2.3,2.326701204161429,2.4,2.4,2.4,2.4,2.4,2.4,2.4,2.5,2.5,2.5,2.5,2.5,2.5,2.5,2.5,2.5,2.5,2.5,2.5,2.5,2.5,2.5,2.5,2.6,2.696291420219933,2.7,2.7,2.7627137278564304,2.8,2.8,2.8,2.8,2.8,2.8,2.8,2.8,2.9,2.9,2.9,2.9,2.9,2.9,3.0,3.0,3.1,3.2,3.2,3.3,3.3,3.4,3.4713626571738248,3.5,3.7,7.000545334952631
0.39836399514212395,0.6,0.6,0.6,0.6,0.7,0.7,0.7,0.8,0.8,0.8,0.8,0.8687759612645444,0.9,0.9,0.9,0.9,0.9,0.9305129470707023,1.0,1.0,1.0,1.0,1.0,1.0,1.0,1.1,1.1,1.1,1.1,1.1,1.1,1.1,1.2,1.2,1.2,1.2,1.2,1.2,1.2,1.2,1.2,1.2,1.2,1.2,1.2,1.2,1.2,1.2,1.2,1.3,1.3,1.3,1.3,1.3,1.3,1.3,1.3,1.3,1.3,1.3726395696227598,1.4,1.4,1.4,1.5,1.5,1.5,1.5,1.5,1.5,1.5,1.5,1.5,1.5,1.5,1.5,1.5,1.5,1.5,1.6,1.6,1.6,1.6,1.6,1.6,1.6,1.6,1.6,1.6,1.6,1.7,1.7,1.7,1.7,1.7,1.7,1.7,1.7,1.7008886215437287,1.8,1.8,1.8,1.8,1.8,1.8,1.9,1.9,1.9,1.9,1.9,1.9,1.9,1.9,2.0,2.0,2.0,2.0,2.0,2.0,2.0,2.0,2.0,2.0,2.0,2.0,2.0,2.0,2.0,2.0,2.0,2.0,2.0,2.0,2.0,2.0,2.0,2.0,2.0,2.0,2.1,2.1,2.159500077641303,2.2,2.2,2.2,2.2,2.2,2.2,2.2,2.2,2.2,2.2,2.2436777716743395,2.3,2.3,2.3,2.3,2.3,2.4,2.4,2.4,2.4,2.5,2.5,2.5,2.5,2.5,2.5,2.5,2.5,2.5,2.5,2.5,2.5,2.5,2.6,2.7,2.7,2.7033438886182752,2.8,2.8,2.8,2.8,2.8,2.8,2.8,2.8,2.847944441110684,2.9,2.9,2.9,2.9,3.0,3.0996368694758245,3.3068299354724386,3.4202076077128365,4.649704259531996,7.0,7.1,7.1,8.5
0.2,0.2,0.2,0.2,0.2,0.27979239228716574,0.3,0.3,0.3,0.4,0.4,0.4,0.4,0.4,0.4,0.4,0.4,0.4,0.5,0.5,0.5,0.5,0.5,0.5,0.5,0.5,0.5,0.5,0.5,0.5,0.5,0.6,0.6,0.6,0.6,0.6,0.6,0.6,0.6,0.6,0.6,0.6,0.617922626012691,0.7,0.7,0.7,0.7,0.7,0.7,0.7,0.7,0.7,0.7,0.7,0.7,0.7,0.7,0.7749633088836163,0.8,0.8,0.8,0.8,0.8,0.8,0.8,0.8,0.8,0.8,0.8,0.8,0.8,0.9,0.9,0.9,0.9,0.9,0.9,0.9,0.9,0.9,0.9,0.9,0.9,0.9,0.9,0.9,0.9,0.9,0.9,0.9,0.9,0.9,0.9,0.9,0.9,0.9,0.9,0.9,0.9,0.9,0.9,0.9,0.9,0.9,0.9,0.9,0.9,0.9,0.9,0.9,0.9,0.9,0.9,0.9,0.9,0.9,0.9,0.9,0.9,0.9,0.9,0.9,0.9,0.9,0.9,0.9,0.9,0.9,0.9,0.9,0.9,0.9,0.9,0.9,0.9,0.9,0.9,0.9,0.9,0.9,0.9273604303772345,1.0,1.0,1.0,1.0,1.0,1.0,1.0,1.0,1.0,1.0,1.0,1.1,1.1,1.1,1.1,1.1999641242801373,1.2,1.2,1.2242052584359555,1.3,1.3,1.3,1.3,1.3,1.3,1.3,1.3,1.4,1.4,1.4,1.4,1.4505417183933502,1.5,1.5,1.5,1.6,1.6,1.6033438886182751,1.7,1.7,1.7,1.7,1.7,1.7,1.7,1.7,1.7,1.7,1.7,1.7,1.7,1.7,1.7996368694758247,1.8,1.9202076077128367,2.0,2.0,2.0,2.6229830636486895,7.000545334952631
0.6,0.6,0.7854855139391493,0.828637342826178,0.9,0.9,0.9931700645275615,1.0,1.0,1.0,1.0,1.0,1.1,1.1,1.1,1.2,1.2,1.2,1.2,1.2,1.2,1.2,1.2,1.2,1.2,1.2,1.2,1.2,1.2,1.2,1.2,1.2,1.2,1.3,1.3,1.3,1.3,1.3,1.3,1.3,1.3,1.3,1.3,1.3,1.3,1.3,1.3,1.3,1.3,1.3,1.3,1.3,1.3,1.3,1.3,1.3,1.3,1.3749633088836162,1.4,1.4,1.4,1.4,1.4,1.4,1.4,1.4,1.4,1.4,1.4,1.5,1.5,1.5,1.5,1.5,1.5,1.5,1.5,1.5,1.5,1.5,1.5,1.5,1.5,1.5,1.5,1.5,1.5,1.5,1.5,1.5,1.5,1.5,1.6,1.6,1.6,1.6,1.6,1.6,1.6,1.6,1.6,1.6,1.6991113784562686,1.7,1.7,1.7,1.7,1.7,1.7,1.7,1.7,1.7,1.7,1.7722891507838767,1.8,1.8,1.8,1.8,1.8,1.8,1.9,1.9,1.9,1.9,1.9,1.9,1.9,1.9,1.9,1.9,1.9,1.9,1.9,1.9128753795290434,2.0,2.0,2.0,2.0,2.0,2.0,2.0,2.0,2.0,2.0,2.0,2.0,2.1,2.1,2.1,2.1,2.1,2.1,2.1,2.2,2.2,2.2,2.2,2.2,2.2,2.3,2.3,2.4,2.4,2.4,2.4,2.4,2.4,2.4,2.5,2.5,2.5,2.5,2.55054171839335,2.6,2.6,2.6,2.7,2.7,2.7033438886182752,2.8,2.8,2.8,2.8,2.8,2.8,2.8,2.8,2.8,2.8312240387354506,2.9,2.9,3.0,3.0977167337233995,3.2,3.206829935472439,3.3,3.4,3.4,3.5,3.5,3.8103613640999807
0.39945466504737465,0.5,0.5,0.6,0.6,0.6,0.6,0.6,0.6,0.6,0.6,0.6,0.6,0.6,0.7,0.7,0.7,0.8,0.8,0.8,0.8671097311820504,0.9,0.9,0.9,0.9,0.9,0.9,0.9,0.9,0.9,0.9,0.9,0.9,0.9,0.9,0.9064060121547399,1.0,1.0,1.0,1.0,1.0,1.0,1.0,1.0,1.1,1.1,1.1,1.1,1.1,1.1,1.1,1.1,1.1031051118148356,1.2,1.2,1.2,1.2,1.2,1.2,1.2,1.2,1.2,1.2,1.2,1.2,1.2,1.2,1.2,1.2,1.2,1.2,1.2,1.2,1.2,1.2,1.2,1.2,1.2,1.2,1.2,1.2,1.2,1.2,1.2,1.2,1.2,1.2,1.2,1.2,1.2780507617360144,1.3,1.3,1.3,1.3,1.3,1.3,1.3,1.3,1.3,1.3,1.3,1.3,1.3,1.3,1.3,1.3,1.3,1.3,1.3,1.3,1.3,1.3,1.3,1.3,1.3,1.3,1.3,1.3,1.3,1.3,1.3,1.3,1.3,1.3,1.3,1.3,1.3,1.3,1.3,1.3,1.3,1.3,1.3,1.3,1.3,1.4,1.4,1.4,1.4,1.4,1.4,1.4,1.4,1.4,1.4,1.4,1.4,1.4,1.4,1.4,1.4,1.5,1.5,1.5,1.5,1.5,1.5,1.5,1.5,1.5,1.5,1.5,1.5,1.5,1.5,1.5,1.5,1.6,1.6,1.6,1.6,1.6,1.6,1.6,1.6,1.7,1.7,1.7,1.7,1.7,1.7,1.7,1.7,1.7,1.7,1.7895186080399073,1.8,1.8,1.8,1.8,1.8,1.9,1.9,2.0,2.0,2.0,2.041060866411857,2.1,2.3145144860608466,2.7114915318243447,2.8032720097157835
0.2,0.2,0.2,0.3,0.3,0.3,0.3,0.3,0.3,0.3,0.3,0.3,0.3,0.3,0.3,0.3,0.3,0.3,0.3,0.3,0.3,0.3,0.3,0.3,0.3,0.3,0.3,0.3,0.3,0.3,0.3,0.3,0.3,0.3,0.3,0.3,0.3,0.3,0.3,0.3,0.3,0.3,0.3,0.3,0.3,0.3,0.3,0.3,0.3,0.3,0.3,0.3,0.3,0.3,0.3,0.3,0.3,0.3,0.3,0.3,0.3,0.3,0.3,0.3,0.3,0.4,0.4,0.4,0.4,0.4,0.4,0.4,0.4,0.4,0.4,0.4,0.4,0.4,0.4,0.4,0.4,0.4,0.4,0.4,0.4,0.4,0.4,0.4,0.4,0.4,0.4,0.4,0.4,0.4,0.4,0.4,0.4,0.4,0.4,0.4,0.4,0.4,0.4,0.4,0.4,0.4,0.4,0.4,0.4,0.4,0.49692609314782316,0.5,0.5,0.5,0.5,0.5,0.5,0.5,0.5,0.5,0.5,0.5,0.5,0.5,0.5,0.5,0.5,0.5,0.5,0.5,0.5,0.5,0.5,0.5,0.5,0.5,0.5,0.5,0.5,0.5,0.5,0.5,0.5,0.5250366911163781,0.6,0.6,0.6,0.6,0.6,0.6,0.6,0.6,0.6,0.6,0.7,0.7,0.7,0.7,0.8,0.8,0.8,0.8,0.8,0.8,0.8,0.8,0.9,0.9,0.9,0.9,0.9,0.9,0.9,0.9,0.9,0.9,0.9,0.9,0.9,0.9,0.9,0.9,0.9,1.0,1.0,1.0,1.0,1.0,1.0312240387354508,1.1,1.107133298446678,1.3,1.3,1.3,1.4,1.4,1.4,1.7,1.7,1.7,1.8010906699052611
0.2,0.2,0.3,0.3,0.3,0.37979239228716577,0.4,0.4,0.4,0.4,0.5,0.5,0.5,0.5,0.5,0.5,0.5,0.5,0.5,0.5,0.5671097311820503,0.6,0.6,0.6,0.6,0.6,0.6,0.6,0.6,0.6,0.7,0.7,0.7,0.7,0.7,0.7,0.7,0.7,0.7,0.7,0.8,0.8,0.8,0.8,0.8,0.8,0.8,0.8,0.8,0.8,0.8,0.8,0.9,0.9,0.9,0.9,0.9,0.9,0.9,0.9,0.9,0.9,0.9,0.9,0.9,0.9,0.9,0.9,0.9,0.9,0.9,0.9,0.9,0.9,0.9,0.9,0.9,0.9,0.9,0.9,0.9,0.9,0.9,0.9,0.9,0.9,0.9,0.9,0.9,0.9,0.9,0.9,0.9,0.9,0.9,0.9,0.9,0.9,0.9,0.9,0.9,0.9,0.9,0.9236884075919989,1.0,1.0,1.0,1.0,1.0,1.0,1.0,1.0,1.0,1.0,1.0,1.1,1.1,1.1,1.1,1.1,1.1,1.1,1.1,1.1,1.1,1.1,1.1,1.1,1.1,1.1974723766741249,1.2,1.2,1.2,1.2,1.2,1.2,1.2,1.2,1.2,1.2,1.2,1.2,1.3,1.3,1.3,1.3,1.3,1.3,1.3,1.3,1.3,1.3,1.3,1.3,1.3,1.3,1.3,1.3,1.3,1.3,1.3,1.3,1.3551727712629769,1.4,1.4,1.4,1.4,1.4,1.5,1.5,1.5,1.5,1.5,1.5,1.5,1.6,1.6,1.6,1.6,1.6,1.6,1.7,1.7,1.7,1.7,1.7,1.7,1.7,1.7,1.7,1.7,1.7,1.7,1.7996368694758247,1.9,1.9,2.0,2.0,2.0,2.2557457659121725,2.9
0.2,0.2,0.2,0.2,0.3,0.3,0.3,0.3,0.4,0.4,0.4,0.4,0.4,0.4,0.4,0.4,0.5,0.5,0.5,0.5,0.5,0.5,0.5,0.5,0.5,0.5,0.5,0.5,0.5,0.5,0.5,0.5,0.5,0.5,0.5,0.5,0.6,0.6,0.6,0.6,0.6,0.6,0.6,0.6,0.6,0.6,0.6,0.6,0.6563222283256663,0.7,0.7,0.7,0.7,0.7,0.7,0.7,0.7,0.7,0.7,0.8,0.8,0.8,0.8,0.8,0.8,0.8,0.8,0.8,0.8,0.8,0.8,0.8,0.8,0.8,0.8,0.9,0.9,0.9,0.9,0.9,0.9,0.9,0.9,0.9,0.9,0.9,0.9,0.9,0.9,0.9,0.9,0.9,0.9,0.9,0.9,0.9,0.9,0.9,0.9,0.9,0.9,0.9,0.9,0.9,0.9,0.9,0.9,0.9,0.9,0.9,0.9,0.9,0.9,0.9,0.9,0.9,0.9,0.9,0.9,0.9,0.9,0.9,0.9,0.9,0.9,0.9,0.9,1.0,1.0,1.0,1.0,1.0,1.0,1.0,1.0,1.0,1.0,1.0,1.0,1.0956215100637168,1.1,1.1,1.1,1.1,1.1,1.1,1.1,1.1,1.1,1.1,1.1,1.1,1.1,1.1,1.1,1.2,1.2,1.2,1.2,1.2,1.2,1.2,1.2,1.2,1.246576241885998,1.3,1.3,1.3,1.3,1.3,1.3,1.3,1.3,1.3,1.3,1.3,1.3801475342872322,1.4,1.4,1.5,1.5,1.5,1.5,1.6,1.6,1.6,1.7,1.7,1.7,1.7,1.7,1.7,1.7,1.7,1.7,1.7,1.8,1.8,1.9,2.0,2.101090669905261
0.19945466504737464,0.2,0.2,0.2,0.25893913358813825,0.3,0.3,0.3,0.3,0.3,0.3,0.3,0.3,0.3,0.3,0.3,0.3,0.3,0.3,0.3,0.3,0.3,0.3,0.3,0.3,0.3,0.3,0.3,0.3494582816066526,0.4,0.4,0.4,0.4,0.4,0.4,0.4,0.4,0.4,0.4,0.4,0.4,0.4,0.4,0.4,0.4,0.4,0.4,0.4,0.4,0.4,0.4,0.4,0.4,0.4,0.4,0.4,0.4,0.4,0.4,0.4,0.4,0.4,0.4,0.4,0.4,0.4,0.4,0.48712462047095356,0.5,0.5,0.5,0.5,0.5,0.5,0.5,0.5,0.5,0.5,0.5,0.5,0.5,0.5,0.5,0.5,0.5,0.5,0.5,0.5,0.5,0.5,0.5,0.5,0.5,0.5,0.5,0.5,0.5,0.5,0.5,0.5,0.5,0.5,0.5,0.5236884075919989,0.6,0.6,0.6,0.6,0.6,0.6,0.6,0.6,0.6,0.6,0.6,0.6,0.648666772365334,0.7,0.7,0.7,0.7,0.7,0.7,0.7,0.7,0.7,0.7,0.8,0.8,0.8,0.8,0.8,0.8,0.8,0.8,0.8,0.8,0.8,0.8,0.8,0.8,0.8595000776413031,0.9,0.9,0.9,0.9,0.9,0.9,0.9,0.9,0.9,0.9,0.9,0.9,0.9,0.9,0.9,0.9,0.9,0.9,0.9,0.9,0.9,0.9,0.9,0.9,0.9,0.9,0.9,0.9,1.0,1.0,1.0,1.0,1.0,1.0,1.0,1.0,1.0,1.0,1.1,1.1,1.1,1.1,1.2139854899254374,1.3,1.3,1.3,1.3,1.3,1.3,1.4,1.4,1.4,1.5,1.5,1.6,1.6,1.7,1.8,2.0
0.7,0.8,1.1,1.2286373428261779,1.3,1.3,1.4,1.4003631305241728,1.5,1.5,1.5,1.5,1.5,1.5,1.5,1.5,1.5,1.5,1.5,1.5,1.5,1.532717428414268,1.6,1.6,1.6,1.6,1.6,1.6,1.6,1.6,1.6,1.6,1.6,1.6,1.6,1.6,1.6,1.6,1.7,1.7,1.7,1.7,1.7,1.7,1.7,1.7,1.7,1.7,1.7,1.7938612343310383,1.8,1.8,1.8,1.8,1.8732987958385678,1.9,1.9,1.9,1.9,1.9,1.9,1.9,1.9,1.9,1.9,1.9,1.9,1.9,1.9,1.9,2.0,2.0,2.0,2.0,2.0,2.0,2.0,2.0,2.0,2.0,2.0474948492296106,2.1,2.1,2.1,2.1,2.1,2.1,2.1,2.1,2.1,2.1,2.1,2.1,2.1,2.1,2.1,2.1,2.1,2.1,2.1,2.1,2.1,2.1,2.1,2.2,2.2,2.2,2.2,2.2,2.2,2.2,2.2,2.2,2.2,2.2,2.2,2.2,2.2,2.2,2.2,2.2,2.2,2.2,2.2,2.2,2.2,2.2,2.2,2.2,2.2,2.2,2.2,2.2,2.2,2.2,2.2,2.2,2.2,2.2,2.2,2.2,2.2,2.2,2.2,2.2,2.292345214177163,2.3,2.3,2.3,2.3,2.3,2.3,2.3,2.3,2.3,2.3,2.3,2.3,2.4,2.4,2.4,2.4,2.4,2.4,2.4,2.4,2.4,2.4,2.5,2.5,2.543198843880208,2.6,2.6,2.6,2.6,2.7,2.8,2.8,2.9,2.9,2.9,2.9,2.9,2.9406880822512336,3.0,3.0,3.0,3.0,3.0312240387354508,3.1,3.1071332984466777,3.3,3.3,3.3996368694758243,3.5,3.5,3.7,3.7,3.7,3.877872882956086,4.201090669905262
0.6994546650473746,0.7,0.8,0.828637342826178,1.0,1.1,1.1931700645275616,1.2,1.2,1.3,1.3,1.3,1.3,1.3,1.3,1.4,1.4,1.4,1.5,1.5,1.5,1.5,1.5,1.5,1.5,1.5,1.5,1.5,1.5,1.5,1.5,1.5,1.5,1.5,1.5,1.5,1.5,1.5,1.5,1.5,1.5,1.5,1.5,1.5,1.5,1.5,1.5,1.5,1.5,1.5,1.5308259810188758,1.6,1.6,1.6,1.6,1.6,1.6,1.6,1.6,1.6,1.6,1.6,1.6,1.6,1.6,1.6,1.6,1.6,1.6,1.6,1.6,1.6,1.6,1.6,1.6,1.6,1.6,1.7,1.7,1.7,1.7,1.7,1.7,1.7,1.7,1.7,1.7,1.7,1.7,1.7,1.7,1.7,1.7,1.7,1.7,1.7,1.7517089421772567,1.8,1.8,1.8,1.85,1.9,1.9,1.9,1.9,1.9,1.9,1.9,1.9,1.9,1.9969260931478232,2.0,2.0,2.0,2.0,2.1,2.1,2.1,2.1,2.1,2.1,2.1,2.1,2.1,2.1,2.1,2.1,2.1,2.1,2.1,2.1,2.1,2.1,2.1,2.1,2.1,2.1,2.133292681424257,2.2,2.2,2.2,2.2,2.2,2.2,2.2,2.2,2.2,2.2,2.2,2.2,2.2,2.2,2.2,2.2,2.2,2.2,2.2,2.2,2.2,2.2,2.2,2.2,2.2,2.2,2.2,2.2,2.2,2.2,2.2,2.2,2.2,2.2,2.2,2.2,2.2,2.2,2.2,2.3,2.3,2.3,2.3328902688179483,2.4,2.4,2.4,2.5,2.5,2.5674450063076963,2.6,2.6,2.6,2.707133298446678,2.8003907185653643,2.9,3.0,3.1,3.3202076077128364,3.4410608664118567,3.5,3.6,3.777872882956086,4.211997368957873
0.2,0.2,0.2,0.3,0.3,0.3,0.4,0.4,0.4,0.5,0.5,0.5,0.5,0.5,0.5,0.5,0.5,0.5,0.5,0.5,0.5,0.5,0.5,0.5,0.5198524657127763,0.6,0.6,0.6,0.6,0.6,0.6,0.6,0.6,0.6,0.6,0.6,0.6,0.6,0.6,0.6,0.6,0.6,0.6,0.6,0.6,0.6,0.6,0.6,0.6,0.6,0.6,0.6,0.6,0.6,0.6,0.6,0.6,0.6,0.7,0.7,0.7,0.7,0.7,0.7,0.7,0.7,0.7,0.7,0.7,0.7,0.7,0.7,0.7,0.7,0.7,0.7,0.7,0.7,0.7,0.7,0.7,0.7,0.7,0.7,0.7,0.7,0.7,0.7,0.7,0.7,0.7,0.7,0.7,0.7,0.7,0.7,0.7,0.7,0.7,0.7,0.7,0.7,0.7,0.7,0.7,0.7,0.7,0.7,0.7,0.7,0.7,0.7,0.7,0.7,0.7,0.7,0.8,0.8,0.8,0.8,0.8,0.8,0.8,0.8,0.8,0.8,0.8,0.8,0.8,0.8,0.8,0.8,0.8,0.8,0.8,0.8,0.8,0.8,0.8,0.8,0.8,0.8,0.8,0.8,0.8,0.8,0.8,0.8,0.8,0.8,0.8,0.8,0.8,0.8,0.8,0.8,0.8,0.8,0.8,0.8,0.8670798011073145,0.9,0.9,1.0,1.0,1.0,1.0,1.0904241395586212,1.1,1.1,1.1,1.1,1.1,1.1,1.1,1.1,1.1,1.1,1.1,1.1,1.1328902688179483,1.2,1.2,1.2,1.2,1.2,1.2,1.2,1.2,1.3,1.3,1.3,1.4,1.4996368694758246,1.5,1.6,1.7,1.7,1.7,1.7,2.404908014573675
0.4994546650473746,0.6,0.6,0.6,0.8,0.8,0.8,0.9,0.9,0.9996092814346327,1.0,1.0,1.0687759612645444,1.1,1.2,1.2,1.2,1.2,1.3,1.3,1.3,1.3,1.3966561113817306,1.4,1.4,1.4,1.4,1.4,1.4494582816066526,1.5,1.5,1.5,1.5,1.5,1.5,1.5,1.5,1.5,1.5,1.5,1.5,1.5,1.6,1.6,1.6,1.6,1.6,1.6,1.6,1.6,1.6,1.6,1.6031051118148356,1.7,1.7,1.7,1.7,1.7,1.7,1.7,1.7,1.7,1.7,1.7667073185757431,1.8,1.8,1.8,1.8,1.8,1.8,1.8,1.8,1.8,1.8,1.8,1.8,1.8,1.8,1.8,1.8,1.8,1.8,1.8,1.8,1.8,1.8,1.8,1.8,1.8,1.8,1.8,1.9,1.9,1.9,1.9,1.9,1.9,1.9,1.9,1.9,1.9,1.9,1.9,1.9,1.9482910578227461,2.0,2.0,2.0,2.0,2.0,2.0,2.0,2.0,2.0,2.0,2.0,2.0,2.0,2.0,2.0,2.0,2.0,2.1,2.1,2.1,2.1,2.1,2.1,2.1,2.1,2.1,2.1,2.1,2.1,2.1,2.2,2.2,2.2,2.2,2.2,2.2,2.2,2.2,2.2,2.3,2.3,2.3,2.361545727139935,2.4,2.4,2.4,2.4,2.4,2.4,2.5,2.5,2.5,2.5,2.5,2.6,2.6,2.6,2.6,2.7,2.7,2.7,2.7,2.7,2.7,2.7,2.7,2.7,2.8,2.8,2.8,2.8,2.8,2.8,2.8,2.8672825715857355,2.9,2.9,2.9,2.9,3.0,3.0,3.1,3.1,3.131224038735451,3.2,3.2,3.2,3.2977167337233992,3.3,3.4068299354724387,3.5,3.641060866411857,3.7,3.8,4.255745765912172,4.910361364099981
0.19945466504737464,0.4221271170439142,0.6,0.6,0.6,0.6,0.6,0.6,0.6,0.6996092814346326,0.7,0.7,0.7,0.7,0.8,0.8,0.8,0.8,0.8,0.8,0.8671097311820504,0.9,0.9,0.9,0.9198524657127763,1.0,1.0,1.0,1.0,1.00370857978007,1.1,1.1,1.1,1.1095758604413761,1.2,1.2,1.2,1.2,1.2,1.2,1.2,1.2,1.2,1.2,1.2,1.2,1.2,1.2,1.2563222283256663,1.3,1.3,1.3,1.3,1.3,1.3,1.3,1.3415378870321604,1.4,1.4,1.4,1.4,1.4,1.4,1.4,1.4,1.5,1.5,1.5,1.5,1.5,1.5,1.5,1.5,1.5,1.5,1.5,1.6,1.6,1.6,1.6,1.6,1.6,1.6,1.6,1.6,1.6769201272425165,1.7,1.7,1.7,1.7,1.7,1.7,1.7,1.7,1.8,1.8,1.8,1.8,1.8,1.8,1.8,1.8,1.8,1.8,1.8,1.8,1.8,1.8,1.8,1.8,1.8,1.8,1.8,1.8,1.8,1.8,1.9,1.9,1.9,1.9,1.9,1.9,1.9,1.9,1.9,1.9,2.0,2.0,2.0,2.0,2.0,2.0,2.0,2.0,2.0,2.0,2.0,2.0,2.0,2.0,2.0,2.0,2.0920541497097473,2.1,2.1,2.1,2.1,2.1,2.1,2.1,2.1,2.1,2.1,2.1,2.1,2.1,2.2,2.2,2.2,2.2,2.2,2.3,2.3,2.4,2.4,2.4,2.5,2.5,2.6,2.6,2.7,2.7,2.7,2.7,2.7,2.7,2.7,2.7,2.7,2.7,2.7,2.8,2.8,2.8,2.8,2.8,2.8,2.8,2.8,2.8,2.8,2.9,2.9,3.0996368694758245,3.1,3.2,3.2,3.2713626571738246,3.3,3.477872882956086,4.313633373815764
0.1,0.1,0.2,0.2,0.2,0.3,0.4,0.5,0.5,0.5,0.5,0.5824747633424777,0.6,0.6,0.6,0.6,0.6,0.6,0.6,0.6,0.6,0.6,0.6,0.7,0.7,0.7,0.7,0.7,0.7,0.7,0.7,0.7,0.7,0.7,0.7,0.7,0.7,0.7,0.7,0.7,0.7,0.7,0.7,0.7,0.7,0.7,0.7,0.7,0.7,0.7,0.7,0.7,0.7,0.7,0.7,0.7,0.7,0.7,0.7,0.7,0.7,0.7,0.7,0.7,0.8,0.8,0.8,0.8,0.8,0.8,0.8,0.8,0.8,0.8,0.8,0.8,0.8,0.8,0.8,0.821115852667802,0.9,0.9,0.9,0.9,0.9,0.9,0.9,0.9,0.9,0.9,0.9,0.9,0.9,0.9,0.9,0.9,0.9,0.9,0.9,0.9,0.9,0.9,0.9,1.0,1.0,1.0,1.0,1.0,1.0,1.0,1.0,1.0,1.0,1.0,1.0,1.1,1.1,1.1,1.1002692641843907,1.2,1.2,1.2,1.2,1.2,1.2,1.2,1.2,1.2,1.2,1.2,1.2,1.2,1.2,1.2,1.2,1.2,1.2,1.2,1.2,1.2,1.2,1.2,1.2,1.2,1.2,1.2,1.2,1.2,1.2,1.2,1.2,1.2,1.2,1.2,1.2205547246477124,1.3,1.3,1.3,1.3,1.3,1.3,1.3,1.3,1.3,1.3,1.3,1.3,1.3,1.3,1.3,1.3,1.4,1.4,1.4,1.4,1.4,1.4,1.4,1.4,1.4,1.4,1.4,1.4,1.4,1.4,1.4,1.5,1.5,1.5312240387354508,1.6,1.6,1.7,1.7,1.8,2.0,2.0,2.0,2.071362657173825,2.3,2.7336186488682586,2.904908014573675
0.7989093300947493,0.9221271170439141,1.0,1.2,1.2,1.2,1.3,1.3,1.3,1.3,1.3,1.3,1.4,1.4,1.4,1.4,1.4,1.4,1.4,1.4,1.5,1.5,1.5,1.5,1.5,1.5,1.5,1.5,1.5,1.50370857978007,1.6,1.6,1.6,1.6,1.6,1.7,1.7,1.7,1.7,1.7,1.7,1.7,1.7,1.7,1.7,1.7,1.7,1.7,1.7,1.7,1.7,1.7,1.7,1.7,1.7732987958385678,1.8,1.8,1.8,1.8,1.8,1.8,1.8,1.8,1.8,1.8,1.9,1.9,1.9,1.9,1.9,1.9,1.9,1.9,1.9,1.9,1.9,1.9,1.9,1.9,1.9,1.9,1.9,1.9,1.9,2.0,2.0,2.0,2.0,2.0,2.0,2.0,2.0,2.0,2.0,2.0,2.0,2.0,2.0,2.0,2.0,2.0,2.0,2.0,2.0,2.0,2.0,2.0,2.1,2.1,2.1,2.1,2.1,2.1,2.1,2.1,2.2,2.2,2.2,2.2,2.2,2.2,2.2,2.2,2.2,2.2,2.2,2.2,2.2,2.2,2.3,2.3,2.4,2.4,2.4,2.4,2.4,2.4,2.4,2.4,2.4,2.4,2.4,2.5,2.5,2.5,2.5,2.5,2.5,2.5,2.5,2.5,2.5,2.5,2.5,2.5,2.5,2.5,2.540671534142251,2.6,2.6,2.6,2.6,2.6,2.6,2.6,2.6,2.7,2.7,2.7,2.8,2.8,2.8,2.8,2.8,2.8,2.8,2.8,2.8,2.8,2.8,2.8,2.9,2.9,2.9,2.9,2.9,2.9,2.9,3.0,3.0,3.0,3.1,3.1,3.2,3.3068299354724386,3.4202076077128365,3.541060866411857,3.7,3.714514486060847,4.0,4.501636004857891
0.6,0.8221271170439142,1.0854855139391493,1.1,1.2,1.2,1.2931700645275617,1.3,1.3,1.3,1.4,1.4,1.4,1.4,1.5,1.5,1.5,1.5,1.5,1.5,1.5,1.6,1.6,1.6,1.7,1.7,1.7,1.7,1.7,1.7,1.7,1.7,1.7,1.7,1.7,1.7,1.7,1.7,1.8,1.8,1.8,1.8,1.8,1.8,1.8,1.8,1.8,1.8,1.8,1.8,1.8,1.8,1.8,1.9,1.9,1.9,1.9,1.9,1.9,1.9,1.9,1.9,1.9,1.9,1.9,1.9,1.9,1.9,1.9,1.9,1.9,1.9,1.9306801228393908,2.0,2.0,2.0,2.0,2.0,2.0,2.0,2.0,2.0,2.0,2.0,2.0,2.0,2.0,2.0,2.0,2.0,2.0,2.0,2.0,2.0,2.0,2.0,2.0,2.0,2.0,2.0,2.0,2.0,2.1,2.1,2.1,2.1,2.1,2.1,2.1,2.1,2.1,2.2,2.2,2.2,2.2,2.2,2.2,2.2,2.2,2.2,2.3,2.3,2.305449935582612,2.4,2.4,2.4,2.4,2.4,2.4,2.4,2.4,2.4,2.4,2.4,2.4,2.4,2.4,2.4,2.4,2.4,2.4,2.4,2.4,2.4,2.4,2.4,2.5,2.5,2.5,2.5,2.5,2.5,2.5,2.5,2.5,2.5,2.5,2.5,2.5,2.5,2.5,2.5,2.5,2.5,2.5,2.5,2.5,2.5,2.5,2.5,2.5,2.5,2.5,2.6,2.6,2.6,2.6,2.6,2.7,2.7,2.8,2.8,2.8,2.8,2.8,2.8,2.8,2.8,2.9,2.9,2.9,2.9,3.0,3.1996368694758246,3.3,3.4,3.5,3.6427253143476492,3.714514486060847,4.155745765912172,4.5
0.19945466504737464,0.2,0.2,0.2,0.25893913358813825,0.3,0.3,0.3,0.3,0.3,0.3,0.3,0.3,0.3,0.3,0.4,0.4,0.4,0.4,0.4,0.4,0.4,0.4,0.4,0.4,0.4,0.4,0.4,0.4,0.4,0.4,0.4,0.4,0.4,0.4,0.5,0.5,0.5,0.5,0.5,0.5,0.5,0.5,0.5,0.5,0.5,0.5,0.5,0.5,0.5,0.5,0.5,0.5,0.5,0.5,0.5,0.5,0.5,0.5,0.5,0.5,0.5,0.5,0.5,0.5,0.5,0.5,0.5,0.5,0.5,0.5,0.5,0.5,0.5,0.5,0.5,0.5,0.5,0.6,0.6,0.6,0.6,0.6,0.6,0.6,0.6,0.6,0.6,0.6,0.6,0.6,0.6,0.6,0.6,0.6023925098791608,0.7,0.7,0.7,0.7,0.7,0.7,0.7,0.7,0.7,0.7,0.7,0.7976074901208392,0.8,0.8,0.8,0.8,0.8,0.8,0.8,0.8,0.8,0.8,0.8,0.8,0.8,0.8,0.8,0.8,0.8,0.8,0.9,0.9,0.9,0.9,0.9,0.9,0.9,0.9,0.9,0.9,0.9,0.9,1.0,1.0,1.0,1.0,1.0,1.0,1.0,1.0,1.0,1.0,1.0,1.0,1.0,1.0,1.0,1.0,1.0,1.0,1.0,1.0,1.0,1.0,1.0,1.0,1.0,1.0,1.0,1.0,1.0,1.0,1.0,1.0,1.0,1.0,1.0,1.1,1.1,1.1,1.2,1.2,1.2,1.203343888618275,1.3,1.3,1.3,1.3,1.3,1.4,1.4,1.4,1.4,1.4,1.5,1.5,1.5,1.5,1.5996368694758247,1.606829935472439,1.7,1.7,1.7,1.8,2.0,2.203272009715784
0.7,0.9221271170439141,1.1,1.2,1.4,1.5,1.5,1.500363130524173,1.6,1.6,1.8,1.8,1.8,1.9,1.9,1.9,1.9,2.0,2.0,2.0,2.0,2.0,2.096656111381731,2.1,2.1,2.1,2.137286272143571,2.2,2.2,2.2,2.2,2.3,2.3,2.4,2.4,2.4,2.4,2.4,2.4,2.489273309875608,2.5,2.5,2.5,2.5,2.5,2.5,2.6,2.6,2.6,2.6,2.6,2.7,2.7,2.7,2.7,2.707654785822831,2.8,2.8,2.8079458502902526,2.9,2.9,2.9,2.935730053136092,3.0,3.0,3.0275897391896875,3.1,3.1,3.1,3.1,3.1,3.1,3.1,3.1,3.1862229635458164,3.2,3.2,3.2,3.2945500644173844,3.3,3.3,3.3,3.3,3.3,3.3,3.3,3.3,3.3,3.3,3.3,3.3,3.328010926291105,3.4,3.4,3.4,3.4,3.4,3.5,3.5,3.5,3.5,3.5,3.5,3.5,3.5,3.5,3.5,3.5,3.5471294307578547,3.6,3.7,3.7,3.7,3.7,3.7,3.7,3.8,4.07439350157847,4.1,4.1,4.1,4.1,4.1,4.1,4.1,4.1,4.1,4.1,4.1,4.1,4.125893173330689,4.2,4.2,4.2,4.2,4.2,4.2,4.2,4.2,4.3,4.3,4.3,4.3,4.3,4.3,4.3,4.3,4.3,4.3,4.3,4.3,4.306138765668953,4.5,4.5,4.5,4.5,4.5,4.5,4.5,4.5,4.5,4.5,4.5,4.5,4.5,4.5,4.5,4.5,4.5,4.5,4.5,4.5,4.5,4.6,4.6,4.6,4.6,4.6,4.7,4.7,4.7,4.9,4.9,5.0220642467537004,5.2,5.5580744321596285,5.667445006307696,5.7,5.7,5.7,5.7,5.7,5.7,5.9,6.4,6.6,6.6,6.6,6.6,6.755745765912172,7.000545334952631
0.7994546650473747,1.1,1.2,1.2,1.4,1.4797923922871656,1.5,1.5,1.5,1.5996092814346328,1.6,1.6,1.8,1.8,1.8,1.8,1.8,1.8,1.9,1.9,1.9,1.9,1.9,2.0,2.0,2.0,2.0,2.0,2.0,2.0,2.0,2.0,2.1,2.1,2.1,2.1,2.1,2.1,2.2,2.2,2.2,2.2,2.2,2.2,2.3,2.3,2.4,2.4,2.4,2.4,2.4,2.4,2.4,2.5,2.5,2.5,2.5,2.5,2.5,2.5404999223586855,2.6,2.6,2.6,2.6,2.7,2.7,2.7,2.7,2.7,2.7,2.7,2.8,2.8,2.8,2.8,2.8,2.840819158515501,2.9,2.9,3.0,3.0474948492296106,3.1,3.1,3.1,3.1,3.1,3.1,3.1,3.1,3.2,3.2,3.2,3.2,3.2,3.202392509879161,3.3,3.3,3.3,3.3,3.3,3.3,3.3,3.3,3.3,3.3,3.3,3.3,3.322338458626433,3.4,3.4,3.4,3.4,3.4,3.4,3.5,3.5,3.5,3.5,3.5,3.5,3.5,3.5,3.5,3.5,3.6,3.6,3.613777036454178,3.7,3.7,3.7,3.7,3.7,3.7835834762872875,3.8,4.042480395589342,4.1,4.1,4.1,4.1,4.1,4.1,4.1,4.1,4.1,4.1,4.1,4.2,4.2,4.2,4.2,4.2,4.2,4.2,4.2,4.3,4.3,4.3,4.3,4.3,4.3,4.3,4.3,4.3,4.3,4.5,4.5,4.5,4.5,4.5,4.5,4.5,4.5,4.5,4.5,4.5,4.5,4.5,4.5,4.5,4.5,4.5,4.5,4.6,4.6,4.6,4.6,4.6,4.7,4.7,4.9,4.9,5.2,5.5954334674467985,5.7,5.7,5.7,5.7,6.256813285869123,6.6,6.6,6.602726674763153
0.6994546650473746,0.7,0.8854855139391493,1.1,1.1,1.2,1.2,1.2,1.2,1.3992185628692653,1.4,1.4,1.4,1.5,1.5,1.5,1.5,1.5,1.5,1.5,1.5,1.5,1.6,1.6,1.6,1.6,1.7,1.7,1.7,1.8,1.8,1.8,1.8,1.8,1.8,1.8,1.8,1.8,1.8,1.8,1.8,1.8,1.9,1.9,1.9,1.9,1.9,1.9,1.9,1.9,1.9,1.9,1.9,2.0,2.0,2.0,2.0,2.0,2.0,2.0,2.0,2.0,2.0,2.0,2.0,2.0,2.0,2.0,2.0,2.0,2.0,2.0,2.0,2.0,2.1,2.1,2.1,2.1,2.1,2.1,2.1,2.1,2.1,2.1,2.1,2.1,2.1,2.1,2.1,2.2,2.2,2.2,2.2,2.2,2.2,2.2,2.2,2.3,2.3,2.3,2.4,2.4,2.4,2.4,2.4,2.4,2.4,2.4,2.4,2.4,2.4,2.4219492382639882,2.5,2.5,2.5,2.5,2.5,2.5,2.5,2.5,2.552505150770389,2.6,2.6,2.6,2.6,2.6,2.6,2.6,2.7,2.7,2.7,2.7,2.7,2.8,2.8,2.8,2.8,2.8,2.8,2.8,2.9,2.9,2.9,2.9,3.0,3.1,3.1,3.1,3.196894888185165,3.2,3.2,3.2,3.3,3.3,3.3,3.3,3.3,3.3,3.4,3.4,3.4,3.4,3.4,3.5,3.5,3.5,3.5,3.5,3.5,3.59121831144011,3.6,3.696291420219933,3.7505417183933503,4.1,4.1,4.1,4.1,4.2,4.2,4.267282571585736,4.3,4.3,4.3,4.381376164502467,4.5,4.5,4.5,4.5,4.5,4.5,4.5,4.6,4.6,4.7,4.9,5.16062282313851,5.7,6.4,6.6,6.8,6.801636004857891
0.5994546650473747,0.6,0.6854855139391492,0.7,0.7589391335881382,0.8,0.8,0.8,0.8,0.8996092814346327,0.9,0.9,0.9,0.9,1.0,1.0,1.0860145100745635,1.1593119177487659,1.2,1.2,1.2,1.2,1.2,1.2,1.2,1.2,1.2,1.3,1.3,1.4,1.4,1.4,1.4,1.4,1.4,1.4,1.453423758114002,1.5,1.5,1.5,1.5,1.5,1.5,1.5,1.5,1.5,1.5,1.5,1.5563222283256664,1.6,1.6,1.6,1.6,1.6,1.6,1.607654785822831,1.7,1.7,1.7,1.7,1.7,1.7043784899362862,1.8,1.8,1.8,1.8,1.8,1.8,1.8,1.8,1.8,1.8,1.8,1.8,1.8,1.9,1.9,1.9,1.9,1.9,1.9,1.9,1.9,1.9,1.9,1.9,1.9,1.9,1.9,1.9,1.9,1.9,1.9528705692421482,2.0,2.0,2.0,2.0,2.0,2.0,2.0,2.0,2.0,2.0,2.0,2.0,2.0,2.0,2.0,2.0,2.0,2.0,2.0,2.0,2.0,2.0,2.0,2.0,2.0,2.0,2.0,2.0,2.0,2.0,2.0,2.0,2.0,2.0,2.0,2.0,2.0,2.0,2.0,2.0,2.0,2.0,2.0,2.0,2.0,2.0,2.0,2.0,2.0,2.0920541497097473,2.1,2.1,2.1,2.1,2.1,2.1,2.1,2.1,2.1,2.1,2.1,2.1,2.1,2.1,2.1,2.1,2.1,2.1,2.1,2.1,2.1,2.1,2.1,2.1,2.1,2.1,2.1,2.1,2.1,2.1,2.2,2.2,2.2,2.2,2.3,2.4,2.4,2.4328902688179483,2.500258245611019,2.6,2.7,2.7,2.7,2.8,2.8,2.8,2.8,2.9,3.0,3.0977167337233995,3.1996368694758246,3.2,3.3,3.4,3.4713626571738248,3.614514486060847,3.777872882956086,5.204908014573675
0.2994546650473746,0.6,0.6,0.6,0.7,0.7,0.7,0.7,0.7,0.7996092814346327,0.8,0.8,0.8,0.8,0.8,0.8,0.8,0.8,0.9,0.9,0.9,0.9,0.9,1.0,1.0,1.0,1.1,1.1940015439344207,1.2,1.2,1.2,1.2,1.2,1.2,1.2,1.2,1.2,1.2995538602494094,1.3,1.3,1.3,1.3,1.4,1.4,1.4,1.4,1.4,1.4181900885031637,1.5,1.5,1.5,1.5,1.5,1.5,1.5,1.5,1.5,1.5,1.5,1.5,1.5,1.5,1.5,1.5,1.5,1.5,1.5,1.5,1.5,1.5,1.5,1.5,1.6,1.6,1.6,1.6,1.640819158515501,1.7,1.7,1.7,1.7,1.7,1.7,1.7256064984215271,1.8,1.8,1.8,1.8,1.8,1.9,1.9,1.9,1.9,1.9,1.9,1.9,1.9,1.9,1.9,1.9,1.9,1.9745514221892506,2.0,2.0,2.0,2.0,2.0,2.0,2.0,2.0,2.0,2.0,2.0,2.0,2.0,2.0,2.0,2.0,2.0,2.0,2.0,2.0,2.0,2.0,2.0,2.0,2.0,2.0,2.0,2.0,2.0,2.0,2.0,2.0,2.0,2.0,2.0,2.0,2.0,2.0,2.0,2.0,2.0,2.0,2.0,2.0,2.0,2.0,2.0,2.0,2.0,2.0,2.0,2.0,2.1,2.1,2.1,2.1,2.1,2.1,2.1,2.1,2.1,2.1,2.1,2.1,2.1,2.1,2.1,2.1,2.1,2.1,2.1,2.1,2.1,2.1,2.1,2.1,2.1,2.1,2.2,2.2,2.2,2.3,2.4,2.489518608039907,2.5,2.6,2.7,2.7,2.7,2.8,2.8,2.8,2.8,2.9404152154256735,3.1,3.2,3.3,3.6336186488682585,3.8027266747631527
0.1,0.2,0.2,0.2,0.2,0.3,0.3,0.4,0.4,0.4,0.4,0.4,0.4,0.45205555888931953,0.5,0.5,0.5,0.5,0.5,0.5,0.5,0.5,0.5,0.5,0.5,0.5,0.5,0.5,0.5,0.5,0.5,0.5,0.5,0.5,0.5,0.5,0.5,0.5,0.5,0.5,0.5,0.5,0.5,0.5,0.5,0.5,0.5,0.5,0.5,0.5,0.5,0.5,0.5,0.5,0.5,0.5,0.5,0.5,0.5,0.5,0.5,0.5,0.5,0.5,0.5,0.5,0.5,0.5,0.6,0.6,0.6,0.6,0.6,0.6,0.6,0.6,0.6,0.6,0.6,0.6,0.6,0.6,0.6,0.6,0.6,0.6,0.6,0.6,0.6,0.6,0.6,0.6,0.6,0.6,0.6,0.6,0.6,0.6,0.6,0.6,0.6,0.6,0.6,0.6,0.6,0.6,0.6,0.6,0.6,0.6,0.6,0.6,0.6,0.6,0.6,0.6,0.6,0.6,0.6,0.6,0.6,0.6,0.6,0.6,0.6,0.6,0.6,0.6,0.7,0.7,0.7,0.7,0.7,0.7,0.7,0.7,0.7,0.7,0.7,0.7,0.7,0.7,0.7,0.7,0.7,0.7,0.7,0.7,0.7,0.7,0.7,0.7,0.7,0.7,0.7,0.7599324600475086,0.8,0.8,0.8,0.8,0.8,0.8,0.8,0.9,0.9,0.9,0.9,0.9,0.9,0.9,0.9,0.9,0.9,0.9,0.9,1.0,1.0,1.0,1.0,1.0,1.0,1.1,1.2,1.2,1.2139854899254374,1.3,1.3,1.3,1.3,1.4,1.4,1.4,1.5,1.5,1.606829935472439,1.7,1.7,1.8,1.8,1.9557457659121724,2.0043626796210448
0.7989093300947493,1.1,1.1,1.2,1.2589391335881381,1.3,1.4,1.5,1.6,1.6,1.6,1.6,1.6,1.6,1.6,1.6,1.6860145100745634,1.7,1.7,1.7,1.7,1.8,1.8,1.8,1.8,1.8,1.837286272143571,1.9,1.9494582816066526,2.1,2.1,2.1,2.1,2.1,2.1,2.2,2.2,2.2,2.2,2.2,2.2,2.2,2.2,2.2,2.2,2.2,2.2,2.2,2.2,2.2,2.2,2.2,2.2,2.2,2.2,2.2,2.2415378870321603,2.3,2.3,2.3,2.3,2.3,2.3,2.4,2.4,2.4,2.4,2.4,2.4,2.4,2.4,2.4,2.4,2.4,2.4,2.4,2.4,2.4,2.4,2.4,2.4,2.4,2.4,2.5,2.5,2.5,2.5,2.5,2.6,2.6,2.6,2.6,2.6,2.6,2.6,2.6,2.6,2.6,2.6,2.6,2.6,2.6,2.6,2.6,2.7,2.7,2.7,2.7,2.7,2.7,2.7,2.7,2.7,2.7,2.7,2.7,2.7,2.7,2.7,2.7,2.7,2.7,2.7,2.7,2.7,2.7,2.8,2.8,2.8,2.8,2.9,2.9,2.9,2.9,2.9,2.9,2.9,2.9,2.9,2.9,2.9,2.9,2.9,2.9,2.9,3.084690428354327,3.1,3.1,3.1,3.2,3.2,3.2,3.3,3.3,3.3,3.3,3.3,3.3,3.3,3.3,3.3,3.3,3.3,3.3,3.3,3.3,3.3,3.4,3.4,3.4,3.5,3.5,3.5,3.5,3.5,3.5,3.5,3.5,3.503343888618275,3.6,3.6,3.6,3.6,3.6,3.6,3.6895186080399074,3.7,3.7,3.8,4.0,4.1,4.300390718565365,4.4,4.4,4.4,4.4,4.6410608664118564,4.84272531434765,5.929028972121694,6.1,6.4021813398105225
0.5989093300947492,0.6,0.7,0.7,0.8,0.8,0.8,0.8,0.9,0.9,0.9,0.9,0.9,0.9,0.9,0.9,0.9,0.9,0.9,0.9,0.9,1.0,1.0,1.0,1.0,1.0,1.0,1.0,1.0,1.0,1.0,1.0087816885598868,1.1,1.1,1.1,1.1,1.1,1.1,1.1,1.1,1.1,1.1,1.1,1.1,1.1,1.2,1.2,1.2,1.2,1.2,1.2,1.2,1.2,1.2,1.3,1.3,1.3,1.3,1.3,1.3,1.3,1.3,1.3,1.3,1.3,1.3,1.3,1.3,1.3,1.3,1.3,1.3,1.3,1.3,1.3,1.3,1.3,1.3,1.3,1.3,1.3,1.3,1.3,1.4,1.4,1.4,1.4,1.4,1.4,1.4,1.4,1.4,1.4,1.4,1.4,1.4,1.4,1.4,1.4,1.4,1.4,1.4745514221892506,1.5,1.5,1.5,1.5,1.5,1.5,1.5,1.5,1.5,1.5219492382639885,1.6,1.6,1.6,1.6,1.6,1.6,1.6,1.6,1.6,1.6,1.6,1.6,1.7,1.7,1.7,1.7,1.7,1.7,1.7,1.7,1.7,1.7,1.7,1.7,1.8,1.8,1.8,1.8,1.8273604303772344,1.9,1.9,1.9,1.9,1.9,1.9,1.9,1.9,1.9,2.0,2.0,2.0,2.0818099114968334,2.1,2.2,2.2,2.2,2.2,2.2,2.2670798011073146,2.3,2.3,2.3,2.3,2.3,2.3,2.3,2.3,2.3,2.3,2.3,2.3,2.3,2.3,2.3,2.3,2.3,2.303343888618275,2.4,2.4328902688179483,2.6,2.6,2.6,2.6,2.7,2.7,2.7,2.7,2.7,2.7,2.7,2.7977167337233992,2.9,3.3,3.3,3.3,3.6427253143476492,3.8,4.4,5.901090669905262
0.2,0.2,0.3854855139391493,0.5,0.5,0.6,0.6,0.6,0.6,0.6,0.6,0.6,0.6,0.6,0.6,0.6,0.6,0.6,0.6,0.6,0.6,0.6,0.6,0.6,0.7,0.7,0.7,0.7,0.7,0.7,0.7,0.7,0.7,0.7,0.7584681227248211,0.8,0.8,0.8,0.8,0.8,0.8,0.8,0.8,0.8,0.8,0.9,0.9,0.9,0.9,0.9,0.9,0.9,0.9,0.9,0.9,0.9,0.9,0.9,0.9,0.9,0.9,0.9,0.9,0.9,0.9,0.9,0.9,0.9,0.9,0.9,0.9,0.9,0.9,0.9,0.9,1.0,1.0,1.0,1.0,1.0,1.0,1.0,1.0,1.0,1.0,1.0,1.0,1.0,1.0,1.0,1.0,1.0,1.0,1.0,1.0,1.0,1.0,1.0,1.0,1.0,1.0,1.0,1.0,1.0,1.0,1.0,1.0,1.0,1.0,1.0,1.0,1.0,1.0,1.0,1.0,1.0,1.0,1.0,1.0,1.0,1.0525051507703893,1.1,1.1,1.1,1.1,1.1,1.1137770364541781,1.2,1.2,1.2,1.2,1.2,1.2,1.2,1.2,1.2,1.2,1.2332926814242569,1.3,1.3,1.3,1.3,1.3,1.3,1.3,1.3,1.3,1.3,1.3,1.3,1.3,1.3,1.3,1.3,1.3,1.3,1.3,1.3,1.3,1.3,1.3,1.3,1.3,1.3,1.3,1.3,1.3,1.4,1.4,1.4,1.4,1.4,1.4,1.5,1.5,1.5,1.5,1.5,1.5,1.6,1.6,1.6,1.6,1.7,1.7,1.7,1.7,1.7,1.7,1.7,1.7,1.8,1.8,1.9,2.006829935472439,2.3,2.3,2.3,2.3,2.3,2.6
0.7989093300947493,0.8221271170439142,1.0854855139391493,1.1,1.1,1.2,1.2,1.2,1.2022832662765963,1.3,1.3,1.3,1.3,1.3,1.4,1.4,1.4,1.4,1.4,1.4,1.4,1.4,1.4,1.4,1.4198524657127762,1.5,1.5,1.5,1.5,1.5,1.5,1.5,1.5,1.5,1.5,1.6,1.6,1.6,1.6,1.6,1.6329201988926882,1.7,1.7,1.7,1.7,1.7,1.7,1.7,1.7,1.7,1.7,1.7,1.7,1.7,1.7,1.7,1.7,1.7,1.7,1.7,1.8,1.8,1.8,1.8,1.8,1.8,1.8,1.8,1.8,1.9,1.9,1.9,1.9,1.9,1.9,1.9,1.9,1.9,1.9,1.9,1.9,1.9,1.9,1.9,1.9,1.9,1.9,1.9,1.9,1.9,1.9,1.9,1.9,1.9,1.9023925098791608,2.0,2.0,2.0,2.0,2.0,2.0,2.0,2.0,2.0,2.0,2.0,2.0,2.0,2.0,2.0,2.0,2.0,2.0,2.0,2.0,2.0,2.0,2.0,2.0,2.0,2.1,2.1,2.1,2.1,2.1,2.1,2.1,2.1,2.1,2.1,2.1,2.1,2.1,2.1,2.1,2.1,2.1,2.1,2.1,2.1,2.1,2.1,2.1,2.1,2.1,2.1,2.1267012041614293,2.2,2.2,2.2,2.2,2.2,2.2,2.281809911496833,2.4,2.4,2.4,2.4,2.4,2.5,2.5,2.5,2.5,2.5,2.5,2.5,2.5,2.5,2.5,2.5,2.6,2.6,2.6,2.605998456065578,2.7627137278564304,2.8,2.8,2.9,2.9,2.9,3.0328902688179484,3.1,3.1,3.1,3.1,3.1,3.1674450063076964,3.2,3.231224038735451,3.4,3.4,3.5,3.7,3.7,3.8,3.8404152154256734,4.0,4.171362657173825,4.5,4.877872882956086,6.1
0.5989093300947492,0.8221271170439142,1.1,1.1,1.2,1.2,1.3,1.3,1.3022832662765964,1.4,1.4,1.4,1.4,1.4,1.4,1.5,1.5,1.5,1.5,1.6,1.6,1.6,1.6966561113817307,1.7,1.7,1.7,1.7,1.7,1.7,1.7,1.7,1.7,1.7,1.7,1.7,1.7,1.7,1.7,1.7,1.7,1.7,1.7,1.7,1.7,1.7,1.7,1.7,1.8,1.8,1.8,1.8,1.8,1.8,1.8,1.8,1.8,1.8,1.8,1.8,1.8,1.8,1.8,1.8,1.866707318575743,1.9,1.9,1.9,1.9,1.9,1.9,1.9,1.9,1.9,1.9,1.9,1.9,1.9,1.9,1.9,1.9,1.9,1.9,1.9,1.9,1.9,1.9,1.9,1.9,1.95293269309945,2.0,2.0,2.0,2.0,2.0,2.0,2.0,2.0,2.0,2.0,2.0,2.0,2.0,2.0,2.0,2.0,2.0,2.0,2.0,2.0,2.0,2.096926093147823,2.1,2.1,2.1,2.1,2.1,2.1,2.1,2.1,2.1,2.1,2.1,2.2,2.2,2.2,2.2,2.2,2.2,2.2,2.2,2.2,2.3,2.3835834762872876,2.4,2.4,2.4,2.4,2.4,2.4,2.4,2.4,2.4,2.4,2.4,2.5,2.5,2.5,2.5,2.5,2.5,2.5,2.5,2.5,2.5,2.5,2.5,2.5,2.540671534142251,2.6,2.8,2.8,2.9107266901243976,3.0551727712629773,3.1,3.1,3.1,3.1,3.1,3.2,3.4,3.4,3.496291420219933,3.6010834367867006,3.7,3.8,3.8,3.8,4.0,4.0,4.0,4.0,4.2,4.2,4.2,4.5,4.5,4.5,4.643833323332052,4.9,5.6,5.635666492233389,6.1,6.1,6.1,6.1,6.1,6.1,6.4568132858691225,6.6,6.8,10.3
0.1,0.2,0.2,0.2,0.2,0.2,0.2,0.3,0.3,0.3,0.3,0.3,0.3,0.3,0.3,0.3,0.3,0.3,0.4,0.4,0.4,0.4,0.4,0.4,0.4,0.4,0.4,0.4,0.4,0.4,0.5,0.5,0.5,0.5,0.5,0.5,0.5,0.5,0.5,0.5,0.5,0.5,0.5,0.5,0.5,0.5,0.5,0.5,0.5,0.5,0.5,0.5,0.5,0.5,0.5,0.5,0.5,0.5,0.5,0.5,0.5,0.5,0.5,0.5,0.5,0.5,0.5,0.5,0.5,0.5,0.5,0.5,0.5,0.5,0.5862229635458164,0.6,0.6,0.6,0.6,0.6,0.6,0.6,0.6,0.6256064984215272,0.7,0.7,0.7,0.7,0.7,0.7,0.7,0.7,0.7,0.7,0.7,0.7,0.7,0.7,0.7,0.7,0.7,0.7,0.7,0.7,0.8,0.8,0.8,0.8,0.8,0.8,0.8,0.8,0.8,0.8,0.8,0.8,0.8,0.8,0.9,0.9,0.9,0.9,0.9,0.9,0.9,0.9,0.9,0.9,0.9,1.0,1.0,1.0,1.0,1.0,1.0,1.0,1.0,1.0,1.0,1.0,1.0,1.0,1.0,1.0,1.0,1.0,1.1,1.1,1.2,1.2,1.3,1.3,1.3,1.3,1.3,1.3,1.3,1.3,1.3,1.3,1.3,1.3,1.3,1.3,1.3,1.3,1.3,1.3,1.3,1.3,1.3,1.3,1.3,1.3,1.3,1.3,1.3,1.340990970180974,1.4,1.4,1.4,1.4,1.4,1.4,1.4,1.4,1.4,1.4,1.5,1.6,1.6,1.7,1.7,1.7,1.7,1.7,1.7,1.7,1.7145144860608468,1.977872882956086,6.1
1.1,1.3,1.5,1.7,1.7,1.8,1.8,1.9,1.9,1.9,1.9,1.9,1.9,1.9,1.9,1.9,1.9,1.9,1.9,1.9,1.9,1.9,1.9,1.9,2.0,2.0,2.0,2.0,2.1,2.1,2.1,2.2,2.2,2.2,2.316936245449642,2.4,2.4,2.4,2.4,2.4,2.4,2.4,2.4,2.5,2.5,2.5,2.5,2.5,2.5,2.5,2.5,2.5,2.5,2.6,2.6,2.6,2.6415378870321606,2.7,2.8,2.8,2.8,2.8,2.8,2.8,2.8,2.8275897391896874,2.9,2.9,2.9,2.9,2.9,2.9025276233258666,3.0,3.0,3.0,3.0,3.0,3.0,3.0,3.1,3.1,3.1,3.1,3.1,3.1,3.1,3.1,3.1,3.1,3.1,3.1,3.1,3.1,3.1,3.1,3.1,3.1,3.1,3.2,3.2,3.2,3.2,3.3,3.3,3.348291057822746,3.4,3.4,3.4,3.4,3.4,3.4,3.4,3.4,3.4,3.4,3.4,3.4,3.4,3.4002692641843906,3.5,3.5,3.5,3.5,3.5,3.5591808414844937,3.6,3.7,3.7,3.7,3.7,3.7,3.7,3.7,3.7,3.7,3.7,3.7,3.7,3.8,3.8,3.8,3.959500077641303,4.0,4.0,4.0,4.0,4.0,4.0,4.0,4.0,4.0,4.0,4.0,4.0,4.0,4.0,4.0,4.0,4.0,4.0,4.0,4.2,4.2,4.2,4.339728725657994,4.593593987845253,4.9,4.9,5.0,6.056091557200551,6.1,6.1,6.1,6.1,6.1,6.1,6.1,6.1,6.1,6.1,6.1,6.1,6.1,6.1,6.1,6.1,6.3,6.347944441110684,6.6,6.6,6.8,6.8,6.8,6.8,6.8,6.9,7.0,7.071362657173824,8.8,10.3,11.0
0.9978186601894985,1.3,1.6709710278782985,1.8,1.9,1.9,1.9,1.9,1.9,1.9,1.9,1.9,1.9,1.9,1.9,1.9,1.9,1.9,1.9,1.9,1.9,1.9,1.9,1.9,1.9,1.9,1.9,1.9,2.0,2.0,2.0,2.0,2.0,2.0,2.0,2.0,2.0,2.0995538602494093,2.1,2.1,2.1,2.1,2.1,2.1,2.2,2.2,2.2,2.2,2.2,2.2,2.4,2.4,2.4,2.4,2.4,2.4,2.4,2.4,2.4079458502902527,2.5,2.5,2.5,2.5,2.5,2.5,2.6,2.6,2.6871246204709536,2.716416523712721,2.8,2.8,2.8,2.8,2.8,2.8,2.8,2.8,2.8677877762521886,2.9,2.9,2.9,2.9,2.9,3.0,3.0,3.0,3.0,3.0,3.0,3.1,3.1,3.1,3.1,3.1,3.1,3.1,3.1,3.1,3.1,3.1,3.2,3.2,3.2,3.223688407591999,3.3,3.3,3.3,3.4,3.4,3.4,3.4,3.4,3.4,3.5,3.5,3.5,3.5,3.5,3.5,3.5,3.6,3.6,3.6054499355826124,3.7,3.7,3.7,3.7,3.7,3.7,3.7,3.7,3.7,3.7,3.7,3.7,3.7,3.7,3.7,3.7,3.7,3.7,3.7,3.792054149709747,3.8,3.9169242259356793,4.0,4.0,4.0,4.0,4.0,4.0,4.0,4.0,4.0,4.0,4.0,4.199964124280138,4.2,4.282077373987306,4.5,4.5,4.9,4.9,4.900446139750591,5.0,5.6,6.1,6.1,6.1,6.1,6.1,6.1,6.1,6.1,6.1,6.1,6.1,6.1,6.1,6.1,6.1,6.1,6.3,6.3,6.3,6.579037216079814,6.6,6.8,6.8,6.8,6.8,6.8,6.8,6.9,6.9,7.0,7.1,8.6854506286953,8.8,10.3,10.303817344668415
0.2,0.3,0.3,0.3,0.3,0.4,0.4,0.5,0.5,0.5,0.5,0.5,0.5,0.5,0.5,0.5,0.5,0.5,0.5,0.5,0.6,0.6,0.6,0.6,0.7,0.7,0.7,0.7,0.7,0.7,0.7,0.7,0.7,0.7,0.8,0.8,0.8,0.8,0.8,0.8892733098756083,0.9,0.9,0.9,0.9,0.9,0.9,0.9,0.9,0.9,0.9,0.9,0.9,0.9,0.9,0.9,0.9,0.9,0.9,0.9,0.9,0.9,0.9,0.9,1.0,1.0,1.0,1.0,1.0,1.0,1.0,1.0741068266693021,1.1025276233258667,1.2,1.2,1.2,1.2,1.2,1.2,1.2,1.3,1.3,1.3,1.3,1.3,1.3,1.3,1.3,1.3,1.3,1.3780507617360143,1.4,1.4,1.4,1.4,1.4,1.4,1.4,1.4,1.4,1.4,1.4,1.4,1.4,1.4,1.4,1.4,1.4,1.4,1.4,1.4,1.4,1.4,1.4,1.4,1.4,1.4,1.4,1.4,1.4,1.4,1.4,1.4,1.4,1.4,1.4,1.4,1.4,1.5,1.5,1.5,1.5,1.5,1.5,1.6,1.6,1.6,1.6,1.6,1.6,1.6,1.6,1.6,1.6,1.6,1.6,1.6,1.6,1.6,1.6,1.6,1.7,1.7,1.7,1.7,1.7,1.7,1.7,1.7,1.7,1.7,1.7,1.7,1.7,1.7,1.7,1.7,1.7,1.7,1.7,1.7,1.7,1.7,1.7,1.7,1.7,1.7,1.7,1.7,1.7,1.7,1.7,1.7,1.7,1.7,1.7,1.7,1.7,1.7,1.7,1.7,1.7,1.8,1.8,1.8,1.9,2.0,2.0,2.2140879715214736,2.729028972121694,6.1,10.303817344668415
0.19945466504737464,0.5,0.6,0.7,0.8,0.8,0.8,0.8,0.8022832662765964,0.9,0.9,0.9,0.9,1.0,1.0,1.0,1.0860145100745635,1.1,1.1,1.1,1.1,1.2,1.2,1.2,1.2,1.2,1.2,1.2,1.2,1.2,1.2,1.2,1.2,1.2,1.2,1.2,1.2,1.3,1.3,1.3,1.3,1.3,1.3,1.3,1.3,1.3,1.3,1.3,1.3,1.3,1.3,1.3,1.4,1.4,1.4,1.4,1.4,1.4,1.4,1.4,1.4726395696227599,1.5,1.5,1.5,1.5,1.5,1.5,1.5,1.5,1.5,1.5,1.5,1.5,1.5,1.5,1.6,1.6,1.6,1.6,1.6,1.6,1.6,1.6,1.6,1.6,1.6,1.6,1.7,1.7,1.7,1.7,1.7,1.7,1.7,1.7,1.7,1.7,1.7,1.7,1.7,1.75,1.8,1.8,1.8,1.8,1.8,1.8,1.8,1.8,1.8,1.8,1.8,1.8470673069005499,1.9,1.9,1.9,1.9,1.9,1.9,2.0,2.0,2.0,2.0,2.0,2.0,2.0,2.0,2.0,2.0,2.0,2.0,2.0,2.0,2.0,2.0,2.0,2.0,2.033292681424257,2.1,2.1,2.1,2.1,2.1,2.1,2.1,2.1,2.1267012041614293,2.2,2.2,2.2,2.2,2.2,2.2,2.2,2.3,2.3,2.4,2.4,2.4,2.4,2.4,2.5,2.5,2.500446139750591,2.6,2.6,2.6,2.6904241395586213,2.7,2.7,2.7,2.7,2.7,2.8,2.8,2.8,2.8,2.8,2.8,2.8,2.8,2.8,2.8,2.8,2.8,2.8,2.8,2.8,2.8,2.817525236657525,2.9,2.9,3.095433467446799,3.2,3.206829935472439,3.3,3.3,3.3713626571738247,3.714514486060847,4.255745765912172,4.800545334952631
0.19945466504737464,0.5221271170439141,0.6,0.7,0.7,0.7,0.8,0.8,0.8,0.8,0.9,0.9,0.9,0.9,0.9,0.9,0.9,1.0,1.0,1.0,1.0,1.0,1.0,1.1,1.1,1.1,1.1,1.1,1.1,1.1,1.1,1.108781688559887,1.2,1.2,1.2,1.2,1.2,1.2,1.2,1.2,1.2,1.2,1.2,1.2,1.2,1.2,1.2,1.2,1.2,1.2,1.2,1.3,1.3,1.3,1.3,1.3,1.3,1.3,1.3,1.3,1.3,1.3,1.3,1.3,1.3,1.3,1.3,1.3,1.3,1.3,1.3,1.3,1.3,1.3,1.3,1.3,1.3,1.3,1.3,1.3,1.3,1.4,1.4,1.4,1.4,1.4,1.4,1.4,1.4,1.4,1.4,1.4,1.4,1.477661541373567,1.5,1.5,1.5,1.5,1.5,1.5,1.5,1.5,1.5,1.5,1.5,1.5,1.5,1.5,1.5,1.6,1.6,1.6,1.6,1.6,1.6,1.6,1.6,1.6,1.6,1.6,1.6,1.7,1.7,1.7,1.7,1.7,1.7,1.7,1.7,1.7,1.7,1.7,1.7,1.8,1.8,1.8,1.8,1.8,1.8,1.8,1.8,1.8,1.8920541497097474,1.9,1.9,1.9,1.9,2.0,2.0,2.0,2.0,2.0,2.0,2.0,2.0,2.0,2.0,2.0,2.0,2.0,2.0,2.0,2.0551727712629773,2.1,2.1,2.1,2.141531877275179,2.2,2.2,2.2,2.2,2.3,2.3,2.4,2.4,2.5,2.5,2.5,2.6,2.7,2.7,2.7002582456110193,2.8,2.8,2.8,2.8,2.8,2.8,2.8,2.8,2.8,2.8,2.8,2.9,3.1,3.2,3.3,3.3,3.7,3.8,4.4021813398105225
0.1,0.2,0.2,0.2,0.2,0.2,0.2,0.2,0.2,0.2,0.2,0.2,0.3,0.3,0.3,0.3,0.3,0.3,0.3,0.3,0.3,0.3,0.3,0.3,0.4,0.4,0.4,0.4,0.4,0.4,0.4,0.4,0.4,0.4,0.4,0.4,0.4,0.4,0.4,0.4,0.4,0.4,0.4,0.4,0.5,0.5,0.5,0.5,0.5,0.5,0.5,0.5,0.5,0.5,0.5,0.5,0.5,0.5,0.5,0.5,0.5,0.5,0.5,0.5,0.5,0.5,0.5,0.5,0.6,0.6,0.6,0.6,0.6,0.6,0.6,0.6,0.6,0.6,0.6,0.6,0.6,0.6,0.6,0.6,0.6,0.6,0.6,0.6,0.6,0.6,0.7,0.7,0.7,0.7,0.7,0.7,0.7,0.7,0.7,0.7,0.7,0.7,0.7,0.7,0.7,0.7,0.7,0.7,0.7,0.8,0.8,0.8,0.8,0.8,0.8,0.8,0.8,0.8,0.8,0.8,0.8,0.8,0.8,0.8,0.8,0.8,0.9,0.9,0.9,0.9,0.9,0.9,0.9,0.9,0.9,0.9,1.0,1.0,1.0,1.0,1.0,1.0,1.0,1.0,1.0,1.0,1.0,1.0,1.0,1.0,1.0,1.0,1.0,1.0,1.0,1.0599324600475086,1.1,1.1,1.2,1.2,1.2,1.2,1.2,1.2004461397505906,1.3,1.3,1.3,1.3,1.3,1.3,1.3,1.3,1.3,1.3,1.3,1.3207433944853904,1.4,1.4,1.4,1.4,1.4,1.4,1.5,1.5,1.5,1.5,1.5,1.6,1.6,1.6175252366575252,1.7,1.7,1.7,1.7,1.7,1.7202076077128368,2.0,2.0,2.014514486060847,2.3,2.8
0.6,0.6,0.7,0.7,0.7,0.7,0.7,0.7,0.8,0.8,0.8,0.8,0.8,0.8520555588893196,0.9,0.9,0.9,0.9,0.9,0.9,1.0,1.0,1.0966561113817308,1.1,1.1,1.2,1.2,1.2,1.2,1.2,1.2,1.2,1.2,1.2,1.2,1.2,1.3,1.3,1.3,1.3,1.3,1.3,1.3,1.359328465857746,1.4,1.4,1.4,1.4,1.5,1.5,1.5,1.5,1.5,1.5,1.5,1.5,1.5,1.5,1.5,1.5,1.5,1.5,1.5,1.5,1.6,1.6,1.6,1.6,1.6,1.7,1.7,1.7,1.7,1.7,1.8,1.8,1.8,1.8,1.8,1.8,1.8,1.8,1.8,1.8,1.8513332276346603,1.9,1.9,1.9,1.9,1.9,2.0,2.0,2.0,2.0,2.0,2.1,2.1,2.1,2.1,2.2,2.2,2.2,2.2,2.2,2.2,2.2,2.297607490120839,2.3,2.3,2.3,2.3,2.3,2.3,2.3,2.3,2.4,2.4,2.4,2.4,2.4,2.4,2.4,2.4,2.4,2.5,2.5863657473303134,2.613777036454178,2.7,2.7,2.7,2.7,2.7,2.7,2.7,2.7,2.8,2.8,2.8,2.8,2.8,2.8,2.8,2.9,2.9,2.9,2.9,3.0,3.0,3.1,3.1,3.1,3.1,3.1,3.1818099114968335,3.2,3.2,3.2,3.2,3.2,3.2,3.2,3.2,3.2,3.2,3.2,3.2,3.2,3.2,3.2,3.3,3.3,3.3,3.3,3.3,3.3627137278564305,3.5,3.5,3.5,3.5,3.5,3.5,3.5,3.569487052929304,3.7,3.7,3.7,3.7,3.7,3.8,3.8,3.8,3.8,3.8,3.8,3.827319741889755,4.240415215425673,4.4,4.4,4.429028972121694,5.311491531824345,6.401090669905262
0.49836399514212393,0.5,0.5854855139391493,0.6,0.6,0.6,0.6,0.6,0.6,0.6,0.6,0.6,0.6,0.6,0.6,0.6,0.6,0.6,0.6,0.6,0.7,0.7,0.7,0.7,0.7,0.7,0.7,0.7,0.7,0.7,0.7,0.7,0.7,0.7,0.7,0.7,0.7,0.7,0.7,0.7,0.7,0.7,0.7,0.7,0.7,0.7,0.7,0.7,0.7,0.7,0.7,0.7,0.7,0.7,0.7,0.7,0.8,0.8,0.8,0.8,0.8,0.8,0.8,0.8,0.8,0.8,0.8,0.8,0.8,0.8,0.9,0.9,0.9,0.9,0.9,0.9,0.9,0.9,0.9,0.9,0.9,0.9,0.9,0.9,0.9,0.9,0.9,1.0,1.0,1.0,1.0,1.0,1.0,1.0,1.0,1.0,1.0,1.0,1.0,1.0,1.05,1.1,1.1991113784562686,1.2,1.2,1.2,1.2,1.2,1.2,1.2,1.2,1.2,1.2,1.2,1.2,1.2,1.2,1.2,1.2,1.2,1.2,1.2,1.2,1.2,1.2,1.2,1.2,1.2,1.2,1.2,1.2,1.2545931739625815,1.3,1.3,1.3,1.3,1.3,1.3,1.3,1.3,1.3,1.3,1.3,1.3,1.3,1.3,1.3,1.3,1.3,1.3,1.3,1.3,1.3,1.3,1.4,1.4,1.4,1.4,1.4,1.4,1.4,1.4,1.4,1.5,1.5,1.5,1.5,1.5,1.5,1.5,1.5,1.5,1.5,1.5,1.5,1.5,1.5,1.6,1.6,1.7,1.7,1.7,1.7,1.7,1.7,1.7,1.8,1.8,1.8,1.817525236657525,1.9,1.9,2.0,2.0,2.3,2.3,2.3,2.3,2.7,2.7,2.8054533495263057
0.2,0.3,0.3854855139391493,0.42863734282617794,0.5,0.5,0.5,0.5,0.5,0.5,0.5,0.5,0.5,0.5,0.5,0.5,0.5,0.5,0.5,0.5,0.5,0.5,0.5,0.5,0.5,0.5,0.5,0.5,0.5,0.6,0.6,0.6,0.6,0.6,0.6,0.6,0.6,0.6,0.6,0.6,0.6,0.6,0.6,0.6,0.6,0.6,0.6,0.6,0.6,0.6,0.6,0.6,0.6,0.6,0.6,0.6,0.6,0.6,0.6,0.6,0.6,0.6,0.6,0.6,0.6,0.6,0.6,0.6,0.6,0.6,0.6,0.6,0.6,0.6,0.6,0.6,0.6,0.6,0.6,0.6,0.6,0.6,0.6,0.6,0.6,0.6,0.6,0.6,0.6,0.6,0.7,0.7,0.7,0.7,0.7,0.7,0.7,0.7,0.7,0.7,0.7,0.7,0.7,0.7,0.7,0.7,0.7,0.7,0.7,0.7,0.7,0.7,0.7,0.7,0.7,0.7,0.7,0.7,0.7,0.7,0.7,0.7,0.7,0.7,0.7,0.7,0.7,0.7,0.7,0.7,0.7,0.7,0.7,0.7,0.7,0.7,0.7,0.7,0.7,0.7,0.7,0.7,0.7,0.7,0.8,0.8,0.8,0.8,0.8,0.8,0.8,0.8061387656689534,0.9,0.9,0.9,0.9,0.9,0.9,1.0,1.0,1.0,1.0,1.0,1.0,1.0,1.0,1.2,1.2,1.2,1.2,1.2,1.2,1.2,1.3,1.3,1.3,1.3,1.3,1.3,1.3,1.3,1.3,1.3,1.3,1.3,1.3,1.3,1.3,1.3,1.3,1.307133298446678,1.4,1.4,1.4,1.5,1.5,1.6,1.7,1.7,1.7778728829560861,2.3027266747631527
0.5989093300947492,0.8,0.8,0.9,0.9,1.0,1.0,1.1,1.1,1.1,1.1,1.2,1.2,1.2,1.2,1.3,1.3,1.3,1.3,1.3,1.3,1.3,1.3,1.3,1.4,1.4,1.4,1.4,1.4,1.5,1.5,1.5,1.5,1.5,1.5,1.5,1.5,1.5,1.5,1.5,1.6,1.6,1.6,1.6,1.6,1.6400675399524987,1.7,1.7,1.7,1.7,1.7,1.7,1.7,1.7,1.7,1.7,1.7,1.7,1.7,1.7,1.7,1.7,1.7,1.7,1.7,1.7,1.7,1.7,1.7,1.7454068260374243,1.8,1.8,1.8,1.8,1.8,1.8,1.8,1.8,1.8,1.8,1.8,1.8,1.8,1.8256064984215272,1.9,1.9,1.9,1.9,1.9,1.9,1.9,1.9,1.9,1.9,1.9,1.9,1.9,1.9,1.9,1.9,1.9,1.9,1.9,1.9236884075919987,2.0,2.0,2.0,2.0,2.0,2.0,2.0,2.0,2.0,2.0,2.0,2.0,2.0,2.0,2.0,2.0,2.1,2.1,2.1,2.1,2.1,2.1,2.2,2.2,2.2,2.2,2.3,2.3,2.3,2.4,2.4,2.4,2.4,2.4,2.4,2.4,2.4,2.5,2.5,2.5,2.5,2.5,2.5,2.5,2.5,2.5,2.5,2.5,2.5,2.5,2.5205547246477122,2.6,2.6,2.6813430682845025,2.8,2.8,2.8,2.8,2.8,2.8,2.8,2.8,2.8,2.8,2.8,2.8,2.8,2.8,2.9,2.9,2.9,3.0,3.0,3.0,3.0,3.0,3.1,3.1,3.1,3.1,3.1,3.1,3.1,3.3,3.4,3.4,3.4,3.4003907185653643,3.5,3.5,3.606829935472439,3.7,3.8,3.8,4.0,4.155745765912172,6.103817344668414
0.3,0.32212711704391417,0.4,0.42863734282617794,0.5,0.5,0.5931700645275615,0.6,0.6,0.6996092814346326,0.7,0.7,0.7,0.8,0.8,0.8,0.8,0.8,0.8,0.8,0.8,0.8,0.8,0.9,0.9,0.9,0.9,0.9,0.9,0.9,0.9,0.9,0.9,0.9,1.0,1.0,1.0,1.0,1.0,1.0,1.0,1.0,1.1,1.1,1.1,1.1,1.1,1.1,1.1,1.1,1.2,1.2,1.2,1.2,1.2,1.2,1.2,1.2,1.2,1.2,1.3,1.3,1.3,1.3,1.3,1.3,1.3,1.3,1.3,1.3,1.3,1.3,1.3,1.3,1.3,1.3136342526696894,1.4,1.4,1.4,1.4,1.4,1.4,1.4,1.4,1.4,1.4,1.4,1.4,1.4,1.4,1.4,1.4,1.4,1.4,1.4,1.4,1.4,1.5,1.5,1.5,1.5,1.5,1.5,1.5,1.5,1.5,1.5,1.5,1.5,1.5,1.5,1.5,1.5,1.5,1.5,1.5,1.5,1.6,1.6,1.6,1.6,1.6,1.6,1.6,1.6,1.6,1.6,1.6,1.6,1.6,1.6,1.6,1.6,1.6,1.6,1.7,1.7,1.7,1.7,1.7,1.7,1.7,1.7,1.7,1.7,1.7,1.7,1.7,1.7,1.7,1.7,1.7,1.7,1.7,1.7,1.7,1.7,1.7,1.7,1.7,1.7,1.7,1.7,1.7,1.7,1.7,1.7,1.7,1.7,1.7,1.7,1.7,1.7,1.7,1.7,1.7,1.8,1.8,1.8,1.8,1.8,1.8,1.8,1.8,1.8,1.8,1.8,1.8,1.8312240387354506,1.917525236657525,2.0,2.0,2.0,2.0,2.0,2.0,2.0,2.0,2.3,2.3,2.402181339810522
0.2,0.2,0.2,0.3,0.3,0.3,0.3,0.3,0.3,0.3,0.3,0.3,0.3,0.3,0.3,0.3,0.3,0.3,0.3,0.3,0.3671097311820503,0.4,0.4,0.4,0.4,0.4,0.4,0.5,0.5,0.5,0.5,0.5,0.5,0.5,0.5,0.5,0.5,0.5,0.5,0.5,0.5,0.5,0.5,0.5,0.5,0.5,0.5,0.5,0.5,0.5,0.5,0.5,0.5,0.5,0.5,0.5,0.5,0.5,0.5,0.5,0.5,0.5,0.5,0.5,0.5,0.6,0.6,0.6,0.6,0.6,0.6,0.6,0.6,0.6,0.6,0.6,0.6,0.6,0.6,0.6,0.7,0.7,0.7,0.7,0.7,0.7,0.7,0.7,0.7,0.7780507617360144,0.8,0.8,0.8,0.8,0.8,0.8,0.8,0.8,0.8,0.8,0.8500000000000001,0.9,0.9,0.9,0.9,0.9,0.9,0.9,0.9,0.9,0.9,0.9,0.9,0.9,0.9,0.9,0.9,0.9,0.9,0.9,0.9,0.9,0.9,0.9,0.9,0.9,0.913777036454178,1.0,1.0,1.0,1.0,1.0,1.0,1.1,1.1,1.1,1.1,1.2,1.2,1.2,1.3,1.3,1.3,1.3,1.3,1.3,1.3,1.3,1.3968948881851644,1.4,1.4,1.4,1.4,1.4,1.4,1.4,1.4,1.4,1.4,1.4,1.4,1.4,1.4,1.4,1.4,1.4,1.4,1.4,1.4,1.4,1.4,1.4,1.4,1.4,1.4,1.4,1.4,1.4,1.5,1.5,1.5,1.5,1.6,1.6,1.6,1.7,1.7,1.7,1.7,1.7,1.7,1.7,1.8,1.8,1.8,1.8,1.8,1.8,2.0,2.0,2.8005453349526306
0.39890933009474927,0.4221271170439142,0.5,0.6,0.6,0.7,0.7931700645275616,0.8,0.8,0.8,0.8928667015533229,0.9,0.9,0.9,0.9,0.9,0.9,0.9,0.9,0.9,0.9,0.9,0.9,0.9,1.0,1.079256605514607,1.1,1.1,1.1,1.2,1.2,1.2087816885598868,1.3,1.3,1.4,1.4,1.4,1.4,1.4,1.4,1.5,1.5,1.5,1.5,1.5,1.5,1.5,1.5,1.5,1.5,1.5,1.5,1.5,1.5,1.5732987958385678,1.6,1.6,1.6,1.6,1.6,1.6,1.6,1.6,1.6,1.6,1.6,1.6,1.6,1.6,1.6,1.6,1.6,1.6,1.6,1.6,1.6,1.6,1.6,1.6,1.6,1.6,1.6,1.6,1.6,1.6,1.7,1.7,1.7,1.7,1.7,1.7,1.7,1.7,1.7,1.7,1.7,1.7,1.7,1.7,1.7,1.7,1.7,1.7,1.7,1.7,1.7,1.7,1.7,1.7,1.7,1.7,1.7,1.7,1.7,1.7,1.7,1.7,1.7,1.7,1.7,1.7525051507703893,1.8,1.8,1.8,1.8,1.8,1.8,1.8,1.8,1.8,1.8,1.8,1.8,1.8,1.8,1.8,1.8,1.8,1.8,1.8,1.8,1.8,1.8920541497097474,1.9,1.9,1.9,1.9,2.0,2.0,2.0,2.0,2.0,2.0,2.0,2.0,2.0,2.0,2.0,2.0,2.0,2.067079801107315,2.2,2.2,2.3,2.3,2.3,2.3,2.3,2.340306890980156,2.4,2.5,2.5,2.55054171839335,2.8,2.8,2.8,2.8,2.8,2.8,2.8,2.8,2.800258245611019,2.9,2.9,2.9,2.9,2.9,2.9,2.9,2.9,2.9,2.9,2.9977167337233994,3.1,3.3,3.3,3.4,3.4,3.4145144860608467,3.5,3.700545334952631
0.2,0.3,0.3,0.4,0.5,0.5,0.5,0.5,0.5,0.5,0.5,0.5,0.5,0.5,0.5,0.5,0.5,0.5,0.5,0.5,0.5,0.5,0.5,0.5,0.5,0.5,0.5,0.5,0.6,0.6,0.6,0.6,0.6,0.6,0.6,0.6,0.6,0.6,0.6,0.6,0.6,0.6,0.6,0.659328465857746,0.7,0.8,0.8,0.8,0.8,0.8,0.8,0.8,0.8,0.8,0.8,0.8,0.8,0.8,0.8,0.8,0.8,0.8,0.8,0.8,0.8,0.8275897391896877,0.9,0.9,0.9,0.9,0.9,0.9,0.9,0.9,0.9,0.9,0.9,0.9,0.9,0.9,0.9,0.9,0.9,0.9,0.9,0.9,0.9,0.9,0.9,0.9,0.9,0.9,0.9,0.9,0.9,0.9,0.9,0.9,0.9,0.9,0.9,0.9,0.9,0.9,0.9,0.9,0.9,0.9,0.9,0.9,0.9,0.9,0.9,0.9,0.9,0.9,0.9,0.9,0.9,0.9,0.9,0.9,0.9,0.9,0.9,0.9863657473303136,1.0,1.0,1.1,1.1974723766741249,1.2,1.2,1.2,1.2,1.3,1.3,1.3026769483789848,1.4,1.4,1.4,1.4,1.4,1.4,1.4,1.4,1.5,1.5,1.5,1.5,1.5,1.5,1.6,1.6,1.6,1.6,1.6,1.6,1.6,1.6,1.6242052584359556,1.7,1.7,1.7,1.7,1.7,1.7,1.7,1.7,1.7,1.7,1.8,1.8,1.8,1.8,1.8,1.8,1.8,1.8,1.8,1.8,1.8,1.8,1.8,1.8,1.8,1.8,1.8,1.8,1.8,1.8,1.8,1.8,1.8,1.8,1.8,1.8,2.0,2.0,2.0,2.877872882956086,2.901090669905261
0.2,0.3,0.3,0.5,0.5,0.5,0.5,0.5,0.5,0.5,0.5,0.5,0.5,0.5,0.5,0.5,0.5,0.5,0.5,0.5,0.5,0.5,0.5,0.5,0.5,0.5,0.5,0.5,0.5,0.5,0.5,0.5,0.5,0.5,0.5,0.5,0.5,0.5,0.5,0.5,0.5,0.5757947415640415,0.6,0.6,0.6,0.6,0.6,0.6,0.6,0.6,0.6,0.6,0.6,0.6,0.6,0.6,0.6,0.6,0.6,0.6,0.6,0.6,0.635730053136092,0.7,0.7,0.8,0.8,0.8,0.8,0.8,0.8,0.8,0.8,0.8,0.8,0.8,0.8,0.8,0.8,0.8,0.8,0.8,0.8,0.8256064984215272,0.9,0.9,0.9,0.9,0.9,0.9,0.9,0.9,0.9,0.9,0.9,0.9,0.9,0.9,0.9,0.9,0.9,0.9,0.9,0.9,0.9,0.9,0.9,0.9,0.9,0.9,0.9,0.9,0.9,0.9,0.9,0.9,0.9,0.9,0.9,0.9,0.9,0.9,0.9,0.9,0.9,0.9,0.9,0.9,0.9,0.9,0.9,0.9,0.9,0.9,0.9,0.9,0.9,0.9,0.9,0.9,0.9,0.9,0.9,0.9,0.9,0.9,0.9,0.9,0.9,1.0,1.0691740189811298,1.2,1.2,1.3,1.4,1.4,1.4,1.4,1.4,1.4,1.4,1.4,1.4,1.4,1.4,1.4,1.4,1.4,1.4403068909801562,1.5912183114401104,1.6,1.6,1.6,1.6,1.6627137278564306,1.7,1.7,1.8,1.8,1.8,1.8,1.8,1.8,1.8,1.8,1.8,1.8,1.8,1.8,1.8,1.8,1.8,1.8,1.8,1.8,1.8,1.8,1.942725314347649,2.0435434581825405,2.8557457659121726,2.9032720097157836
0.6994546650473746,1.0,1.1,1.2286373428261779,1.3,1.3797923922871658,1.4,1.5,1.6,1.6,1.7,1.7,1.7,1.8,1.8,1.8,1.8,1.8,1.8,1.8,1.8,1.8327174284142678,1.9,1.9,1.9,1.9,1.9,1.9,1.9,1.9,1.9,1.9,1.9,1.9,1.9,1.9,1.9,1.9,1.9,1.9,1.9,1.9,1.9,1.9,2.0,2.0,2.0,2.0,2.0,2.0,2.1,2.1,2.1,2.1,2.1,2.1,2.1,2.1,2.1,2.1,2.2,2.2,2.2,2.2,2.2,2.2,2.2,2.3,2.3164165237127206,2.4,2.4,2.4,2.4,2.4,2.4,2.4136342526696892,2.5,2.6,2.6,2.6,2.647494849229611,2.7,2.7,2.8,2.8,2.8,2.8,2.9,2.9,2.9,2.9,3.0,3.0,3.0,3.1,3.1,3.1,3.176311592408004,3.2,3.2,3.2,3.2,3.2,3.3,3.3,3.3,3.3,3.3,3.4,3.4,3.4,3.4,3.4,3.4,3.4,3.4,3.4,3.4,3.4,3.4,3.4,3.4,3.4,3.4,3.4,3.4,3.4,3.4,3.4,3.4,3.4,3.4,3.4,3.4,3.4,3.4,3.4,3.4,3.5,3.5,3.5,3.5,3.5,3.5,3.5,3.5,3.5,3.5,3.5,3.5,3.5,3.5,3.5,3.5,3.5,3.5,3.5,3.5,3.5,3.5,3.5,3.5,3.5,3.500446139750591,3.6,3.6,3.6,3.6,3.6,3.6,3.6,3.6,3.6,3.6,3.6,3.6,3.6,3.7,3.7,3.7,3.7,3.7,3.7,3.7,3.7,3.7,3.7,3.7,3.7,3.7,3.7,3.7003907185653646,3.8,3.8,3.8,3.9,4.2,4.714087971521473,4.9,5.6,6.800545334952631
0.5978186601894985,0.9221271170439141,1.0,1.1,1.2,1.3,1.3,1.4,1.4,1.4,1.5,1.5,1.6,1.6,1.7,1.7,1.7,1.7,1.7,1.7,1.8,1.8,1.8,1.8,1.8198524657127764,1.9,1.9,1.9,1.9,1.9,1.9,1.9,1.9,1.9,1.9,1.9,1.9,1.9,1.9,1.9,1.9,1.9,1.9,1.9,1.9,1.9,1.9,1.9,1.9,1.9,1.9,1.9,1.9,1.9,1.9,1.9,1.9,1.9,1.9,1.9404999223586856,2.0,2.0,2.0,2.0,2.0,2.0,2.0,2.0,2.0,2.0,2.0,2.0,2.0,2.0,2.0,2.0,2.1,2.1,2.1,2.1,2.1,2.1,2.1,2.1,2.1,2.1,2.1,2.1,2.1,2.1,2.2,2.2,2.2,2.2,2.2,2.2,2.2,2.2763115924080037,2.3,2.3,2.4,2.4,2.4,2.4,2.4,2.4,2.4,2.4,2.4,2.4,2.5,2.5,2.5,2.5,2.5,2.6,2.6,2.6,2.7,2.7263033519292548,2.8,2.8,2.8,2.8,2.8,2.8,2.8,2.8,2.9,2.9,2.9,2.9,2.9,2.9,2.9,2.9,3.0,3.0,3.0,3.0,3.0,3.0,3.0,3.0,3.0,3.0,3.0,3.0,3.0,3.1,3.1,3.1,3.1,3.1,3.1,3.1,3.1999641242801378,3.3,3.3,3.4,3.4,3.4,3.4,3.4,3.4,3.4,3.4415318772751786,3.5,3.5,3.5,3.5,3.5,3.5,3.5,3.5,3.5,3.5,3.5,3.5,3.5,3.6,3.6,3.6,3.6,3.6,3.6,3.6,3.7,3.7,3.7,3.7,3.7,3.7,3.7,3.706829935472439,3.8,3.8,4.5,4.814514486060847,4.9,5.602726674763153
0.2994546650473746,0.3,0.4,0.42863734282617794,0.5,0.5,0.5,0.5,0.5,0.5,0.5,0.5,0.5,0.5,0.5,0.5,0.5,0.5,0.5,0.5,0.5,0.5,0.5,0.5,0.5,0.5,0.5,0.5,0.6,0.6,0.6,0.6,0.6,0.6,0.6,0.6,0.6,0.6,0.6,0.6,0.6,0.6,0.6,0.6,0.6,0.6,0.6,0.6,0.6,0.6,0.6,0.6,0.7,0.7,0.7,0.7,0.7,0.7,0.7,0.7,0.7,0.7,0.7,0.7,0.7973230516210208,0.8,0.8,0.8,0.8,0.8,0.8,0.8,0.8,0.8,0.8,0.8,0.8,0.8,0.8,0.9,0.9,0.9,0.9,0.9,0.9,0.9,0.9,0.9,0.9,0.9,0.9,0.9,0.9,0.9,0.9,0.9,0.9,0.9,0.9,0.9,0.9,0.9,0.9,0.9,0.9,0.9,0.9,0.9,0.9,0.9,0.9,0.9,0.9,0.9,0.9,0.9,0.9,0.9,0.9,0.9,1.0,1.0,1.2,1.2,1.2,1.2,1.2,1.2,1.2693198771606091,1.3,1.3,1.3,1.3,1.3128753795290435,1.4,1.4,1.4,1.4,1.4,1.4,1.4,1.4,1.4,1.4,1.4,1.4,1.4,1.4,1.4968948881851645,1.5,1.5,1.6,1.6,1.6,1.6,1.6,1.6,1.6,1.6,1.6,1.6,1.6,1.7,1.7,1.7,1.7,1.7,1.7,1.7,1.7,1.7,1.7,1.7,1.7,1.7,1.7,1.7,1.7,1.7,1.7,1.7,1.7,1.8,1.8,1.8,1.8,1.8,1.8,1.8,1.8,1.8,1.8,1.8,1.8,1.8,1.8,1.8,1.8,2.0,2.2336186488682586,2.700545334952631
0.2,0.3,0.4,0.5,0.5,0.5,0.5,0.6,0.6,0.6,0.6,0.7,0.7,0.7,0.7325549936923018,0.8,0.8,0.8,0.8,0.8,0.8,0.8,0.8,0.8,0.9,0.9,0.9,0.9,0.9,0.9,0.9,0.9,0.9,1.0,1.0,1.0,1.0,1.0,1.0,1.0,1.0,1.0,1.0,1.0,1.1,1.1,1.1,1.1,1.1,1.1,1.1,1.1,1.1,1.1,1.1732987958385679,1.2,1.2,1.2,1.2,1.2,1.2,1.2,1.2,1.2,1.2,1.2,1.2,1.2,1.2164165237127207,1.3,1.3,1.3,1.3,1.3,1.3,1.3,1.3,1.3,1.3,1.3,1.3,1.3,1.3,1.3,1.3,1.3,1.4,1.4,1.4,1.4,1.4,1.4,1.4,1.4,1.4,1.4,1.4,1.4,1.4,1.4,1.4,1.4,1.4,1.4,1.5,1.5,1.5,1.5,1.5,1.5,1.5,1.5,1.5,1.5,1.5,1.5,1.5,1.5,1.5,1.5,1.5,1.5,1.5,1.5,1.5,1.5,1.6,1.6,1.6,1.6,1.6,1.6,1.6,1.6,1.6,1.7,1.7,1.7,1.7,1.7,1.7,1.7,1.7,1.7,1.7,1.7,1.7,1.7,1.7,1.7,1.7,1.7,1.7,1.7,1.7,1.7,1.7,1.7,1.7,1.7,1.7,1.7,1.7,1.7,1.7,1.7,1.7,1.7,1.7,1.7,1.8,1.8,1.8,1.8,1.8,1.8,1.8,1.8,1.8,1.8,1.9,1.9,1.9,1.9406880822512333,2.0,2.0,2.0,2.0,2.0,2.0,2.0,2.0,2.0,2.0,2.0,2.2,2.241060866411857,2.3,2.3,2.7114915318243447,4.0010906699052615
0.2,0.3,0.3854855139391493,0.5,0.5,0.5797923922871657,0.6,0.6,0.6,0.6,0.7,0.7,0.7,0.8,0.8,0.8,0.8,0.8,0.8,0.8,0.8,0.9,0.9,0.9,0.9,0.9,0.9,0.9,0.9,0.9,0.9568011561197949,1.0,1.0,1.0,1.0,1.0,1.0,1.0,1.0,1.0,1.1,1.1,1.1,1.1,1.1,1.1,1.1,1.1,1.1,1.1,1.1308259810188759,1.2,1.2,1.2,1.2,1.2,1.2,1.2,1.2,1.2,1.27263956962276,1.3,1.3,1.3,1.3,1.3,1.3,1.3,1.3,1.4,1.4,1.4,1.4,1.4,1.4,1.4,1.4,1.4,1.4,1.4,1.4,1.4,1.4,1.4,1.4,1.4,1.4,1.4,1.4,1.4,1.4,1.4,1.5,1.5,1.5,1.5,1.5,1.5,1.5,1.5,1.5,1.5,1.5,1.5,1.5,1.5,1.5,1.5,1.5,1.5,1.5,1.5,1.5,1.5722891507838768,1.6,1.6,1.6,1.6,1.6,1.6,1.6,1.6,1.6,1.6,1.6,1.6,1.7,1.7,1.7,1.7,1.7,1.7,1.7,1.7,1.7,1.7,1.7,1.7,1.7,1.7,1.7,1.7,1.7,1.7,1.7,1.7,1.7,1.7,1.7,1.7,1.7,1.7,1.7,1.7,1.7,1.7,1.7,1.7,1.7,1.7,1.7,1.7,1.7,1.7,1.7,1.7,1.7,1.7,1.7,1.7,1.7,1.7,1.7,1.8,1.8,1.8,1.8,1.8,1.8,1.8,1.8,1.8,1.8,1.8406880822512335,1.9,1.9,1.9,2.0,2.0,2.0,2.0,2.0,2.0,2.0,2.0,2.0,2.0,2.2,2.3,2.3,2.700545334952631
0.2,0.3,0.3,0.3,0.3,0.3,0.3,0.4,0.40228326627659644,0.5,0.5,0.5,0.5,0.5,0.5,0.5,0.5,0.5,0.5,0.5,0.5,0.5,0.6,0.6,0.6,0.6,0.6,0.6,0.6,0.6,0.6,0.6,0.6,0.7,0.7,0.7,0.7,0.7,0.7,0.8,0.8,0.8,0.8,0.8,0.8,0.8,0.8,0.8,0.8,0.9,0.9,0.9,0.9,0.9,0.9,0.9,0.9,0.9,0.9,0.9,0.9,0.9,0.9,0.9,0.9,0.9,0.9,0.9,0.9,0.9,0.9,1.0,1.0,1.0,1.0,1.0,1.0,1.0,1.0,1.121115852667802,1.2,1.2,1.2,1.2,1.2,1.2,1.3,1.3,1.3,1.3,1.3,1.3,1.3,1.377661541373567,1.4,1.4,1.4,1.4,1.4,1.4,1.4,1.4,1.4,1.4,1.4,1.4,1.4,1.4,1.4,1.4,1.4,1.4,1.4,1.4,1.4,1.4,1.4,1.4,1.4,1.4,1.4,1.4,1.4,1.4,1.4,1.4,1.4,1.4,1.4,1.4,1.4,1.4,1.4,1.4,1.4,1.4,1.4,1.4,1.4,1.4,1.4,1.4,1.4,1.4,1.4,1.4,1.4,1.461545727139935,1.5,1.5,1.5,1.5,1.5,1.6,1.6,1.6,1.6,1.6,1.6,1.6,1.6,1.6,1.6,1.6,1.6,1.6,1.6,1.6,1.6,1.7,1.7,1.7,1.7,1.7,1.7,1.7,1.7,1.7,1.7,1.7,1.7,1.7,1.7,1.7,1.7,1.7,1.7,1.7,1.7,1.7,1.7,1.7,1.7,1.7,1.8,1.8,1.8,1.8,1.8,2.0,2.3032720097157835
0.6,1.2,1.3,1.328637342826178,1.4,1.4797923922871656,1.5,1.6,1.6022832662765965,1.7,1.7,1.7,1.7,1.7,1.7,1.7,1.7,1.7,1.7,1.7,1.7,1.8,1.8,1.8,1.8,1.8,1.8,1.8,1.8,1.8,1.8,1.8,1.8,1.8,1.8,1.8,1.8,1.8,1.8,1.8,1.8,1.8,1.8,1.8,1.8,1.8,1.9,1.9,1.9,1.9,1.9,1.9,1.9,1.9,1.9,1.9,1.9,1.9,1.9,1.9,1.9,1.9,1.9,1.9,1.9,1.9,2.0,2.0,2.0,2.0,2.0,2.0,2.0,2.0,2.0,2.0,2.0,2.0,2.0,2.0,2.0,2.0,2.0,2.0,2.0,2.0,2.0,2.0,2.0,2.0,2.0,2.0,2.0,2.0,2.0,2.0,2.0,2.0,2.0,2.0,2.0,2.0,2.0,2.0,2.0,2.0,2.0,2.0,2.0,2.0,2.0,2.0,2.0,2.0,2.0,2.0230798727574837,2.1,2.1,2.1,2.1,2.1,2.1,2.1,2.1,2.1,2.1,2.1,2.1,2.1,2.1,2.1,2.1,2.1,2.1,2.1,2.1,2.102676948378985,2.2,2.2,2.2,2.2,2.2,2.2,2.2,2.2,2.2,2.2,2.2,2.2,2.2,2.2,2.2,2.2,2.4,2.4,2.4,2.4,2.4,2.4,2.4,2.4,2.4,2.4,2.4,2.4,2.4,2.4,2.5,2.5,2.5,2.5,2.5,2.5,2.5,2.5,2.5,2.5,2.5,2.5,2.5,2.5,2.5,2.5,2.681376164502467,2.8,2.8,2.867445006307696,2.9,2.9312240387354507,3.1,3.1,3.3,3.3977167337233993,3.4,3.5,3.5,3.5,3.7,3.7,3.777872882956086,4.9
0.7989093300947493,1.0,1.1,1.2,1.3,1.3,1.3,1.3,1.3,1.3,1.4,1.4,1.4,1.4520555588893196,1.5,1.5,1.5,1.6,1.6,1.7,1.7,1.7,1.7,1.7,1.7,1.7,1.7,1.7,1.7,1.7,1.7,1.7,1.7,1.7,1.7,1.7,1.7,1.7,1.7,1.7,1.7,1.8,1.8,1.8,1.8,1.8,1.8,1.8,1.8,1.8,1.8,1.8,1.8,1.8,1.8,1.8,1.8,1.8,1.8,1.8,1.8,1.8,1.8,1.8,1.8,1.8275897391896876,1.9,1.9,1.9,1.9,1.9,1.9,1.9,1.9,1.9,1.9,1.9,1.9,1.9,1.9,1.9,1.9,1.9,1.9,1.9,1.9,1.9,1.9,1.9,1.9,1.9,1.9,1.9,1.9,1.9,1.9,1.9,1.9,1.9,1.9,1.9,1.9745514221892506,2.0,2.0,2.0,2.0,2.0,2.0,2.0,2.0,2.0,2.0,2.0,2.0,2.0,2.0,2.0,2.0,2.0,2.0,2.0,2.0,2.0,2.0,2.0,2.0,2.0,2.0,2.0,2.0,2.0,2.0,2.0,2.0,2.0,2.0,2.0,2.0,2.064269946863908,2.1,2.1,2.1,2.1,2.1,2.1,2.1,2.1,2.1,2.1,2.1,2.1,2.1,2.1,2.1,2.1,2.1,2.1,2.2,2.2,2.2,2.2,2.2,2.2,2.2,2.2,2.2,2.3,2.3,2.4,2.4,2.4,2.4,2.4505417183933504,2.5,2.5,2.5,2.5,2.5,2.5,2.5,2.5,2.5,2.5,2.5406880822512337,2.6139854899254376,2.789518608039907,2.8,2.847944441110684,2.9,2.9,3.0,3.1,3.1,3.4,3.5,3.5404152154256736,3.7,3.8,4.0,4.3,4.800545334952631
0.2,0.2,0.2,0.2,0.3,0.3,0.3,0.3,0.3,0.3,0.3,0.3,0.3,0.3,0.3,0.3,0.3,0.3,0.4,0.4,0.4,0.4,0.4,0.4,0.4,0.4,0.4,0.4,0.4,0.40370857978006996,0.5,0.5,0.5,0.5,0.5,0.5,0.5,0.5,0.5,0.5,0.5,0.5,0.5,0.5,0.5,0.5,0.5,0.5,0.5,0.5,0.5,0.5,0.5,0.5,0.5,0.5,0.5,0.5,0.5,0.5,0.5,0.5,0.5,0.5,0.5,0.5,0.5,0.5,0.5,0.5,0.5,0.5,0.5,0.5,0.5,0.5,0.5,0.5,0.5,0.5,0.5,0.5,0.5,0.5,0.5,0.5,0.5,0.5,0.5,0.5,0.5,0.5,0.5528705692421483,0.6,0.6,0.6,0.6,0.6,0.6,0.6254485778107465,0.7,0.7,0.7,0.7,0.7,0.7,0.7,0.7,0.7,0.7,0.7,0.7,0.7,0.7,0.7,0.7,0.7,0.7,0.7,0.7,0.7,0.7,0.7,0.7,0.7,0.7,0.7,0.7,0.7,0.7,0.7,0.7,0.7,0.7,0.7,0.7,0.7,0.7,0.7,0.7,0.7,0.7,0.7,0.7,0.7,0.7,0.7,0.7,0.7,0.7,0.7,0.7,0.7,0.7818099114968334,0.8,0.8,0.8,0.8,0.8,0.8,0.8,0.8,0.9,0.9,0.9,0.9,0.9,0.9,0.9,0.9,1.0,1.0,1.0,1.0,1.0,1.1207433944853904,1.2,1.2409909701809738,1.3,1.3,1.3,1.3,1.3,1.3,1.3,1.3,1.3,1.3,1.3,1.3,1.3,1.3,1.4,1.4,1.4,1.4,1.6,1.7,1.7,1.8,1.9005453349526304
0.6,0.6,0.7,0.7,0.8,0.8,0.8,0.9,0.9022832662765964,1.0,1.0,1.0,1.1,1.1,1.1,1.1,1.1,1.1,1.1,1.1,1.1,1.1,1.1,1.2,1.2,1.2,1.2,1.2,1.2,1.2,1.2,1.2,1.2,1.2,1.2,1.2,1.3,1.3,1.3,1.3,1.3,1.3,1.3,1.3,1.3,1.3,1.3,1.3,1.3,1.4,1.4,1.4,1.4,1.4,1.4,1.4,1.4,1.4,1.4,1.5,1.5,1.5,1.5,1.5,1.5,1.5,1.5,1.5,1.5,1.5,1.5,1.5,1.5,1.5,1.5,1.5,1.5,1.5,1.5,1.5,1.5,1.5,1.5,1.5,1.5,1.5,1.5,1.5,1.5,1.5,1.6,1.6,1.6,1.6,1.6,1.6,1.6,1.6,1.6,1.6,1.6,1.6,1.6,1.6,1.6,1.6,1.6,1.622338458626433,1.7,1.7,1.7,1.7,1.74706730690055,1.8,1.8,1.8,1.8,1.8,1.8,1.8,1.8,1.8,1.8,1.8,1.8,1.8,1.8,1.8,1.8,1.8,1.8,1.8,1.8,1.8,1.8,1.8,1.9,1.9,1.9,1.9,1.9,1.9,1.9,1.9,1.9,1.9,1.9,1.9,1.9,1.9,1.9,1.9,1.9,1.9,1.9,1.9,1.9,1.9,1.9,1.9,1.9,1.9,1.955172771262977,2.0,2.0,2.0,2.0,2.0,2.0,2.0,2.0,2.1,2.1,2.1,2.1,2.1,2.1,2.1,2.1,2.2,2.232890268817948,2.3,2.3,2.3,2.3,2.3,2.4,2.5,2.5,2.5,2.5,2.5,2.5,2.5,2.5,2.5,2.6,2.6,2.8,2.8,3.4005453349526307
0.1,0.6,0.6,0.6286373428261779,0.7,0.7,0.7,0.8,0.8,0.8,0.9,0.9824747633424777,1.0,1.0,1.0,1.0,1.1,1.1,1.1,1.1,1.1,1.1,1.1,1.1,1.1,1.1,1.2,1.2,1.2,1.2,1.2,1.2,1.2,1.2,1.2,1.2,1.2,1.2,1.2,1.2,1.2,1.2757947415640416,1.3,1.3,1.3,1.3,1.3,1.3,1.3,1.3,1.3,1.3,1.3,1.3,1.3,1.307654785822831,1.4,1.4,1.4,1.4,1.4,1.4,1.4,1.4,1.4,1.4,1.4,1.4,1.4,1.4,1.4,1.5,1.5,1.5,1.5,1.5,1.5,1.5,1.5,1.5,1.5,1.5,1.5,1.5,1.5,1.5,1.5,1.5,1.5,1.5,1.5,1.5,1.5,1.5,1.5,1.5,1.5,1.5,1.5,1.5,1.5,1.5,1.5,1.5,1.5,1.5,1.5,1.6,1.6,1.6,1.6,1.6,1.6,1.6,1.6,1.6,1.6,1.6,1.6002692641843907,1.7,1.7,1.7,1.8,1.8,1.8,1.8,1.8,1.8,1.8,1.8,1.8,1.8,1.8,1.8,1.8,1.8,1.8,1.8,1.8,1.8,1.8,1.8,1.8920541497097474,1.9,1.9,1.9,1.9,1.9,1.9,1.9,1.9,1.9,1.9,1.9,1.9,1.9,1.9,1.9,1.9,1.9,1.9,1.9,1.9,1.9,1.9,2.0,2.0,2.0,2.0,2.0,2.0,2.096291420219933,2.1,2.1,2.1,2.1,2.1,2.1,2.1,2.1,2.2,2.2,2.269487052929304,2.3,2.3,2.3,2.3,2.347944441110684,2.4,2.417525236657525,2.5,2.5,2.5,2.5,2.5,2.5,2.5,2.6,2.8,2.8,3.3016360048578917
0.1,0.1,0.2,0.2,0.2,0.2,0.2,0.2,0.2,0.2,0.2,0.2,0.2,0.2,0.3,0.3,0.3,0.3,0.3,0.3,0.3,0.4,0.4,0.4,0.4,0.4,0.4,0.4,0.4,0.4,0.4,0.4,0.5,0.5,0.5,0.5,0.5,0.5,0.5,0.5,0.5,0.5,0.5,0.5,0.5,0.5,0.5,0.5,0.5,0.5,0.5,0.5,0.5,0.5,0.5,0.5,0.5,0.5,0.5,0.5,0.5,0.5,0.5,0.5,0.5,0.5,0.5,0.5,0.5,0.5,0.5,0.5,0.5,0.5,0.5,0.5,0.5,0.5,0.5,0.5,0.5,0.5,0.5997307358156035,0.6,0.6,0.6,0.6,0.6,0.6,0.6,0.6,0.6,0.6,0.6,0.6,0.6,0.6,0.6,0.6,0.6,0.6,0.6,0.6,0.6,0.6,0.6,0.6976074901208391,0.7,0.7,0.7,0.7,0.7,0.74706730690055,0.8,0.8,0.8,0.8,0.8,0.9,0.9,0.9,0.9,0.9,0.9,0.9,0.9,0.9,0.9,0.9,0.9,0.9,0.9,0.9,0.9,0.9,0.9,0.9026769483789849,1.0,1.0,1.0,1.0,1.0,1.0,1.0,1.0,1.0,1.0267012041614294,1.1,1.1,1.1,1.1,1.1,1.1,1.1,1.1,1.1,1.1,1.2,1.2,1.2,1.2,1.2,1.2,1.2,1.2,1.2,1.2,1.2,1.2,1.3,1.3,1.3,1.3,1.3,1.3,1.3,1.3,1.4,1.4,1.4,1.4,1.4,1.4,1.4,1.5,1.5,1.5,1.5,1.5,1.5175252366575251,1.607133298446678,1.7,1.7,1.8996368694758246,1.9,2.0,2.0,2.171362657173825,2.3,2.4,2.501090669905261
0.2,0.6,0.6,0.7,0.7,0.7,0.7,0.800363130524173,1.0,1.0,1.0928667015533229,1.1,1.1,1.1,1.1,1.1,1.1,1.1,1.1,1.1,1.1,1.2,1.2,1.2,1.2,1.2,1.2,1.3,1.3,1.3,1.3,1.4,1.4,1.4,1.4,1.4,1.4,1.4995538602494094,1.5,1.5,1.5,1.5,1.5,1.5,1.5,1.5,1.5,1.5181900885031638,1.6,1.6,1.6,1.6,1.6,1.6,1.6,1.6,1.6,1.6,1.6,1.6,1.6,1.6,1.6,1.6,1.6,1.7,1.7,1.7,1.7,1.7,1.7,1.7,1.7,1.7,1.7,1.7,1.7,1.7,1.7,1.7,1.7,1.7,1.7,1.7,1.7,1.7,1.7,1.7,1.7,1.7,1.7,1.7280109262911054,1.8,1.8,1.8,1.8,1.8,1.8,1.8,1.8,1.8,1.8,1.8,1.8,1.8,1.8,1.8,1.8,1.8,1.8,1.8,1.8,1.8,1.8,1.8,1.8,1.8,1.8,1.8,1.9,1.9,1.9,1.9,1.9,1.9,1.9,1.9,1.9,1.9,1.9,1.9,1.9,1.9,1.9,1.9,1.9,1.9,1.9,2.0,2.0,2.0,2.0,2.0,2.0,2.0,2.0,2.1,2.1,2.1,2.1,2.1,2.106138765668953,2.2,2.2,2.2,2.2,2.3,2.4,2.4,2.4,2.4,2.4,2.5,2.6,2.6,2.6,2.7,2.7,2.7,2.7,2.743198843880208,2.8,2.8,2.8,2.8,2.9,2.9,3.0,3.003343888618275,3.1,3.2,3.2,3.269487052929304,3.3,3.4,3.4,3.4,3.4,3.4312240387354507,3.5,3.5,3.6,3.6,3.6996368694758246,3.8,3.8,3.8,3.8,3.8435434581825403,4.2,4.501636004857891
0.2,0.6,0.6,0.6,0.6,0.6,0.6,0.6,0.6,0.6,0.6,0.6824747633424777,0.7,0.7,0.7,0.7,0.7,0.7,0.7,0.7,0.8,0.8,0.8,0.8,0.8,0.8,0.8,0.8,0.8,0.8,0.8568011561197949,0.9,0.9,0.9095758604413761,1.0,1.0,1.0,1.1,1.1,1.1,1.1,1.1,1.1,1.1,1.1,1.1,1.1,1.1,1.1,1.1,1.1,1.1,1.1,1.1,1.1,1.1,1.2,1.2,1.2,1.2,1.2,1.2,1.2,1.2,1.2,1.3,1.3,1.3,1.3,1.3,1.3,1.3,1.4,1.4,1.4,1.4,1.4,1.4,1.4,1.5,1.5,1.5,1.5,1.5,1.5,1.5,1.5,1.5,1.5,1.5,1.5,1.5,1.5,1.5,1.5,1.6,1.6,1.6,1.6,1.6,1.6,1.6,1.6,1.6,1.6,1.6,1.6,1.6,1.6,1.6,1.6,1.7,1.7,1.7,1.7,1.7,1.7,1.7,1.7,1.7,1.7,1.7,1.7,1.7,1.7,1.7,1.8,1.8,1.8,1.8,1.8,1.8,1.8,1.8,1.8,1.8,1.8,1.8,1.8,1.8,1.8,1.8,1.8,1.9,1.9,1.9,1.9,1.9,1.9,1.9,1.9,1.9,1.9,1.9,1.9,1.9599324600475085,2.0,2.0,2.0,2.0,2.0,2.0,2.0,2.0,2.0465762418859983,2.1,2.1,2.1,2.1,2.2,2.2,2.3,2.4,2.4,2.4,2.4,2.4801475342872323,2.5409909701809736,2.7,2.8,2.8,2.800258245611019,2.9,3.0406880822512337,3.1139854899254376,3.2,3.3,3.3,3.3312240387354506,3.4,3.4,3.5,3.5,3.5,3.5,3.5202076077128366,3.641060866411857,3.7713626571738246,3.8,3.877872882956086,4.101090669905261
0.1,0.1,0.1,0.1,0.1,0.1,0.1,0.1,0.1,0.1,0.1,0.1,0.1,0.1,0.1,0.1,0.1,0.1,0.1,0.1,0.1,0.1,0.1,0.1,0.2,0.2,0.2,0.2,0.2,0.2,0.2,0.2,0.2,0.2,0.2,0.2,0.2,0.2,0.2,0.2,0.2,0.2,0.2,0.2,0.2,0.2,0.2,0.2,0.2,0.2,0.2,0.2,0.2,0.2,0.2,0.2,0.2,0.2,0.2,0.2,0.2,0.2,0.2,0.2,0.2,0.2,0.2,0.2,0.2,0.2,0.2,0.2,0.2,0.2,0.2,0.2,0.3,0.3,0.3,0.3,0.3,0.3,0.3,0.4,0.4,0.4,0.4,0.4,0.4,0.4,0.5,0.5,0.5,0.5,0.5,0.5,0.5,0.576311592408004,0.6,0.6,0.6,0.6,0.6,0.6,0.6,0.6,0.6,0.6,0.6,0.6,0.6,0.6,0.6,0.6,0.6,0.6,0.6,0.6,0.6,0.6,0.6,0.6,0.6,0.6,0.6,0.6,0.6,0.6,0.6693198771606091,0.7,0.7,0.7,0.7,0.7,0.7,0.7,0.7,0.7,0.7,0.7956215100637167,0.8,0.8,0.8,0.8,0.9,0.9,0.9,0.9,0.9,0.9,0.9,0.9061387656689533,1.0,1.0,1.0,1.0,1.1,1.1,1.1,1.1,1.1,1.1,1.1,1.2,1.2,1.2,1.2,1.2,1.2,1.2,1.2,1.2,1.2,1.3,1.3,1.3,1.3,1.4,1.4,1.4,1.5,1.5,1.5,1.5,1.5139854899254375,1.6,1.6,1.7,1.7,1.7,1.7,1.8,1.8,1.8,1.9068299354724387,2.0202076077128366,2.241060866411857,2.3713626571738247,2.5,2.577872882956086,3.3016360048578917
0.1,0.2663813511317425,0.5854855139391493,0.6,0.6,0.6,0.6,0.6,0.6,0.6,0.6928667015533229,0.7,0.7,0.7,0.7,0.7,0.7,0.7,0.7,0.7,0.7,0.7,0.7,0.7,0.8,0.8,0.8,0.8,0.8,0.8,0.8,0.8,0.8,0.8,0.8,0.8,0.8,0.8,0.8,0.8,0.8,0.8,0.8,0.8,0.8,0.8400675399524986,0.9,0.9,0.9,0.9,0.9,0.9,0.9,0.9,0.9,0.9,0.9,0.9,0.9,0.9,0.9,0.9,0.9,0.9,1.0,1.0,1.0,1.0,1.0,1.0,1.0,1.0,1.0,1.0,1.0,1.0,1.0,1.0,1.0,1.0,1.0,1.0,1.0,1.0,1.0,1.0,1.1,1.1,1.1,1.1,1.1,1.1,1.1,1.1,1.1,1.2,1.2,1.2,1.2,1.2,1.2,1.2,1.2,1.2,1.2,1.2,1.2,1.2,1.2,1.2,1.2,1.2,1.2,1.2722891507838767,1.3,1.3,1.3,1.3,1.3,1.3,1.3,1.3,1.3,1.3,1.3,1.3,1.3,1.3,1.3,1.3,1.3,1.3,1.3,1.3,1.3,1.3,1.4,1.4,1.4,1.4,1.4,1.4,1.4,1.5,1.5,1.5,1.5,1.5,1.5,1.5,1.5,1.5,1.5,1.5,1.5,1.5,1.5,1.5,1.5,1.5,1.5670798011073146,1.6,1.6,1.6,1.6,1.6,1.6,1.690424139558621,1.7,1.7,1.7,1.7,1.8,1.8,1.8,1.8,1.8,1.9,1.9,1.9,1.9,1.9,2.0,2.0,2.0,2.0,2.0,2.1,2.1,2.1,2.1,2.1,2.1,2.1,2.2,2.2202076077128368,2.3,2.571362657173825,2.8290289721216935,3.2,3.403817344668414
0.19945466504737464,0.6,0.6,0.6,0.6,0.6,0.6,0.6,0.6,0.6,0.7,0.7,0.7,0.7,0.7,0.7,0.7,0.7,0.7,0.7,0.8,0.8,0.8,0.8,0.8,0.8,0.8,0.8,0.8,0.8,0.8,0.8,0.8,0.8,0.8,0.8,0.8,0.8,0.8,0.9,0.9,0.9,0.9,0.9,0.9,0.9,0.9,0.9,0.9,0.9,0.9,0.9,0.9,0.9,0.9,0.9,0.9,0.9,0.9,0.9,0.9,0.9,0.9,0.9667073185757431,1.0,1.0,1.0,1.0,1.0,1.0,1.0,1.0,1.0,1.0,1.0,1.0,1.0,1.0,1.0,1.0,1.0,1.0,1.0,1.0,1.0,1.0,1.1,1.1,1.1,1.1,1.1,1.1,1.1,1.1,1.1,1.1,1.1,1.1,1.1,1.1,1.1,1.1,1.2,1.2,1.2,1.2,1.2,1.2,1.2,1.2,1.2,1.2,1.2,1.2,1.2,1.2,1.2,1.2,1.2,1.2,1.2,1.2,1.2,1.2,1.2,1.2,1.2,1.2,1.2,1.2,1.2,1.2,1.3,1.3,1.3,1.3,1.3,1.3,1.3,1.3,1.3,1.3,1.3,1.3,1.3,1.3,1.3,1.3,1.4,1.4,1.4,1.4,1.4,1.4818099114968333,1.5,1.5,1.5,1.5,1.5,1.5,1.5,1.5,1.5,1.5,1.6,1.6,1.6,1.6,1.6,1.6,1.6,1.6,1.6,1.6,1.6,1.7,1.7,1.7,1.7,1.7,1.8,1.8,1.8,1.8,1.8,1.8895186080399071,1.9,1.9,2.0,2.0,2.0,2.0,2.0,2.0,2.1,2.2,2.3,2.3,2.4,2.5,2.8005453349526306
0.1,0.1,0.1,0.1,0.1,0.1,0.2,0.2,0.2,0.2,0.2,0.2,0.2,0.2,0.2,0.2,0.2,0.2,0.2,0.2,0.2,0.2,0.2,0.2,0.2,0.2,0.2,0.2,0.2,0.2,0.2,0.2,0.2,0.2,0.2,0.2,0.2,0.2,0.2,0.2,0.2,0.2,0.2,0.2,0.2,0.2,0.2,0.2,0.2,0.2,0.2,0.2,0.2,0.2,0.2,0.2,0.2,0.2,0.2,0.2,0.2,0.2,0.2,0.2,0.2,0.2,0.2,0.2,0.2,0.2,0.2,0.2,0.2,0.2,0.2,0.2,0.3,0.3,0.3,0.3,0.3,0.3,0.3,0.3,0.3,0.3,0.3,0.3,0.3,0.3,0.3,0.3,0.3,0.3,0.3,0.3,0.3,0.3,0.3,0.3,0.3,0.3,0.3,0.3,0.3,0.3,0.3,0.3,0.3,0.3,0.3,0.3,0.3,0.3,0.3,0.3,0.3,0.3,0.3,0.3,0.3,0.3,0.3,0.3,0.3,0.3,0.3,0.3,0.3,0.3,0.3,0.3,0.3,0.3,0.3,0.3,0.3,0.3,0.3,0.3,0.3,0.3,0.3,0.3,0.3,0.3,0.3,0.3,0.4,0.4,0.4,0.4,0.4,0.4,0.4,0.4,0.4,0.4,0.4,0.4,0.4,0.4,0.4,0.4,0.4,0.4,0.4,0.4,0.4,0.4,0.4,0.4,0.4,0.4,0.4,0.4,0.4,0.4,0.4,0.4672825715857357,0.5,0.5,0.5,0.5,0.5,0.5,0.5,0.5,0.5,0.5,0.5,0.5,0.5,0.5,0.5,0.5,0.6,0.6,0.6,0.7,1.001090669905261
1.1994546650473745,1.6221271170439142,1.7,1.9,1.9,1.9797923922871656,2.2,2.2,2.2,2.2,2.2928667015533226,2.3,2.3,2.3,2.3,2.4,2.4,2.4,2.4,2.6,2.6,2.6,2.696656111381731,2.7,2.7,2.7,2.7,2.7,2.7,2.7,2.7,2.7,2.7,2.7,2.7,2.7,2.7,2.7,2.8,2.8,2.8,2.8,2.8,2.8,2.8,2.8,2.8,2.8,2.8,2.8,2.9,2.9,2.9,2.9,2.9,2.9,2.9,2.9,2.9,2.9,2.9,2.9,2.9,2.9,2.9,2.9,2.9,2.9,2.9164165237127206,3.0,3.0,3.0,3.0,3.0,3.0,3.1,3.1,3.1,3.1,3.1,3.1,3.1,3.1,3.1,3.1513332276346606,3.2,3.2,3.2,3.2,3.2,3.2,3.2,3.2,3.2,3.2,3.2,3.2,3.2,3.2,3.2,3.2,3.2,3.2,3.2,3.2,3.2,3.2,3.222338458626433,3.3,3.3,3.3,3.3,3.3,3.3,3.3,3.3,3.3,3.37439350157847,3.4,3.4,3.4,3.4,3.4,3.5,3.5,3.5,3.5,3.5,3.5,3.5,3.6,3.6,3.6,3.6,3.6,3.6,3.6,3.6,3.6,3.6,3.7,3.7,3.7,3.7,3.7,3.7,3.7,3.7,3.7,3.732765281195782,3.8,3.8,3.8,3.8,3.8,3.8,3.8,3.8,3.8,3.8,3.8,3.8107266901243975,3.9,4.0,4.0,4.0,4.1,4.1,4.1,4.1,4.1,4.196291420219933,4.2,4.2,4.2,4.2,4.2,4.2,4.3,4.3,4.3,4.4,4.4,4.4,4.6,4.6,4.6,4.6,4.6,4.6,4.607133298446677,4.7,4.7,4.8,5.2,5.4,5.4,5.4,5.4,6.6,6.603272009715783
1.1,1.5,1.6,1.7,1.8,1.8797923922871658,1.9,1.9,1.9,1.9,2.0,2.082474763342478,2.1,2.1520555588893195,2.2,2.2,2.2,2.2,2.3,2.3,2.3,2.3,2.3,2.3,2.4,2.4,2.4,2.4,2.4494582816066526,2.5,2.5,2.5,2.6,2.6,2.6,2.6,2.6,2.6,2.6,2.6,2.6,2.6,2.617922626012691,2.7,2.7,2.7,2.7,2.7,2.7,2.7,2.7,2.7,2.7,2.7,2.7,2.7,2.7,2.7,2.7,2.7,2.7,2.7,2.7,2.7,2.7,2.7275897391896877,2.8,2.8,2.8,2.8,2.8,2.8,2.8,2.8,2.8,2.8,2.8,2.8,2.8,2.8,2.8,2.8,2.8,2.8,2.8,2.8,2.8,2.8,2.8,2.8,2.8,2.8,2.8,2.8,2.9,2.9,2.9,2.9,2.9,2.9,2.9,2.9,2.9,2.9,2.9,2.9,2.9,2.9,2.9,3.0,3.0,3.0,3.0,3.0,3.0,3.0,3.0,3.0,3.0,3.1,3.1,3.1,3.1,3.1,3.1,3.1,3.1,3.1,3.1,3.1,3.1,3.1,3.1,3.1,3.1,3.1,3.2,3.2,3.2,3.2,3.2,3.2,3.2,3.2,3.2,3.2,3.2,3.2,3.2,3.2,3.2,3.2,3.2,3.2,3.2,3.2,3.2,3.2,3.2,3.2,3.2,3.2,3.2,3.200446139750591,3.3,3.3,3.3,3.3,3.3,3.39121831144011,3.4,3.4,3.5,3.5,3.5,3.5,3.5,3.5409909701809736,3.6,3.6,3.6,3.6,3.6,3.6406880822512337,3.7,3.7,3.7,3.7,3.8,3.8,3.8,3.8,3.8,3.8,4.1,4.1,4.1,4.2,4.4,4.6,5.002181339810522
0.3,0.32212711704391417,0.5,0.5,0.6,0.6,0.6,0.6,0.6,0.6,0.6,0.6,0.7,0.7,0.7,0.7,0.7,0.7,0.7,0.7,0.7,0.7,0.7,0.7,0.7,0.7,0.7,0.7,0.7,0.7,0.7,0.7,0.7,0.709575860441376,0.8,0.8,0.8,0.8,0.8,0.8,0.8,0.8,0.8,0.8,0.8,0.8,0.8,0.8,0.8,0.8,0.9,0.9672347188042181,1.0,1.0,1.0,1.0,1.0,1.0749633088836164,1.1,1.1,1.1,1.1,1.1,1.1,1.2,1.2,1.2,1.2,1.2,1.2,1.2,1.2,1.2,1.2,1.2,1.2,1.2,1.2,1.2,1.2,1.2,1.2,1.2997307358156036,1.3,1.3,1.3,1.3,1.3,1.3,1.3,1.3,1.3,1.3,1.3,1.3,1.3,1.3,1.3,1.3,1.3,1.3,1.3,1.3,1.3,1.3,1.3,1.3,1.3,1.3,1.3,1.3,1.3,1.3470673069005499,1.4,1.4,1.4,1.4,1.4,1.4002692641843906,1.5,1.5,1.5,1.5,1.5,1.5,1.5,1.5,1.5,1.5,1.5,1.5,1.5,1.5,1.5,1.5,1.5,1.5026769483789848,1.6,1.6,1.6,1.6,1.7,1.7,1.7,1.7,1.7,1.7,1.7,1.7,1.7,1.7,1.7,1.7,1.7,1.7,1.7,1.7,1.7,1.7,1.7,1.7,1.7,1.755172771262977,1.8,1.8,1.8,1.841531877275179,1.9,1.9,1.9,1.9,1.9,1.9,1.9,1.9,2.0,2.0,2.1,2.1,2.1,2.1,2.1,2.1,2.1406880822512337,2.2,2.2,2.2,2.2,2.231224038735451,2.3,2.3,2.3,2.3,2.4,2.606829935472439,2.7,2.7,2.7,2.714514486060847,3.1,3.502181339810522
0.6,0.6,0.6,0.6286373428261779,0.7,0.7,0.886340129055123,1.1,1.1,1.1,1.1,1.1,1.1,1.1,1.1,1.1,1.2,1.2,1.2,1.2,1.3,1.3,1.3966561113817306,1.4,1.5,1.5,1.6,1.6,1.6,1.6,1.6,1.6,1.6,1.6,1.6,1.6,1.7,1.7,1.7,1.7,1.7,1.7,1.7,1.7,1.7,1.7,1.7,1.7,1.7,1.7,1.7,1.7,1.7,1.7,1.7,1.7,1.7,1.7,1.7,1.7,1.7,1.7,1.7,1.7,1.7,1.7,1.7,1.7,1.7,1.7,1.7,1.8,1.8,1.8,1.8,1.8,1.8,1.8,1.8,1.8,1.8,1.8,1.8,1.8,1.8,1.8,1.8,1.8,1.8,1.8,1.8,1.8,1.8,1.8,1.8,1.8,1.8,1.8,1.8,1.8,1.8,1.8,1.8,1.8,1.8,1.8,1.8,1.9,1.9,1.9,1.9,1.9,1.9,1.9,1.9,1.9,2.0,2.0,2.0,2.0,2.0,2.1,2.1,2.1,2.1,2.1,2.1,2.1,2.1,2.1,2.1258931733306894,2.2,2.2,2.2,2.2,2.2,2.2,2.2,2.2,2.2,2.2,2.2,2.2,2.2,2.2,2.2,2.2,2.2,2.2,2.2,2.2,2.3,2.3,2.3,2.3,2.4,2.4,2.4,2.4,2.4,2.4,2.5,2.5,2.5,2.5,2.5,2.5,2.5,2.6,2.6,2.643198843880208,2.7,2.8,2.8,2.8,2.8,2.8,2.9,2.903343888618275,3.0,3.1,3.2002582456110193,3.3,3.3,3.4,3.4,3.5,3.6,3.6,3.7,3.7,3.8003907185653643,3.9977167337233994,4.0,4.2,4.2,4.2,4.3,4.4,4.6,4.905453349526306
0.6,0.6221271170439141,0.7,0.7,1.0178782671762765,1.1,1.1,1.1,1.1,1.1,1.1,1.1,1.1,1.1,1.1,1.1,1.2,1.2,1.2,1.2997417543889866,1.4,1.5,1.5,1.5,1.5198524657127763,1.6,1.6,1.6,1.6,1.6,1.6,1.6,1.6,1.7,1.7,1.7,1.7,1.7,1.7,1.7,1.7,1.7,1.7,1.7,1.7,1.7,1.7,1.7,1.7,1.7,1.7,1.7,1.7,1.7,1.7,1.8,1.8,1.8,1.8,1.8,1.8,1.8,1.8,1.8,1.8,1.8,1.8,1.8,1.8,1.8,1.8,1.8,1.8,1.8,1.8,1.8,1.8,1.8,1.8,1.8,1.8,1.8,1.8,1.8,1.8,1.8,1.8,1.8,1.8,1.8,1.9,1.9,1.9,1.9,1.9,1.9,1.9,1.9,1.9,1.9,1.9,1.9,1.9,1.9,1.9482910578227461,2.0,2.0,2.0,2.0,2.0,2.096926093147823,2.1,2.1,2.1,2.1,2.1,2.1,2.1,2.1,2.1,2.1,2.1,2.1,2.1,2.1,2.1,2.2,2.2,2.2,2.2,2.2,2.2,2.2,2.2,2.2,2.2,2.2,2.2,2.2,2.2,2.2,2.2,2.2,2.2,2.2,2.2,2.2,2.2,2.2,2.2,2.2,2.3,2.3,2.3,2.3,2.4,2.4,2.4,2.4,2.4,2.5,2.5,2.5,2.5,2.5,2.5,2.5415318772751787,2.6,2.7,2.8,2.8,2.8,2.8,2.8059984560655775,2.9,2.9207433944853904,3.0,3.1,3.2,3.2,3.3,3.3,3.3,3.3406880822512335,3.4,3.4,3.4,3.5,3.5,3.517525236657525,3.6,3.6,3.6977167337233996,3.7,3.8,3.8202076077128364,4.0,4.0,4.2,4.533618648868258,4.701090669905262
0.6,0.6,0.7,0.7,0.7,1.1,1.1,1.1,1.1,1.1,1.1,1.1,1.1,1.1,1.1,1.1,1.1,1.1,1.1,1.1997417543889866,1.2,1.2,1.2,1.2,1.2,1.2792566055146068,1.337286272143571,1.4,1.4,1.5,1.5,1.5,1.5,1.6,1.6,1.6,1.6,1.6,1.6,1.6,1.6,1.6,1.7,1.7,1.7,1.7,1.7,1.7,1.7,1.7,1.7,1.7,1.7,1.7,1.7,1.7,1.7,1.7,1.7,1.7,1.7,1.7,1.7,1.7,1.8,1.8,1.8,1.8,1.8,1.8,1.8,1.8,1.8,1.8,1.8,1.8,1.8,1.8,1.8,1.8,1.8,1.8,1.8,1.8,1.8,1.8,1.8,1.8,1.8,1.8,1.8030739068521826,1.9,1.9,1.9,1.9,1.9,1.9,1.9,1.9,1.9,2.0,2.0,2.0,2.0,2.0,2.0,2.1,2.1,2.1,2.1,2.1,2.1,2.1,2.1,2.1,2.1,2.1,2.1,2.1,2.1,2.1,2.2,2.2,2.2,2.2,2.2,2.2,2.2,2.2,2.2,2.2,2.2,2.2,2.2,2.2,2.2,2.2,2.2,2.2,2.2,2.2,2.3,2.3,2.3,2.3,2.3923452141771633,2.4,2.4,2.4,2.4,2.4,2.4,2.4,2.4,2.5,2.5,2.5,2.5,2.5,2.6,2.7,2.710726690124398,2.8,2.8,2.8,2.8,2.8,2.8,2.9,2.9,3.0,3.0,3.1505417183933506,3.2,3.3,3.4,3.4,3.4,3.4,3.4,3.4,3.400258245611019,3.5,3.5,3.5139854899254375,3.6,3.6674450063076964,3.7,3.7,3.7,3.8,3.8003907185653643,3.9,3.9,4.0,4.0,4.1410608664118564,4.2,4.314514486060847,4.5,4.5010906699052615
1.6,2.2,2.2,2.4,2.4,2.819169569148663,3.272680258110246,3.6,3.6,3.6,3.7,3.982474763342478,4.337551922529089,4.4,4.532554993692302,4.610481391960096,4.7,4.7,4.7,4.799741754388987,4.8,4.8,4.9,4.959009029819025,5.0,5.0,5.0,5.0,5.0,5.0,5.0,5.6263450656796605,5.9,5.9383034417655045,6.3,6.3,6.3,6.3,6.3,6.389273309875609,6.4,6.4,6.4,6.4,6.400071751439711,6.6,6.6,6.8,6.8,6.8,6.9,6.9,6.9,6.9,6.9,6.9,6.9,6.9,6.9,6.9,6.9,6.9,6.9,6.9,6.9,6.9,6.9,6.9,6.9,6.9,6.9,6.9,6.9,6.9,6.9,6.9,6.9,6.9,7.0,7.0,7.0,7.0,7.0,7.0,7.0,7.0,7.0,7.0,7.0,7.0,7.0,7.0,7.0,7.0,7.0,7.0,7.0,7.0,7.0,7.1,7.1,7.1,7.1,7.1,7.148291057822746,7.2,7.2,7.2,7.2,7.2,7.2,7.2,7.2,7.2,7.2,7.4769584730898035,8.4,8.4,8.4,8.4,8.4,8.4,8.4,8.4,8.4,8.4,8.4,8.4,8.4,8.4,8.4,8.4,8.4,8.4,8.4,8.4,8.4,8.4,8.4,8.5,8.5,8.5,8.5,8.5,8.5,8.5,8.5,8.5,8.5,8.5,8.5,8.5,8.5,8.5,8.5,8.5,8.5,8.5,8.5,8.9356946518472,10.3,10.3,10.3,10.3,10.3,10.3,10.3,10.3,10.3,10.3,10.3,10.3,10.3,10.3,10.3,10.3,10.3,10.586936791266817,11.0,11.0,11.0,11.0,11.0,11.0,11.0,11.0,11.0,11.0,11.0,11.0,11.0,11.0,11.0,11.0,11.0,11.0,11.0,11.0,11.0,11.0,11.0
1.498363995142124,1.9442542340878284,2.2,2.2,2.2,2.2,2.2,2.2,2.2,2.2996092814346323,2.3928667015533227,2.482474763342478,2.7,2.7,2.7,2.9,2.9,2.9,3.2,3.2997417543889864,3.5,3.5,3.5,3.6,3.6,3.6,3.6,3.6,3.7,3.8,3.8,4.0,4.0,4.1095758604413755,4.2,4.20640601215474,4.353423758114002,4.4,4.4,4.4,4.4,4.5,4.6,4.6,4.7,4.7,4.7,4.818190088503163,4.9,4.9,5.0,5.0,5.0,5.0,5.0,5.0,5.4,5.4,5.4,5.480999844717371,5.6,5.9,5.9,5.9,5.9,5.9,6.3,6.3,6.4,6.4,6.548213653338604,6.605055246651733,6.9,6.9,6.9,6.9,6.9,6.9,6.9,6.9,6.9,6.9,6.9,6.9,6.9,6.9,6.9,6.9,6.9,6.9,6.9,6.9,6.9,6.9,6.9,6.9,6.9,6.9,7.0,7.0,7.0,7.0,7.0,7.0,7.0,7.0,7.0,7.0,7.0,7.0,7.0,7.0,7.0,7.0,7.0,7.0,7.0,7.0,7.000269264184391,7.1,7.1,7.1,7.1,7.1,7.159180841484494,7.2,7.2,7.2,7.2,7.2,7.2,7.2,8.203001715447455,8.4,8.4,8.4,8.4,8.4,8.4,8.4,8.4,8.4,8.4,8.4,8.4,8.4,8.4,8.4,8.4,8.432765281195783,8.5,8.5,8.5,8.5,8.5,8.5,8.5,8.5,8.5,8.5,8.5,8.5,8.5,8.5,8.5,8.5,8.5,8.5,8.5,8.5,10.3,10.3,10.3,10.3,10.3,10.3,10.3,10.3,10.3,10.3,10.3,11.0,11.0,11.0,11.0,11.0,11.0,11.0,11.0,11.0,11.0,11.0,11.0,11.0,11.0,11.0,11.0,11.0,11.0,11.0,11.0
1.5972733252368734,1.8,2.2,2.2,2.3589391335881382,2.4,2.6,2.600363130524173,2.8,2.8996092814346324,2.9,3.082474763342478,3.1,3.1,3.1,3.1,3.1,3.2,3.2,3.2,3.26710973118205,3.3,3.3,3.3,3.3,3.3,3.3,3.3,3.3,3.4,3.4,3.4,3.5,3.5,3.5,3.5,3.553423758114002,3.6995538602494094,3.7,3.7,3.7329201988926886,3.8,3.8,3.8,3.8,3.8,3.8794452753522877,4.1,4.1,4.1,4.1,4.2,4.2,4.2,4.2,4.2,4.2,4.2,4.207945850290253,4.3,4.3,4.3,4.335730053136092,4.4,4.4,4.4275897391896875,4.5,4.5,4.5,4.5,4.5,4.5,4.5,4.6,4.686222963545816,4.7,4.7,4.7,4.7,4.7,4.7,4.7,4.7,4.7,4.7,4.7,4.7,4.7,4.7,4.7,4.7,4.7,4.7,4.7,4.8,4.8,4.8,4.8,4.8,4.8,4.8,4.8,4.8991113784562685,4.9,4.9,4.9,4.9,4.9,4.9,4.9,4.9,4.9,4.9,4.9,5.0,5.0,5.0,5.0,5.0,5.0,5.0,5.0,5.1,5.1,5.1,5.1,5.1,5.141424948730241,5.2,5.2,5.2,5.4,5.567166952574575,5.6,5.6,5.6,5.6,5.6,5.6,5.6,5.6,5.6,5.6,5.6,5.6,5.6,5.9,5.9,5.9,5.9,5.9,5.9,5.9,5.9,5.9,5.9,5.9,5.9,5.9,5.9,5.9,5.9,5.9,5.9,5.9,5.9,5.9,6.261696558234484,6.340306890980156,6.4,6.4,6.4,6.4,6.6,6.6,6.6,6.6,6.6,6.6,6.6,6.6,6.6,6.6,6.6,6.6,6.6,6.6,6.6,6.6,6.6,6.6,6.6007814371307285,6.8,6.8,6.8,6.8,6.8,6.8,6.8290289721216935,7.0,7.117450718484179
0.6,1.1,1.1,1.6,1.6,1.6,1.7,1.7003631305241729,1.8,1.8,1.8,1.8824747633424777,1.9687759612645443,2.0520555588893195,2.1,2.1,2.1860145100745636,2.2,2.2,2.2,2.2,2.2,2.2,2.2,2.2,2.2,2.2,2.2,2.2,2.2,2.2,2.2,2.2,2.2,2.2,2.2,2.3068475162280038,2.4,2.4,2.4,2.4,2.4,2.4,2.4,2.4,2.4,2.4,2.4181900885031635,2.5,2.5,2.6,2.6,2.6,2.7,2.7,2.7,2.7415378870321603,2.8,2.8,2.8,2.9,2.9,2.9,2.9,2.9,3.1,3.257519604410663,3.3,3.3,3.3,3.3,3.4,3.4,3.4,3.4,3.4,3.4,3.4,3.4,3.421115852667802,3.5,3.5,3.5997307358156037,3.6,3.6,3.6,3.6,3.6,3.6,3.6,3.6,3.6,3.6,3.6,3.6,3.6,3.651708942177257,3.7,3.7,3.8,3.8,3.8,3.8991113784562685,3.9,3.9,3.9,3.9,3.9,3.9,3.9,3.9,3.9,4.0,4.0,4.0,4.0,4.0,4.1,4.1,4.1,4.1,4.1,4.105449935582612,4.2,4.2,4.286365747330313,4.3,4.3,4.3,4.4,4.4,4.4,4.4,4.4,4.4,4.4,4.4,4.4,4.4,4.4,4.4,4.4,4.4,4.4,4.4,4.4,4.4,4.4,4.4,4.4,4.4,4.4,4.4,4.4,4.4,4.4,4.4,4.5,4.5,4.5,4.5,4.5,4.5,4.5,4.5,4.5,4.5,4.5,4.5,4.6,4.6,4.6,4.7,4.7,4.7,4.7,4.8,4.8409909701809735,5.0,5.0,5.0,5.2,5.2,5.362752329004934,5.6,5.9,5.9,5.9,6.3,6.317525236657525,6.4,6.4,6.4,6.6,6.613659870944877,6.8,7.0,8.4,8.4,8.4,10.3
0.6,0.6,0.6,0.6,0.8768174007644146,1.1,1.2,1.2010893915725187,1.6,1.6,1.6,1.6,1.7,1.7,1.7,1.7,1.7,1.7,1.7,1.7,1.7,1.7,1.7,1.7,1.8,1.8,1.8,1.8,1.8,1.8,1.8568011561197948,1.9,1.9,1.909575860441376,2.0,2.0,2.0,2.0,2.1,2.1,2.1,2.1,2.1,2.1,2.1,2.1,2.1,2.1,2.1,2.1,2.1,2.2,2.2,2.2,2.2,2.2,2.2,2.2,2.2,2.2,2.2,2.2,2.2,2.2,2.2,2.2,2.2,2.2,2.2,2.2,2.2,2.2,2.2,2.2,2.2,2.2,2.2,2.2,2.2,2.2,2.2,2.3,2.4,2.4,2.4,2.4,2.4,2.4,2.4,2.4,2.4,2.4,2.4,2.4,2.5,2.5,2.5,2.5,2.5,2.6,2.6,2.6,2.6,2.623688407591999,2.7,2.7,2.7,2.722338458626433,2.8,2.8,2.8,2.9,2.9,3.0,3.197623680861142,3.3,3.3,3.3,3.3,3.4,3.4,3.4,3.4,3.4,3.4,3.4,3.413777036454178,3.5,3.5,3.5,3.5,3.5545931739625813,3.6,3.6,3.6,3.6,3.6,3.6,3.6,3.6,3.7,3.7,3.7,3.7,3.8,3.8,3.9,3.9,3.9,3.9,3.9,3.9,4.0,4.0,4.0,4.0,4.0,4.0,4.0,4.024205258435956,4.1,4.1,4.1,4.1,4.1,4.1,4.1,4.1,4.1,4.2,4.2,4.3,4.3,4.3,4.3,4.3,4.3,4.3409909701809735,4.4,4.4,4.4,4.4,4.4,4.4,4.4,4.4,4.5,4.5,4.5,4.5,4.5,4.5,4.5,4.5,4.6,4.6,4.6410608664118564,4.7,4.914514486060847,5.833618648868259,7.2
0.7,1.1,1.1854855139391491,1.5,1.5,1.6797923922871658,1.7,1.7,1.7,1.7,1.7,1.7,1.7,1.7,1.8,1.8,1.8,1.8,1.8,1.8,1.8,1.8,1.8,1.8,1.8,1.8,1.8,1.8,1.8,1.9,1.9,2.0,2.0,2.1,2.1,2.1,2.1,2.1,2.1,2.1,2.1,2.175794741564042,2.2,2.2,2.2,2.2,2.2,2.2,2.2,2.2,2.2,2.2,2.2,2.2,2.2,2.2,2.2,2.2,2.2,2.2,2.2,2.2,2.2,2.2,2.297323051621021,2.4,2.4,2.4,2.4164165237127206,2.5,2.5,2.5025276233258666,2.6,2.65857505126975,2.7,2.8,2.9,2.9,2.9,3.021115852667802,3.2474948492296107,3.3,3.3,3.4,3.4,3.4,3.4,3.4,3.4,3.4,3.4,3.4,3.4,3.4,3.4023925098791605,3.5,3.5,3.5,3.6,3.6,3.6,3.7,3.7,3.7,3.7,3.7,3.7,3.7,3.7,3.7719890737088915,3.8,3.821949238263988,3.9,3.9,3.9,3.9,3.9,3.9,3.9,3.9,3.9,3.9,3.9,3.9,3.9,4.0,4.0,4.0,4.0,4.0,4.0,4.0,4.0,4.0,4.0,4.0,4.0,4.1,4.164269946863908,4.2,4.2,4.2,4.2,4.225036691116378,4.4,4.4,4.4,4.4,4.4,4.4,4.4,4.4,4.4,4.4,4.4,4.4,4.4,4.4,4.4,4.4,4.4,4.4,4.5,4.5,4.5,4.5,4.5,4.5,4.5,4.5,4.5,4.5,4.5,4.5,4.5,4.5,4.5,4.5,4.5,4.6,4.6,4.7,4.7,4.7,4.7,4.7,4.7,4.8,4.8,4.9,4.907133298446678,5.201562874261458,5.6,5.6,5.9,5.9,6.4,6.6,6.629028972121693,6.8,11.0
0.8989093300947493,1.1,1.1,1.2286373428261779,1.458939133588138,1.5,1.5931700645275617,1.6,1.6,1.6,1.6,1.6,1.6,1.6,1.6,1.6,1.6,1.6,1.6,1.6,1.6,1.6,1.6,1.6,1.6,1.6,1.6,1.6,1.6,1.6,1.6,1.6,1.6,1.6,1.6,1.6,1.6,1.6,1.6,1.6,1.6,1.6,1.6,1.6,1.6,1.6,1.6,1.6,1.6563222283256664,1.7,1.8,1.8,1.8,1.8,1.8,1.8,1.9,1.9,1.9,2.0,2.1,2.1,2.1,2.1,2.1,2.1,2.1,2.1,2.1,2.2,2.2,2.2,2.2,2.2,2.2,2.2,2.2,2.2,2.2,2.2,2.2,2.2,2.2,2.2,2.2,2.2,2.2,2.2,2.2,2.2,2.2,2.2,2.2,2.2,2.2,2.2,2.2,2.2,2.2,2.2,2.2,2.2,2.2,2.2,2.2,2.2,2.2,2.3,2.3,2.3,2.3,2.4,2.4,2.4,2.4,2.5,2.5,2.5,2.5,2.5,2.5,2.5,2.5,2.6,2.6,2.6,2.6,2.6,2.6,2.6,2.6,2.6,2.6,2.6,2.6,2.6,2.6,2.6,2.6,2.6,2.6,2.6,2.6,2.6,2.6,2.6,2.7,2.7,2.7,2.7,2.7,2.7,2.7,2.7,2.7,2.7,2.7,2.7,2.7,2.7,2.7,2.7,2.7,2.7,2.7,2.7,2.7,2.7,2.840306890980156,2.9,2.9,2.9,2.9,2.9,2.9,2.9,2.9,2.9,2.9,2.9,3.0328902688179484,3.1002582456110193,3.269487052929304,3.3,3.3,3.4,3.5,3.6,3.6,3.6,3.6,3.7,3.7,3.8,3.8,3.8,3.8,3.8,4.2,4.633618648868259,5.9
0.6994546650473746,0.9,0.9854855139391493,1.0,1.0589391335881382,1.1,1.1,1.1,1.1022832662765965,1.2,1.2,1.2,1.2687759612645444,1.3,1.3,1.3104813919600964,1.4,1.4,1.4,1.5,1.5,1.5,1.5,1.6,1.6,1.6,1.6,1.6,1.6,1.6,1.6,1.6,1.6,1.6,1.6,1.6,1.6,1.6,1.6,1.6,1.6,1.6,1.6,1.6,1.6,1.6,1.6,1.6,1.6,1.6,1.6,1.6,1.6,1.6,1.6,1.6,1.6,1.6,1.6,1.6,1.7,1.7,1.7,1.7,1.7973230516210208,1.8,1.8,1.8,1.8,1.8,1.8,1.8,1.8306801228393907,1.9,1.9,2.0,2.040819158515501,2.1,2.1,2.1,2.1,2.1,2.1,2.1,2.1,2.1,2.2,2.2,2.2,2.2,2.2,2.2,2.2,2.2,2.2,2.2,2.2,2.2,2.2,2.2,2.2,2.2,2.2,2.2,2.2,2.2,2.3,2.3,2.4,2.4,2.4,2.4,2.4,2.5,2.5,2.5,2.5,2.5,2.5002692641843907,2.6,2.6,2.6,2.6,2.6,2.6,2.6,2.6,2.6,2.6,2.6,2.6,2.6,2.6,2.6,2.6,2.6,2.6,2.6,2.6,2.6,2.6,2.6,2.6,2.6,2.6,2.6923452141771635,2.7,2.7,2.7,2.7,2.7,2.7,2.7,2.7,2.7,2.7,2.7,2.7,2.782077373987306,2.8,2.9,2.9,2.9,2.9,2.9,2.9,2.9,2.9,2.9,2.9,2.9,3.096291420219933,3.1,3.1,3.1,3.2207433944853903,3.3,3.3,3.3,3.3,3.3,3.3,3.438974105858608,3.5,3.5,3.5895186080399073,3.6,3.6,3.6,3.6,3.7,3.7003907185653646,3.8,3.8,3.8,3.8202076077128364,4.1410608664118564,4.4,4.7,4.8,5.601636004857891
0.5978186601894985,0.6,0.6,0.6,0.6,0.6,0.6931700645275615,0.7,0.7,0.7,0.7,0.7,0.7,0.7,0.7,0.7,0.7,0.7,0.7,0.7,0.7,0.7327174284142678,0.8,0.8,0.8,0.9,0.9,0.9,0.9,0.9,1.0,1.0,1.0,1.0,1.0,1.0,1.0,1.0,1.0,1.0,1.0,1.0,1.0,1.0,1.0,1.0,1.0,1.0,1.0,1.0,1.0,1.0,1.0,1.0,1.0,1.0,1.0,1.0,1.0,1.0,1.0,1.0,1.0,1.0,1.0,1.0,1.0,1.0,1.0,1.0454068260374243,1.1,1.1,1.1,1.1,1.1,1.2,1.2,1.2,1.2,1.2,1.2,1.2,1.2,1.2,1.2,1.2,1.2,1.3,1.3,1.3,1.3,1.3,1.3,1.3,1.3,1.3,1.3,1.3,1.3,1.3,1.3,1.3,1.3,1.3,1.3,1.3,1.3,1.3,1.3,1.3,1.3,1.3,1.3,1.3,1.3,1.4,1.4,1.4,1.4,1.4,1.4,1.4,1.4,1.4,1.4,1.4,1.4,1.4,1.4,1.4,1.4,1.4,1.4,1.4,1.4,1.4,1.4,1.4,1.4,1.4,1.4,1.4,1.4,1.4,1.4584621129678397,1.5,1.5,1.5,1.5,1.5,1.5,1.5,1.5,1.5,1.5,1.5,1.5,1.6,1.6,1.6,1.6,1.6,1.6,1.6,1.6,1.6,1.641531877275179,1.7,1.7,1.7,1.7,1.7,1.7,1.7,1.7,1.8,1.8,1.8,1.8,1.8,1.8,1.8,1.9,1.9,1.9,1.9895186080399072,2.0674450063076963,2.1,2.1,2.1,2.1,2.2,2.2,2.3,2.3068299354724386,2.5202076077128366,2.6,2.6,2.7,2.7,3.600545334952631
0.7,0.7,1.0854855139391493,1.1,1.2,1.3,1.3,1.300363130524173,1.4,1.4,1.4,1.5,1.5,1.5,1.5,1.5,1.5,1.6,1.6,1.6,1.6671097311820504,1.7,1.7,1.8,1.8,1.8,1.8,1.8,1.8,1.9,1.9,1.9,1.9,1.9,1.9,1.9,1.9,1.9,1.9,1.9,2.0,2.0,2.0,2.0,2.0,2.0,2.0,2.0,2.0,2.0,2.0,2.0,2.0,2.0,2.0,2.1,2.1,2.1,2.1,2.1,2.1,2.1,2.1,2.1,2.197323051621021,2.2,2.2,2.2,2.2,2.2,2.2,2.2,2.2,2.2,2.2,2.2,2.240819158515501,2.3,2.3,2.3,2.4,2.4,2.5,2.5,2.5,2.5,2.5,2.5,2.5,2.5,2.5,2.5280109262911052,2.6,2.6,2.6,2.6,2.6,2.6,2.600888621543729,2.7,2.7,2.7,2.7,2.7,2.7,2.7,2.7,2.7,2.7,2.7,2.8,2.8,2.8,2.8,2.8,2.8,2.8,2.8,2.8,2.8,2.8,2.8,2.8,2.8,2.8,2.8,2.8,2.8,2.8,2.9,2.9,2.9,2.9,3.0,3.0,3.0,3.1,3.1,3.1,3.1,3.2,3.2,3.2,3.2,3.2,3.2,3.2,3.2,3.2,3.3,3.3,3.3,3.3,3.3,3.3,3.3599324600475087,3.4,3.4,3.4,3.4,3.4,3.4,3.5,3.5,3.5,3.5,3.5,3.5,3.5,3.5,3.5,3.5,3.55054171839335,3.6,3.6,3.6207433944853906,3.7,3.7,3.7,3.7,3.7,3.8,3.8,3.8,3.8,3.8,4.1,4.1,4.131224038735451,4.2,4.2,4.2,4.3,4.3,4.3,4.3,4.3,4.471362657173825,4.7,4.9,6.401090669905262
0.2994546650473746,0.4221271170439142,0.5,0.6,0.7,0.7,0.7,0.7,0.7,0.8,0.8,0.8,0.8,0.8,0.8,0.8,0.8,0.8,0.8,0.8,0.9,0.9,0.9,0.9,0.9,0.9,0.9,0.9,0.9,0.9,0.9,0.9,0.9,0.9,0.9,0.9,0.9,0.9,0.9,0.9,0.9,0.9,0.9,0.9,0.9,0.9,0.9794452753522875,1.0,1.0,1.0,1.0,1.0,1.0,1.0,1.0,1.1,1.1,1.1,1.1,1.1,1.1,1.1,1.1,1.1,1.1,1.1,1.1,1.1,1.1,1.1454068260374244,1.2,1.2,1.2,1.2,1.2,1.2,1.2,1.2,1.2,1.2,1.2,1.2,1.3,1.3,1.3,1.3,1.3,1.3,1.3,1.3,1.3,1.3,1.3,1.3,1.3,1.3,1.3,1.3,1.3,1.3,1.3,1.3,1.3,1.3,1.3,1.3729278915505745,1.4,1.4,1.4,1.4,1.4,1.4,1.4,1.4,1.4,1.5,1.5,1.5,1.5,1.5,1.5,1.5,1.5,1.5,1.5,1.5,1.5,1.5,1.5,1.5,1.6,1.6,1.6,1.6,1.6,1.6,1.6,1.6,1.6,1.6,1.6,1.7,1.7,1.7,1.7,1.7,1.7,1.7,1.7,1.7,1.7,1.7,1.7,1.7,1.7,1.7,1.7,1.8,1.8,1.8,1.8,1.8,1.8,1.8,1.8,1.8,1.9,1.9,1.9,1.9,2.0,2.0,2.0,2.0,2.0,2.0,2.0,2.0,2.0,2.0,2.0,2.0,2.0,2.1,2.2,2.2,2.2,2.2,2.2,2.2,2.2,2.2,2.2,2.3,2.3136598709448775,2.5,2.5,2.5,2.5,2.7,2.7
0.6,0.6,0.6,0.6,0.6,0.6797923922871657,1.3,1.4003631305241728,1.5022832662765964,1.6,1.6,1.6,1.7,1.7,1.7,1.8,1.8,1.8,1.9,1.9,2.0,2.0,2.0,2.0,2.0,2.0,2.1,2.1,2.1,2.2,2.2,2.2,2.2,2.209575860441376,2.3,2.4,2.4,2.4,2.4,2.4,2.4,2.4,2.4,2.4,2.4,2.4,2.4,2.4,2.4,2.4,2.4,2.4,2.4,2.4,2.4,2.4,2.4,2.4,2.4,2.4,2.4,2.404378489936286,2.5,2.5,2.5,2.5,2.5,2.5,2.5,2.5,2.5,2.6,2.6,2.6,2.6,2.6,2.6,2.6,2.6,2.6,2.6,2.6,2.6997307358156037,2.7,2.7,2.7,2.8,2.8,2.8,2.8,2.8,2.8,2.8,2.8776615413735667,2.9,2.9,2.9,2.9,2.9,2.9,2.95,3.0,3.0,3.0,3.0,3.1,3.1,3.1,3.1,3.1,3.1,3.1,3.1,3.2,3.2,3.2,3.2,3.2,3.3,3.3,3.3,3.3,3.3,3.3,3.3,3.3,3.313777036454178,3.4,3.4,3.4,3.4,3.4,3.4,3.4128753795290434,3.5,3.5,3.5,3.5,3.5,3.5956215100637166,3.6,3.6,3.6,3.6,3.6,3.6,3.6,3.6,3.6,3.6,3.66917401898113,3.7,3.7,3.7,3.8,3.8,3.8,3.8,3.8,3.9,3.9,3.9,4.0,4.1,4.1,4.1,4.1,4.1,4.2,4.2,4.2,4.2,4.2,4.2,4.2,4.2,4.2,4.240990970180974,4.3,4.3,4.3,4.3,4.4,4.5,4.5,4.5,4.567445006307696,4.6,4.6,4.617525236657525,4.7,4.8,4.897716733723399,5.0,5.006829935472439,5.1,5.282121732823714,6.256813285869123,6.4,6.755745765912172,7.207089354384197
0.6,0.6,0.7854855139391493,1.3,1.4,1.4,1.4,1.5,1.5,1.5,1.5,1.6,1.6,1.6,1.7,1.7,1.7,1.7,1.7,1.7,1.7,1.7,1.7,1.7590090298190248,1.8,1.8,1.8,1.8,1.8,1.8,1.8,1.8,1.8,1.809575860441376,1.9,1.9,1.9,2.0,2.0,2.0,2.0,2.0,2.0,2.0,2.0,2.0,2.0,2.0,2.0,2.0,2.0,2.0,2.0,2.0,2.0,2.0,2.0,2.0,2.0,2.0,2.0,2.1,2.1,2.1,2.1,2.1,2.1,2.1,2.2,2.2,2.2,2.2,2.2,2.2,2.2,2.2,2.2,2.3,2.3,2.3,2.3,2.3,2.3,2.3,2.3,2.3,2.3,2.3,2.3,2.3,2.3,2.4,2.4,2.4,2.4,2.4,2.4,2.4,2.4,2.4,2.4,2.4,2.4,2.4,2.4,2.4,2.4,2.422338458626433,2.5,2.5,2.5,2.5,2.5,2.5,2.5,2.5,2.5,2.5,2.5,2.5,2.5,2.5788841473321953,2.6,2.6,2.6,2.6,2.6,2.6,2.6,2.6,2.6,2.6,2.7,2.7,2.7,2.7,2.702676948378985,2.8,2.8,2.8,2.8,2.8,2.8,2.8,2.8,2.8,2.8,2.8,2.8,2.9,2.9,2.9,2.9,2.9,2.9,2.9,2.9,3.0,3.0,3.0,3.067079801107315,3.1,3.1,3.1,3.1,3.1,3.1,3.1,3.2,3.2,3.3,3.3,3.3,3.3,3.3,3.3,3.4,3.4,3.4,3.4,3.4,3.4,3.4,3.5,3.5,3.5,3.5,3.5,3.5,3.517525236657525,3.6,3.7,3.7,3.8,3.9,3.9202076077128365,4.1,4.34272531434765,4.6145144860608465,5.055745765912172,6.801090669905261
0.6,0.7221271170439142,1.2,1.3,1.4,1.4,1.4,1.5,1.5,1.5,1.5,1.5,1.5,1.6,1.6,1.6,1.6,1.6,1.7,1.7,1.7,1.7,1.7,1.7,1.7,1.7,1.7,1.7,1.7,1.7,1.7,1.8,1.8,1.8,1.8,1.8,1.8,1.8,1.8,1.8,1.8,1.9,1.9,1.9,1.9,2.0,2.0,2.0,2.0,2.0,2.0,2.0,2.0,2.0,2.0,2.0,2.0,2.0,2.0,2.0,2.0,2.0,2.0,2.0,2.0,2.1,2.1,2.1,2.1,2.2,2.2,2.2,2.2,2.2,2.2,2.2,2.2,2.2,2.2,2.2,2.2,2.2,2.2,2.3,2.3,2.3,2.3,2.3,2.3,2.3,2.3,2.3,2.3,2.3,2.3,2.3,2.3517089421772566,2.4,2.4,2.4,2.4,2.4,2.4,2.4,2.4,2.4,2.4,2.4,2.4471294307578546,2.5,2.5,2.5,2.5,2.5,2.5,2.5,2.5,2.5,2.5,2.5,2.5,2.5,2.5,2.532212223747814,2.6,2.6,2.6,2.6,2.6,2.6,2.6,2.6,2.6,2.6,2.6,2.7,2.7,2.7,2.8,2.8,2.8,2.8,2.8,2.8,2.8,2.8,2.8,2.8,2.8,2.8,2.9,2.9,2.9,2.9,2.9,2.9,2.9,2.940671534142251,3.0,3.0242052584359556,3.1,3.1,3.1,3.1,3.1,3.1,3.2,3.2,3.2,3.2,3.3,3.3,3.3,3.3,3.3,3.3,3.3801475342872322,3.4,3.4,3.4,3.4328902688179483,3.5,3.5,3.5,3.5,3.5,3.5,3.6,3.7,3.7175252366575253,3.8,3.8,3.8,4.0,4.1,4.220207607712837,4.582121732823714,5.042725314347649,6.4,6.6,7.000545334952631
0.6,0.6,0.6,1.2,1.2589391335881381,1.6,1.7,1.7003631305241729,1.8,1.8,1.8,1.8,1.9,1.9,1.9,1.9,1.9,2.0,2.0,2.0,2.0671097311820503,2.1,2.1,2.1590090298190248,2.2,2.2,2.2,2.2,2.2,2.2,2.2,2.2,2.2,2.2,2.2,2.2,2.2,2.2,2.2,2.2,2.2329201988926886,2.3,2.3,2.3,2.3,2.340067539952498,2.4,2.4,2.4,2.4,2.4,2.4,2.4,2.4,2.4,2.5,2.5,2.5,2.5,2.5,2.5,2.6,2.6,2.6,2.697323051621021,2.7,2.7,2.7,2.7,2.7,2.7,2.8,2.8,2.8,2.8,2.8,2.8,2.8,2.9,2.9,2.9,2.9,2.9,2.9,3.0,3.0,3.1,3.2,3.2,3.2,3.3,3.3,3.3,3.3776615413735667,3.4,3.4,3.4,3.4,3.4,3.4,3.4,3.4,3.4,3.4,3.4,3.4,3.4,3.4,3.4,3.4,3.4,3.5,3.5,3.5,3.5,3.5,3.5,3.5,3.5,3.6,3.6,3.6,3.6,3.6,3.6,3.6,3.6,3.6,3.6693198771606093,3.7,3.7,3.8,3.8,3.8,3.8,3.8,3.8,3.9,3.9,3.9,3.9,3.9,3.9920541497097473,4.1,4.1,4.1,4.1,4.1,4.196894888185165,4.2,4.2,4.2,4.2,4.3,4.3,4.3,4.3,4.3,4.3,4.3,4.3,4.4,4.4,4.4,4.4,4.4,4.4,4.4,4.4,4.4,4.4,4.4,4.45054171839335,4.5,4.5,4.5,4.5,4.5,4.503343888618275,4.6,4.6,4.6,4.6,4.6,4.6,4.6,4.6,4.6,4.6,4.7,4.7,4.8,4.8,4.8,4.9,5.0,5.0,5.2,6.001601402425928,6.6,7.0010906699052615
0.6,1.1,1.2,1.2,1.458939133588138,1.6,1.6,1.7,1.7,1.7,1.7,1.7,1.8,1.8,1.8,1.8104813919600964,1.9,1.9,2.0,2.0,2.0,2.1,2.1,2.1590090298190248,2.2,2.2,2.2,2.2,2.2,2.2,2.2,2.2,2.2,2.2,2.2,2.2,2.2,2.2,2.2,2.2,2.3,2.3,2.3,2.4,2.4,2.4400675399524983,2.5,2.5,2.5563222283256666,2.6,2.630825981018876,2.7,2.7,2.7,2.7,2.7,2.7,2.7,2.7,2.7,2.7,2.7043784899362864,2.8,2.8,2.8,2.8,2.857519604410663,2.9,2.9,2.9,2.9,2.9,2.9,2.9,2.9,2.9,2.940819158515501,3.0,3.0,3.1,3.2,3.2736966480707363,3.3,3.3,3.3,3.4,3.4,3.4,3.4,3.4,3.4,3.4,3.4,3.4,3.4023925098791605,3.5,3.5,3.5,3.5,3.5,3.5,3.5,3.5,3.5,3.6,3.6,3.6,3.6,3.6,3.6,3.6,3.7,3.7,3.7,3.8,3.8,3.8,3.8,3.8,3.8,3.8,3.8,3.8,3.8,3.8,3.8863657473303133,3.9,3.9,3.9,3.9,3.9,3.9,3.9,3.9,3.9,3.9724102608103182,4.0,4.0,4.0,4.1,4.2,4.2,4.2,4.2,4.2,4.2,4.2,4.2,4.2968948881851645,4.3,4.3,4.3,4.3,4.3,4.4,4.4,4.4,4.4,4.4,4.4,4.4,4.4,4.4,4.4,4.4,4.4,4.4,4.4,4.4,4.4,4.4,4.4,4.4,4.4,4.4,4.5,4.5,4.5,4.5,4.5,4.5,4.6,4.6,4.6,4.6,4.6,4.6,4.6,4.6,4.7,4.7,4.700390718565365,4.8,4.8,4.8,4.8,4.9,4.9,5.0,5.2,5.604362679621044
0.6989093300947492,0.7,0.7854855139391493,0.9,1.0,1.1,1.1,1.2,1.2,1.2,1.2928667015533228,1.3,1.3,1.3,1.3325549936923018,1.4,1.4,1.4,1.4,1.4,1.4,1.4,1.5,1.5,1.5,1.5,1.5,1.5,1.5,1.5,1.5,1.5,1.5,1.5,1.5,1.50640601215474,1.6,1.6,1.6,1.6,1.6,1.6,1.6,1.6,1.6,1.6,1.6,1.6,1.6,1.6,1.7,1.7,1.7,1.7,1.7,1.7,1.7,1.7,1.7,1.7,1.7,1.7,1.7,1.7,1.7,1.7,1.7575196044106633,1.8,1.8,1.8,1.8,1.8,1.8,1.8,1.8,1.8,1.840819158515501,1.9,1.9,1.9,1.9,1.9,1.9,1.9,1.9,2.0,2.0,2.0,2.0,2.0,2.0,2.0,2.0,2.0,2.0,2.0,2.0,2.0,2.0,2.0,2.0,2.0745514221892507,2.1,2.1,2.1,2.1,2.1,2.1,2.1,2.1,2.1,2.1,2.1,2.1,2.1,2.1,2.1,2.1,2.1002692641843907,2.2,2.2,2.2,2.2,2.2,2.2,2.2,2.2,2.2,2.2,2.2,2.2,2.2,2.2835834762872875,2.3,2.3,2.3,2.3,2.3,2.3,2.3,2.3,2.3,2.3,2.3,2.3,2.3,2.3,2.3,2.3,2.3,2.3,2.3,2.3,2.381809911496833,2.4,2.4,2.4,2.4,2.4,2.4,2.4,2.4,2.4,2.5,2.5,2.5,2.5,2.5,2.5,2.5,2.5,2.5,2.6,2.7,2.7,2.7,2.7,2.7,2.7,2.7,2.7,2.8,2.8,2.9,2.9139854899254374,3.0,3.0,3.1,3.131224038735451,3.2175252366575253,3.3,3.3,3.3,3.5,3.5,3.6,3.6,3.7,3.8145144860608466,3.9,4.401090669905262
0.6994546650473746,1.2,1.2854855139391492,1.3,1.3,1.3797923922871658,1.5,1.5,1.5,1.5,1.5,1.6,1.6,1.6,1.7,1.7,1.7,1.7,1.8,1.8,1.8,1.8,1.8,1.9,1.9,1.9,1.9,1.9,1.9,1.9,1.9,1.9,1.9,2.0,2.0,2.0,2.0,2.0,2.0,2.0,2.1,2.1,2.1,2.1,2.1,2.1400675399524984,2.2,2.2,2.2,2.2,2.2,2.2,2.2,2.2,2.3,2.3,2.3,2.3,2.3,2.3,2.3,2.3,2.3,2.3,2.3,2.3,2.3,2.3,2.3,2.3,2.3,2.3,2.3,2.3,2.3,2.4,2.4,2.4,2.4,2.4,2.4,2.4,2.4,2.4,2.4,2.4,2.4,2.4,2.4,2.4,2.4,2.4,2.4,2.4,2.4,2.5,2.5,2.576311592408004,2.6,2.6,2.6,2.6,2.6,2.6,2.7,2.7,2.7,2.7,2.7,2.7,2.7,2.7,2.7,2.7,2.7,2.7,2.7,2.7743935015784698,2.8,2.8,2.8,2.8,2.8,2.8,2.8,2.8,2.8,2.8,2.8,2.8,2.8,2.8,2.8,2.8,2.8,2.8,2.8,2.8,2.8,2.8,2.9,2.9,2.9,2.9,2.9,2.9,2.9,2.9,2.9968948881851647,3.0,3.0,3.0,3.0,3.0,3.0,3.0,3.0,3.0,3.0,3.0,3.0,3.0,3.0551727712629773,3.1,3.1,3.1,3.1,3.1,3.1,3.1,3.1,3.1,3.1,3.2,3.2,3.2,3.2,3.2,3.3,3.3,3.4,3.5,3.5,3.5,3.5,3.5,3.7,3.7,3.8,3.817525236657525,4.1,4.1,4.1,4.1,4.2,4.220207607712837,4.5,4.6,4.743543458182541,5.3557457659121726,6.603272009715783
0.6989093300947492,0.9221271170439141,1.1854855139391491,1.2,1.2,1.3,1.3,1.4,1.4022832662765963,1.5,1.5,1.5,1.5,1.5,1.5,1.5,1.5,1.5,1.5,1.5,1.5,1.5,1.5,1.5,1.5,1.5,1.5,1.5,1.6,1.6,1.6,1.6,1.6,1.6,1.6,1.6,1.6,1.6,1.7,1.7,1.7,1.7,1.7,1.7,1.7,1.7,1.7,1.7,1.7,1.7,1.7,1.7,1.7,1.738454272860062,1.8,1.8,1.8,1.8,1.8,1.8404999223586855,1.9,1.9,1.9,1.9,1.9,1.9,1.9,1.9,1.9,1.9,1.9,1.9,1.9,1.9,1.9,1.9,1.9,1.9,1.9945500644173848,2.0,2.0,2.0,2.0,2.0,2.0,2.0,2.0,2.0,2.0,2.0,2.1,2.1,2.1,2.1,2.1,2.1,2.1,2.1,2.1,2.1,2.1,2.1,2.1,2.2,2.2,2.2,2.2,2.2,2.2,2.2,2.2,2.2,2.2,2.2,2.2,2.2,2.2,2.2,2.2,2.2,2.3,2.3,2.3,2.3,2.3,2.3,2.3,2.3,2.3,2.4,2.4,2.4,2.4,2.4,2.4,2.4,2.4,2.4,2.4,2.4,2.4,2.4,2.4,2.5,2.5,2.5,2.5,2.5,2.6,2.6,2.6,2.6,2.6436777716743394,2.7,2.7,2.7,2.7,2.7,2.7,2.7,2.7,2.8,2.8,2.8,2.8,2.8,2.8,2.8,2.8,2.89121831144011,2.9,2.9,2.9,2.9,2.9,2.9,2.9,3.0,3.0,3.0,3.0,3.0,3.0,3.0,3.0,3.0,3.0,3.1,3.1,3.1,3.3,3.4,3.4,3.4,3.5,3.5,3.5,3.5,3.6,3.777872882956086,4.910361364099981
0.2,0.2,0.2,0.2,0.2,0.2,0.2,0.2,0.2,0.2,0.2,0.2,0.2,0.2,0.2,0.2,0.2,0.3,0.3,0.3,0.3,0.3,0.3,0.3,0.3,0.3,0.3,0.3,0.3,0.3,0.3,0.3,0.3,0.3,0.3,0.3,0.3,0.3,0.3,0.38927330987560826,0.4,0.4,0.4,0.5,0.5,0.5,0.5,0.5,0.5,0.5,0.5,0.5,0.5,0.5,0.5,0.5,0.5,0.5,0.5,0.5,0.5,0.5,0.5,0.5,0.5,0.5,0.5,0.5,0.5,0.5,0.6,0.6,0.6,0.6,0.6,0.6,0.6,0.6,0.6,0.6,0.6,0.6,0.6,0.6,0.6,0.6,0.6,0.6,0.6,0.6,0.6,0.6,0.6,0.6,0.6,0.6,0.6,0.6,0.6,0.6,0.6,0.6,0.6,0.6,0.6,0.6,0.6,0.6,0.6,0.6,0.6,0.6,0.6,0.6,0.6,0.7,0.7,0.7,0.7,0.7,0.7,0.7,0.7,0.7,0.7,0.7,0.7,0.7,0.7,0.7,0.7,0.7,0.7,0.7,0.7,0.7,0.7,0.7,0.7,0.7,0.7,0.7,0.7,0.7,0.7,0.7,0.7,0.7,0.7,0.7,0.7,0.8,0.8,0.8,0.8,0.8,0.8,0.8,0.8,0.8,0.8,0.8,0.8,0.8,0.8,0.8,0.8,0.8,0.8,0.8,0.9,0.9,1.0,1.0,1.0,1.0,1.1,1.1,1.1,1.1672825715857358,1.2,1.2,1.2,1.2,1.2,1.2,1.267445006307696,1.3,1.3,1.3,1.3,1.3,1.3977167337233993,1.5,1.5,1.5,1.5,1.5,1.5,1.6,1.7
0.6,1.1221271170439142,1.5,1.6,1.6,1.6,1.7,1.8,1.8022832662765964,1.9,1.9,1.9,2.0,2.1,2.2,2.2,2.2,2.2,2.2,2.2,2.2,2.4,2.4966561113817307,2.5,2.5,2.5,2.6,2.6,2.6,2.6,2.6,2.6,2.6,2.6,2.6584681227248215,2.8,2.8,2.8,2.8,2.8,2.832920198892688,2.9,2.9,2.9,2.900035875719855,3.0,3.0,3.1,3.1,3.1,3.1,3.1,3.2,3.2,3.2,3.3,3.3,3.3,3.3,3.3,3.3,3.304378489936286,3.4,3.4,3.5,3.5,3.5,3.5,3.5,3.5,3.5,3.5,3.5,3.5,3.5,3.5,3.6,3.6,3.6,3.6211158526678022,3.7,3.7736966480707363,3.8,4.2,4.2,4.2,4.2,4.227710849216121,4.3,4.378050761736015,4.7,4.7,4.752870569242148,4.8,4.8,4.827072108449437,4.9,4.9,5.0,5.0,5.1,5.823654266567752,5.9,5.9,6.238037404759223,6.6,6.6,6.8,6.9,6.9,6.9,6.9,6.9,6.9,6.9,6.923079872757484,7.0,7.0,7.0,7.0,7.0,7.0,7.0,7.0,7.0,7.0,7.0,7.0,7.0,7.0,7.0,7.0,7.0,7.0,7.0,7.0,7.0,7.0,7.0,7.0,7.0,7.0,7.0,7.0,7.1,7.1,7.1,7.1,7.1,7.1,7.1,7.1,7.1,7.1,7.1,7.1,7.1,7.1,7.1,7.2,7.2,7.2,7.2,7.2,7.2,7.2,8.4,8.4,8.4,8.4,8.5,8.5,9.409750931080305,10.3,10.3,10.3,10.3,10.3,10.3,10.3,10.3,10.3,10.78640937050513,11.0,11.0,11.0,11.0,11.0,11.0,11.0,11.0,11.0,11.0,11.0,11.0,11.0,11.0,11.0,11.0,11.0,11.0
0.5994546650473747,0.8,0.9,0.9,1.1,1.2,1.3,1.3,1.3,1.3996092814346326,1.4,1.4,1.4,1.4,1.5,1.5,1.5,1.5,1.6,1.6,1.6,1.6,1.6,1.6,1.6,1.6,1.6,1.6,1.6,1.60370857978007,1.7,1.7,1.7,1.7,1.7,1.7,1.7,1.7,1.7,1.7,1.7,1.7,1.7,1.7,1.7,1.7,1.7,1.8,1.8,1.8,1.8,1.8,1.9,1.9,1.9,1.9,1.9,1.9,1.9,1.9,1.9,1.9043784899362861,2.0,2.0,2.0,2.0,2.0,2.0,2.0,2.1,2.2,2.2,2.2,2.2,2.2862229635458164,2.313634252669689,2.4,2.4,2.5,2.5,2.5,2.5,2.5,2.5,2.6,2.6,2.6,2.6,2.6,2.6,2.6,2.6,2.6,2.6,2.6,2.6,2.6,2.6,2.6,2.6,2.6,2.6,2.6,2.6,2.7,2.7,2.8,2.8,2.8,2.8,2.8,2.8,2.8,2.8,2.8,2.8,2.8,2.8,2.9,2.9,2.9,2.9,2.9,2.9,2.9,2.9,3.0,3.0,3.0,3.0,3.1,3.1,3.1,3.1,3.1,3.1,3.1,3.1,3.1,3.1,3.1,3.159500077641303,3.2,3.2,3.2,3.2,3.2,3.2,3.2,3.2,3.2,3.2,3.2436777716743395,3.3,3.3,3.3,3.3,3.3,3.3,3.4,3.4,3.4,3.4,3.4,3.4,3.5,3.5,3.5,3.5,3.5,3.5,3.5,3.5,3.5,3.5,3.5,3.5,3.5,3.5,3.5,3.6,3.6,3.6,3.6,3.6,3.7,3.7,3.7,3.8,3.8701009466301,4.2,4.200390718565365,4.3,4.5,4.8,4.9,5.187426064882999,5.814087971521474,6.8,6.955745765912172,8.410361364099982
0.3,0.4,0.5,0.5,0.5,0.5,0.5,0.5,0.5,0.5,0.5,0.5,0.5,0.5,0.5,0.6,0.6,0.6,0.6,0.6997417543889867,0.7,0.7,0.7,0.7,0.7,0.7,0.7,0.7,0.7,0.7,0.7,0.8,0.8,0.8,0.8,0.8,0.8,0.8,0.8,0.8,0.8,0.8,0.8,0.8,0.9,0.9,0.9,0.9,0.9,0.9,0.9,0.9,0.9,0.9,0.9,0.9,0.9,0.9,0.9,0.9,0.9,0.9,0.9,0.9,0.9,0.9,0.9,0.9,0.9,0.9,0.9,1.0,1.0,1.0,1.0,1.1,1.1,1.1,1.1,1.121115852667802,1.2,1.2,1.2,1.2,1.2,1.2769201272425164,1.3,1.3,1.3,1.3,1.3,1.3,1.3,1.3,1.3,1.3,1.3517089421772568,1.4,1.4,1.4,1.4,1.4,1.4,1.4,1.4,1.4,1.4,1.4,1.4,1.4,1.4,1.4,1.4,1.4,1.4,1.4,1.4,1.4,1.4,1.4,1.4,1.4,1.4,1.4,1.4,1.4,1.4,1.4,1.4,1.4,1.4,1.4,1.4,1.4,1.4,1.4,1.4,1.4,1.4,1.4,1.4273604303772345,1.5,1.5,1.5,1.5,1.5,1.5,1.5,1.5968948881851646,1.6,1.6,1.6,1.6,1.6,1.6,1.7,1.7,1.7,1.7,1.7,1.7,1.7,1.7,1.7,1.7,1.7,1.7,1.7,1.7,1.7,1.7,1.7,1.7,1.7,1.7,1.7,1.7,1.7409909701809738,1.8,1.8,1.8,1.8,1.8,1.8,1.8,1.8,1.8,1.8,1.8,1.8,1.8,1.8,1.8,1.8996368694758246,1.9,2.0,2.141060866411857,2.2,2.3290289721216935,2.6,2.9
1.197273325236873,1.3,1.4,1.5,1.6,1.6,1.6,1.7,1.7,1.8,1.8,1.8,1.8687759612645443,1.9,1.9,1.9,1.9,1.9,1.9,1.9,1.9,1.9,1.9,2.0,2.0,2.0,2.0,2.0,2.0,2.1,2.1,2.1,2.1,2.2,2.2,2.2,2.253423758114002,2.3,2.3,2.3,2.3,2.3,2.3,2.4,2.4,2.4,2.4,2.4,2.5,2.5,2.5,2.5,2.5,2.5,2.5,2.5,2.5,2.5749633088836164,2.6,2.6,2.6,2.6,2.6,2.6,2.697323051621021,2.7,2.7,2.7,2.8,2.8,2.8,2.8,2.8,2.8,2.8,2.8,2.8,2.8,2.8,2.8,2.8,2.8,2.8,2.8,2.8,2.8,2.8,2.8,2.8,2.8,2.8,2.9,2.9,2.9,2.9,2.9,2.9,2.9,2.9,2.9,2.9,2.9,2.9,2.9,2.9,2.9,2.9,2.9,2.9,2.9719890737088916,3.0,3.0,3.0,3.0,3.0,3.0230798727574837,3.1,3.1,3.1,3.1,3.1,3.1,3.1,3.2,3.2,3.2,3.2,3.2,3.2,3.2,3.2,3.2,3.2,3.2,3.3,3.3,3.3,3.3,3.4,3.4,3.4,3.4,3.4,3.4,3.4,3.4,3.4,3.4,3.4,3.4,3.4,3.4,3.4,3.4,3.4,3.4,3.4,3.5,3.5,3.5,3.5,3.5,3.5,3.5,3.5,3.5,3.5,3.5,3.5,3.5,3.5,3.5,3.5,3.5,3.5,3.5,3.5,3.5,3.6,3.6,3.6,3.6,3.6,3.7,3.7,3.7,3.7,3.7,3.8,3.8,3.821399895340033,4.2,4.2,4.299636869475824,4.3,4.340415215425673,4.5,4.64272531434765,4.9,5.990220361385207,7.0010906699052615
0.5978186601894985,0.9,1.0854855139391493,1.2,1.2,1.3,1.3,1.3,1.4,1.4,1.4,1.4,1.5,1.5,1.5,1.5,1.5,1.5,1.5,1.6,1.6,1.6,1.6,1.6,1.7,1.7,1.7,1.7,1.7,1.7,1.7,1.7,1.759693109019841,1.8,1.8,1.8,1.8,1.8,1.8,1.8,1.8,1.8,1.8,1.8,1.8,1.8,1.8794452753522874,1.9,1.9,1.9,1.9,1.9,1.9,1.9,1.9,1.9,1.9,1.9,2.0,2.0,2.0,2.0,2.0,2.0,2.0,2.0,2.0,2.0,2.0,2.0,2.0,2.0,2.0,2.0,2.0,2.0,2.0,2.0,2.1,2.1,2.1,2.1,2.1,2.1,2.1,2.1769201272425165,2.2,2.2,2.2,2.2,2.2,2.2,2.2,2.277661541373567,2.3,2.3,2.3,2.3,2.3,2.3,2.3,2.3,2.3,2.3,2.3,2.3,2.3,2.3,2.3,2.3,2.3,2.4,2.4,2.4,2.4,2.4,2.4,2.4,2.4,2.4,2.4,2.4,2.5,2.5,2.5,2.5,2.5,2.5,2.5,2.5,2.5,2.5,2.5,2.5,2.5,2.5,2.5,2.5,2.5,2.5,2.5,2.5,2.5,2.5,2.5,2.5,2.5,2.6,2.6,2.6,2.6,2.6,2.6,2.6,2.7,2.7599324600475086,2.8,2.8,2.8,2.8,2.8,2.8,2.8,2.8,2.8,2.893593987845253,2.9,2.9,2.9,2.9,2.9,2.9,3.0,3.0,3.0,3.1,3.1,3.2,3.2,3.2,3.232890268817948,3.3,3.369487052929304,3.4,3.4,3.4,3.4,3.5,3.5,3.5,3.5,3.5003907185653644,3.6,3.6996368694758246,3.7,3.8202076077128364,4.3,4.9,6.6,7.0,8.40054533495263
0.6,0.9221271170439141,1.1,1.2,1.2,1.2,1.3931700645275615,1.4003631305241728,1.5,1.5,1.5,1.5,1.6,1.6,1.6,1.6,1.6,1.7,1.7,1.7,1.7,1.7,1.7,1.7,1.8,1.8,1.8,1.8,1.8494582816066525,1.9,1.9,1.9,1.9,1.9,1.958468122724821,2.0,2.0,2.0,2.0,2.0,2.1,2.1,2.2,2.2,2.3,2.3,2.3,2.4,2.5,2.5,2.5,2.5,2.6,2.6,2.6,2.6,2.6,2.6749633088836164,2.7,2.7,2.77263956962276,2.8,2.8,2.8,2.8,2.8,2.8,2.8,2.8,2.8,2.8,2.8,2.8,2.8,2.8,2.9,2.9,2.9,2.9,2.9,2.9,2.9,2.9,2.9,2.9,2.9,2.9,2.9,3.0,3.0,3.0,3.1,3.1,3.1,3.1,3.1,3.1,3.1,3.100888621543729,3.2,3.2,3.2,3.2,3.2,3.2,3.2,3.2,3.2,3.2,3.2,3.2,3.3,3.3,3.3,3.3,3.3,3.3,3.3,3.3,3.326303351929255,3.4,3.4,3.4,3.432212223747814,3.5,3.5,3.5,3.5,3.5,3.5,3.5,3.5,3.5,3.5,3.5,3.5724102608103183,3.6,3.6,3.6,3.6,3.6,3.6,3.6,3.6,3.6584621129678396,3.7,3.7,3.7,3.7,3.7,3.7,3.7,3.8,3.8,3.8,3.8,3.8,3.8,3.8,3.9726157753078666,4.2,4.2,4.3,4.3,4.3,4.493593987845253,4.5,4.690424139558622,4.7,4.7,4.7,4.8,4.8,4.8,4.8,4.82074339448539,4.9,4.9,5.003343888618275,5.167282571585735,5.2,5.6,5.6,5.6,5.641956469776312,5.9,6.534890012615392,6.6,6.8,6.8,6.8,6.8,6.897716733723399,7.0,7.0,7.0,7.041060866411857,7.1,7.2,8.4,10.303817344668415
0.9989093300947492,1.1,1.2,1.2286373428261779,1.3,1.3,1.3,1.3,1.3,1.3,1.3,1.3,1.4,1.4,1.4,1.4,1.5,1.5,1.5,1.5,1.5,1.5,1.5,1.5,1.5,1.5,1.5,1.5,1.5,1.5,1.5,1.5,1.5,1.6,1.6,1.6,1.6,1.6,1.6,1.6,1.6,1.6,1.6,1.659328465857746,1.7,1.7,1.7,1.7,1.7,1.7,1.7,1.7,1.7,1.7,1.7,1.7,1.7,1.7749633088836163,1.8,1.8,1.8,1.8,1.8,1.8,1.8,1.8,1.8,1.8,1.8,1.8,1.8,1.8,1.8,1.8,1.8,1.8,1.9,1.9,1.9,1.9,1.9,1.9,1.9,1.9,1.9,1.9,1.9,1.9,1.9,1.9,1.9,1.9,1.9,1.9,1.9,1.9,1.9,1.9,1.9,1.9254485778107464,2.0,2.0,2.0,2.0,2.0,2.0,2.0,2.0,2.0,2.0,2.0,2.0,2.0,2.0,2.0,2.0,2.0,2.1,2.1,2.1,2.1,2.1,2.1,2.1,2.1,2.1,2.1,2.1,2.1,2.2,2.2,2.2,2.2,2.2,2.2,2.2,2.2,2.2,2.2,2.2956215100637163,2.3,2.3,2.3,2.3,2.3,2.3,2.326701204161429,2.4,2.4,2.4,2.4,2.4,2.4,2.4,2.4,2.4,2.4,2.4,2.4,2.4,2.4,2.4,2.4,2.4,2.4,2.4,2.5,2.5,2.5,2.5,2.5,2.5,2.5,2.5,2.5,2.6,2.6,2.6,2.6,2.6,2.6,2.7,2.7,2.8,2.8,2.8,2.8,2.8,2.8,2.9,2.9,2.9003907185653643,3.0,3.0,3.1,3.1202076077128367,3.2,3.3,3.5,3.777872882956086,4.10054533495263
0.8994546650473747,1.1221271170439142,1.2,1.2,1.3,1.3,1.3,1.3,1.3,1.3996092814346326,1.4,1.4,1.4,1.4,1.5,1.5,1.5,1.5,1.5,1.5,1.5,1.5,1.5,1.5,1.5,1.5,1.5,1.5,1.5,1.5,1.5,1.5,1.5,1.6,1.6,1.6,1.6,1.6,1.6,1.6,1.6,1.6,1.6,1.659328465857746,1.7,1.7,1.7,1.7,1.7,1.7,1.7,1.7,1.7,1.7,1.7,1.7,1.7,1.7,1.7,1.8,1.8,1.8,1.8,1.8,1.8,1.8,1.8,1.8,1.8,1.8,1.8,1.8,1.8,1.8,1.8,1.8,1.8,1.8,1.9,1.9,1.9,1.9,1.9,1.9,1.9,1.9,1.9,1.9,1.9,1.9,1.9,1.9,1.9,1.9,2.0,2.0,2.0,2.0,2.0,2.0,2.0,2.0,2.0,2.0,2.0,2.0,2.0,2.0,2.0,2.0,2.0,2.0,2.04706730690055,2.1,2.1,2.1,2.1,2.1,2.1,2.1,2.1,2.1,2.1,2.1,2.1,2.1863657473303135,2.2,2.2,2.2,2.2,2.2,2.2,2.2,2.2,2.2,2.2,2.2,2.2,2.264269946863908,2.3,2.3,2.3,2.3,2.3,2.3584621129678394,2.4,2.4,2.4,2.4,2.4,2.4,2.4,2.4,2.4,2.4,2.4,2.4,2.4,2.4,2.4,2.4,2.4,2.4,2.4,2.4,2.4,2.4,2.4,2.4,2.5,2.5,2.5,2.5,2.5,2.5,2.5,2.5,2.5,2.5,2.6,2.6,2.6,2.6,2.6,2.6,2.6,2.6,2.7,2.7,2.8,2.8,2.8,2.8,2.8,2.8,2.8,2.9,2.9713626571738248,3.114514486060847,3.2,3.6
0.19945466504737464,0.2,0.2,0.2,0.2,0.2,0.2,0.2,0.2,0.2,0.2,0.2,0.2,0.2,0.2,0.2,0.2,0.2,0.2,0.2,0.2,0.2,0.2,0.2,0.2,0.3,0.3,0.3,0.3,0.3,0.3,0.3,0.3,0.3,0.3,0.3,0.3,0.3,0.3,0.3,0.3,0.3,0.3,0.3,0.3,0.3,0.3,0.3,0.3,0.3,0.3,0.3,0.3,0.3,0.3,0.3,0.3,0.3,0.3,0.3,0.37263956962275985,0.4,0.4,0.4,0.4,0.4,0.4,0.4,0.4,0.4,0.4,0.4,0.4,0.4,0.4,0.4,0.4,0.4,0.4,0.4,0.4,0.5,0.5,0.5,0.5,0.5,0.5,0.5,0.5,0.5,0.5,0.5,0.5,0.5,0.5,0.5,0.5,0.5,0.5,0.5,0.5,0.5,0.5,0.5,0.5,0.5,0.5,0.522338458626433,0.6,0.6,0.6,0.6,0.6,0.6,0.6,0.6,0.6,0.6,0.6,0.6,0.6,0.6,0.6,0.6,0.6,0.6,0.6,0.6,0.6,0.6,0.6,0.6,0.6,0.6,0.6,0.6,0.6,0.6,0.6,0.6,0.7,0.7,0.7,0.7,0.7,0.7,0.7,0.7,0.7,0.7,0.7,0.7,0.7,0.8,0.8,0.8,0.8,0.8,0.8,0.8,0.8,0.8,0.8,0.8,0.8,0.8,0.8,0.8,0.9,0.9,0.9,0.9,0.9,0.9,0.9627137278564305,1.0,1.0,1.0,1.0,1.0,1.0,1.0,1.0,1.0,1.0,1.0,1.0,1.1,1.1,1.2,1.2,1.3,1.3,1.3996368694758246,1.4,1.4202076077128367,1.5,1.5,1.5,1.5,1.5
0.6,1.2,1.7854855139391492,2.1,2.1589391335881385,2.2,2.2,2.2,2.4,2.4,2.4,2.4,2.4,2.5520555588893195,2.6,2.6104813919600964,2.7,2.7,2.7,2.8997417543889865,2.9,2.9,2.9,2.9590090298190246,3.0,3.179256605514607,3.237286272143571,3.3,3.3494582816066525,3.4,3.4,3.5,3.5,3.5,3.5,3.50640601215474,3.6,3.6,3.6,3.6,3.6,3.6,3.6,3.6,3.6,3.6,3.6,3.6181900885031637,3.7,3.7,3.8,3.8,3.8,3.8,3.9,3.9,4.0,4.0,4.1,4.1,4.17263956962276,4.2,4.2,4.2,4.2,4.2,4.257519604410663,4.3,4.4,4.4,4.4,4.4,4.4,4.4,4.486222963545816,4.5,4.6,4.6,4.6,4.6,4.6,4.6,4.7,4.7,4.7,4.7,4.7,4.7,4.7,4.7,4.7,4.7,4.8,4.8,4.8,4.827072108449437,4.9,4.9,4.9,4.9,5.0,5.0,5.0,5.0,5.0,5.0,5.0,5.0,5.0,5.0,5.193852186295646,5.243898476527977,5.6,5.6,5.6,5.6,5.6,5.6,5.600807792553172,5.9,5.9,5.9,5.9,5.9,5.9,6.3,6.3,6.3,6.3,6.3,6.3,6.3,6.3,6.3,6.3,6.4,6.4,6.4,6.4,6.4,6.4,6.4,6.4,6.4,6.4,6.4,6.4,6.4,6.4,6.6,6.6,6.6,6.6,6.6,6.6,6.6,6.6,6.6,6.6,6.6,6.6,6.6,6.6,6.6,6.693152483771996,6.8,6.8,6.8,6.8,6.8,6.8,6.8,6.8,6.8,6.8,6.8,6.8,6.9,6.9,6.9,6.9,7.0,7.0,7.0,7.0,7.0,7.0,7.1,7.1,7.2,8.4,8.4,8.4,8.4,8.5,8.863736938831062,10.3,10.3,10.401601402425928,11.0,11.0
0.6,1.1221271170439142,1.2,1.7286373428261779,2.0589391335881384,2.179792392287166,2.2,2.2,2.2,2.2,2.4,2.4,2.4,2.4,2.4,2.4,2.4,2.4,2.430512947070702,2.6,2.6,2.7,2.7,2.7,2.8,2.8,2.9,2.9,2.9,2.9,2.9,2.9,2.959693109019841,3.0,3.1,3.2,3.2,3.2,3.3,3.3,3.4,3.4,3.5,3.5,3.5,3.5,3.5,3.5,3.5563222283256666,3.6,3.6,3.6,3.6,3.6,3.6,3.6,3.6,3.6,3.6,3.6,3.6,3.6,3.7,3.7,3.7,3.7275897391896877,3.8,3.8,3.8,3.8,3.8,3.9,3.9,3.9,3.9,3.9,3.9,3.9,4.0,4.0,4.0,4.073696648070737,4.1,4.1,4.151333227634661,4.2,4.2,4.2,4.2,4.2,4.2,4.2,4.4,4.4,4.4,4.4,4.4,4.4,4.4,4.4,4.4,4.5,4.599111378456268,4.6,4.6,4.6,4.7,4.7,4.7,4.7,4.7,4.7,4.7,4.7,4.7,4.7,4.7,4.7,4.8,4.8,4.8,4.8,4.9,4.9,5.0,5.0,5.0,5.0,5.0,5.0,5.051786346661379,5.309186347925163,5.567166952574575,5.6,5.6,5.6,5.6,5.6,5.792809840591724,5.9,5.9,5.9,5.9,6.3,6.3,6.3,6.3,6.3,6.3,6.3,6.3,6.3,6.3,6.381809911496833,6.4,6.4,6.4,6.4,6.4,6.4,6.4,6.4,6.4,6.4,6.4,6.4,6.483063754550358,6.6,6.6,6.6,6.6,6.6,6.6,6.6,6.6,6.6,6.6,6.681981940361947,6.8,6.8,6.8,6.8,6.8,6.8,6.8,6.8,6.8,6.9,6.9,7.0,7.0,7.0,7.1,7.2,8.4,8.4,9.239095595413426,10.3,10.3,11.0,11.0
0.6,1.2,1.4,1.5,1.6,1.6797923922871658,1.7931700645275617,1.8,1.8,1.8,1.9,2.0,2.0,2.0520555588893195,2.1,2.2,2.2,2.2,2.3,2.3,2.4,2.5,2.5,2.5,2.5,2.5,2.5,2.6,2.6,2.6,2.7,2.7,2.7,2.7,2.7,2.8,2.8,2.8,2.8,2.8,2.8,2.8,2.8,2.8,2.8,2.8,2.8,2.8,2.8563222283256664,2.9,2.9,2.9,2.9,2.9,2.9,3.0,3.0,3.0,3.0,3.0,3.0726395696227597,3.1,3.1,3.1,3.1,3.1,3.1,3.1871246204709536,3.2,3.2,3.2,3.2,3.2,3.2,3.2,3.2,3.2,3.2,3.2,3.2,3.2,3.2,3.2,3.2,3.2,3.2,3.2,3.2,3.2,3.2,3.2,3.2,3.2,3.277661541373567,3.3,3.3,3.3,3.3,3.3,3.3,3.3,3.3,3.3,3.3,3.3,3.3,3.3,3.4,3.4,3.4,3.4,3.4,3.4,3.4,3.5,3.5,3.5,3.5,3.5,3.5,3.5,3.5,3.5,3.5,3.5,3.5,3.5,3.5,3.5,3.5,3.5,3.5,3.5,3.5,3.6,3.6,3.6,3.6,3.6,3.6,3.6,3.6,3.6,3.6,3.6,3.6,3.6,3.6,3.6,3.7,3.7,3.7,3.7,3.7,3.7,3.7,3.7,3.7,3.7,3.8,3.8,3.8,3.8,3.8,3.8,3.8,4.0,4.1,4.1,4.2,4.2,4.2,4.2,4.3,4.3,4.3,4.3,4.440990970180974,4.5,4.5,4.632890268817948,4.7,4.7,4.7,4.7,4.789518608039907,4.8,4.9,4.931224038735451,5.1,5.6,5.6,5.9,6.3,6.4,6.6,6.6,6.8,6.8,7.0,7.2
0.6994546650473746,1.1,1.1,1.3,1.458939133588138,1.5,1.6,1.600363130524173,1.7,1.7,1.8,1.8,1.8,1.9,1.9,1.9,2.0,2.0,2.0,2.0,2.0,2.1,2.1,2.1,2.2,2.3,2.3,2.3,2.3,2.4,2.4,2.5,2.5,2.5,2.5,2.6,2.6,2.6,2.6,2.6,2.6,2.6,2.6,2.6,2.6,2.6400675399524984,2.7,2.7,2.7,2.7,2.7,2.7,2.8,2.8,2.8,2.8,2.8,2.8,2.9,2.9,2.9,2.904378489936286,3.0,3.0,3.0,3.0,3.0,3.1,3.1,3.1,3.1,3.1,3.1,3.1,3.1,3.1,3.2,3.2,3.2,3.2,3.2,3.2,3.2,3.2,3.2,3.2,3.2023763191388555,3.3,3.3,3.3,3.3,3.3,3.3,3.3,3.3,3.3,3.3,3.3,3.3,3.3,3.3,3.3,3.3,3.3,3.3,3.3729278915505745,3.4,3.4,3.4,3.4,3.4,3.4,3.5,3.5,3.5,3.5,3.5,3.5,3.5,3.5,3.5,3.5788841473321953,3.6,3.6,3.6,3.6,3.6,3.7,3.7,3.7,3.7,3.7,3.7,3.7,3.742480395589342,3.8,3.8,3.8,3.8,3.8,3.9,3.9,3.9,4.0,4.1,4.1,4.1,4.1,4.1,4.1,4.1,4.1,4.1,4.1,4.1,4.1,4.2,4.2,4.2,4.2,4.2,4.2,4.2,4.2,4.2,4.2,4.2,4.2,4.2,4.2,4.2,4.296291420219933,4.3,4.3,4.3,4.3,4.3,4.3,4.3,4.3,4.3,4.300258245611019,4.5,4.5,4.5,4.5,4.5,4.5,4.5,4.517525236657525,4.7,4.7,4.7,4.7,4.713659870944878,5.1,5.1,5.2,5.2,5.6,6.6
0.7,1.3221271170439142,1.4854855139391492,1.6,1.7,1.7797923922871657,1.9,1.9003631305241728,2.0,2.0996092814346325,2.2,2.2,2.3,2.3,2.4,2.4104813919600963,2.5,2.5,2.5,2.5,2.6,2.6,2.6,2.6,2.6,2.679256605514607,2.7,2.7,2.7,2.7,2.8,2.8,2.8,2.8,2.8,2.9,2.9,2.9,3.0,3.0,3.0,3.0,3.1,3.1,3.1,3.1,3.1,3.1,3.1,3.1,3.1,3.1,3.2,3.2,3.2,3.2,3.2,3.2,3.2,3.2,3.2,3.2,3.2,3.2,3.2,3.2,3.2,3.3,3.3,3.3,3.3,3.3,3.3,3.3,3.3,3.3,3.3,3.3,3.3,3.3,3.3,3.3,3.3,3.3,3.3,3.3,3.3,3.3,3.3,3.3,3.4,3.4,3.4,3.4,3.4,3.427072108449437,3.5,3.5,3.5,3.5,3.5,3.5,3.5,3.5,3.5,3.5,3.5,3.5,3.5,3.5719890737088917,3.6,3.6,3.6,3.6,3.697623680861142,3.7,3.7,3.7,3.7,3.7,3.7,3.7,3.7,3.8,3.8,3.8,3.8,3.8,3.8,3.8,3.8,3.8,3.8,3.9,4.042480395589342,4.1,4.1,4.1,4.1,4.1,4.1,4.1,4.1,4.2,4.2,4.2,4.2,4.2,4.2,4.2,4.2,4.2,4.2,4.2,4.2,4.2,4.2,4.3,4.3,4.3,4.3,4.3,4.3,4.3,4.3,4.3,4.3,4.3,4.3,4.3,4.3,4.3,4.45054171839335,4.5,4.5,4.5,4.5,4.6,4.7,4.7,4.7,4.7,4.7,4.7,4.7,4.9,4.9,4.9,4.9,4.917525236657525,5.1,5.1,5.1,5.1,5.2,5.2,5.364243465647428,5.6,5.9,6.4,6.6103613640999805
0.6994546650473746,0.9221271170439141,1.1854855139391491,1.328637342826178,1.4,1.5,1.5931700645275617,1.7,1.7,1.7,1.8928667015533227,1.9,1.9,1.9,1.9325549936923017,2.0,2.0,2.0,2.030512947070702,2.1,2.2,2.2,2.2,2.3,2.3,2.3,2.4,2.4,2.4494582816066526,2.5,2.5,2.5,2.5,2.6,2.6,2.6,2.6,2.6,2.6,2.6,2.6,2.6,2.6,2.6,2.7,2.7,2.7,2.7,2.7,2.7,2.7,2.7,2.7,2.7,2.7,2.8,2.8,2.8,2.8,2.8,2.8,2.8,2.8,2.8,2.8,2.8275897391896874,2.9,2.9,2.9,3.0,3.0,3.0,3.0,3.05857505126975,3.1,3.1,3.1,3.1,3.1,3.1,3.147494849229611,3.2,3.2,3.2,3.2,3.2,3.2,3.2,3.2,3.2,3.2,3.2,3.2528705692421482,3.3,3.3,3.3,3.3,3.3,3.3,3.3,3.3,3.3,3.3,3.3,3.3,3.3,3.3,3.3,3.3,3.4,3.4,3.4,3.4,3.4,3.4,3.4230798727574836,3.5,3.5,3.5,3.5,3.5,3.5,3.5,3.5,3.5,3.5,3.5,3.5,3.5,3.5,3.5,3.5,3.5,3.6,3.6,3.7,3.7,3.7,3.7,3.7,3.7,3.7,3.7,3.7,3.7,3.8,3.8,3.8,3.8,3.8,3.8,3.9122775313379066,4.1,4.1,4.1,4.1,4.1,4.1,4.1,4.2,4.2,4.2,4.2,4.2,4.2,4.2,4.3,4.3,4.3,4.3,4.3,4.3,4.3,4.3,4.3,4.5,4.5,4.5,4.5,4.5,4.5,4.5,4.5,4.5,4.5,4.5,4.667445006307696,4.7,4.7,4.7,4.7,4.700781437130729,4.9,5.0992737389516485,5.1068299354724385,5.4404152154256735,5.6,6.099538600216772,6.6,6.6,6.8
0.49836399514212393,0.6,0.6,0.6,0.6,0.6,0.7,0.7,0.7022832662765963,0.8,0.8,0.8,0.8,0.9,0.9,0.9,1.0,1.0,1.0,1.1,1.1,1.1,1.1,1.1,1.1,1.1792566055146068,1.2,1.2,1.2,1.2,1.2,1.2087816885598868,1.3,1.3,1.3,1.3,1.3,1.3,1.3,1.3,1.3,1.3757947415640415,1.4,1.4,1.4,1.4,1.4,1.4,1.4,1.4,1.5,1.5,1.5,1.5,1.5,1.5,1.5415378870321603,1.6,1.6,1.6,1.6,1.6,1.6,1.6,1.6,1.6,1.6,1.6,1.6,1.6,1.6,1.6,1.6,1.6,1.6,1.6,1.640819158515501,1.7,1.7,1.7,1.7,1.7,1.7,1.7,1.7,1.7,1.7,1.7,1.8,1.8,1.8,1.8,1.8,1.8,1.9,1.9,1.9,1.9,1.9,1.9,1.9,1.9,1.9,1.9,1.9,1.9729278915505744,2.0,2.0,2.0,2.0,2.0,2.0,2.0,2.0,2.0,2.0,2.1,2.1,2.1,2.1,2.1,2.1,2.1,2.1,2.1,2.1,2.1,2.2,2.2,2.2,2.2,2.2,2.2,2.2,2.2,2.2,2.202676948378985,2.3,2.3,2.3,2.3,2.359500077641303,2.4,2.4,2.4,2.4,2.4,2.4,2.4,2.4,2.4,2.4,2.4,2.4,2.4,2.4,2.4999641242801376,2.5,2.5,2.5,2.5,2.5,2.5,2.5,2.5,2.5,2.5,2.5,2.5,2.5,2.6,2.6,2.6,2.605998456065578,2.7,2.7,2.7,2.7,2.7,2.7,2.7,2.7,2.7,2.7,2.7,2.8,2.9674450063076963,3.0,3.0,3.1175252366575252,3.207133298446678,3.4,3.5,3.6,3.6,3.7,3.8,3.8,4.34354345818254,4.7,6.4021813398105225
0.19945466504737464,0.2,0.2,0.3,0.3,0.4,0.4,0.4,0.5,0.5,0.5,0.5,0.5,0.5,0.5,0.5,0.5,0.6,0.6,0.6,0.6,0.6,0.6,0.6,0.6,0.6,0.6,0.6,0.6,0.6,0.6,0.6,0.6,0.6,0.6,0.6,0.6,0.6995538602494094,0.7,0.7,0.7,0.7,0.7,0.7593284658577459,0.8,0.8,0.8,0.8,0.8,0.8,0.8,0.8,0.8,0.8,0.8,0.8,0.8,0.8,0.8,0.8,0.8,0.8,0.8,0.8,0.8,0.9,0.9,0.9,0.9,0.9,0.9,0.9,0.9,0.9,0.9,1.0,1.0,1.0,1.0,1.0,1.0,1.0,1.0,1.0,1.0,1.0,1.1,1.1,1.1529326930994501,1.2,1.2,1.2,1.2,1.2,1.2,1.2,1.2,1.2,1.2,1.2,1.2,1.2,1.2991113784562687,1.3,1.3,1.3,1.3,1.3,1.3,1.3,1.3,1.3,1.3,1.3,1.3,1.3,1.3,1.3,1.3,1.3,1.3,1.3,1.3,1.3,1.3,1.3,1.3,1.3,1.3,1.3974723766741248,1.4,1.4,1.4,1.4,1.4,1.472410260810318,1.5,1.5,1.5,1.5,1.5,1.5,1.5,1.5,1.5,1.5,1.5267012041614294,1.6,1.6,1.6,1.6,1.6,1.6,1.6,1.7,1.7,1.7,1.7,1.7,1.7,1.8,1.9,1.9,1.9,1.9,1.9,1.9,1.990424139558621,2.0,2.0,2.0,2.0,2.0,2.0,2.0,2.0,2.0,2.0,2.0,2.0,2.0,2.2,2.2,2.2,2.2,2.389518608039907,2.4,2.5,2.5,2.517525236657525,2.6,2.6,2.6,2.6,2.6,2.6,2.6,2.6,2.6,2.977872882956086,3.101636004857892
0.1,0.1,0.1,0.2,0.2,0.2,0.2,0.2,0.2,0.2,0.2,0.2,0.2,0.2,0.2,0.2,0.2,0.2,0.2,0.2,0.2,0.2,0.2,0.2,0.2,0.2,0.2,0.2,0.2,0.20370857978006995,0.3,0.3,0.3,0.3,0.3,0.3,0.3,0.3,0.34482722873702015,0.4,0.4,0.4,0.4,0.4,0.4,0.4,0.4,0.5,0.5,0.5,0.5,0.5,0.5,0.5,0.5,0.5,0.5,0.5,0.5,0.5,0.6,0.6,0.6,0.6,0.6,0.6,0.6,0.6,0.6,0.6,0.6,0.6,0.6,0.6,0.6,0.6,0.6,0.6,0.6,0.6,0.6,0.6,0.6,0.6,0.6,0.6,0.6,0.6,0.6,0.6,0.6,0.6,0.6,0.6,0.6,0.6,0.6,0.6,0.6,0.6,0.6,0.6,0.6,0.6,0.6,0.6,0.6,0.7,0.7,0.7,0.7,0.7,0.7,0.7,0.7,0.7,0.7,0.7,0.7,0.7,0.7525051507703893,0.8,0.8,0.8,0.8,0.8,0.8,0.8,0.8,0.8,0.8,0.8,0.8,0.9,0.9,0.9,0.9,0.9,0.9,0.9,1.0,1.0,1.0,1.0,1.0,1.0,1.1,1.1,1.1,1.2,1.2,1.2,1.2,1.2,1.2,1.2,1.3,1.3,1.3,1.3,1.3,1.3,1.3,1.3,1.3,1.3,1.341531877275179,1.4,1.4,1.4,1.4,1.4,1.5,1.5,1.5,1.5,1.5,1.5409909701809739,1.6033438886182751,1.7,1.8328902688179483,1.9002582456110189,2.0,2.0,2.0,2.0,2.0,2.0,2.0,2.0,2.0,2.0,2.0977167337233995,2.2,2.5,2.5202076077128366,2.6,2.6,2.6,2.6,3.0032720097157837
0.6,1.0221271170439141,1.2854855139391492,1.4,1.5,1.6,1.7931700645275617,1.8,1.9,1.9,1.9928667015533228,2.0,2.0,2.1,2.1,2.2,2.2,2.3,2.3,2.4,2.4,2.5,2.5,2.5590090298190247,2.6,2.6,2.6,2.6,2.6,2.60370857978007,2.7,2.7,2.7,2.7,2.7,2.7,2.7,2.7,2.7,2.7,2.8,2.8,2.8,2.8,2.8,2.8,2.8,2.8,2.8,2.8,2.9,2.9,2.9,2.9,2.9732987958385677,3.0,3.0,3.0,3.0,3.0,3.0,3.1,3.1,3.1,3.1,3.1,3.1,3.1,3.2,3.2,3.2,3.2,3.2,3.2,3.2,3.2,3.2,3.2677877762521885,3.3,3.3,3.3,3.3,3.3,3.3,3.3,3.3,3.3,3.3,3.3,3.3,3.3,3.4,3.4,3.4,3.4,3.4,3.4517089421772567,3.5,3.5,3.5,3.5,3.5,3.5,3.5,3.5,3.5,3.5,3.6,3.6,3.6,3.6,3.6,3.6,3.6,3.6,3.6,3.6,3.6,3.6,3.6,3.6,3.6,3.6,3.6,3.7,3.7,3.7,3.7,3.7,3.7,3.7258931733306895,3.8,3.8,3.8,3.8,3.8,3.8,3.8,3.8,3.8,3.9,3.9,4.092054149709747,4.1,4.1,4.1,4.1,4.1,4.1,4.1,4.1,4.1,4.1,4.1,4.1,4.1,4.1,4.1,4.1,4.1,4.2,4.2,4.2,4.2,4.2,4.2,4.2,4.2,4.2,4.2,4.2,4.2,4.2,4.3,4.3,4.3,4.3,4.3,4.3,4.3,4.4,4.4,4.5,4.5,4.5,4.5,4.567445006307696,4.6,4.631224038735451,4.7,4.7,4.700390718565365,4.8,4.999636869475824,5.1068299354724385,5.2,5.2,5.2,5.2,5.3557457659121726,6.603272009715783
0.6994546650473746,0.7221271170439142,0.8854855139391493,0.9286373428261779,1.0,1.1,1.1,1.2,1.2022832662765963,1.3,1.3928667015533227,1.4,1.4,1.4,1.5,1.5,1.5,1.5,1.5,1.5,1.5,1.532717428414268,1.6,1.6,1.6,1.6,1.7,1.7,1.8,1.8,1.8,1.8,1.8,1.8,1.9,1.9,1.9,1.9,1.9,1.9,1.9,1.9,1.9,1.9,1.9,1.9,2.0,2.0,2.0,2.0,2.0,2.0,2.0,2.0,2.0,2.0,2.0,2.0,2.0,2.0,2.0726395696227597,2.1,2.1,2.1,2.1,2.1,2.1,2.1,2.1,2.1,2.1,2.1025276233258667,2.2,2.2,2.2,2.2,2.2,2.2,2.2,2.2,2.2,2.2,2.2,2.2,2.2513332276346603,2.3,2.3,2.3,2.3,2.4,2.4,2.5,2.5,2.5,2.5,2.527072108449437,2.6,2.6,2.6,2.6,2.6,2.6,2.7,2.7,2.7,2.7,2.7,2.7,2.7,2.7,2.7,2.7,2.7,2.7,2.7,2.7,2.748666772365334,2.8,2.8,2.8,2.8,2.8,2.8,2.8,2.8,2.8,2.8,2.8,2.8,2.8,2.8,2.8,2.8,2.8,2.8,2.8,2.8,2.8,2.8,2.8,2.8,2.8,2.8,2.9,2.9,2.9,2.9,2.9,3.0,3.0,3.0,3.1,3.1,3.1,3.1,3.1,3.1,3.1,3.1,3.1,3.1,3.2,3.2,3.2,3.3,3.3,3.3,3.3,3.3,3.3,3.3,3.3,3.3,3.3,3.4,3.4,3.4,3.4,3.4,3.4,3.4328902688179483,3.5,3.5,3.5,3.5,3.5,3.5,3.5,3.5,3.5,3.5,3.5,3.5,3.5,3.506829935472439,3.6,3.6,3.7,3.8145144860608466,4.1,4.301090669905261
0.2,0.3,0.3,0.3,0.3589391335881382,0.5,0.5,0.5,0.5,0.5,0.5,0.5,0.6,0.6,0.6,0.6,0.6,0.6,0.6,0.7,0.7,0.7,0.7,0.7,0.7,0.7,0.7,0.7,0.8,0.8,0.8,0.8,0.8,0.8,0.8,0.8,0.8,0.8,0.8,0.8,0.8,0.8,0.8,0.8,0.8,0.8,0.8794452753522876,0.9,0.9,0.9,0.9,0.9,0.9,0.9,0.9,0.9,0.9,0.9,0.9,0.9,0.9,0.9,0.9,0.9,0.9,0.9,0.9,0.9,0.9,0.9,0.9,1.0,1.0,1.0,1.0,1.0,1.0,1.0,1.0,1.021115852667802,1.1,1.1,1.1,1.1,1.1,1.1,1.1,1.1,1.1,1.1,1.1,1.1,1.1,1.1,1.2,1.2,1.2,1.2,1.2,1.2,1.2,1.2,1.2,1.2,1.2,1.2,1.2,1.2,1.2,1.2,1.3,1.3,1.3,1.3,1.3,1.3,1.3,1.3,1.3,1.3,1.3,1.3,1.3,1.3,1.3,1.3,1.3,1.3,1.3,1.3,1.3,1.3,1.3,1.3,1.3,1.3,1.3,1.3,1.3,1.3,1.3,1.3,1.3,1.4,1.4,1.4,1.4,1.4,1.4968948881851645,1.5,1.5,1.5,1.5,1.5,1.5,1.5,1.5,1.5,1.5,1.5,1.5,1.6,1.6,1.6,1.6,1.6,1.6,1.6,1.6,1.6,1.6,1.6,1.6,1.6,1.6,1.6,1.6,1.640990970180974,1.7,1.7,1.7,1.7,1.7,1.7,1.8,1.8,1.8,1.847944441110684,1.9,2.0,2.0,2.0,2.0,2.0,2.2,2.2,2.2,2.442725314347649,2.7,2.7,2.8005453349526306
0.6,1.1221271170439142,1.7854855139391492,1.8572746856523559,2.1,2.1,2.2,2.2,2.2,2.2,2.2,2.2,2.2,2.2,2.2,2.2,2.2,2.2,2.2,2.2,2.26710973118205,2.3,2.3,2.4,2.419852465712776,2.6,2.6,2.6,2.7,2.7,2.7,2.7,2.7,2.8,2.8,2.8,2.9,2.9,2.9,2.9,2.9,2.9,2.9,2.9,2.9,2.9,2.9,3.0,3.0,3.0,3.1,3.1,3.2,3.2,3.2,3.2,3.2,3.3,3.3,3.3,3.3,3.4,3.4,3.4,3.4,3.5,3.5,3.5,3.5,3.5,3.5,3.5,3.5,3.5,3.5,3.5,3.5,3.6,3.6,3.6,3.6,3.6,3.6,3.6,3.6,3.6,3.6,3.6,3.6,3.6,3.6,3.6,3.6,3.6,3.6,3.6,3.6,3.6,3.6,3.7,3.7,3.7,3.7,3.7,3.7,3.7,3.7,3.722338458626433,3.8,3.8,3.8,3.8,3.8,3.8,3.8,3.8,3.8,3.87439350157847,3.9,4.0,4.0,4.1,4.1,4.2,4.2,4.2,4.2,4.2,4.2,4.2,4.2,4.3,4.3,4.4,4.4,4.4,4.4,4.4,4.4,4.4,4.4,4.4,4.492054149709747,4.5,4.5,4.592345214177163,4.6,4.6,4.6,4.6,4.6,4.6,4.6,4.6,4.7,4.7,4.7,4.7,4.7,4.7,4.7,4.7,4.7,4.7,4.7,4.7,4.8,4.8,4.8,4.8,4.9,4.9,4.9,4.9,4.9,4.9,5.0,5.0,5.0,5.0,5.0,5.0,5.0,5.0,5.0,5.2,5.334890012615393,5.9,5.9,6.4,6.614266596893355,6.9,6.9,7.0,7.0,7.020207607712837,7.1,7.171362657173825,7.374173832730162,8.5,11.0
1.1,1.2,1.7,1.9286373428261778,2.1,2.179792392287166,2.2,2.2,2.2,2.2,2.2,2.2,2.2,2.2,2.2,2.3,2.3,2.3,2.3,2.3997417543889865,2.4,2.4,2.4,2.4590090298190246,2.5,2.579256605514607,2.6,2.6,2.6,2.6,2.6,2.6,2.6,2.6,2.6,2.6,2.6,2.6,2.7,2.7,2.7,2.7,2.7,2.7,2.7,2.7,2.7,2.7,2.7,2.7,2.7,2.7,2.7031051118148355,2.8,2.8,2.8,2.8,2.8,2.8,2.8,2.8,2.8,2.8,2.8,2.8,2.8,2.857519604410663,2.9,2.9,2.9,2.9,2.9,2.9,2.9,2.9,2.9,2.9,2.9,2.9,2.9,2.9,2.9736966480707365,3.0,3.0,3.0,3.0,3.0,3.1,3.1,3.1,3.1,3.1,3.1,3.1,3.1,3.2,3.2,3.2,3.2,3.2,3.2,3.2,3.2,3.2,3.2,3.2,3.2,3.2,3.2,3.2,3.2,3.2219492382639885,3.3,3.3,3.3,3.3,3.3,3.3,3.3002692641843905,3.4,3.4,3.4,3.4,3.4,3.4,3.4,3.4,3.4,3.4,3.4,3.425893173330689,3.5,3.5,3.5,3.5,3.5,3.5,3.5,3.5,3.5,3.6,3.6,3.6,3.6,3.6,3.6,3.6,3.6,3.6,3.7,3.7,3.7,3.7,3.7,3.7,3.7,3.7,3.740671534142251,3.8,3.8,3.8,3.8,3.8,3.8,3.8,3.8,3.8,3.8,3.8,3.8,3.8,3.9,3.9,4.005998456065578,4.1,4.1,4.1,4.140990970180973,4.2,4.2,4.232890268817949,4.300258245611019,4.4,4.4,4.4,4.4,4.4,4.4,4.5,4.6,4.6,4.6,4.6,4.7,4.806829935472439,4.920207607712837,5.0,5.2,5.4,6.289364414780431,6.901636004857892
0.5994546650473747,0.7,1.0564565418174479,1.2,1.2,1.2,1.2,1.3,1.3,1.4,1.5,1.5,1.5,1.5,1.5325549936923017,1.6,1.6,1.6,1.7,1.7,1.7,1.7,1.7,1.7,1.7,1.7,1.8,1.8,1.8,1.8,1.8,1.8,1.8,1.8,1.8,1.8,1.8,1.8,1.8,1.8,1.8329201988926882,1.9,1.9,1.9,1.9,1.9,1.9,1.9,1.9,1.9,1.9,1.9,1.9,2.0,2.0,2.0,2.0,2.0,2.1,2.1,2.1,2.1,2.1,2.1,2.1,2.2,2.2,2.2,2.2,2.2,2.2,2.2,2.2,2.3,2.3,2.3,2.3,2.3,2.3,2.3,2.3474948492296104,2.4,2.4,2.4,2.4,2.4,2.4,2.4,2.4,2.4,2.5,2.5,2.552870569242148,2.6,2.6,2.6,2.6,2.6,2.6,2.6,2.7,2.7,2.7,2.7,2.7,2.7,2.7,2.7,2.7,2.7,2.7,2.7,2.7,2.7,2.7,2.7,2.748666772365334,2.8,2.8,2.8,2.8,2.8,2.8,2.8,2.8,2.8,2.8,2.8,2.8,2.8,2.8,2.8,2.8835834762872876,2.9,2.9,2.9,2.9,2.933292681424257,3.0,3.0,3.0,3.0,3.0,3.0,3.0,3.1,3.1,3.1,3.1,3.1,3.1,3.1,3.1,3.1,3.1,3.1,3.1,3.2,3.2,3.2,3.2,3.2,3.2,3.2,3.2,3.2,3.2,3.2,3.2,3.2,3.2,3.2,3.2,3.2,3.2,3.2,3.3,3.3,3.3,3.3,3.3328902688179483,3.4,3.4,3.4,3.4,3.5,3.5,3.5,3.6,3.6,3.6071332984466777,3.7,3.7,3.7996368694758242,3.8,4.1,4.1,4.3,4.6,4.777872882956086,6.6
0.898363995142124,1.0221271170439141,1.2854855139391492,1.4,1.4,1.5,1.5,1.5,1.5022832662765964,1.6,1.6,1.7,1.7,1.7,1.7,1.7104813919600963,1.8,1.8593119177487658,1.9,1.9,1.9,1.9,1.9966561113817307,2.0,2.0,2.0,2.1,2.194001543934421,2.2,2.2,2.3,2.4,2.4,2.5,2.5,2.5,2.6,2.6,2.6,2.6,2.6,2.6,2.6,2.659328465857746,2.7,2.7,2.7,2.8,2.8,2.8,2.8,2.8,2.8,2.8,2.8,2.8,2.8415378870321604,2.9,2.9,3.0,3.0,3.0,3.1,3.1,3.1,3.1,3.1,3.1871246204709536,3.2,3.2,3.2,3.2,3.230680122839391,3.3,3.3,3.3,3.3,3.3677877762521886,3.4,3.4,3.4,3.4,3.4,3.4,3.4,3.4,3.4,3.4,3.4,3.4,3.4030739068521823,3.5,3.5,3.5,3.5,3.5,3.5,3.5,3.5,3.5,3.5,3.5,3.5,3.5,3.5,3.5,3.5,3.5,3.5,3.5,3.5,3.5,3.5,3.5,3.5,3.5,3.5,3.5,3.5,3.5,3.5,3.5,3.5,3.5,3.5,3.5,3.6,3.6,3.6,3.6,3.7,3.7,3.7,3.7,3.7,3.7,3.702676948378985,3.8,3.8,3.8,3.9273604303772345,4.059500077641303,4.1,4.1,4.1,4.1923452141771635,4.2,4.2,4.2,4.2,4.2,4.2,4.2,4.2,4.2,4.2,4.2,4.2,4.2,4.2,4.2,4.2,4.2,4.2,4.2,4.2,4.2,4.2,4.2,4.2,4.2,4.2,4.2,4.2,4.2,4.2,4.2,4.3,4.3,4.3,4.3,4.3,4.3,4.3,4.327970979850875,4.5,4.5,4.5,4.5,4.5,4.607133298446677,4.7,4.7,4.9,4.9,4.920207607712837,5.1,5.1,5.429028972121694,6.6,7.220722728199962
0.6989093300947492,0.8,0.9,0.9,0.9,0.9,1.0,1.1,1.1,1.2,1.2,1.2,1.3,1.3,1.3,1.4,1.4,1.4,1.4,1.4,1.5,1.5,1.5,1.5,1.5,1.5,1.5,1.5,1.6,1.6,1.6,1.608781688559887,1.7,1.7,1.7,1.7,1.7,1.7,1.7,1.7,1.7,1.7,1.717922626012691,1.8,1.8,1.8,1.8,1.8181900885031639,1.9,1.9,1.9,1.9,1.9,1.9,2.0,2.0,2.0,2.0,2.0,2.0,2.0,2.004378489936286,2.1,2.1,2.197323051621021,2.2,2.2,2.2,2.216416523712721,2.3,2.3741068266693017,2.4025276233258666,2.5,2.5,2.5,2.5,2.5,2.567787776252189,2.6,2.6,2.6,2.6,2.6,2.6,2.6,2.6,2.6,2.7,2.7,2.7,2.8,2.8,2.8,2.8,2.9,2.9,2.9,2.9,3.0,3.0,3.05,3.1,3.1,3.1,3.2,3.2,3.2,3.222338458626433,3.3,3.3,3.3,3.4,3.4,3.4,3.4,3.4,3.4,3.4,3.4,3.4,3.4,3.4,3.5,3.5,3.5,3.5,3.5,3.5,3.5,3.5,3.5,3.5,3.5,3.5,3.5,3.5,3.5,3.5,3.5,3.5,3.5,3.5,3.5,3.5,3.5,3.5,3.5,3.5,3.5,3.5,3.5,3.5,3.5,3.5,3.6,3.659932460047509,3.7,3.7,3.7,3.7242052584359557,3.8,3.8,3.8,4.1,4.1,4.1935939878452535,4.2,4.2,4.2,4.2,4.2,4.2,4.2,4.2,4.2,4.2,4.2,4.2,4.2,4.2,4.2,4.2,4.2,4.2,4.2,4.2,4.2,4.2,4.3,4.33505047331505,4.5,4.5,4.5,4.699273738951649,4.7,4.740415215425673,4.9,5.1,5.6,6.445110180692603,7.0
0.2,0.22212711704391416,0.3,0.3,0.3,0.3,0.3,0.4,0.4,0.4,0.4,0.4,0.4,0.4,0.4,0.4,0.4,0.4,0.4,0.4,0.4,0.4,0.4,0.4,0.4,0.4,0.4,0.4,0.4,0.4,0.4,0.5,0.5,0.5,0.5,0.5,0.5,0.5,0.5,0.5,0.5,0.5,0.5,0.5,0.5,0.5,0.5,0.5,0.5,0.5,0.5,0.5,0.5,0.5,0.5,0.5,0.5,0.5,0.5,0.5,0.5,0.5,0.5,0.5,0.5,0.5,0.5,0.5,0.5,0.5,0.5,0.5,0.5306801228393908,0.6,0.6,0.6,0.6,0.6677877762521888,0.7,0.7,0.7,0.7,0.7,0.7,0.7,0.7,0.7,0.7,0.7,0.7,0.7,0.7,0.7,0.7,0.7,0.7,0.7,0.7,0.7008886215437286,0.8,0.8,0.8,0.8,0.8,0.8,0.8,0.8,0.8,0.8,0.8,0.8,0.8,0.8,0.8,0.8,0.8,0.8,0.8,0.8,0.8,0.8,0.8,0.8,0.8,0.8,0.8,0.8,0.8,0.8,0.8974723766741249,0.9,0.9,0.9,0.9,0.9,0.9,0.9,0.9,0.9,0.9,0.9,0.9,0.9,0.9,0.9,0.9,0.9,0.9,0.9,0.9,0.9,0.9,0.9,0.9,0.9,0.9,0.9,0.9,0.9,0.9,0.9,0.9,0.9,0.9004461397505906,1.0,1.0,1.0,1.0,1.0,1.0,1.0,1.0,1.0,1.0,1.0,1.0,1.0,1.1,1.1,1.1,1.1,1.100258245611019,1.2,1.2406880822512334,1.3,1.3,1.3,1.3,1.3,1.3,1.3,1.4,1.4,1.4,1.5,1.5,1.5,1.6,1.7,1.8,2.104362679621045
0.19945466504737464,0.6,0.6,0.7,0.7,0.7,0.8931700645275615,0.9,0.9,0.9,0.9,0.9,1.0,1.0,1.0,1.1,1.1,1.1,1.1,1.1,1.2,1.2,1.2,1.2,1.2,1.2,1.2,1.2,1.2,1.2,1.2,1.2,1.2,1.2,1.2,1.2,1.2,1.2,1.2,1.2,1.3,1.3,1.3,1.3,1.3,1.3,1.3,1.3,1.3,1.3,1.3,1.3,1.4,1.4,1.4,1.4,1.4,1.4,1.4,1.4,1.4726395696227599,1.5,1.5,1.5,1.5,1.5,1.5,1.5,1.5,1.5,1.5,1.5025276233258666,1.6,1.6,1.6,1.6,1.6,1.6,1.6,1.6,1.6,1.6,1.7,1.7,1.7,1.7,1.7023763191388552,1.8,1.8,1.8,1.8,1.8,1.8,1.8,1.8,1.8,1.8,1.8,1.8,1.8254485778107465,1.9,1.9,1.9,1.9,1.9,1.9,1.9,1.922338458626433,2.0,2.0,2.0,2.0,2.04706730690055,2.1,2.1,2.1,2.1,2.2,2.3,2.326303351929255,2.4,2.4,2.4,2.4,2.4,2.4,2.5,2.5,2.5,2.5,2.5,2.5,2.5,2.5,2.5,2.5,2.5,2.5,2.564269946863908,2.6,2.6,2.659500077641303,2.7,2.7,2.7,2.7,2.7,2.761545727139935,2.8,2.8,2.8,2.8,2.8,2.8,2.8,2.8,2.8,2.9,2.9,2.9,2.9,2.9,2.9,2.9,2.9,3.0,3.0,3.0,3.0,3.0,3.1,3.1,3.2,3.2,3.2,3.2,3.2,3.2,3.3,3.3,3.3,3.300258245611019,3.4,3.4,3.4139854899254374,3.5,3.5,3.595888882221368,3.7,3.7175252366575253,3.9213998953400333,4.3,4.3,4.499636869475824,4.5,4.5,4.541060866411857,4.771362657173825,4.9,6.533618648868258,6.6
0.19945466504737464,0.6,0.6,0.7,0.7,0.7,0.7931700645275616,0.800363130524173,0.9,0.9,0.9,0.9,1.0,1.0520555588893197,1.1,1.1,1.1,1.2,1.2,1.2,1.2,1.2,1.2,1.2,1.2,1.2,1.2,1.2,1.2,1.2,1.2,1.2,1.2,1.2,1.2,1.2,1.2,1.2,1.3,1.3,1.3,1.3,1.3,1.3,1.3,1.3,1.3,1.3,1.4,1.4,1.4,1.4,1.4,1.4,1.4,1.5,1.5,1.5,1.5,1.5,1.5,1.5,1.5,1.5,1.5,1.5,1.6,1.6,1.6,1.6,1.6,1.6,1.6,1.6,1.6,1.6,1.6,1.6,1.7,1.7,1.7,1.7,1.7,1.7,1.7,1.8,1.8,1.8,1.8,1.8,1.8,1.8,1.8,1.8,1.8,1.8,1.8,1.876311592408004,1.9,1.9,1.9,1.9,1.9,1.9,1.9482910578227461,2.0,2.0,2.0,2.0471294307578547,2.1,2.1,2.1,2.14706730690055,2.2,2.2,2.3,2.348666772365334,2.4,2.4,2.4,2.4,2.4,2.405449935582612,2.5,2.5,2.5,2.5,2.5,2.5,2.5,2.5,2.5545931739625813,2.6,2.6,2.6424803955893426,2.7,2.7,2.7,2.7,2.7,2.7273604303772347,2.8,2.8,2.8,2.8,2.8,2.8,2.8,2.8,2.9,2.9,2.9,2.9,2.9,2.9,2.9,2.9,3.0,3.0,3.0,3.0,3.0,3.1,3.1,3.1,3.193593987845253,3.2,3.2,3.2,3.2,3.3,3.3,3.3,3.3,3.3,3.3207433944853904,3.4,3.4,3.4,3.5,3.5,3.5,3.669487052929304,3.7,3.7,3.789518608039907,3.867445006307696,4.247944441110684,4.3,4.3,4.3,4.3,4.4,4.5,4.5,4.5,4.5,4.742725314347649,5.530630374547622,6.555745765912172,6.6
0.2,0.3,0.47097102787829853,0.5,0.6,0.6,0.6,0.6,0.6,0.6,0.6,0.6,0.6,0.6,0.6,0.6,0.7,0.7,0.7,0.7,0.7,0.7,0.7,0.7,0.7,0.7,0.7,0.7,0.7,0.8,0.8,0.8,0.8,0.8,0.8,0.8,0.8,0.8,0.8,0.8,0.8329201988926883,0.9,0.9,0.9,0.9000358757198555,1.0,1.0,1.0,1.0,1.0938612343310383,1.1,1.1,1.1,1.1,1.1,1.1,1.1415378870321604,1.2,1.2,1.2,1.2,1.2,1.2,1.2,1.2,1.2,1.2,1.2,1.2,1.2,1.2,1.2,1.2,1.2,1.2,1.2,1.2,1.2,1.2,1.2,1.2,1.2,1.2997307358156036,1.3,1.3,1.3,1.3,1.3,1.3,1.3,1.3,1.3,1.3,1.3,1.3,1.3,1.3,1.3,1.3,1.3,1.3,1.3,1.3,1.3,1.3,1.3,1.3,1.3,1.3,1.3,1.3,1.3,1.3,1.3,1.3,1.3230798727574835,1.4,1.4,1.4,1.4,1.4,1.4,1.4,1.4,1.4,1.4,1.4,1.4,1.4,1.4,1.4,1.4,1.4,1.4,1.4,1.4,1.4,1.4,1.4,1.4,1.4,1.4,1.4,1.4,1.4,1.4,1.5,1.5,1.5,1.5,1.5,1.5,1.5,1.5,1.5,1.5,1.5,1.5,1.5,1.5,1.6,1.6,1.6,1.6004461397505907,1.7,1.7,1.7,1.7,1.7,1.7,1.7,1.7,1.7,1.7,1.7,1.7,1.7801475342872324,1.8,1.8,1.8,1.8,1.9,1.9,1.9,2.0,2.0,2.0,2.0,2.1,2.1175252366575252,2.2,2.2003907185653646,2.3,2.4,2.5,2.5,2.5,2.7,2.7,3.1336186488682585,3.5043626796210448
0.2,0.6,0.6854855139391492,0.7,0.7589391335881382,0.8,0.8,0.8,0.8,0.8,0.9,0.9,0.9,1.0,1.0,1.0104813919600963,1.1,1.1,1.1,1.1,1.2,1.2,1.2,1.2590090298190248,1.3,1.3,1.3,1.3,1.3,1.3,1.3,1.3,1.3,1.3,1.3,1.3,1.3,1.3,1.4,1.4,1.4,1.4,1.4,1.4,1.4,1.4,1.4,1.4,1.4,1.4,1.4,1.4,1.4,1.4,1.4,1.4,1.4,1.4,1.4,1.4,1.4,1.4,1.4,1.4,1.4,1.4,1.4,1.4,1.5,1.5,1.5,1.5,1.5,1.5,1.5,1.5,1.5,1.5,1.5,1.5,1.5,1.5,1.5,1.5,1.5,1.5,1.5023763191388553,1.6,1.6529326930994501,1.7,1.7,1.7,1.7,1.7,1.7,1.7,1.7,1.7,1.7,1.7,1.7,1.7,1.7,1.7,1.7,1.7,1.7,1.7,1.8,1.8,1.8,1.8,1.8,1.8722891507838766,1.9,1.9,1.9,1.9,1.9,1.9,1.9,1.9,1.9,1.9,1.9,1.9,1.9,1.9,1.9,1.9,1.9,2.0,2.0,2.0,2.0,2.0,2.0,2.0,2.0,2.0,2.0,2.0,2.0,2.0,2.0,2.0,2.0,2.0,2.096894888185165,2.1,2.1,2.2,2.2,2.2,2.2,2.2,2.2,2.2,2.2,2.2,2.2,2.2,2.2,2.2,2.2,2.2,2.2,2.2,2.2,2.2,2.3,2.3,2.3,2.4,2.4,2.4,2.4801475342872323,2.5,2.5,2.5672825715857357,2.6,2.6,2.6,2.6,2.7,2.7,2.7,2.7,2.8,2.8,2.8071332984466775,3.0,3.0977167337233995,3.1,3.206829935472439,3.4,3.5,3.5,3.714514486060847,4.2,4.5
0.2,0.4221271170439142,0.5,0.5,0.5,0.6,0.6,0.7,0.7,0.7,0.7,0.7,0.7,0.8,0.8,0.8,0.8,0.8,0.8,0.8,0.8,0.8,0.8,0.8,0.9,0.9,0.9,0.9,0.9,0.9,0.9,0.9,0.9,0.9,0.9,0.9,0.9,0.9,0.9,1.0,1.0,1.0,1.0,1.0,1.0,1.0,1.0,1.0,1.0,1.0,1.1,1.1,1.1,1.1,1.1,1.1,1.1,1.1,1.1,1.1,1.2,1.2,1.2,1.2,1.2,1.3,1.3,1.3,1.3,1.3,1.3,1.3,1.3,1.3,1.3,1.3,1.3,1.3,1.3,1.3,1.3,1.3736966480707367,1.4,1.4,1.4,1.4,1.4,1.4,1.4,1.4,1.4,1.4,1.4,1.4,1.4,1.4,1.4,1.5,1.5,1.5,1.5,1.5,1.5,1.5,1.5,1.5,1.5,1.5,1.5,1.5,1.5,1.5,1.5,1.5,1.5,1.5,1.6,1.6,1.6,1.6,1.6,1.6,1.6054499355826124,1.7,1.7,1.7,1.7,1.7,1.7,1.7,1.7,1.7,1.7,1.7,1.7,1.7,1.7,1.7,1.764269946863908,1.8,1.8,1.8,1.8,1.9,1.9,1.9,1.9,1.9,1.9,1.9,1.9,1.9,1.9,2.0,2.0,2.0,2.0,2.0,2.0,2.0242052584359556,2.1,2.2,2.2,2.2,2.2,2.2,2.2,2.2,2.2,2.2,2.2,2.2,2.3,2.4,2.4,2.4,2.4801475342872323,2.5,2.5,2.5672825715857357,2.6,2.6,2.6,2.6,2.6,2.6895186080399074,2.7,2.7,2.8,2.8,2.9,3.0,3.2,3.2996368694758242,3.3068299354724386,3.4202076077128365,3.5,3.7,3.9290289721216936,4.433618648868259,4.911452034005243
0.2,0.3,0.3,0.4,0.4,0.4,0.5,0.5,0.5,0.5,0.5,0.5,0.5,0.5,0.5,0.5,0.5,0.5,0.5,0.5,0.5,0.6,0.6,0.6,0.6,0.7,0.7,0.7,0.7,0.7,0.7,0.7,0.7,0.7,0.7,0.7,0.7,0.7,0.7,0.7,0.7,0.7757947415640416,0.8,0.8,0.8,0.8,0.8,0.8,0.8,0.8,0.8,0.8,0.8,0.8,0.8,0.8,0.8,0.8,0.8,0.8,0.8,0.8,0.8,0.8,0.8,0.8,0.8,0.8,0.8,0.8,0.8,0.8,0.8,0.8,0.8,0.8,0.8,0.8,0.8,0.8,0.8,0.8736966480707367,0.9,0.9,0.9,0.9,0.9,0.9,0.9,0.9,0.9,0.9,0.9,0.9,0.9,0.9,0.9,0.9,0.9,0.9,0.9,0.9,0.9991113784562685,1.0,1.0,1.0,1.0,1.0,1.0,1.0,1.0,1.0,1.0,1.0,1.0,1.0230798727574837,1.1,1.1,1.1,1.1,1.1,1.1,1.1,1.1,1.2,1.2,1.2,1.2,1.2,1.297472376674125,1.3,1.3,1.3,1.3,1.3,1.3,1.3,1.3,1.3,1.3956215100637166,1.4,1.4,1.4,1.4,1.4,1.4,1.4,1.4,1.4,1.5,1.5,1.5,1.5,1.5,1.5,1.5,1.5,1.5,1.5,1.5,1.5670798011073146,1.6,1.6,1.7,1.7,1.7,1.7,1.7,1.7,1.7,1.7,1.7,1.7505417183933503,1.8,1.8627137278564305,1.9,1.9,1.9409909701809738,2.0,2.0,2.0,2.0,2.0,2.1,2.2,2.2,2.2,2.247944441110684,2.3,2.4,2.4071332984466776,2.5,2.6,2.6,2.6,2.8,3.0,3.2713626571738246,3.5,3.8557457659121726,4.911452034005243
0.1,0.2,0.4564565418174478,0.6,0.6,0.6,0.6,0.6,0.6,0.6,0.6,0.6,0.6,0.6,0.6,0.6,0.6,0.6,0.6,0.6,0.6671097311820503,0.7,0.7,0.7,0.7,0.7,0.7,0.7,0.7,0.7,0.7,0.7,0.7,0.7,0.7,0.7,0.7,0.7,0.7,0.7,0.7,0.7,0.7,0.7,0.7,0.7,0.7,0.7,0.7,0.7,0.7,0.7,0.7,0.7,0.7,0.7,0.7,0.7,0.7,0.7404999223586856,0.8,0.8,0.8,0.8,0.8,0.8,0.8,0.8,0.8,0.8,0.8,0.8,0.8,0.9,0.9,0.9,0.9,0.9,0.9,0.9,0.9,0.9,0.9,0.9,0.9,0.9,0.9,0.9,0.9529326930994501,1.0,1.0,1.0,1.0,1.0,1.0,1.0,1.0,1.0,1.0,1.0,1.05,1.1,1.1,1.1,1.1,1.1,1.1,1.1,1.1,1.1,1.1,1.1,1.1,1.1,1.1,1.1,1.1,1.1,1.1,1.1,1.1,1.1,1.1,1.1,1.1,1.1,1.1,1.1,1.1,1.1,1.1,1.1,1.1,1.1,1.1,1.1,1.1,1.2,1.2,1.2,1.2,1.2,1.2,1.2,1.2,1.2,1.2,1.2,1.2,1.2,1.3,1.3,1.3,1.3,1.3,1.3,1.3,1.3,1.3,1.3,1.3,1.4,1.4,1.4,1.4,1.4935939878452529,1.5,1.5,1.5,1.5,1.5,1.596291420219933,1.6,1.6,1.6,1.6,1.6801475342872323,1.7,1.7,1.7,1.7,1.7,1.7,1.8,1.8,1.8895186080399071,1.9,1.9,2.0,2.0,2.0,2.0003907185653644,2.1,2.1,2.2,2.2202076077128368,2.4,2.5,2.7,2.8557457659121726,3.301090669905261
0.5978186601894985,0.6,0.6854855139391492,0.7,0.7,0.7,0.7,0.7,0.7022832662765963,0.8,0.8,0.9,0.9,0.9,0.9325549936923018,1.0,1.0,1.0,1.0,1.1,1.1,1.1,1.1,1.1,1.1,1.1,1.1,1.1,1.1,1.1,1.1,1.1,1.1,1.1,1.1,1.1,1.1,1.1,1.1,1.1,1.1,1.1,1.1,1.1,1.1,1.1,1.1,1.1,1.1,1.1,1.1,1.1,1.1,1.1,1.1,1.1,1.1,1.1749633088836162,1.2,1.2,1.2,1.2,1.2,1.2,1.2,1.2,1.2,1.2,1.2,1.2,1.2,1.2,1.2,1.2,1.2,1.2,1.2,1.2,1.2,1.3,1.3,1.3,1.3,1.3,1.3,1.3,1.3,1.3,1.3,1.3,1.3,1.3,1.3,1.3,1.3,1.3,1.3,1.376311592408004,1.4,1.4,1.4,1.4745514221892506,1.5,1.5,1.5,1.5,1.5,1.5,1.5,1.5719890737088917,1.6,1.6,1.6,1.6,1.6,1.6,1.6,1.6,1.6,1.6,1.6,1.6,1.6,1.7,1.7,1.7,1.7,1.7,1.7,1.7,1.7,1.7,1.7,1.7,1.7,1.7,1.8,1.8,1.8,1.8,1.8,1.8,1.8,1.9,1.9,1.9,1.9,1.9,1.9,2.0,2.0,2.0,2.0,2.0,2.0205547246477122,2.1,2.1,2.1,2.1,2.1,2.1,2.1107266901243977,2.2,2.2,2.2,2.2,2.2,2.3,2.3,2.3,2.3,2.3,2.4,2.4,2.4,2.4,2.4,2.4,2.4,2.5,2.5,2.5,2.6,2.6,2.7,2.7,2.7,2.8,2.9312240387354507,3.0,3.1071332984466777,3.2,3.3977167337233993,3.4,3.4,3.4,3.4,3.571362657173825,3.6,3.8,4.202181339810522
0.1,0.2,0.2854855139391493,0.3286373428261779,0.4,0.4,0.4,0.5,0.5,0.6,0.6,0.6,0.6,0.6,0.6,0.6,0.6,0.6,0.6,0.6,0.6,0.6,0.6,0.6,0.6,0.6,0.6,0.6,0.6,0.6,0.6,0.6,0.6,0.6,0.6,0.6,0.6,0.6,0.6,0.6,0.6,0.6,0.7,0.7,0.7,0.7,0.7,0.7,0.7,0.7,0.7,0.7,0.7,0.7,0.7,0.7,0.7,0.7,0.7,0.7,0.7,0.7,0.7,0.7,0.7,0.7,0.7,0.7,0.7,0.7,0.7,0.7,0.7,0.7,0.7,0.7,0.7,0.7,0.7,0.7,0.7,0.7,0.7,0.7,0.7,0.7,0.7,0.7,0.8,0.8,0.8,0.8,0.8,0.8,0.8,0.9,0.9,0.9,0.9,0.9,0.9,0.9,0.9,0.9,0.9,0.9,0.9,0.9,1.0,1.0,1.0,1.0,1.0,1.0,1.0,1.1,1.1,1.1,1.1,1.1,1.1,1.1,1.1,1.1,1.1,1.1,1.1,1.1,1.1,1.1,1.1,1.1,1.1,1.1,1.1424803955893423,1.2,1.2,1.2,1.2,1.2,1.2,1.2,1.2,1.2,1.2,1.2,1.2,1.261545727139935,1.3,1.3,1.3,1.3,1.3,1.3,1.3,1.3,1.3,1.3,1.3,1.3,1.3,1.4,1.4,1.4,1.4,1.4935939878452529,1.5,1.5,1.5,1.5,1.5,1.6,1.6,1.6,1.6,1.6,1.7,1.7,1.7,1.7,1.7,1.7,1.8,1.8,1.9,1.9,1.9,1.9,2.0,2.0,2.1,2.2,2.2,2.3,2.3068299354724386,2.5,2.5,2.5,2.6,2.7,3.3
0.9983639951421239,1.0221271170439141,1.1854855139391491,1.2,1.3,1.4797923922871656,1.5,1.5,1.5,1.6,1.6928667015533228,1.7,1.7,1.7,1.7,1.7,1.7,1.7,1.8,1.8,1.8,1.8,1.8,1.8,1.8,1.8,1.8,1.8,1.8,1.8,1.8,1.8,1.8,1.8,1.8,1.80640601215474,1.9,1.9,1.9,1.9,1.9,1.9,1.9,1.9,1.9,1.9,1.9,1.9,1.9,1.9,1.9,1.9,1.9,1.9,1.9,1.9,1.9,1.9749633088836163,2.0,2.0,2.0,2.0,2.0,2.0,2.0,2.0,2.0,2.0,2.0,2.0,2.0,2.0,2.0,2.1,2.1,2.1,2.1,2.1,2.1,2.1,2.1,2.1,2.1,2.2,2.2,2.2,2.2,2.2,2.2,2.2,2.2,2.2,2.2,2.2,2.2,2.2,2.2,2.2,2.2,2.2,2.25,2.3,2.3,2.3,2.3,2.3,2.3,2.3,2.3,2.3,2.3,2.3,2.3,2.3,2.3,2.4,2.4,2.4,2.4,2.4,2.4,2.4,2.4,2.4,2.4,2.4,2.4,2.4,2.4,2.4,2.4,2.4545931739625813,2.5,2.5,2.5,2.5,2.5,2.5,2.5,2.5,2.5,2.5,2.5,2.6,2.6,2.6,2.6,2.6,2.6,2.6,2.6,2.6,2.6,2.6,2.6,2.6,2.6,2.6,2.6,2.7,2.7,2.7,2.8,2.8,2.8,2.8,2.8,2.890424139558621,2.9,2.9,2.9431988438802077,3.0,3.0,3.0,3.1,3.1,3.1,3.2,3.2,3.2,3.3,3.4,3.5,3.5,3.5139854899254375,3.6,3.7,3.7,3.7,3.7175252366575253,3.821399895340033,4.2,4.2,4.3,4.5,4.5,4.623182599235571,4.8,4.9,5.833618648868259,11.0
0.4994546650473746,0.5,0.5,0.5,0.5,0.6,0.6,0.6,0.7,0.7,0.792866701553323,0.8,0.8,0.8,0.8,0.8,0.8,0.8,0.8,0.8,0.8,0.8,0.8,0.8,0.8,0.8,0.9,0.9,0.9,0.9,0.9,0.9,0.9,0.9,0.9,0.9,0.9,0.9,0.9,0.9892733098756082,1.0,1.0,1.0,1.0,1.0,1.0,1.1,1.1,1.1,1.1,1.1,1.1,1.1,1.1,1.2,1.2,1.2,1.2,1.2,1.2,1.2,1.2,1.2,1.2,1.2,1.2275897391896877,1.3,1.3,1.3,1.3,1.3,1.3,1.4,1.4,1.4,1.4,1.4,1.4,1.5,1.5,1.5,1.5,1.5,1.5,1.5,1.5,1.5,1.5,1.5,1.5,1.5,1.5,1.5,1.5,1.5,1.5,1.5,1.5,1.5,1.5,1.5,1.5,1.5,1.6,1.6,1.6,1.6,1.6,1.7,1.7,1.7,1.7,1.7,1.7,1.7,1.7,1.7,1.7,1.7,1.7,1.7,1.7,1.7,1.7,1.7,1.7,1.8,1.8,1.8,1.8,1.8,1.8,1.8,1.8,1.8,1.8,1.8,1.8,1.8,1.8,1.8,1.859500077641303,1.9,1.9,1.9,1.9,1.9,1.9,1.9,1.9,1.9,1.9,1.9,1.9,1.9,2.0,2.0,2.0,2.0,2.0,2.0,2.0,2.0,2.0,2.0465762418859983,2.2,2.2,2.2,2.2,2.2,2.2,2.2,2.2,2.2,2.2,2.2207433944853903,2.3,2.3,2.3,2.3,2.3,2.3,2.4,2.4,2.4,2.4,2.5,2.5,2.6,2.6,2.6,2.6,2.6,2.6,2.6,2.8,2.8410608664118566,2.9,3.229028972121694,3.477872882956086,3.601090669905261
0.3,0.3,0.3,0.4,0.4,0.5,0.5,0.5,0.5,0.5,0.5,0.5,0.5,0.5,0.5,0.5,0.5,0.5,0.5,0.5,0.5,0.5,0.5,0.5,0.5,0.5,0.5,0.5,0.5,0.5,0.5,0.5,0.5,0.5,0.5,0.5,0.5,0.5,0.5,0.5,0.5,0.6,0.6,0.659328465857746,0.7,0.7,0.7,0.7,0.7,0.7,0.7,0.7,0.7,0.7,0.7,0.7,0.7,0.7,0.7,0.7,0.7,0.7,0.7,0.7,0.7,0.7,0.7,0.7,0.7,0.7,0.7,0.8,0.8,0.8,0.8,0.8,0.8,0.8,0.8,0.8,0.8,0.8,0.8,0.8,0.8,0.8,0.8,0.8,0.8,0.8,0.8,0.8,0.8,0.8,0.8,0.8,0.8,0.8,0.8,0.8,0.8,0.8,0.8,0.8,0.8,0.8,0.8,0.8,0.8,0.8,0.8,0.8,0.8,0.8,0.8,0.8,0.8,0.8,0.8,0.8,0.8,0.8,0.8054499355826125,0.9,0.9,0.9,0.9,0.9,0.9,0.9,0.9,0.9,0.9,0.9,0.9,0.9,0.9,0.9,0.9,0.9,0.9,0.9,0.9,0.9,0.9,1.0,1.0,1.0,1.0,1.0,1.0,1.0,1.0,1.0,1.1,1.1,1.1,1.1,1.1,1.1,1.1670798011073145,1.2,1.2,1.2,1.2,1.2,1.2,1.2904241395586211,1.3,1.3,1.3,1.3,1.4,1.4,1.4,1.4,1.4,1.4,1.4,1.4,1.4,1.4,1.4,1.4,1.4,1.4,1.467445006307696,1.5,1.5,1.5,1.5,1.5003907185653644,1.6,1.7,1.7,1.8,1.8,1.8,1.8,1.8,2.0
1.1967279902842478,1.722127117043914,1.885485513939149,2.028637342826178,2.2,2.2,2.2,2.2,2.2,2.2,2.2,2.2,2.4,2.4,2.4,2.4104813919600963,2.6,2.7,2.7,2.7,2.76710973118205,2.9,2.9,2.9,2.9,2.9,3.0,3.0,3.1,3.10370857978007,3.2,3.3,3.3,3.3,3.3,3.3,3.3,3.4,3.4,3.4,3.4,3.4,3.4,3.5,3.5,3.5,3.5,3.5,3.5,3.5,3.5,3.5,3.5,3.5,3.5,3.5,3.5,3.5,3.6,3.6,3.6,3.6,3.6,3.6,3.6,3.6,3.6,3.6,3.6,3.6,3.6,3.6,3.7,3.7,3.7,3.7,3.740819158515501,3.8,3.8,3.8,3.8,3.8,3.8997307358156035,3.9,3.9,3.9,3.9,3.9,3.9,3.9,4.0,4.0,4.0,4.0,4.0,4.1,4.1,4.176311592408004,4.2,4.2,4.2,4.2,4.2,4.223688407591999,4.3,4.3,4.39760749012084,4.4,4.4,4.4,4.4,4.4,4.4,4.4,4.4,4.4,4.4,4.4,4.4,4.4,4.4,4.4,4.4,4.4,4.4,4.4,4.4,4.4,4.4,4.4,4.4,4.4,4.4,4.4,4.4,4.4,4.4,4.4,4.4,4.4,4.4,4.4,4.4,4.4,4.4,4.4,4.4,4.4,4.4,4.4,4.4,4.4,4.4,4.4,4.4,4.4,4.4,4.4,4.4,4.4,4.4,4.4,4.4,4.4,4.4,4.4,4.4,4.4,4.4,4.4,4.4,4.5,4.5,4.5,4.562713727856431,4.6,4.6,4.6,4.6,4.6,4.6,4.6,4.669487052929304,4.7,4.7,4.7,4.7,4.7,4.7,4.717525236657525,4.8,4.8,4.8,4.8,4.906829935472439,5.0,5.041060866411857,5.4,5.6,6.377872882956086,7.2065440194315675
0.7,0.7221271170439142,1.0854855139391493,1.2,1.2,1.2,1.2,1.3,1.3,1.3996092814346326,1.4928667015533228,1.5,1.5,1.6,1.6,1.6,1.6,1.7,1.7,1.7,1.7,1.7,1.7,1.8,1.8,1.8,1.8,1.8,1.8,1.8,1.8,1.8,1.859693109019841,1.9,1.9,1.9,1.9,1.9,2.0,2.0,2.1,2.1,2.1,2.1,2.1,2.1400675399524984,2.2,2.2,2.2,2.2,2.2,2.2,2.2,2.2,2.2,2.2,2.2,2.2,2.2,2.2,2.2,2.2,2.2,2.2,2.2,2.2,2.2,2.2,2.2,2.2,2.2,2.2,2.2,2.2,2.2,2.2,2.2,2.2,2.2,2.2,2.2474948492296107,2.3,2.3,2.3,2.3,2.4,2.4,2.4,2.4,2.4,2.4,2.4,2.4,2.4,2.4,2.4,2.4,2.4,2.5,2.5,2.55,2.6,2.6,2.6,2.6,2.6,2.6,2.6,2.6,2.671989073708892,2.7,2.7,2.7,2.7,2.7,2.7,2.748666772365334,2.8,2.8,2.8,2.8,2.8,2.8,2.832212223747814,2.9,2.9,2.9,2.9,2.9,2.997472376674125,3.0,3.0,3.0,3.1,3.1,3.1,3.2,3.2,3.2,3.3,3.3,3.3,3.3,3.3,3.3,3.3,3.3,3.4,3.4,3.4,3.4,3.4,3.443677771674339,3.5,3.5,3.5,3.5,3.5,3.5,3.6,3.6,3.6,3.6,3.6,3.7,3.7,3.7,3.7,3.7,3.79121831144011,3.8,3.8,3.8,3.8,3.8,3.8,3.8,3.8,3.8,3.8,3.9,3.9,3.9,3.9,3.9,3.9,3.9,3.9,4.0,4.1,4.2,4.2,4.2,4.2,4.206829935472439,4.4,4.4,4.4,4.6,4.7,5.0010906699052615
1.395637320378997,1.9,1.9,2.2,2.258939133588138,2.4,2.5,2.5,2.6,2.6,2.7,2.7,2.8,2.8,2.9,2.9,2.9,3.0,3.0,3.0,3.0671097311820503,3.1,3.1,3.1,3.1,3.1,3.1,3.1,3.1494582816066528,3.20370857978007,3.3,3.3,3.3596931090198408,3.4,3.4,3.4,3.4534237581140017,3.5,3.5,3.5,3.5,3.5,3.5,3.5,3.5,3.5,3.5,3.5,3.6,3.6,3.6,3.6,3.6,3.6,3.6,3.6,3.6,3.6,3.7,3.7,3.7,3.7,3.7,3.7,3.7,3.7,3.7,3.7,3.7,3.7,3.7,3.7,3.7,3.7,3.7,3.7,3.740819158515501,3.8,3.8,3.921115852667802,4.047494849229611,4.1,4.2,4.2,4.2,4.2,4.2,4.2,4.2,4.2,4.2,4.2,4.2,4.2,4.3,4.327072108449437,4.451708942177257,4.5,4.5,4.5,4.5,4.57455142218925,4.6,4.7,4.7,4.7,4.7,4.7,4.7,4.7,4.7,4.7,4.7,4.7,4.7,4.7,4.7,4.7,4.7,4.8,4.8,4.8,4.8,4.8,4.8,4.8,4.8,4.8,4.8,4.8,4.8,4.8,4.8,4.8,4.8,4.8,4.8,4.8,4.8,4.8,4.8,4.8,4.8,4.8,4.8,4.8,4.8,4.9,4.9,4.9,4.9,4.9,4.9,4.9,4.9,4.9,4.9,4.9,4.9,4.9,4.9,4.9,4.9,4.9,4.9,4.9,5.0,5.0,5.161227563920625,5.6,5.6,5.6,5.6,5.6,5.6,6.4,6.4,6.4,6.6,6.6,6.6,6.6,6.6,6.681376164502467,6.8,6.8,6.8,6.8,6.8,6.8,6.8,6.8,6.8,6.8,6.8,6.8,6.8,6.8,6.8,6.9,10.3
1.0972733252368732,1.3,1.385485513939149,1.4286373428261778,1.5,1.5,1.6,1.6,1.6,1.7,1.7,1.7,1.7,1.7,1.8,1.8,1.8,1.8,1.8305129470707022,1.9,1.9,1.9,1.9,1.9,1.9,1.9,1.9,1.9,1.9,1.9,1.9,1.9,1.9,1.9,1.9,1.90640601215474,2.0,2.0,2.0,2.0,2.0,2.0,2.0,2.0,2.0,2.0,2.0,2.1,2.1,2.1,2.130825981018876,2.2,2.2,2.2,2.2,2.2,2.2,2.2,2.2,2.2,2.2,2.2,2.2,2.2,2.2,2.2,2.2,2.2,2.2,2.2,2.2,2.2,2.2,2.2,2.2,2.3,2.3,2.3,2.3,2.3,2.4,2.4,2.4,2.4,2.4,2.4,2.4,2.4,2.4,2.4,2.4,2.4,2.4,2.4,2.4,2.427072108449437,2.5,2.5,2.5,2.5,2.5,2.5,2.5,2.5,2.5,2.5,2.5,2.5,2.5,2.5,2.5,2.5,2.5,2.572289150783877,2.6,2.6,2.6,2.6,2.6,2.6,2.6,2.6,2.7,2.7,2.7,2.8,2.8,2.8,2.8,2.8,2.8,2.8,2.8,2.8,2.8,2.872410260810318,2.9,2.9,2.9,2.9956215100637165,3.0,3.0,3.0,3.0,3.0,3.0,3.026701204161429,3.1,3.1,3.1,3.1,3.106138765668953,3.2,3.2,3.2,3.3,3.3,3.3,3.4,3.5,3.5,3.6,3.6,3.6,3.7,3.7,3.7,3.7,3.7,3.7,3.7,3.8,4.05054171839335,4.1,4.16271372785643,4.2,4.2,4.2,4.3,4.5,4.5,4.5,4.5,4.5,4.5,4.679037216079815,4.767445006307696,4.8,4.8,4.8,4.8,4.8,4.8,4.899636869475825,4.9,4.9,4.9,5.6,6.4,6.8,11.0
0.3,0.5,0.5,0.7,0.7,0.7797923922871658,0.8,0.9,0.9,0.9,0.9,0.9,1.0,1.0,1.0,1.0,1.0,1.0,1.1,1.1,1.1,1.1,1.2,1.2,1.2,1.2,1.2,1.2,1.2,1.3,1.3,1.3,1.3,1.3,1.3,1.30640601215474,1.4,1.4,1.4,1.4,1.4,1.4,1.4,1.4,1.4,1.4,1.4,1.4,1.4,1.4,1.4,1.4,1.4,1.4,1.4,1.4,1.4,1.4,1.4,1.4,1.4,1.4,1.4,1.4,1.4,1.4,1.4,1.4,1.4,1.4,1.4,1.4,1.4,1.4,1.4,1.4,1.4,1.4,1.4,1.4,1.4,1.4,1.4,1.4,1.4,1.4,1.5,1.5,1.5,1.5,1.5,1.5,1.5,1.5,1.6,1.6,1.6,1.6,1.6,1.6,1.6,1.6,1.6,1.6,1.6,1.6,1.6,1.6,1.6,1.6,1.6,1.6,1.6,1.7,1.7,1.7,1.7,1.7,1.7,1.7,1.7,1.7,1.7,1.7,1.7,1.7,1.7,1.7,1.7,1.7,1.7,1.8,1.8,1.8,1.8,1.8,1.8,1.8,1.864269946863908,1.9,1.9,1.9,1.9,1.9,1.9,1.9,1.9,1.9,1.9,2.0,2.0,2.0,2.0,2.0,2.0,2.0,2.0,2.0,2.0,2.1,2.167079801107315,2.2,2.2,2.2,2.2,2.2,2.2,2.2,2.2,2.2,2.2,2.2,2.2,2.2,2.2,2.2,2.2,2.2,2.2,2.2,2.2,2.2,2.2,2.2,2.2,2.2,2.2,2.2,2.2,2.2,2.2,2.2,2.3,2.4,2.4068299354724387,2.5,2.6,2.6,2.614514486060847,2.777872882956086,3.9109066990526116
0.1,0.24425423408782834,0.7,0.7,0.7,0.7,0.7,0.8,0.8,0.8,0.9,0.9,0.9,1.0,1.0,1.0,1.0,1.0,1.0,1.0,1.0,1.0,1.0,1.0,1.0,1.0,1.037286272143571,1.1,1.1,1.1,1.1,1.1,1.1,1.1,1.1,1.10640601215474,1.2,1.2,1.2,1.2,1.2,1.2,1.2,1.259328465857746,1.3,1.3,1.3,1.3,1.3,1.3,1.3,1.3,1.3,1.3,1.3,1.3,1.3,1.4,1.4,1.4,1.4,1.4,1.435730053136092,1.5,1.5,1.5,1.5,1.5,1.5,1.5,1.5,1.5,1.5,1.5,1.5,1.5,1.5,1.5,1.5,1.5,1.5,1.5,1.5,1.5,1.5513332276346603,1.6,1.6,1.6277108492161205,1.7,1.7,1.8,1.8,1.8,1.8,1.8,1.8,1.9,1.9,1.9,1.9,1.9,1.9,1.9,2.0,2.0,2.0,2.0,2.0,2.0,2.0,2.0,2.0,2.0,2.0,2.0,2.0,2.0486667723653342,2.1,2.1,2.1,2.1525051507703896,2.2,2.2,2.2,2.2,2.2,2.2,2.2,2.2,2.2,2.2258931733306895,2.3,2.3,2.3,2.3,2.3,2.3,2.3,2.3,2.3,2.3,2.3,2.3,2.3,2.3,2.3,2.3,2.3,2.3968948881851646,2.4,2.4,2.4,2.4,2.4,2.420554724647712,2.5,2.5,2.5,2.5,2.5,2.5,2.5,2.5,2.5,2.5,2.5,2.5,2.5,2.5,2.5,2.5,2.5,2.5,2.5,2.5,2.5,2.5,2.5,2.5,2.5,2.5,2.5,2.5,2.6,2.6,2.6895186080399074,2.767445006307696,2.8,2.8,2.8,2.8,2.8003907185653643,3.0977167337233995,3.2,3.4,3.4,3.4,3.614087971521474,7.014514486060847,7.1,7.2
0.1,0.12212711704391417,0.4,0.6,0.7,0.7,0.7,0.7,0.7,0.7,0.7,0.7,0.8,0.8,0.8,0.8,0.9,0.9,0.9,0.9,0.9,1.0,1.0,1.0,1.0,1.0,1.0,1.0,1.0,1.0,1.0,1.0,1.0,1.0,1.0,1.0,1.0,1.0995538602494095,1.1,1.1,1.1,1.1,1.1,1.1,1.1000358757198556,1.2,1.2,1.2,1.2,1.2,1.2,1.2,1.2,1.2,1.2,1.3,1.3,1.3,1.3,1.3,1.3,1.3,1.3,1.3,1.3,1.3,1.3,1.3,1.3,1.3,1.4,1.4,1.4,1.4,1.4,1.4,1.4,1.4,1.4,1.5,1.5,1.5,1.5,1.5,1.5,1.5,1.5,1.5,1.5,1.5,1.5,1.5,1.5,1.5,1.5,1.527072108449437,1.6,1.7,1.7,1.7254485778107465,1.8,1.8,1.8,1.8,1.8,1.8,1.8,1.9,1.9,1.9,1.9,1.9219492382639884,2.0,2.0,2.0,2.0,2.0,2.0,2.0,2.0,2.0,2.0,2.0,2.032212223747814,2.1,2.1863657473303135,2.2,2.2,2.2,2.2,2.2,2.2,2.2,2.3,2.3,2.3,2.3,2.3,2.3,2.3,2.3,2.3,2.3,2.3,2.3,2.3,2.3,2.3,2.3,2.3,2.3,2.3,2.3,2.3,2.3,2.3,2.3,2.4,2.4,2.4,2.4,2.4107266901243976,2.5,2.5,2.5,2.5,2.5,2.5,2.5,2.5,2.5,2.5,2.5,2.5,2.5,2.5,2.5,2.5,2.5,2.5,2.5,2.5,2.5,2.5,2.5,2.5,2.5,2.5,2.5,2.6,2.707133298446678,2.8,2.8,2.8,2.8,2.8,2.9410608664118567,3.0,3.4,4.100855946604775,7.2
0.1,0.1,0.1,0.1,0.1,0.1,0.1,0.2,0.2,0.2,0.2,0.2,0.2,0.3,0.4,0.4,0.4,0.45931191774876584,0.6,0.6,0.6,0.6,0.6,0.6590090298190248,0.7,0.7,0.7,0.7,0.7,0.7,0.7,0.7,0.7,0.7,0.8,0.8,0.8,0.8,0.8,0.8,0.8,0.8,0.8,0.8,0.8,0.8,0.8,0.8,0.8,0.8,0.8308259810188758,0.9,0.9,0.9,0.9,0.9,0.9,0.9,0.9,0.9,0.9,0.9,0.9,0.9,0.9,0.9,0.9,0.9,0.9,0.9,0.9,0.9,0.9,0.9,0.9,0.9,0.9,0.9,0.9,0.9,0.9,0.9,0.9,0.9256064984215272,1.0,1.0,1.0,1.0,1.0,1.0,1.0,1.0,1.0,1.0,1.0,1.0,1.0,1.0,1.0,1.0,1.0,1.0,1.0,1.0,1.0,1.0,1.0,1.0,1.0,1.0,1.0,1.0,1.0,1.0,1.1,1.1,1.1,1.1,1.1,1.1,1.1,1.1,1.1,1.1,1.1,1.1,1.1,1.1,1.1,1.1,1.1,1.1,1.2,1.2,1.2,1.2,1.2,1.2,1.2,1.2,1.2,1.2,1.2,1.2,1.2,1.2,1.2,1.2,1.3,1.3,1.3,1.3,1.3,1.3,1.3,1.3,1.3,1.3,1.3,1.4,1.4,1.4,1.4,1.4,1.4,1.4,1.5,1.5,1.5,1.5,1.5,1.5,1.5,1.5,1.5,1.5,1.5,1.5,1.6,1.6672825715857358,1.7,1.7,1.8,1.8,1.9,1.9,1.9,2.0,2.0,2.0,2.0,2.0003907185653644,2.1,2.2,2.3,2.3202076077128364,2.5,2.5,2.5,2.5,3.4
0.5994546650473747,0.6,1.0419420557565973,1.128637342826178,1.2,1.3,1.3,1.3,1.3,1.3,1.4,1.4824747633424777,1.5687759612645444,1.6,1.6,1.6,1.6,1.6,1.6,1.6,1.6,1.6,1.6,1.7,1.7,1.7,1.7,1.7,1.7,1.7,1.8,1.8,1.8,1.8,1.8,1.8,1.8,1.8,1.9,1.9,1.9,2.0,2.0,2.0,2.0000358757198553,2.1,2.1,2.1,2.1,2.1,2.1,2.1,2.1,2.1,2.1,2.1,2.1,2.1,2.1,2.1,2.1,2.1,2.135730053136092,2.2,2.2,2.2,2.2,2.2,2.2,2.2,2.2,2.2,2.2,2.2,2.2,2.2,2.2,2.2,2.2945500644173844,2.3,2.3,2.3,2.3,2.3,2.3,2.3,2.4,2.4,2.4,2.4,2.4,2.4,2.4,2.4,2.4,2.4,2.4,2.4,2.4008886215437286,2.5,2.5,2.5,2.5,2.5,2.5,2.5,2.5,2.5,2.5,2.5,2.5,2.5,2.5,2.5,2.5,2.5230798727574837,2.6,2.6,2.6,2.6,2.6525051507703896,2.7,2.7,2.7,2.7591808414844934,2.8,2.8,2.8,2.8,2.8,2.8,2.8,2.8,2.8,2.8,2.8,2.8,2.8,2.8,2.9,2.9,2.9,2.9,2.9,2.9,2.9,2.9,2.9,2.9,3.0,3.0,3.0,3.0,3.1,3.1,3.1,3.1,3.1,3.2,3.3,3.3,3.3,3.3,3.3,3.3,3.3,3.3,3.3,3.3,3.3,3.3,3.3,3.35054171839335,3.4,3.4,3.4,3.4,3.4,3.403343888618275,3.5,3.5,3.5,3.5,3.6,3.6,3.6,3.6,3.6479444411106843,3.7,3.7,3.7,3.7,3.7,3.8996368694758243,4.1068299354724385,4.4,4.541060866411857,4.6,4.658057944243387,5.545110180692603,5.703272009715784
0.6,0.6,0.6,0.7,0.7589391335881382,0.9,1.0,1.1,1.1,1.1,1.1,1.1,1.1,1.1,1.1,1.1,1.1,1.1,1.1305129470707023,1.2,1.2,1.2,1.2,1.2,1.2,1.2,1.2,1.3,1.3,1.3,1.3,1.3,1.3,1.3,1.3,1.3,1.3,1.3,1.3,1.3,1.3,1.3,1.3,1.3,1.4,1.4,1.4,1.4,1.4,1.4,1.4308259810188757,1.5,1.5,1.5,1.5,1.5,1.5,1.5749633088836164,1.6,1.6,1.6,1.6,1.6,1.6,1.6,1.6,1.6,1.6,1.6,1.6,1.6,1.6,1.6,1.6,1.6,1.6,1.6,1.6,1.6,1.6,1.6,1.6,1.6,1.6,1.6513332276346602,1.7,1.7,1.7,1.7,1.7,1.7,1.7,1.7,1.7,1.7,1.7,1.7,1.7,1.7008886215437287,1.8,1.8,1.8,1.8,1.8,1.8,1.8,1.8,1.8,1.8,1.8,1.8,1.9,1.9,1.9,1.9,1.9,1.948666772365334,2.0,2.0,2.0,2.1,2.1,2.1,2.1,2.1591808414844937,2.2,2.2,2.2,2.2,2.2,2.2,2.2,2.2,2.2,2.2,2.3,2.3,2.3,2.3,2.3,2.3,2.359500077641303,2.4,2.4,2.4,2.4,2.4,2.4,2.4,2.5,2.5,2.5,2.5,2.5,2.5,2.5,2.5,2.5,2.5,2.5,2.5,2.5,2.5551727712629773,2.6,2.6,2.6,2.6,2.6,2.6,2.6912183114401103,2.8,2.8,2.8,2.8,2.8,2.8,2.8,2.8,2.8,2.8,2.8,2.9,2.9,2.9,2.9,2.989518608039907,3.0,3.047944441110684,3.1,3.1,3.3,3.3,3.3,3.3,3.3,3.4,3.4,3.4713626571738248,3.7,3.777872882956086,4.401090669905262
0.5,0.5,0.5,0.6,0.6,0.6,0.6,0.7,0.7,0.7,0.7,0.7,0.7,0.7,0.7,0.7,0.7,0.7,0.7,0.7997417543889868,0.8,0.8,0.8,0.8,0.8198524657127764,0.9,0.9,0.9,0.9,1.0,1.0,1.0,1.0,1.0,1.0,1.0,1.0,1.0,1.0,1.1,1.1,1.1,1.1,1.1,1.1,1.1,1.1,1.1,1.1,1.1,1.1,1.1,1.1,1.1,1.1,1.1,1.1,1.1,1.1,1.1,1.1,1.1,1.1,1.166707318575743,1.2,1.2,1.2,1.2,1.2,1.2,1.2,1.2,1.2,1.3,1.3,1.3,1.3,1.3,1.3,1.3,1.3,1.3,1.3,1.3,1.3,1.3,1.3,1.3,1.3,1.3,1.3,1.3,1.3,1.3,1.3,1.3,1.3517089421772568,1.4,1.4,1.4,1.4,1.4,1.4,1.4236884075919987,1.5,1.5,1.5,1.5,1.5,1.5,1.5,1.5,1.5,1.5,1.5,1.5,1.5,1.5,1.5,1.5,1.5525051507703893,1.6,1.6,1.6,1.6,1.6,1.6,1.6,1.6,1.6,1.6,1.7,1.7,1.7,1.7,1.7,1.7026769483789848,1.8,1.8,1.8,1.8,1.8,1.8,1.8,1.8,1.8,1.8,1.861545727139935,1.9,1.9,1.9,1.9,1.9,1.9,2.0,2.0,2.0,2.0,2.0,2.1,2.1,2.1,2.1,2.1,2.1,2.2,2.2,2.2,2.3,2.3,2.3,2.396291420219933,2.4,2.4,2.5,2.5,2.5,2.5,2.5,2.5,2.5,2.5,2.5,2.6,2.6,2.6,2.6,2.6,2.7,2.8,2.8,2.8,2.8,2.8,3.0,3.1,3.241060866411857,3.3,3.6,3.8557457659121726,4.605998684478936
0.39890933009474927,0.7,0.7,0.7286373428261779,0.8,0.8,0.8,0.8,0.8,0.8,0.8928667015533229,0.9,0.9,0.9,0.9,0.9,0.9,0.9,0.9,0.9,0.9,0.9,0.9,0.9,0.9,0.9,0.9,0.9,0.9,0.9,0.9,0.9,0.9,0.9,0.9,0.9,0.9,0.9,0.9,0.9,0.9,0.9,0.9,0.9,0.9,0.9,0.9,0.9,0.9,0.9,0.9,0.9,0.9,0.9,0.9,0.9,0.9,0.9,0.9,0.9,0.9,0.9,0.9,0.9,0.9,0.9,0.9,0.9,0.9,0.9,0.9,0.9,0.9,0.9,0.9,1.0,1.0,1.0,1.0,1.0,1.0,1.0,1.0,1.0,1.0,1.0,1.0,1.0,1.0,1.0,1.0,1.0,1.0,1.0,1.0,1.0,1.0,1.0,1.0,1.0,1.0,1.0,1.0,1.0,1.0,1.0,1.0,1.0,1.0,1.0,1.0,1.0219492382639885,1.1,1.1,1.1,1.1,1.1,1.2,1.2,1.2,1.2,1.2,1.2,1.2,1.2,1.2,1.2,1.2,1.2,1.2,1.3,1.3,1.3,1.3,1.3,1.3,1.3,1.3,1.3,1.3,1.3,1.3,1.3,1.3,1.3,1.3,1.3,1.3,1.3,1.3,1.3,1.3,1.3,1.3,1.3205547246477125,1.4,1.4,1.4,1.4,1.4,1.4,1.4,1.4,1.4,1.4,1.4,1.4,1.4,1.4,1.4,1.4,1.4,1.4505417183933502,1.5,1.5,1.5,1.5,1.5,1.5,1.5,1.5,1.5,1.5,1.5,1.5,1.5,1.5,1.547944441110684,1.6,1.7,1.7,1.7,1.7977167337233995,1.8,1.9068299354724387,2.0,2.0,2.1,2.4145144860608467,2.8,2.8027266747631527
0.39890933009474927,0.7,0.7,0.8,0.8,0.8,0.8,0.8,0.8,0.8,0.9,0.9,0.9,0.9,0.9,0.9,0.9,0.9,0.9,0.9,0.9,0.9,0.9,0.9,0.9,0.9,0.9,0.9,0.9,0.9,0.9,0.9,0.9,0.9,0.9,0.9,0.9,0.9,0.9,0.9,0.9,0.9,0.9,0.9,0.9,0.9,0.9,0.9,0.9,0.9,0.9,0.9,0.9,0.9,0.9,0.9,0.9,0.9,0.9,0.9,0.9,0.9,0.9,0.9,0.9,1.0,1.0,1.0,1.0,1.0,1.0,1.0,1.0,1.0,1.0,1.0,1.0,1.0,1.0,1.0,1.0,1.0,1.0,1.0,1.0,1.0,1.0,1.0,1.0,1.1,1.1,1.1,1.1,1.1,1.1,1.1270721084494368,1.2,1.2,1.2,1.2,1.2,1.2,1.2,1.2,1.2,1.2,1.2,1.3,1.3,1.3,1.3,1.3,1.3,1.3,1.3,1.3,1.3,1.3,1.3,1.3,1.3,1.3,1.3,1.3,1.3,1.3,1.3,1.3,1.3,1.3,1.3,1.3,1.3,1.3,1.3,1.3,1.3,1.3,1.3,1.3,1.3273604303772344,1.4,1.4,1.4,1.4,1.4,1.4,1.4,1.4,1.4,1.4,1.4,1.4,1.4,1.4,1.4,1.4,1.4,1.4,1.4,1.4,1.4,1.4,1.5,1.5,1.5,1.5,1.5,1.5,1.5,1.5,1.5,1.5,1.5,1.5,1.5,1.5,1.5,1.5,1.5,1.6,1.6,1.7,1.7,1.7,1.7,1.7,1.8,1.8,1.817525236657525,1.9,2.0,2.0,2.0,2.0,2.0202076077128366,2.1,2.2,2.4145144860608467,2.5,2.8027266747631527
0.19945466504737464,0.2,0.2,0.2,0.2,0.2,0.2,0.2,0.20228326627659643,0.3,0.3,0.3,0.3,0.3,0.3,0.3,0.3,0.3,0.3,0.3,0.3,0.3,0.3,0.3,0.3,0.3,0.3,0.3,0.3,0.3,0.3,0.3,0.3,0.3,0.3,0.3,0.3,0.3,0.3,0.3,0.3,0.3,0.3,0.3,0.3,0.3,0.3,0.3,0.3,0.3,0.3,0.3,0.3,0.3,0.3,0.3,0.3,0.3,0.3,0.3,0.3,0.3,0.3,0.3,0.3,0.3,0.3,0.3,0.3,0.3,0.3,0.3,0.3,0.4,0.4,0.4,0.4,0.4,0.4,0.4,0.4,0.4,0.4,0.4,0.4,0.4,0.4,0.4,0.4,0.4,0.4,0.4,0.4,0.4,0.4,0.4,0.4,0.4,0.4,0.4,0.4,0.4,0.4,0.4,0.4,0.4,0.4,0.4,0.4,0.4,0.4,0.4,0.4,0.4,0.4,0.4,0.4,0.4,0.4,0.4,0.4,0.4,0.4,0.4,0.4,0.4,0.4,0.4,0.4,0.4,0.4,0.4,0.4,0.4,0.4,0.4,0.4,0.4,0.4,0.4,0.4,0.4,0.4,0.4,0.4,0.49234521417716337,0.5,0.5,0.5,0.5,0.5,0.5,0.5,0.5,0.5,0.5,0.5,0.5,0.5,0.5,0.5,0.5,0.5,0.5,0.5,0.5,0.5,0.5,0.5,0.5,0.5,0.5,0.5,0.5,0.5,0.5,0.6,0.6,0.6,0.6,0.6328902688179482,0.7,0.7,0.7,0.8,0.8,0.8,0.8,0.8,0.8,0.8,0.9,0.9,0.9,0.9,0.9,0.9,0.9,1.0,1.1,1.4005453349526304
0.1,0.2,0.2,0.2,0.25893913358813825,0.3,0.39317006452756154,0.4,0.4,0.4,0.4,0.4,0.4,0.5,0.5,0.5,0.5,0.5593119177487658,0.6,0.6,0.7,0.7,0.7,0.7,0.7,0.7,0.7,0.7,0.7,0.7,0.7,0.7,0.7,0.7,0.7,0.7,0.7,0.7,0.7,0.7,0.7,0.7,0.7,0.7,0.8,0.8,0.8,0.8,0.8,0.8,0.8,0.8,0.8,0.8,0.8,0.8,0.8,0.8,0.8,0.8,0.8,0.8043784899362862,0.9,0.9,0.9,0.9,0.9,0.9,0.9,0.9,0.9,0.9,0.9,0.9,0.9,0.9,0.9,0.9,0.9,0.9,0.9,0.9,0.9,0.9,0.9,0.9,0.9,0.9,0.9,0.9,0.9,0.9,0.9,0.9,0.9,0.9,0.9,0.9,0.9,0.9,0.9,0.9,0.9,0.9,0.9,0.9,0.9,0.9,0.9,0.9,0.9,0.9,0.9,0.9,0.9,0.9,0.9,0.9,0.9,0.9,0.9,0.9,0.9,0.9,0.9,0.9,0.9,0.9,0.9,0.9,0.9,0.9,0.9,0.9,0.9,0.9,0.9,0.9,0.9,0.9956215100637167,1.0,1.0,1.0,1.0,1.0,1.0,1.0,1.0,1.0,1.0,1.0,1.0,1.0,1.0,1.0,1.0,1.0,1.0,1.0,1.0242052584359556,1.1,1.1,1.1,1.1,1.1,1.1,1.1,1.1,1.1,1.1,1.2,1.2,1.2,1.2,1.2,1.2,1.2,1.2,1.2,1.3,1.3,1.3,1.3,1.3,1.4,1.4,1.4,1.4,1.4,1.417525236657525,1.5,1.5,1.5,1.5,1.7,1.8,1.8,1.9,2.0290289721216936,2.3557457659121726,2.9005453349526307
0.1,0.2,0.2,0.3,0.4,0.4,0.4,0.4,0.4,0.5,0.5,0.7,0.7,0.7,0.7,0.7,0.7,0.7,0.7,0.7,0.7,0.7,0.7,0.7,0.7,0.7,0.7,0.7940015439344208,0.8,0.8,0.8,0.8,0.8,0.8,0.8,0.8,0.8,0.8,0.8,0.8,0.8,0.8,0.8,0.8,0.8,0.8400675399524986,0.9,0.9,0.9,0.9,0.9,0.9,0.9,0.9,0.9,0.9,0.9,0.9,0.9,0.9,0.9,0.9,0.9,0.9,0.9,0.9,0.9,0.9,0.9,0.9,0.9,0.9,0.9,0.9,0.9,0.9,0.9,0.9,0.9,0.9,0.9,0.9,0.9,0.9,0.9,0.9,0.9,0.9,0.9,0.9,0.9,0.9,0.9,0.9,0.9,0.9,0.9,0.9,0.9,0.9254485778107465,1.0,1.0,1.0,1.0,1.0,1.0,1.0,1.0,1.0,1.0,1.0,1.0,1.0,1.0,1.0,1.0,1.0,1.1,1.1,1.1,1.1,1.1,1.1,1.1,1.1,1.1,1.1,1.2,1.2,1.2,1.2,1.2,1.2,1.2,1.2,1.2,1.2,1.2,1.2,1.2,1.2,1.259500077641303,1.3,1.3,1.3,1.3,1.3,1.3,1.3,1.3,1.36917401898113,1.4,1.4,1.4,1.4,1.4,1.4,1.4,1.4,1.4,1.4670798011073145,1.5,1.5,1.5,1.5,1.5,1.5,1.5,1.5,1.5,1.5,1.5,1.5,1.5,1.5,1.5,1.5,1.5,1.6,1.6,1.6328902688179483,1.7,1.7,1.7,1.7,1.7,1.8,1.8,1.8,1.9,2.0,2.0,2.0,2.1,2.2,2.2202076077128368,2.3410608664118566,2.4713626571738248,2.8,2.9,3.404908014573675
0.1,0.1,0.1,0.1,0.1,0.1,0.1,0.1,0.1,0.1,0.1,0.1,0.1,0.1,0.1,0.1,0.1,0.1,0.2,0.2,0.2,0.2,0.2,0.2,0.2,0.2,0.2,0.2,0.2,0.2,0.2,0.2,0.2,0.2,0.2,0.2,0.2,0.2,0.2,0.2,0.2,0.2,0.2,0.2,0.2,0.2,0.2,0.2,0.2,0.2,0.2,0.2,0.2,0.2,0.2,0.2,0.2,0.2,0.2,0.2,0.2,0.2,0.2,0.2,0.2,0.2,0.2,0.2,0.2,0.2,0.2,0.2,0.2,0.2,0.2,0.2,0.2,0.2,0.2,0.2,0.2,0.2,0.2,0.2,0.2,0.2,0.2,0.2,0.2,0.2,0.20307390685218252,0.3,0.3,0.3,0.3,0.3,0.3,0.3,0.3,0.3,0.3,0.3,0.3,0.3,0.3,0.3,0.3,0.3,0.3,0.3,0.3,0.3,0.3,0.3,0.3,0.3,0.3,0.3,0.3,0.3,0.3,0.3,0.3,0.3,0.3,0.3,0.3,0.3,0.3,0.3,0.3,0.3,0.3,0.3,0.3,0.3724102608103181,0.4,0.4,0.4,0.4,0.4,0.4,0.4,0.4,0.4,0.4,0.4,0.4,0.49689488818516453,0.5,0.5,0.5,0.5,0.5,0.5,0.5,0.5,0.5,0.5,0.6,0.6,0.6,0.6,0.6,0.6,0.6,0.6,0.6,0.6,0.6,0.6,0.6,0.6,0.6,0.6,0.6,0.6,0.6,0.603343888618275,0.7,0.7,0.7,0.7,0.7,0.8,0.8,0.8,0.8,0.8312240387354507,0.9,0.9,1.0,1.0,1.0,1.1,1.4,1.5,1.842725314347649,2.514514486060847,2.6,3.528902752489421
0.6,0.7221271170439142,0.9,1.0,1.0,1.0,1.0,1.0,1.1,1.1,1.1,1.1,1.1,1.1,1.1,1.1,1.1,1.2,1.2,1.2,1.2,1.2,1.3,1.3,1.3,1.3,1.3,1.3,1.3,1.3,1.3,1.3,1.3,1.3,1.3,1.3,1.3,1.3,1.3,1.3,1.3,1.3,1.3,1.3,1.3,1.3,1.3,1.3,1.3,1.3,1.3,1.3,1.4,1.4,1.4,1.4,1.4,1.4,1.4,1.4,1.4,1.4,1.4,1.4,1.4,1.4,1.4,1.4,1.4,1.4454068260374242,1.5,1.5,1.5,1.5,1.5,1.5,1.5,1.5,1.5,1.5,1.5,1.5,1.5,1.5,1.5,1.5,1.5,1.5277108492161204,1.6,1.6,1.6,1.6,1.7,1.7,1.7,1.7,1.7,1.776311592408004,1.8,1.8,1.8,1.8,1.8,1.8,1.8,1.8,1.8,1.8,1.9,1.9,1.9,1.9,1.9,1.9,1.9,1.9,1.9,1.9,1.9,1.9,1.9,1.9,1.9,1.9,1.9,1.9,1.9,1.9,1.969319877160609,2.0,2.0,2.0,2.0,2.0,2.0,2.0,2.0,2.0,2.0,2.0,2.0,2.0,2.0,2.0,2.0,2.0,2.0,2.1,2.1,2.1,2.1,2.1,2.1,2.1,2.1,2.1,2.1,2.1,2.1,2.2,2.2,2.2,2.2,2.2,2.3,2.3,2.3,2.4,2.4,2.5,2.5,2.596291420219933,2.6,2.6,2.6,2.8,2.8,2.8,2.8,2.8,2.8,2.900258245611019,3.0,3.1406880822512337,3.2,3.2,3.3,3.4,3.4,3.4,3.4,3.4,3.4977167337233994,3.5,3.5,3.5,3.6,3.6,3.7725724303042343,4.3,4.702181339810522
0.5972733252368732,0.7,0.8,0.8,0.9,0.9,0.9,0.9,0.9022832662765964,1.0,1.0,1.1,1.1,1.1,1.1,1.1104813919600964,1.2,1.2,1.2305129470707024,1.3,1.3,1.3,1.3,1.3,1.3,1.3,1.3,1.3,1.3,1.3,1.3,1.3,1.3,1.3,1.3,1.3,1.3,1.3,1.3,1.3,1.3,1.3,1.3,1.3,1.3,1.3,1.3,1.3,1.3,1.3,1.3,1.3,1.3,1.3,1.3,1.3,1.3,1.3,1.3,1.3,1.3,1.3,1.3,1.366707318575743,1.4,1.4,1.4,1.4,1.4,1.4,1.4,1.4,1.4,1.4,1.4,1.4,1.4,1.4,1.4,1.4,1.4,1.4,1.4,1.4,1.4,1.4,1.4,1.4,1.4,1.5,1.5,1.5,1.5,1.5,1.5,1.5,1.5,1.5,1.5,1.5,1.5,1.5,1.5,1.5,1.5,1.5,1.5,1.5,1.5,1.5,1.5,1.5,1.5,1.5,1.5,1.5,1.5,1.5,1.5,1.5,1.5,1.5,1.5,1.5,1.5,1.5,1.513777036454178,1.6,1.6,1.6,1.6,1.6,1.6,1.7,1.7,1.7,1.7,1.7,1.7,1.7,1.7,1.7,1.8,1.8,1.8,1.8,1.8,1.8,1.8968948881851644,1.9,1.9,1.9,1.9,1.9,1.9,1.9,1.9,1.9,1.9,1.9,1.9,2.0,2.0,2.0,2.0,2.0,2.0,2.0,2.0,2.0,2.0,2.096291420219933,2.1,2.1,2.1,2.1,2.1,2.1,2.1,2.1,2.2,2.2,2.2,2.2406880822512334,2.3,2.389518608039907,2.4,2.4,2.5,2.5,2.5,2.6,2.6,2.6996368694758246,2.8,2.8,2.8,2.8,3.3,3.4,3.501090669905261
0.19945466504737464,0.2,0.2,0.2,0.2,0.2,0.3,0.3,0.3,0.3,0.3,0.3,0.3,0.3,0.3,0.3,0.3,0.3,0.3,0.3,0.3,0.3,0.3,0.3,0.3,0.3,0.3,0.3,0.3,0.3,0.4,0.4,0.4,0.4,0.4,0.4,0.4,0.4,0.4,0.4,0.4,0.4,0.4,0.4,0.4,0.4,0.4,0.4,0.4,0.4,0.4,0.4,0.4,0.4,0.4,0.4,0.4,0.4,0.4079458502902526,0.5,0.5,0.5,0.5,0.5,0.5,0.5,0.5,0.5,0.5,0.5,0.5,0.5,0.5,0.5,0.5,0.5,0.5,0.5,0.5,0.5,0.5,0.5,0.5,0.5,0.5,0.5,0.5,0.5,0.5,0.5,0.5,0.5,0.5,0.5,0.5,0.5,0.5,0.5,0.5,0.5,0.5,0.5,0.5,0.5,0.5,0.5,0.5,0.5,0.5,0.5,0.5,0.5,0.5,0.5,0.5,0.5,0.5,0.5,0.5002692641843908,0.6,0.6,0.6,0.6,0.6,0.6,0.6,0.6,0.6,0.6,0.6,0.6,0.6,0.6,0.6,0.6,0.6,0.6,0.6,0.6,0.6,0.6,0.6,0.6,0.6,0.6,0.6,0.6,0.6,0.6,0.6,0.6,0.7,0.7,0.7,0.7,0.7,0.7,0.7,0.7,0.7,0.7,0.7,0.7,0.8,0.8,0.8,0.8,0.8,0.8,0.8,0.8,0.8,0.8,0.8,0.8,0.8,0.8,0.8,0.8,0.8,0.8,0.8,0.8694870529293042,0.9,0.9,0.9,0.9,0.947944441110684,1.0,1.0,1.0,1.0,1.0,1.1,1.1,1.3,1.3,1.3,1.4,1.7,2.002726674763153
0.2994546650473746,0.5,0.6,0.6,0.6,0.6,0.7,0.7,0.7,0.7,0.7,0.7,0.7,0.8,0.8,0.8104813919600965,0.9,0.9,0.9,1.0,1.0671097311820503,1.1,1.1,1.1,1.1,1.1,1.1,1.1,1.1,1.1,1.1,1.1,1.1,1.1,1.158468122724821,1.2,1.2,1.2,1.2,1.2,1.2,1.2,1.2,1.2,1.2,1.2,1.2,1.2,1.2,1.2,1.2,1.2,1.2,1.2,1.2,1.2,1.2,1.2,1.2,1.2,1.2,1.2,1.2,1.2,1.2,1.2,1.2,1.2,1.2,1.2,1.2,1.2,1.2,1.2,1.2,1.2,1.2,1.2,1.2,1.2,1.2,1.2,1.2,1.2,1.2,1.2,1.2,1.2,1.2,1.2,1.2,1.2280109262911054,1.3,1.3,1.3,1.3,1.3,1.3,1.3,1.3,1.3,1.3,1.3,1.3,1.3,1.3,1.3,1.3,1.3,1.3,1.3,1.3,1.3,1.3,1.3,1.3,1.3,1.3,1.3,1.3,1.3,1.3,1.4,1.4,1.4,1.4,1.4,1.4,1.4,1.4,1.4,1.5,1.5,1.5,1.5,1.5,1.5,1.5,1.5,1.5,1.5,1.5,1.5,1.5,1.5,1.5,1.5,1.5,1.5,1.5,1.5,1.5,1.5,1.5,1.5,1.5,1.5,1.5,1.5,1.5,1.5,1.5,1.5,1.5,1.5,1.5,1.5,1.5,1.5,1.5,1.5,1.5,1.5,1.5,1.5,1.5,1.5,1.5,1.5,1.6,1.6,1.6,1.7,1.7,1.7,1.7,1.8,1.8,1.8,1.8,1.9,1.9,1.9,2.0,2.2,2.2,2.3,2.6,2.8145144860608466,3.1,3.3
0.3,0.3,0.47097102787829853,0.6,0.6,0.6,0.6,0.6,0.6,0.6,0.7,0.7,0.7,0.7,0.7,0.7,0.7,0.7,0.7,0.7,0.7,0.7,0.7,0.7,0.8,0.8,0.8,0.8,0.9,0.9,0.9,0.908781688559887,1.0,1.1,1.1,1.1,1.1,1.1,1.1,1.1,1.1,1.1,1.1,1.1,1.2,1.2,1.2,1.2,1.2,1.2,1.2,1.2,1.2,1.2,1.2,1.2,1.2,1.2,1.2,1.2,1.2,1.2,1.2,1.2,1.2,1.2,1.2,1.2,1.2,1.2,1.2,1.2,1.2,1.2,1.2,1.2,1.2,1.2,1.2,1.2,1.2,1.2,1.2,1.2,1.2,1.2,1.2,1.2,1.2,1.2,1.2,1.2,1.2,1.2,1.3,1.3,1.3,1.3,1.3,1.3,1.3,1.3,1.3,1.3,1.3,1.3,1.3,1.3,1.3,1.3,1.3,1.3,1.3,1.3,1.3,1.3,1.3,1.3,1.3,1.3,1.3,1.3,1.3,1.3,1.3,1.3,1.3,1.3,1.3693198771606092,1.4,1.4,1.4,1.4,1.4,1.4,1.4,1.4,1.4332926814242568,1.5,1.5,1.5,1.5,1.5,1.5,1.5,1.5,1.5,1.5,1.5,1.5,1.5,1.5,1.5,1.5,1.5,1.5,1.5,1.5,1.5,1.5,1.5,1.5,1.5,1.5,1.5,1.5,1.5,1.5,1.5,1.5,1.5,1.5,1.5,1.5,1.5,1.5,1.5,1.5,1.5,1.5,1.5,1.6,1.6,1.6,1.7,1.7,1.7,1.7,1.7,1.8,1.8,1.8,1.9,1.9,2.0,2.0404152154256736,2.2,2.2713626571738246,2.514514486060847,2.9,3.3
0.2,0.3,0.3,0.3,0.3,0.3,0.5,0.5,0.5,0.5,0.5,0.5,0.6,0.6,0.6,0.6,0.6,0.6,0.6,0.6,0.6,0.6,0.6,0.6,0.6,0.6,0.6,0.6,0.6,0.6,0.6,0.6,0.6,0.6,0.6,0.6,0.6,0.6,0.6,0.6,0.6,0.7,0.7,0.7,0.7,0.7,0.7,0.7,0.7,0.7,0.7,0.7,0.7,0.7,0.7,0.7,0.7,0.7,0.7,0.7,0.7,0.7,0.7,0.7,0.7,0.7,0.7,0.7,0.7,0.7,0.7,0.7,0.7,0.7,0.7,0.7,0.7,0.7,0.7,0.7,0.7,0.7,0.7,0.7,0.7,0.7,0.8,0.8,0.8,0.8,0.8,0.9,0.9,0.9,0.9,0.9,0.9,0.9,0.9,0.9254485778107465,1.0,1.0,1.0,1.0,1.0,1.0,1.1,1.1,1.1471294307578546,1.2,1.2,1.2,1.2,1.2,1.2,1.2,1.2,1.2,1.2,1.2,1.2,1.2,1.2,1.2,1.2,1.2,1.2,1.2,1.2,1.2,1.2,1.2,1.2,1.2128753795290435,1.3,1.3,1.3,1.3,1.3,1.3,1.3,1.3,1.3,1.3,1.3,1.3,1.3,1.3,1.3,1.3,1.3,1.3,1.3,1.3,1.3,1.4,1.4,1.4,1.4,1.4,1.4,1.4,1.4,1.4,1.4,1.4,1.4,1.5,1.5,1.5,1.5,1.5,1.5,1.5,1.5,1.5,1.5,1.5,1.5,1.5,1.5,1.5,1.5,1.5,1.5,1.5,1.6,1.7,1.7,1.7,1.7,1.7,1.7,1.7,1.8,1.8,2.0,2.1,2.358057944243387,2.8,3.604362679621045
1.098363995142124,1.4,1.6,1.6,1.6589391335881383,1.7,1.7,1.8,1.8,1.8,1.8,1.9,1.9,2.0,2.0,2.0,2.1,2.1,2.1,2.2,2.2,2.2,2.2,2.2,2.2,2.2,2.2,2.2,2.2,2.2,2.2,2.2,2.2,2.2,2.2,2.2,2.2,2.2,2.2,2.2,2.2,2.2,2.2,2.2,2.2,2.2,2.2,2.2,2.2,2.2,2.2,2.2,2.2,2.238454272860062,2.3,2.3,2.3,2.374963308883616,2.4,2.4,2.4,2.4,2.4,2.4,2.497323051621021,2.5,2.5,2.5,2.5,2.5,2.5,2.5,2.5,2.6,2.6,2.6,2.6,2.6,2.6,2.6211158526678022,2.7,2.7,2.7,2.7,2.7,2.7,2.7023763191388555,2.8,2.8,2.8,2.8,2.9,2.9,2.9,2.9,2.9,2.9,2.9,2.9,2.9,2.9,2.9,2.9991113784562686,3.0,3.0,3.0,3.1,3.1,3.1,3.2,3.2,3.2,3.24706730690055,3.3,3.3,3.3,3.3,3.3,3.3,3.3,3.3,3.3,3.3,3.3,3.3,3.3,3.3,3.3,3.3,3.3,3.3,3.3,3.3,3.3,3.4,3.4,3.5,3.533292681424257,3.6,3.6,3.6,3.6,3.6,3.6,3.6,3.6,3.6,3.6,3.6,3.6,3.6,3.6,3.7,3.7,3.7,3.8,3.8,3.8,3.8,3.8,3.8,3.9,4.0,4.0,4.1,4.2,4.2,4.2,4.4,4.4,4.4,4.4,4.4,4.4059984560655785,4.5,4.5,4.6,4.6,4.6,4.7,4.7,4.7,4.7,4.7,4.7,4.789518608039907,4.8,5.0,5.0,5.0,5.0,5.0,5.0,5.4,5.4341496773621945,5.9,5.9,5.9,5.958057944243388,6.4,6.601090669905261
1.1,1.4,1.4,1.528637342826178,1.6,1.6,1.6,1.6,1.6,1.6,1.6,1.6,1.6687759612645443,1.7,1.7,1.7,1.7,1.7,1.7,1.7,1.8,1.8,1.8966561113817306,1.9,1.9,1.9,2.0,2.0,2.0,2.0,2.0,2.0,2.0,2.0,2.0,2.1,2.1,2.1,2.1,2.1,2.1,2.1,2.117922626012691,2.2,2.2,2.2,2.2,2.2,2.2,2.2,2.2,2.2,2.2,2.2,2.2,2.2,2.2,2.2,2.2,2.2,2.2,2.2,2.2,2.2,2.2,2.2,2.2,2.2,2.2,2.2,2.2,2.2,2.2,2.2,2.2,2.2,2.2,2.2,2.2,2.2,2.2,2.2,2.2,2.2,2.2,2.2,2.3,2.3,2.3,2.3,2.3,2.3,2.352870569242148,2.4,2.4,2.4,2.4,2.4,2.4,2.4,2.5,2.5,2.5,2.5,2.5,2.5,2.5,2.5,2.5,2.5,2.5,2.5,2.5,2.5,2.5,2.5,2.6,2.6,2.6,2.6,2.6,2.6,2.6,2.6,2.6,2.6,2.6,2.6,2.6,2.6,2.6,2.6,2.6,2.6,2.6,2.6,2.6,2.6,2.6,2.6,2.6273604303772347,2.7,2.7,2.725036691116378,2.8,2.8,2.8,2.8,2.8,2.9,2.9,2.9,2.9,2.9,2.9,2.9,2.9,2.9,2.9,2.9,2.9,2.9,2.9,3.0,3.0465762418859983,3.1,3.2,3.2,3.3,3.3,3.3,3.3,3.3,3.3,3.3,3.3,3.3,3.3409909701809735,3.4,3.5,3.5,3.6,3.6,3.6,3.6,3.6895186080399074,3.7,3.8,3.8,3.8,3.9,4.1,4.1,4.4,4.5,4.6,4.7,4.8,5.4725724303042345,5.9,5.904908014573675
0.1,0.6,0.7,0.8,0.8,0.8,0.9,0.9,0.9,0.9,0.9,0.9,0.9,0.9,0.9,1.0,1.0,1.0,1.0,1.0,1.0,1.0,1.1,1.1,1.1,1.1,1.1,1.1,1.1,1.1,1.1,1.1,1.2,1.2,1.2,1.2,1.253423758114002,1.3,1.3,1.3,1.3,1.3,1.3,1.3,1.3,1.3,1.3,1.3,1.3,1.3938612343310381,1.4,1.4,1.4,1.4,1.4,1.4,1.4,1.4,1.4079458502902524,1.5,1.5,1.5,1.5,1.5,1.5,1.5,1.5,1.5,1.5,1.5,1.5,1.5025276233258666,1.6,1.6,1.6,1.6,1.6,1.6,1.6,1.6,1.6,1.6,1.6,1.6,1.6,1.6,1.6,1.6,1.6,1.6,1.6,1.6,1.6,1.6,1.6,1.6,1.6,1.6,1.6,1.6,1.6,1.6,1.6,1.6,1.6,1.6,1.6,1.6,1.6,1.6,1.6,1.6,1.6,1.6,1.6,1.6,1.6,1.6,1.7,1.7,1.7,1.7,1.7,1.7,1.7,1.7,1.7,1.7,1.7,1.7,1.7,1.7545931739625815,1.8,1.8,1.8,1.8,1.8,1.8,1.8,1.9,1.9,1.9,1.9,1.9,1.9,1.9923452141771634,2.0,2.0,2.0,2.0,2.1,2.1,2.1,2.1,2.1,2.1,2.1,2.1,2.1,2.1,2.1,2.1,2.1551727712629773,2.2,2.2,2.2,2.2,2.2,2.2,2.2,2.2,2.2,2.2,2.2,2.2,2.2,2.2,2.3,2.4,2.4,2.5,2.5,2.569487052929304,2.6,2.6,2.6,2.6,2.6,2.6,2.6,2.6,2.6,2.6977167337233996,2.8,2.8,3.0,3.1,3.2,3.3,3.6557457659121724,4.101090669905261
0.9983639951421239,1.1663813511317425,1.4,1.6,1.6,1.6,1.6,1.7,1.7022832662765963,1.8,1.8928667015533227,1.9,1.9,1.9520555588893196,2.0,2.0,2.0,2.1,2.1,2.1,2.1,2.2,2.2,2.2,2.2,2.2,2.2,2.2,2.2,2.2,2.2,2.3,2.3,2.3,2.3,2.3,2.3,2.3,2.3,2.3,2.3,2.3,2.4,2.4,2.4,2.4,2.4,2.4,2.4,2.4,2.530825981018876,2.6,2.6,2.6,2.6,2.6,2.6,2.6,2.6,2.6,2.6,2.6,2.635730053136092,2.7,2.7,2.7,2.7,2.7,2.7,2.8,2.8,2.8,2.8,2.85857505126975,2.9,2.9,2.9,2.9,2.9,2.9,2.9,2.9,2.9,2.9,2.9,2.9,2.9,2.9,2.9,2.9,2.9,2.9,2.9,2.9,2.9,2.9,2.9,2.976311592408004,3.0008886215437287,3.1,3.1,3.1,3.1,3.1,3.1,3.1,3.1976074901208396,3.2,3.2,3.2,3.2,3.2,3.2,3.2,3.2,3.2,3.2,3.2,3.2,3.2263033519292548,3.3,3.3,3.3,3.3,3.3,3.3,3.3,3.3,3.3,3.3,3.3,3.3,3.3,3.3,3.4,3.4,3.4,3.433292681424257,3.5,3.5,3.6,3.6,3.6,3.6,3.6,3.6,3.6,3.6,3.6,3.6,3.6,3.6,3.6,3.6818099114968335,3.7,3.7,3.7,3.7,3.7,3.7,3.7,3.7,3.8,3.8,3.8,3.8,3.8,3.8,3.8,3.8,3.9,3.9,4.0,4.005998456065578,4.1,4.1,4.180147534287232,4.4,4.4,4.4,4.6,4.6,4.6,4.6,4.7,4.7,4.8,4.9479444411106845,5.124896154941803,5.4,5.4,5.4,5.4,5.4,5.9,5.9,5.9,5.9,6.4,6.6,6.801090669905261
1.0989093300947494,1.4,1.6,1.6,1.6,1.6,1.6,1.7,1.8,1.8,1.9,1.9,1.9,2.0,2.0,2.0104813919600963,2.1,2.1,2.1,2.1,2.1671097311820504,2.2,2.2,2.2,2.2,2.2,2.2,2.2,2.2,2.2,2.2,2.2,2.2,2.3,2.3,2.3,2.3,2.3,2.3,2.3,2.3,2.3,2.3,2.3,2.300035875719855,2.4,2.4,2.4,2.4,2.4,2.5,2.5,2.5031051118148353,2.6,2.6,2.6,2.6,2.6,2.6,2.6,2.6,2.6,2.6,2.6,2.6,2.7,2.7,2.7,2.7,2.7,2.7,2.8,2.8,2.8,2.9,2.9,2.9,2.9,2.9,2.9,2.9,2.9,2.9,2.9,2.9,2.9,2.9,2.9,2.9,2.9,2.9,2.9,2.9,2.9,3.0,3.0,3.1,3.1,3.1,3.1,3.1,3.1,3.1,3.2,3.2,3.2,3.2,3.2,3.2,3.2,3.2,3.2,3.2,3.2,3.2,3.2,3.3,3.3,3.3,3.3,3.3,3.3,3.3,3.3,3.3,3.3,3.3,3.3,3.3,3.3,3.3,3.4,3.4,3.4128753795290434,3.5,3.5,3.6,3.6,3.6,3.6,3.6,3.6,3.6,3.6,3.6,3.6,3.6,3.6,3.6,3.7,3.7,3.7,3.7,3.7,3.7,3.7,3.7,3.8,3.8,3.8,3.8,3.8,3.8,3.8,3.8,3.893593987845253,4.0,4.1,4.1,4.1,4.1,4.1,4.4,4.4,4.4,4.6,4.6,4.6,4.6,4.6,4.6,4.7,4.7,4.8,4.9,5.0,5.0,5.0,5.4,5.4,5.4,5.4,5.4,5.4,5.9,5.9,5.9,5.9,5.9725724303042345,6.6,7.0
0.1,0.2,0.6,0.6,0.6589391335881382,0.7,0.7931700645275616,0.8,0.8,0.9,0.9928667015533229,1.0,1.0,1.1,1.1,1.1,1.1,1.1,1.2,1.2,1.2,1.2,1.2,1.2,1.2,1.2,1.2,1.2,1.2,1.2,1.2,1.2,1.259693109019841,1.3,1.3,1.3,1.3,1.3,1.3,1.3,1.3329201988926882,1.4,1.4,1.4,1.4,1.4,1.4,1.4,1.4,1.4,1.4,1.4,1.5,1.5,1.5,1.5,1.5,1.5,1.5,1.5,1.5,1.5,1.5,1.6,1.6,1.6,1.6,1.6,1.6,1.6,1.6,1.6,1.6,1.6,1.6,1.6,1.6,1.6,1.6,1.6,1.6,1.6,1.6,1.6,1.6,1.6769201272425165,1.7,1.7,1.7,1.7,1.7,1.7,1.7,1.7,1.7,1.7,1.7,1.7,1.8,1.8,1.8,1.8,1.8,1.8,1.8,1.8,1.8,1.8,1.8,1.8,1.8,1.8,1.8,1.8,1.8,1.8,1.8,1.8,1.8,1.8,1.8,1.9,1.9,1.9,1.9,1.9,1.9,1.9,1.9,1.9,2.0,2.0,2.0,2.0,2.0,2.0,2.0,2.0,2.0,2.0,2.1,2.1,2.1,2.1,2.1,2.1,2.1,2.1,2.2,2.2,2.2,2.2,2.2,2.2,2.2,2.2,2.3,2.340671534142251,2.4,2.4,2.4,2.5,2.5,2.500446139750591,2.6,2.6,2.641531877275179,2.7,2.7,2.7,2.7,2.7,2.8,2.8,2.8,2.9,2.9,2.9,2.9,2.9,3.0,3.0,3.1,3.1,3.1,3.1,3.2,3.2,3.3,3.317525236657525,3.5071332984466776,3.6003907185653645,3.7,3.7,3.8,4.1,4.3,4.6,4.7,5.9,6.6
0.39836399514212395,0.7,0.7,0.8,0.8,0.9,0.9,0.9,1.0,1.0,1.0928667015533229,1.1,1.1,1.2,1.2,1.3,1.3,1.3,1.3,1.4,1.4,1.4,1.4,1.4,1.4198524657127762,1.5,1.5,1.5,1.6,1.6,1.6,1.608781688559887,1.7,1.7,1.7,1.70640601215474,1.8,1.8,1.8,1.8,1.9,1.9,1.9,1.9,1.9,1.9,1.9,1.9,1.9,1.9,1.9308259810188757,2.0,2.0,2.0,2.0,2.0,2.0,2.0,2.0,2.0,2.0,2.0,2.035730053136092,2.1,2.1,2.2,2.2,2.2,2.2,2.2,2.2,2.3,2.3,2.3,2.3,2.313634252669689,2.4,2.4,2.4,2.4,2.4,2.4,2.4,2.5,2.5,2.5,2.5,2.5,2.5,2.5,2.5030739068521823,2.6,2.6,2.6,2.6,2.6,2.6,2.7,2.8,2.8,2.8,2.8,2.8,2.8,2.8,2.8,2.8976074901208393,2.922338458626433,3.0,3.0,3.096926093147823,3.1,3.2,3.2,3.2,3.2,3.2,3.2,3.2,3.2,3.2,3.2,3.2,3.2,3.2,3.2,3.2,3.2,3.2,3.2,3.2,3.2,3.2,3.2,3.2,3.2,3.2,3.2,3.2,3.2,3.2,3.2595000776413032,3.3,3.3,3.3,3.3,3.3,3.3,3.3,3.3,3.3,3.4,3.4,3.4,3.4,3.4,3.4,3.4,3.4,3.4,3.5,3.5,3.5,3.5,3.5,3.5,3.5,3.5,3.5,3.5,3.5,3.5,3.5,3.5,3.5,3.6,3.6,3.6,3.7,3.7,3.7,3.7,3.7,3.8,3.8,3.8,3.8,4.0,4.1,4.2,4.2,4.2,4.2,4.2,4.2,4.3,4.3,4.371362657173825,4.514514486060847,4.8557457659121726,6.102726674763153
0.1,0.4221271170439142,0.7,0.7,0.7,0.8,0.8,0.9,0.9,0.9,0.9,0.9,0.9,0.9,0.9,1.0,1.0,1.0,1.0,1.0,1.1,1.1,1.1,1.1,1.1,1.1792566055146068,1.2,1.2,1.3,1.3,1.3,1.3,1.3,1.3,1.3,1.3,1.3,1.3,1.4,1.4,1.4,1.4,1.4,1.4,1.4,1.4,1.5,1.5,1.5563222283256664,1.6,1.6,1.6,1.7,1.7,1.7,1.7,1.7,1.7,1.7,1.7,1.8,1.8,1.8,1.8,1.8,1.9,1.9,1.9,1.9,1.9,1.9,1.9,1.9,1.9,1.9,1.9,1.9,1.9,2.0,2.0,2.0,2.0,2.0,2.0,2.0,2.0,2.0,2.0,2.0,2.0,2.0,2.0,2.0,2.077661541373567,2.1,2.1,2.1,2.176311592408004,2.2,2.2,2.2,2.2,2.2,2.2,2.2,2.2,2.2,2.2,2.2471294307578544,2.3,2.3,2.321949238263988,2.4,2.4,2.4,2.4,2.4,2.4,2.4,2.5,2.5,2.5,2.5,2.5,2.5,2.5,2.5,2.6,2.6,2.6,2.6,2.7091863479251628,2.8,2.8,2.8,2.8,2.9,2.9,2.9,2.9956215100637165,3.0,3.059500077641303,3.1920541497097474,3.2,3.2,3.2,3.2,3.2,3.2,3.2,3.2,3.2,3.2,3.2,3.2,3.2,3.2,3.2,3.2,3.2,3.2,3.2,3.2,3.2,3.3,3.3,3.3,3.3,3.3,3.3,3.3,3.396291420219933,3.4,3.4,3.4,3.4,3.4,3.4,3.4,3.5,3.5,3.5,3.5,3.5,3.5,3.5,3.5,3.5,3.5312240387354508,3.6,3.7,3.7,3.7,4.098910608427474,4.2,4.2,4.2,4.3,4.3290289721216935,4.777872882956086,5.406544019431568
1.0978186601894986,1.2,1.2,1.4,1.5589391335881382,1.6,1.8,1.8,1.8022832662765964,1.9,2.0,2.1,2.1,2.1,2.1,2.1104813919600964,2.2,2.2,2.2,2.2,2.2,2.2,2.2,2.2,2.2,2.2,2.2,2.2,2.2,2.2,2.2,2.208781688559887,2.3,2.4,2.4,2.4,2.4,2.4,2.4,2.4,2.4,2.4,2.4,2.4,2.4,2.4,2.4,2.4,2.4,2.4,2.4,2.4,2.403105111814835,2.5,2.5,2.5,2.5,2.5,2.5,2.6,2.6,2.7,2.7,2.7,2.8,2.8,2.8,2.8,2.8164165237127206,2.9,2.9,2.9,2.9,2.9,2.9,2.9,2.9,2.9,2.9,2.9,3.0,3.0,3.0997307358156037,3.1,3.1,3.1769201272425165,3.2,3.2,3.2,3.2,3.2,3.2,3.2528705692421482,3.3,3.3,3.3,3.3,3.3,3.3,3.3,3.3,3.3,3.3,3.3,3.3,3.3,3.3976074901208393,3.4,3.4,3.4719890737088916,3.5,3.5,3.5,3.5,3.5976236808611417,3.6,3.6,3.6,3.6,3.6,3.6,3.6,3.6,3.6,3.6,3.6,3.6,3.6,3.6,3.6,3.6258931733306894,3.7,3.7,3.7,3.7,3.7,3.8,3.8,3.8,3.8,3.8273604303772344,3.9,3.9,3.9,3.9,3.9,3.9,4.0,4.0,4.0,4.0,4.0,4.043677771674339,4.1,4.120554724647712,4.2,4.2,4.2,4.2,4.2,4.2670798011073146,4.4,4.4,4.4,4.4,4.4,4.5,4.5,4.540306890980156,4.6,4.6,4.6,4.7,4.7,4.7,4.7,4.7,4.7,4.8,4.8,4.8,4.800258245611019,4.9,4.9,4.913985489925437,5.0,5.0,5.0,5.0,5.0,5.0,5.4,5.5954334674467985,5.9,5.913659870944878,6.3,6.3,6.4,6.629028972121693,6.9,8.402181339810523
0.6,0.7,0.9,0.9,1.0,1.1,1.1,1.1,1.1,1.1,1.2,1.2,1.2,1.2,1.2,1.2,1.2860145100745635,1.3,1.3,1.3,1.3,1.4,1.4,1.5,1.5,1.5,1.5,1.5,1.5,1.5,1.556801156119795,1.6,1.6,1.6,1.6,1.6,1.6534237581140019,1.7,1.7,1.7,1.7,1.7,1.8,1.8,1.8,1.8,1.8,1.8,1.8,1.8,1.8,1.8,1.8,1.8,1.8,1.8,1.8,1.9,1.9,1.9,1.9,1.9,1.9,1.966707318575743,2.0,2.0,2.0,2.0,2.0,2.1,2.1,2.1,2.1,2.1,2.1,2.1136342526696894,2.2,2.2,2.2,2.2,2.2,2.2,2.2,2.2,2.2,2.2,2.2,2.2,2.2,2.2,2.2,2.2,2.2,2.2,2.3,2.3,2.3,2.3,2.4,2.4,2.4,2.4,2.4,2.4,2.4,2.4,2.4,2.4,2.4,2.4,2.4,2.4,2.4,2.5,2.5,2.5,2.5,2.6,2.6,2.6,2.6,2.6,2.7,2.7,2.7,2.7,2.7,2.8,2.8,2.8,2.9,2.9,2.9,2.9,2.9,2.9,2.9,2.9,2.9,2.9,2.9273604303772345,3.0,3.0,3.0,3.0,3.0,3.0,3.1,3.1,3.1,3.1,3.1,3.1436777716743394,3.2,3.2,3.2,3.2,3.2,3.2,3.2,3.2,3.2,3.255172771262977,3.3,3.3,3.3,3.3,3.3,3.3,3.3,3.3,3.3,3.3,3.3,3.3,3.3,3.3801475342872322,3.4,3.5,3.5,3.6,3.6,3.6,3.7,3.7,3.8,3.867445006307696,3.995888882221368,4.2,4.4,4.4,4.4,4.4,4.499636869475824,4.6,4.740415215425673,4.9,5.0,5.9,6.211491531824345,6.6
1.1,1.2,1.2,1.2,1.2,1.3,1.3,1.4003631305241728,1.5,1.5,1.6,1.6,1.6,1.6,1.6,1.7,1.7,1.7,1.7,1.7,1.8,1.8,1.8,1.8,1.8,1.8,1.8,1.8,1.8,1.8,1.8,1.8,1.8,1.8,1.8,1.8,1.8,1.8,1.8,1.8,1.8,1.8,1.8,1.8,1.8,1.8,1.8,1.8,1.8,1.8,1.8,1.8,1.8,1.8384542728600621,1.9,1.9,1.9,1.9749633088836163,2.0,2.0,2.0,2.004378489936286,2.1,2.1,2.1,2.1,2.1,2.1,2.1,2.1,2.1,2.1025276233258667,2.2,2.2,2.2,2.2,2.2,2.2,2.2,2.2,2.2,2.2,2.2,2.2,2.2,2.2,2.2,2.2,2.2,2.2,2.2,2.2280109262911054,2.3,2.3,2.3,2.4,2.4,2.4,2.4,2.4,2.5,2.5,2.5991113784562687,2.6,2.6,2.6,2.6,2.6,2.7,2.7,2.7,2.8,2.8,2.9,2.9,2.9,2.9,2.97439350157847,3.0,3.0,3.0,3.0,3.0,3.0,3.0,3.0,3.0,3.0,3.1,3.2,3.2,3.2545931739625815,3.3,3.3,3.3,3.3,3.3,3.3,3.364269946863908,3.4,3.4,3.4,3.4,3.4,3.4,3.4,3.4,3.4,3.4,3.5,3.5,3.5,3.5,3.5,3.5,3.5,3.5999641242801377,3.6,3.6,3.6,3.6,3.6,3.6,3.7,3.7,3.7,3.7,3.7,3.7,3.7,3.7,3.8,3.8,3.8,3.9,3.9,3.9,3.9,4.0,4.0,4.0,4.0,4.169487052929304,4.2,4.2,4.2,4.4,4.4,4.4,4.4,4.5,4.5,4.5,4.599636869475824,4.6,4.6,4.6,4.8,5.0,5.4,6.101636004857891
0.9983639951421239,1.1221271170439142,1.2854855139391492,1.3,1.3589391335881382,1.5,1.5,1.6,1.6,1.6,1.7,1.7,1.7,1.7,1.7,1.8,1.8,1.8,1.8,1.8,1.8,1.8,1.8,1.8,1.8,1.8,1.8,1.8,1.8,1.8,1.8,1.9,1.9,1.9,1.9,1.9,1.9,2.0,2.0,2.0,2.0329201988926884,2.1,2.1,2.1,2.1,2.1,2.1,2.1,2.1,2.1,2.1,2.1,2.2,2.2,2.2,2.2,2.2,2.2,2.2,2.2,2.2,2.2,2.2,2.2,2.2,2.2,2.2,2.3,2.3,2.3,2.3,2.4,2.4,2.4,2.4,2.5,2.5,2.5,2.5,2.6,2.6,2.7,2.7,2.7,2.7,2.8,2.8,2.9,2.9,2.9,2.9,2.9,2.9,2.9,2.9,2.9,2.9,3.0,3.0,3.0,3.0,3.0,3.0,3.0,3.0,3.0,3.0,3.0,3.0,3.0,3.0,3.0,3.0,3.1,3.1,3.1230798727574838,3.2,3.2,3.2,3.2263033519292548,3.3,3.3,3.3,3.3,3.3,3.3,3.3,3.3,3.3,3.3,3.3,3.3,3.3,3.3,3.3424803955893423,3.4,3.4,3.4,3.4,3.4,3.4,3.4,3.4,3.4,3.4,3.4,3.4,3.4,3.4,3.4,3.4,3.4,3.4,3.4,3.4,3.4,3.4,3.4,3.4820773739873063,3.5,3.5,3.5,3.5,3.6,3.6,3.6,3.6,3.6,3.7,3.7,3.7,3.7,3.7,3.705998456065578,3.8,3.8,3.8801475342872322,3.9,3.903343888618275,4.0,4.0,4.0,4.069487052929304,4.2,4.227970979850875,4.4,4.4,4.4,4.4,4.4,4.5,4.5,4.597716733723399,4.6,4.6,4.720207607712837,4.882121732823713,5.2854506286952985,5.429028972121694,6.333618648868259,6.602181339810522
0.6994546650473746,1.1,1.1854855139391491,1.2,1.2589391335881381,1.3,1.3,1.4003631305241728,1.5,1.5,1.6,1.6,1.6,1.6,1.7,1.7,1.7,1.7,1.7305129470707024,1.8,1.8,1.8,1.8,1.8,1.8,1.8,1.8,1.8,1.8,1.8,1.8,1.8,1.8,1.8,1.8,1.8,1.8,1.8,1.8,1.8,1.8,1.8,1.8,1.8,1.8000358757198556,1.9,1.9,1.9,1.9,1.9,1.9,1.9,1.9,1.9,1.9,2.0,2.0,2.0,2.1,2.1,2.1,2.1,2.1,2.1,2.1,2.1,2.1,2.1,2.1,2.1,2.1,2.1025276233258667,2.2,2.2,2.2,2.2,2.2,2.2,2.2,2.2,2.2,2.2,2.2,2.2,2.2,2.2,2.2,2.2,2.2,2.2,2.2,2.2,2.2,2.2,2.3,2.3,2.3,2.3,2.3,2.3,2.3499999999999996,2.4,2.4,2.4,2.4,2.4,2.4,2.4,2.4,2.4,2.5,2.5,2.5,2.5,2.5,2.6,2.6,2.6,2.7,2.7,2.7,2.7,2.8,2.8,2.9,2.9,2.9,2.9,2.9,2.9,2.9,2.9545931739625813,3.0,3.0,3.0,3.0,3.0,3.0,3.0,3.0,3.0273604303772346,3.1,3.2,3.225036691116378,3.3,3.3,3.3,3.3,3.3,3.3327652811957815,3.4,3.4,3.4,3.4,3.4,3.4,3.4,3.4,3.4,3.4242052584359555,3.5,3.5,3.5,3.5,3.6,3.6,3.6,3.6,3.7,3.7,3.7,3.7962914202199327,3.8,3.8,3.8,3.8207433944853904,3.9,3.9,3.9,3.9672825715857356,4.0,4.0,4.0,4.0,4.1,4.1,4.2,4.4,4.4,4.4,4.5,4.5,4.5,4.6,4.6,4.6,4.6410608664118564,4.8,5.058057944243387,5.555745765912172,6.101636004857891
1.3994546650473745,1.4442542340878284,1.7,1.8,1.8,1.8,1.8,1.8,1.8022832662765964,1.9,1.9,2.082474763342478,2.1,2.1,2.1,2.1,2.1,2.1,2.1,2.1,2.1,2.1,2.1,2.1590090298190248,2.2,2.2,2.2,2.2,2.2,2.2,2.2,2.2,2.2,2.2,2.258468122724821,2.3,2.3,2.3,2.3,2.3,2.3,2.3,2.4,2.4,2.4,2.4,2.4,2.4,2.4,2.4,2.5,2.5,2.5,2.5384542728600623,2.6,2.6,2.6,2.6,2.6,2.6,2.6,2.7,2.7,2.7,2.7,2.7,2.7,2.7,2.7,2.8,2.8,2.8,2.8,2.8,2.8,2.8,2.8,2.8,2.8945500644173845,2.9,2.9,2.9,2.9,2.9,2.9,2.9,2.9,2.9,2.9,2.9,2.9,2.9,2.9,2.9,2.9,2.9,2.9,2.9,2.9,2.9,2.9,2.9,2.9,3.0,3.0,3.0,3.0,3.0,3.0,3.0,3.096926093147823,3.1,3.1,3.1,3.1,3.1,3.1,3.1,3.2,3.2,3.2,3.2,3.2,3.2,3.2,3.2,3.2,3.2,3.2,3.3,3.3,3.3,3.3,3.3,3.3,3.3,3.3,3.3,3.3,3.3,3.4,3.4,3.4,3.4,3.4,3.4,3.4,3.4,3.4,3.4,3.4,3.5,3.5,3.5,3.5,3.5,3.5999641242801377,3.6,3.6,3.6,3.6,3.6,3.6,3.6,3.6,3.6,3.7,3.7,3.7,3.7,3.7,3.7,3.7,3.8,3.8,3.8,3.8,3.8409909701809735,3.9,3.9672825715857356,4.032890268817948,4.2,4.2,4.2,4.2,4.4,4.4,4.4,4.4,4.435050473315051,4.6,4.6,4.6,4.6,4.6,4.7,4.7,4.7,4.814514486060847,5.0,6.401090669905262
0.9994546650473747,1.4,1.4,1.4,1.5,1.6,1.7,1.7,1.7,1.8,1.8,1.8,1.8,1.8,1.8,1.8,1.8,1.8,1.8,1.9,1.9,1.9,1.9,1.9,1.9,1.9,2.0,2.0,2.0,2.1,2.1,2.1,2.1,2.1,2.1,2.2,2.2,2.2,2.2,2.2,2.2,2.2,2.2,2.2,2.2,2.2400675399524985,2.3,2.3,2.3,2.3,2.3,2.3,2.3,2.3,2.3,2.3,2.3,2.3,2.3,2.3,2.3,2.3,2.3,2.3,2.3,2.3,2.357519604410663,2.4,2.4,2.4,2.4,2.4,2.4,2.4,2.4,2.4,2.440819158515501,2.567787776252189,2.6,2.6,2.6,2.6,2.6,2.6,2.6,2.7,2.7,2.7,2.7,2.7,2.7,2.7,2.7,2.7,2.8,2.8,2.8,2.8,2.9,2.9,2.9,2.9,2.9,2.9,2.9,2.9,2.9,2.9,2.9,2.9,2.9,2.9,2.9,2.9,2.9,2.9,2.9,2.9,2.9,2.9,2.9,2.9,2.9,2.9,2.9591808414844936,3.0,3.0,3.0,3.069319877160609,3.1,3.1,3.1,3.1,3.1,3.1,3.1,3.1,3.1,3.164269946863908,3.2,3.2,3.2,3.2,3.2,3.2,3.2,3.2,3.3,3.3,3.3,3.3,3.3,3.3,3.3,3.3,3.3,3.3,3.3,3.3,3.3,3.4,3.4,3.4,3.4,3.4,3.4,3.4,3.4,3.4,3.4,3.5,3.5,3.5,3.5,3.5,3.5,3.5,3.5,3.6,3.6,3.6,3.6,3.6,3.7,3.7,3.7,3.7,3.7,3.8,3.8,3.8,3.9,3.9,3.9,4.0,4.2,4.282121732823714,4.4,4.429028972121694,4.7,5.00981602914735
0.49890933009474925,0.5,0.6,0.7,0.7,0.7,0.7,0.8,0.8,0.8,0.8,0.8,0.8,0.8,0.8,0.8,0.8,0.8593119177487658,0.9,0.9,0.9,0.9,0.9,1.0,1.0,1.079256605514607,1.1,1.1,1.1,1.1,1.2,1.2,1.2,1.2,1.2,1.2,1.2,1.2,1.2,1.2,1.2,1.2,1.2,1.2,1.2,1.2,1.2,1.2,1.2,1.2,1.3,1.3,1.3,1.3,1.3,1.3,1.3,1.3,1.3,1.3,1.3,1.4,1.4,1.4,1.4,1.4,1.4,1.4,1.4,1.5,1.5,1.5,1.5,1.5,1.5,1.5,1.5,1.5,1.5,1.5,1.5,1.5,1.5,1.5,1.5,1.5,1.5,1.5,1.5,1.5,1.5,1.5,1.5,1.5,1.5,1.5,1.6,1.6,1.6,1.6,1.6,1.6,1.7,1.7,1.7,1.7,1.7,1.7,1.7,1.7,1.7,1.7,1.7,1.7,1.7,1.7,1.7,1.7,1.7,1.7,1.7525051507703893,1.8,1.8,1.8,1.8,1.8,1.8,1.8,1.8,1.8,1.8,1.8,1.8,1.8,1.8,1.8,1.8,1.8,1.8,1.8,1.8,1.8,1.8,1.9,1.9,1.9,1.9,1.9,1.9,1.9,1.9,1.9,1.9,1.9,1.9,2.0,2.0,2.0,2.0,2.0,2.0,2.0,2.0,2.0,2.0465762418859983,2.1,2.1,2.1,2.1,2.1,2.1,2.1,2.1,2.1,2.1,2.1,2.1,2.1,2.2,2.2,2.2,2.2,2.2,2.2,2.3,2.3,2.367445006307696,2.4,2.4312240387354507,2.5,2.6,2.7,2.7,2.7,2.8,2.8,3.0,3.1,3.3,3.6,4.4
1.0994546650473747,1.3,1.4709710278782986,1.6,1.6,1.6,1.6,1.7,1.7,1.7,1.7,1.7,1.7,1.7520555588893196,1.8,1.8,1.8,1.8,1.8,1.8,1.8,1.8,1.8,1.8,1.8,1.8,1.837286272143571,2.0,2.1,2.1,2.1,2.1,2.1,2.1,2.1,2.1,2.1,2.1,2.2,2.2,2.2,2.2,2.3,2.4,2.4,2.4,2.4,2.4181900885031635,2.5,2.693861234331038,2.7,2.7,2.7,2.7,2.8,2.8,2.8,2.8,2.8,2.8,2.8,2.8,2.8,2.8,2.8,2.8,2.857519604410663,2.9,2.9,2.9,2.9,2.9,2.9,3.0,3.0862229635458163,3.1,3.2,3.3,3.3,3.3,3.3,3.3,3.3,3.3,3.3,3.3,3.3,3.3,3.3,3.3,3.4,3.5,3.5,3.5,3.5,3.5,3.5,3.576311592408004,3.6,3.6,3.6,3.6,3.6,3.6,3.648291057822746,3.7,3.7,3.7,3.8,3.8,3.8,3.9,3.94706730690055,4.0,4.0,4.0,4.1,4.2,4.2,4.2,4.2,4.2,4.2,4.2,4.4,4.4,4.4,4.4,4.4,4.4,4.4,4.4,4.4,4.4,4.4,4.4,4.4,4.4,4.4,4.4,4.4,4.4,4.4,4.4,4.4,4.4,4.4,4.4,4.4,4.4,4.4,4.4,4.4,4.4,4.4,4.4,4.4,4.4,4.4,4.4,4.4,4.4,4.4,4.4,4.4,4.4,4.441531877275179,4.5,4.5,4.5,4.5,4.5,4.5,4.6,4.6,4.6,4.6,4.6,4.6,4.6,4.6,4.7,4.7,4.7,4.7,4.7,4.7,4.8,4.8,5.0,5.0,5.0,5.586300402340395,5.6,5.7,6.001038038564184,6.4,6.871362657173825,8.4,8.4,8.8
0.9983639951421239,1.3,1.5564565418174479,1.628637342826178,1.7,1.7,1.7,1.7,1.7,1.7,1.7,1.7,1.7,1.7,1.7,1.7,1.8,1.8,1.8,1.8,1.8,1.8,1.8,1.8,1.8,1.8,1.8,1.8,1.8,1.8,1.8,1.8087816885598869,1.9,2.009575860441376,2.1,2.1,2.1,2.1,2.1,2.1,2.1,2.1,2.1,2.1,2.1,2.1,2.1,2.1181900885031637,2.2,2.2,2.2,2.2,2.2,2.2,2.2,2.3,2.3415378870321604,2.4,2.4,2.5,2.5,2.504378489936286,2.7,2.7,2.7,2.7275897391896877,2.8,2.8,2.8,2.8,2.8,2.8,2.8,2.85857505126975,2.9,2.9,2.9,2.9,2.9,3.0,3.0,3.0,3.0997307358156037,3.225606498421527,3.3,3.3,3.3,3.3,3.3,3.3,3.3,3.3,3.3,3.3,3.3,3.3,3.3,3.3,3.3,3.3,3.3,3.3,3.3,3.3,3.3,3.3,3.3,3.3,3.3,3.3,3.3,3.321949238263988,3.4,3.4,3.4,3.5,3.5,3.5,3.5,3.5,3.5,3.5788841473321953,3.6,3.6,3.6,3.6863657473303135,3.7,3.7,3.7,3.7,3.7,3.7545931739625815,3.8,3.8128753795290433,3.9,3.9,3.9026769483789847,4.0,4.0,4.0,4.0,4.119000155282606,4.2,4.2,4.2,4.2,4.2,4.4,4.4,4.4,4.4,4.4,4.4,4.4,4.4,4.4,4.4,4.4,4.4,4.4,4.4,4.4,4.4,4.4,4.4,4.4,4.4,4.4,4.4,4.4,4.4,4.4,4.4,4.4,4.4,4.5,4.5,4.5,4.5,4.5,4.5,4.5,4.569487052929304,4.6,4.6,4.6,4.6,4.6,4.6,4.7,4.7,4.7,4.7,4.7,4.806829935472439,5.0,5.246365198471142,5.6,5.9725724303042345,6.711491531824345,8.4
0.2994546650473746,0.4221271170439142,0.5,0.5,0.6,0.7,0.7,0.7,0.7,0.7,0.7,0.7,0.7,0.7,0.7,0.7,0.7,0.8,0.8,0.8,0.8,0.8,0.8966561113817306,0.9590090298190248,1.0,1.0,1.0,1.0,1.0,1.0,1.0,1.0,1.0,1.1,1.1,1.1,1.1,1.1,1.1,1.1,1.1,1.1,1.1,1.1,1.2,1.2,1.2,1.2,1.2,1.2,1.2,1.2,1.2,1.2,1.2732987958385678,1.3,1.3,1.3,1.3,1.3,1.3,1.3,1.3,1.4,1.4,1.4,1.4,1.4,1.5,1.5,1.5,1.5,1.5,1.5,1.5,1.5136342526696893,1.6,1.6,1.6,1.6,1.7,1.7,1.7,1.7,1.7,1.7,1.8,1.8,1.8,1.8,1.8,1.8,1.8,1.8,1.8,1.8,1.8,1.8,1.8,1.8,1.8,1.8,1.8,1.8,1.8,1.8,1.8,1.8,1.8,1.8,1.8,1.8,1.8,1.8,1.8,1.8,1.8,1.8,1.8,1.8,1.8,1.8,1.8,1.8,1.8,1.8,1.8,1.8,1.8,1.8,1.8,1.8,1.8,1.8,1.8,1.872410260810318,1.9,1.9,1.9,1.9,1.9,1.9,1.9,1.9,1.9,1.9,1.9,1.9,1.9,1.9,1.9,2.0,2.0,2.0,2.0,2.0,2.0,2.0,2.0820773739873064,2.1,2.1,2.1,2.1,2.1,2.1465762418859984,2.2,2.2,2.2,2.2,2.2,2.2,2.2,2.2,2.2,2.2,2.2,2.280147534287232,2.3,2.3,2.3,2.3328902688179483,2.4,2.4,2.5,2.5,2.5,2.5,2.6,2.6,2.6,2.6,2.6003907185653645,2.7,2.7,3.0,3.1,3.2,3.3,3.3,3.3,4.400545334952631
0.6994546650473746,0.7,0.8,0.9,1.0,1.0,1.0,1.0,1.0022832662765964,1.1,1.1,1.1824747633424777,1.2,1.3,1.3,1.3,1.3860145100745633,1.4,1.4,1.4,1.5,1.5,1.5,1.6,1.6198524657127764,1.7,1.737286272143571,1.8,1.8,1.80370857978007,1.9,1.9,1.9,1.9,1.9,1.9,1.9,1.9,1.9,1.9,1.9329201988926883,2.0,2.0,2.0,2.0,2.0,2.0,2.0,2.0,2.0,2.0,2.0,2.1,2.1,2.1,2.2,2.2,2.2,2.2,2.2,2.2,2.3,2.3,2.3,2.3,2.3,2.357519604410663,2.4,2.4,2.4,2.4,2.4,2.4,2.4,2.4,2.4,2.4,2.4,2.4,2.4,2.4,2.4,2.4,2.4,2.4,2.5,2.5,2.5,2.5,2.5,2.5,2.6,2.6,2.6,2.6,2.6,2.651708942177257,2.7763115924080037,2.8,2.8,2.8,2.8,2.8,2.8,2.848291057822746,2.9,3.0,3.0,3.1,3.1,3.1,3.1,3.2,3.2,3.2,3.2,3.2,3.2,3.2,3.2,3.2,3.3,3.3,3.3,3.3,3.3,3.3,3.3,3.3,3.3,3.3,3.3,3.3,3.3,3.3,3.3,3.3,3.4,3.4,3.4,3.4,3.4,3.4,3.4,3.4,3.4,3.4,3.4,3.4,3.5,3.5,3.5,3.5,3.5,3.5,3.5,3.5,3.5,3.5,3.5,3.5,3.5,3.5,3.5,3.5,3.6,3.6,3.6,3.6,3.6,3.6,3.6,3.6,3.6,3.6,3.6,3.6,3.7,3.7,3.7,3.7,3.7,3.7,3.7,3.7,3.789518608039907,3.8,4.1,4.2,4.3,4.3,4.3,4.3,4.3,4.3,4.340415215425673,4.5,4.5,4.6,4.7,4.9
0.1,0.4442542340878283,0.6,0.7,0.7,0.7,0.7,0.7,0.7,0.7,0.7,0.7,0.7687759612645444,0.8,0.8,0.8,0.9,0.9,0.9,0.9,0.9671097311820503,1.0,1.0,1.0,1.0,1.0,1.0,1.0,1.0,1.0,1.0,1.1,1.1,1.1,1.1,1.1,1.1,1.1,1.2,1.2,1.2,1.2,1.3,1.3,1.3,1.3,1.3,1.3,1.3,1.3,1.3,1.3,1.3,1.3,1.3,1.3,1.3,1.3749633088836162,1.4,1.4,1.4,1.4,1.4,1.4,1.4,1.4275897391896877,1.5,1.5,1.5,1.5,1.5,1.5,1.5,1.5,1.5,1.5,1.5,1.5,1.5,1.521115852667802,1.6,1.6,1.6997307358156035,1.7,1.7,1.7,1.8,1.8,1.8,1.8,1.8,1.8280109262911055,1.9,1.9,1.9,1.9,1.9,1.9,1.9,1.9,1.9,1.9,1.9,2.0,2.0,2.0,2.0,2.0,2.0,2.0,2.0,2.0,2.0,2.0,2.0,2.0,2.0,2.0,2.0,2.0,2.0,2.0,2.0,2.1,2.1,2.1,2.2,2.2,2.2,2.2,2.2,2.2,2.2,2.2,2.2,2.2,2.2,2.233292681424257,2.3,2.3,2.3,2.3,2.3,2.3,2.3,2.3,2.326701204161429,2.4,2.4,2.4,2.4,2.4,2.4,2.4,2.4,2.4,2.4999641242801376,2.5,2.5,2.5,2.5,2.5,2.5,2.5,2.6,2.6,2.641531877275179,2.790424139558621,2.8,2.8,2.8,2.8,2.8,2.9,2.9,3.0207433944853905,3.2,3.2,3.3,3.3,3.3,3.3,3.369487052929304,3.4,3.4,3.4,3.4674450063076963,3.5,3.5,3.5,3.5,3.6,3.6,3.6,3.7,3.7,3.905304332059285,4.271362657173825,4.3,4.3,4.8032720097157835
0.1,0.2,0.2,0.2,0.3,0.3,0.3,0.3,0.3,0.3,0.3,0.3,0.3,0.3,0.3,0.4,0.4,0.4,0.4,0.4,0.4,0.4,0.4,0.4,0.4,0.4,0.4,0.4,0.4,0.4,0.4,0.4,0.4,0.4,0.4,0.4,0.4,0.4,0.4,0.4,0.4,0.4,0.4,0.4,0.4,0.4,0.4,0.4,0.4,0.4,0.4,0.4,0.4,0.4,0.4,0.4,0.4,0.4,0.4,0.4,0.4,0.4043784899362862,0.5,0.5,0.5,0.5,0.5,0.5,0.5,0.5,0.5,0.5,0.5,0.5,0.5,0.5,0.5,0.5,0.5,0.5,0.5,0.5,0.5,0.5,0.5,0.5,0.5,0.5,0.5,0.5,0.5,0.5,0.5,0.5,0.5,0.5270721084494369,0.6,0.6,0.6,0.6,0.6,0.7,0.7,0.7,0.7,0.7,0.8,0.8,0.8,0.8,0.8,0.8,0.8,0.8,0.8,0.8230798727574836,0.9,0.9,0.9,0.9,0.9,0.9,0.9,0.9,0.9,0.9,0.9,0.9,0.9,0.9,0.9,0.9,0.9,0.9,0.9,0.9,0.9,0.9,0.9,0.9,0.9,0.9,0.9,0.9,0.9,0.9,1.0,1.0,1.0,1.0,1.0,1.0,1.0,1.0,1.0,1.0,1.0999641242801375,1.1,1.1,1.1,1.1,1.1,1.155172771262977,1.2,1.2,1.293593987845253,1.3,1.3,1.3,1.3,1.3,1.4,1.4,1.4,1.4,1.4,1.4,1.4,1.4,1.4,1.4,1.4,1.4,1.4,1.5,1.5,1.6,1.6,1.6,1.7,1.7,1.7,1.7,1.7,1.7068299354724388,1.8202076077128369,1.9,2.0,2.0,2.2,2.502181339810522
0.4,0.7,0.8,0.9286373428261779,1.1589391335881383,1.2,1.2,1.2,1.2022832662765963,1.3,1.4,1.4,1.5,1.5,1.5,1.5,1.5,1.5,1.6,1.6997417543889866,1.7,1.7,1.7,1.7,1.7,1.8,1.8,1.8,1.8,1.8,1.8,1.8,1.8,1.8,1.8,1.8,1.8534237581140018,1.9,1.9,1.9,1.9,1.9,1.9,1.9,1.9,1.9,1.9,2.0,2.0,2.0,2.0,2.0,2.1,2.1,2.1,2.1,2.1,2.1,2.1,2.1,2.1,2.1,2.1,2.1,2.197323051621021,2.2,2.2,2.2,2.2,2.2,2.2,2.2,2.2,2.2,2.2,2.2,2.2,2.2,2.2945500644173844,2.3,2.3,2.3,2.3,2.3,2.3,2.3769201272425162,2.4,2.4,2.45293269309945,2.5,2.5,2.5280109262911052,2.6,2.6,2.6,2.6,2.6,2.6,2.7,2.7,2.7,2.7,2.7,2.7,2.7,2.7,2.7,2.7,2.7,2.7,2.7,2.8,2.8,2.8,2.8,2.8,2.848666772365334,2.9,2.9,2.9,2.9,2.9,2.905449935582612,3.0,3.0,3.0,3.0,3.0,3.069319877160609,3.1,3.1258931733306894,3.2,3.2,3.2,3.2,3.2,3.2,3.2,3.2,3.2,3.2,3.2,3.2,3.2,3.2,3.2,3.2,3.2,3.2,3.3,3.3,3.3,3.3,3.3,3.3,3.3,3.3,3.3,3.3,3.3,3.3,3.3,3.355172771262977,3.4,3.446576241885998,3.5,3.5,3.5,3.6,3.6,3.6,3.6,3.6,3.6,3.6,3.6,3.6,3.6,3.6,3.667282571585736,3.7,3.7,3.7,3.7,3.8,3.8,3.9,3.9,4.0,4.117525236657525,4.2142665968933555,4.4,4.4,4.4,4.4,4.4,4.4,4.471362657173825,4.6,4.7,4.904362679621045
0.2,0.4,0.5,0.5,0.5589391335881382,0.6,0.7,0.7,0.7,0.7,0.8,0.8,0.8,0.9,0.9,0.9,0.9860145100745633,1.0,1.0,1.0,1.1,1.1,1.1,1.1,1.1,1.1,1.1,1.1,1.1494582816066525,1.2,1.2,1.2,1.2,1.2,1.2,1.2,1.2,1.2,1.2,1.2,1.2,1.2,1.2,1.259328465857746,1.3,1.3,1.3,1.3,1.3,1.3,1.3,1.3,1.3,1.3,1.3,1.3,1.3,1.3,1.3,1.3,1.3,1.4,1.4,1.4,1.4,1.4,1.4,1.5,1.5,1.5,1.5,1.5,1.5,1.5,1.5,1.5,1.5,1.5,1.5,1.521115852667802,1.6,1.6,1.6,1.6,1.6,1.6769201272425165,1.7,1.7,1.7,1.7,1.7,1.7,1.7,1.7,1.7,1.7,1.7,1.776311592408004,1.8,1.8,1.8,1.8,1.8,1.8,1.8,1.8,1.8,1.8,1.8,1.8,1.8,1.9,1.9,1.9,1.9,1.9,1.9,1.9,1.9,1.9,1.9,1.9,1.9,1.9,2.0,2.0,2.0,2.0,2.0,2.0,2.1,2.1,2.1,2.1,2.1,2.1,2.1,2.1,2.1,2.1,2.1,2.1,2.1,2.1,2.2,2.2,2.2,2.2,2.2,2.2,2.2,2.2,2.2,2.2,2.2,2.2,2.2,2.3,2.3,2.3,2.3,2.3,2.3,2.3,2.3,2.3,2.3,2.4,2.4,2.49121831144011,2.5,2.5,2.6,2.605998456065578,2.7,2.7,2.7,2.7,2.7,2.7,2.7,2.8,2.8,2.8406880822512335,2.9,2.989518608039907,3.1,3.2,3.2,3.2,3.2,3.3,3.3,3.3,3.4068299354724387,3.5,3.6,3.6,3.7,3.977872882956086,4.401090669905262
0.19945466504737464,0.2,0.2,0.3,0.3,0.3,0.39317006452756154,0.4,0.4,0.4,0.4,0.5,0.5,0.5,0.5,0.5,0.5,0.5,0.5,0.5,0.5,0.5,0.5,0.5,0.5198524657127763,0.6,0.6,0.6,0.6,0.6,0.6,0.6,0.6,0.6,0.6,0.6,0.6,0.6,0.6,0.7,0.7,0.7,0.7,0.7,0.7,0.7,0.7,0.7,0.7,0.7,0.7,0.7,0.7,0.7,0.7,0.7,0.7,0.7,0.7,0.7,0.7,0.8,0.8,0.8,0.8,0.8,0.8,0.8,0.8,0.8,0.8,0.8,0.8,0.8,0.8862229635458164,0.9,0.9,0.9,0.9,0.9,0.9,0.9,0.9,0.9,0.9,0.9,0.9,0.9,0.9,0.9780507617360144,1.0,1.0,1.0,1.0,1.0,1.0,1.0,1.076311592408004,1.1,1.1,1.15,1.2,1.2,1.2,1.2,1.2,1.2,1.2,1.2,1.3,1.3,1.3,1.3,1.3,1.3,1.3,1.3,1.3,1.3,1.3,1.3,1.3,1.3,1.3,1.3,1.3,1.3,1.3,1.3,1.3,1.3,1.3545931739625814,1.4,1.4,1.4,1.4,1.4,1.4,1.4,1.5,1.5,1.5,1.5,1.5,1.5,1.5,1.5,1.5,1.5,1.5,1.5,1.5,1.5,1.5,1.5205547246477125,1.6,1.6,1.7,1.7,1.7,1.7,1.7,1.7,1.7,1.7,1.7,1.7,1.7,1.7,1.7,1.7,1.7,1.7,1.7,1.7,1.7,1.7,1.7,1.7,1.7,1.7,1.8,1.8,1.9,1.9,1.9,1.9,2.0,2.0,2.0,2.1,2.1,2.1,2.1,2.2,2.3,2.382121732823714,2.6427253143476492,3.0290289721216936,3.3,3.7049080145736752
0.6,0.6,1.1854855139391491,1.6,1.6,1.6,1.6,1.6,1.7,1.7,1.8,1.8,1.8,1.9,2.0,2.0,2.0,2.1,2.1,2.1,2.1,2.1,2.1,2.1,2.1,2.1,2.1,2.1,2.1,2.1,2.2,2.2,2.2,2.2,2.2,2.2,2.2,2.299553860249409,2.3,2.389273309875608,2.4,2.4,2.4,2.4,2.5,2.5,2.5,2.5181900885031636,2.6,2.6,2.630825981018876,2.7,2.8,2.8,2.8,2.8,2.8,2.8,2.8,2.8,2.8,2.8,2.8,2.8,2.8,2.8,2.8,2.8,2.8,2.8,2.8,2.8,2.8,2.8,2.8,2.8,2.8,2.8,2.8,2.8,2.8,2.8,2.8,2.8,2.8,2.8,2.9,2.9,2.9,2.9,2.9,2.9,2.9,2.9,2.9,2.9,2.9,2.9,2.9,2.9,3.0,3.1,3.1,3.1,3.2,3.2,3.2,3.3,3.3,3.3,3.3,3.3,3.3,3.3,3.3,3.3,3.3,3.3,3.3,3.326303351929255,3.4,3.4,3.4,3.4,3.4,3.4,3.4,3.441424948730241,3.5,3.5,3.5,3.5,3.5,3.6,3.6,3.6,3.6,3.6,3.6,3.6,3.6273604303772347,3.7,3.7,3.7,3.7,3.792345214177163,3.826701204161429,3.961545727139935,4.0,4.132765281195781,4.2,4.2,4.2,4.2,4.2,4.2,4.2,4.240671534142251,4.382077373987307,4.4,4.4,4.4,4.4,4.4,4.4,4.4,4.4,4.4,4.4,4.4,4.443198843880208,4.5,4.5,4.5,4.5,4.6,4.6,4.6,4.6,4.6,4.6,4.6,4.6,4.7,4.7,4.789518608039907,4.8,4.8,4.931224038735451,5.435050473315051,5.7,5.7,5.895433467446799,5.9,5.9,5.9,6.064243465647428,6.4,6.6,7.0,7.20872535924209
0.6,0.6,0.6,1.2,1.4178782671762764,1.6,1.6,1.6,1.6,1.6,1.6,1.6824747633424777,1.7,1.7,1.7,1.7,1.8,1.8,1.8,1.8,1.9,2.0,2.0,2.0,2.019852465712776,2.1,2.1,2.1,2.1,2.1,2.1,2.1,2.1,2.1,2.1,2.1,2.1,2.1,2.1,2.1,2.1,2.1,2.1,2.1,2.2,2.2,2.2,2.2,2.2,2.2,2.2,2.2,2.2,2.238454272860062,2.3,2.3,2.3,2.374963308883616,2.4,2.4,2.4,2.4,2.4,2.4,2.4,2.4,2.5,2.5,2.5,2.5,2.6,2.6,2.6,2.6,2.6,2.7,2.8,2.8,2.8,2.8,2.8,2.8,2.8,2.8,2.8,2.8,2.8,2.8,2.8,2.8,2.8,2.8,2.8,2.8,2.8,2.8,2.8,2.8,2.8,2.8,2.8,2.8745514221892505,2.9,2.9,2.9,2.9,2.9,2.9,2.9,2.9,2.9,2.9,2.9,2.9,2.9,2.9,2.9,2.9,2.9002692641843906,3.0,3.1,3.1,3.1,3.1,3.2,3.3,3.3,3.3,3.3,3.3,3.3,3.3,3.3,3.3,3.3,3.4,3.4,3.4,3.4,3.4,3.4,3.4,3.4,3.4,3.4584621129678395,3.5,3.5,3.5,3.5,3.6,3.6,3.6,3.6,3.6,3.6205547246477123,3.7,3.7,3.7,3.7,3.7242052584359557,3.8670798011073146,3.9,4.0,4.0,4.1,4.1935939878452535,4.2,4.2,4.240306890980156,4.3,4.4,4.4,4.4,4.4,4.4,4.4,4.4,4.5,4.5,4.5,4.6,4.6,4.6,4.6,4.6,4.6,4.667445006307696,4.847944441110684,5.287344232412704,5.7,5.7,5.9,5.9,5.9,5.927319741889756,6.4404152154256735,6.6,6.742725314347649,7.029028972121694,7.2,7.20872535924209
0.5,0.6221271170439141,0.7,0.7,0.9589391335881382,1.0797923922871657,1.1,1.3,1.3,1.3,1.3,1.5,1.5,1.5520555588893197,1.6,1.6,1.6,1.7,1.7,1.7,1.7,1.7,1.7,1.7,1.8,1.8,1.8,1.8,1.8,1.80370857978007,1.9,1.9,1.9,2.0,2.0,2.0,2.053423758114002,2.1,2.1,2.1,2.1,2.1,2.2,2.2,2.2,2.2,2.2,2.2,2.2,2.2,2.2,2.2,2.2,2.2,2.2,2.2,2.3,2.3,2.3,2.3,2.3,2.3,2.4,2.4,2.4,2.5,2.5,2.5,2.5,2.5,2.5,2.5,2.5,2.5,2.5,2.5,2.5,2.5,2.5,2.6,2.6,2.6736966480707367,2.7,2.7,2.7,2.8,2.8,2.8,2.8,2.8,2.803073906852182,2.9,2.9,2.9,2.9,2.9,3.0,3.0,3.0,3.0,3.0,3.1,3.1,3.2,3.3,3.3,3.3,3.3,3.3,3.3,3.3,3.3,3.3,3.3,3.3,3.3,3.3,3.3,3.3,3.3,3.3,3.3,3.3,3.3,3.3591808414844935,3.4,3.4,3.4,3.4,3.4,3.4,3.4,3.4,3.5,3.5,3.5,3.5,3.533292681424257,3.6,3.6,3.7,3.7,3.7,3.7,3.7,3.7,3.7,3.7,3.7,3.7,3.7,3.8,4.0,4.0,4.0,4.0,4.0,4.140671534142251,4.2,4.2,4.2,4.2,4.2,4.200892279501182,4.4,4.4,4.4,4.4,4.4,4.49121831144011,4.5,4.5,4.5,4.5,4.5,4.5,4.5,4.5,4.5,4.5,4.6,4.6,4.6,4.6,4.6,4.6,4.6,4.6,4.6,4.8,5.0,5.4,5.7,5.9,5.9,5.9,5.9,5.9,6.6,6.911491531824344,7.2
0.7994546650473747,1.5,1.5,1.628637342826178,1.7,1.8,1.8,1.8,1.8,1.9,1.9,1.9,1.9,1.9,1.9,1.9,1.9,1.9,1.9,1.9,1.9,1.9,1.9,1.9,2.0,2.0,2.0,2.0,2.0,2.1,2.1,2.1,2.1,2.1,2.1,2.2,2.2,2.2,2.2,2.2,2.2,2.2,2.2,2.2,2.3,2.3,2.3,2.3,2.3,2.3,2.3,2.3,2.3,2.3,2.3,2.3,2.3,2.3,2.3,2.3,2.4,2.4,2.4,2.4,2.4,2.4275897391896875,2.5,2.5,2.5,2.5,2.5,2.5,2.6,2.6,2.6,2.6,2.6,2.7,2.7,2.7,2.7,2.7,2.7,2.7,2.7,2.7,2.7,2.7,2.7,2.7,2.7,2.7,2.7,2.7,2.7,2.7,2.8,2.8,2.8,2.8,2.8,2.8,2.8,2.9,2.9,2.9,2.9,2.9,2.9,2.9,2.9,2.9,2.9,2.9,2.9,2.9,2.9,2.9,2.9,2.9,2.9,2.9,2.9,2.9,2.9,2.9863657473303133,3.0,3.0,3.0,3.0,3.0,3.0,3.0,3.0,3.0,3.0,3.0,3.0,3.0,3.0,3.0,3.0,3.0,3.0,3.0,3.0,3.0,3.0,3.0,3.0,3.0,3.006138765668953,3.1,3.1,3.1,3.1,3.1999641242801378,3.2,3.2,3.2,3.2670798011073146,3.3,3.3,3.3,3.3,3.3,3.3,3.4,3.4,3.4,3.4431988438802077,3.5,3.5,3.5,3.5,3.5,3.5,3.6409909701809737,3.7,3.7,3.7,3.7,3.7,3.7,3.7,3.789518608039907,3.8,3.8,3.8,3.8,3.8071332984466775,3.9,4.0954334674467985,4.1,4.2,4.240415215425673,4.541060866411857,4.6,4.6145144860608465,5.633618648868259,6.4
0.6989093300947492,1.1221271170439142,1.4,1.5,1.5,1.5,1.5,1.5,1.6,1.6,1.6,1.6824747633424777,1.7,1.7,1.7,1.7,1.8,1.8,1.8,1.8997417543889865,1.9,1.9,1.9,1.9,1.9,1.9,1.9,1.9,1.9,1.9,1.9,1.9,1.9,1.9,1.9,1.9,1.953423758114002,2.0,2.0,2.0,2.0,2.0,2.0,2.0,2.0,2.0,2.0,2.0181900885031636,2.1,2.1,2.1,2.1,2.1,2.1,2.1,2.2,2.2,2.2,2.2,2.2,2.2,2.2,2.2,2.2,2.2,2.2,2.2,2.2,2.2,2.3,2.3,2.3,2.3,2.3,2.3,2.3,2.3,2.3,2.3,2.3,2.3,2.3736966480707364,2.4,2.4,2.4,2.4,2.4,2.4,2.4,2.4,2.4030739068521823,2.5,2.5,2.5,2.5,2.5,2.5,2.5,2.5,2.5,2.5,2.5,2.5,2.6,2.6,2.6,2.7,2.7,2.7,2.7,2.7,2.7,2.7,2.7,2.7,2.7,2.7,2.7,2.7,2.7,2.7,2.7,2.7,2.7,2.8,2.8,2.8,2.8,2.8,2.8,2.8,2.9,2.9,2.9,2.9,2.9,2.9,2.9,2.9,2.9,2.9,2.9,2.9,2.9,2.9,2.9,2.9,2.9,2.9,2.9,3.0,3.0,3.0,3.0,3.0,3.0,3.0,3.0,3.0,3.0,3.0,3.0,3.0,3.0,3.1,3.1,3.1,3.1,3.1,3.2,3.2,3.2,3.2,3.205998456065578,3.3,3.3,3.3,3.4,3.4,3.4,3.5,3.5,3.5,3.5,3.5139854899254375,3.6,3.7,3.7,3.7,3.7,3.8,3.8,3.8,3.9,3.9,4.1,4.1410608664118564,4.4,4.6,4.955745765912172,5.703817344668415
0.49781866018949855,0.7,0.8,0.8,0.8,0.9,1.0,1.0,1.1,1.1,1.1,1.1,1.1687759612645443,1.2,1.2,1.2,1.2,1.2,1.3,1.3,1.3,1.3,1.3,1.3,1.3,1.3792566055146067,1.4372862721435709,1.5,1.5,1.5,1.5,1.5,1.5,1.5,1.5,1.5,1.5,1.5,1.5,1.5,1.5,1.5,1.5,1.5,1.5,1.5,1.5,1.5,1.5,1.5,1.5,1.5,1.5,1.5,1.5,1.5,1.5,1.5,1.5,1.5,1.5,1.5,1.5,1.6,1.6,1.6275897391896876,1.7,1.7,1.7,1.7,1.7,1.7,1.7306801228393909,1.8,1.8,1.8,1.8,1.8,1.9,1.9,1.9,1.9,1.9,1.9,1.9,1.9,1.9,1.9,1.9,1.9,1.9,1.9,1.9,1.9,1.9,1.9,1.9,1.9,1.9,1.9,1.9,1.9,1.9,2.0,2.0,2.0,2.0,2.0,2.0,2.0,2.0,2.0,2.0,2.0,2.0,2.0,2.0,2.0,2.0002692641843907,2.1,2.1,2.1,2.1,2.1,2.1,2.1,2.1,2.1,2.1,2.1,2.1,2.1,2.1,2.1,2.1,2.1,2.1,2.1,2.2,2.2,2.2,2.2,2.2,2.2,2.2,2.2,2.2,2.2,2.2,2.2,2.2,2.2,2.2,2.2,2.2,2.2,2.2,2.2,2.2,2.2,2.2,2.2,2.2,2.2,2.246576241885998,2.3,2.3,2.3,2.3,2.3,2.3,2.4,2.4,2.5,2.5,2.5207433944853905,2.6,2.7,2.7,2.7,2.7,2.7,2.7,2.7,2.8,2.8,2.9,2.9,2.9,2.9,3.0,3.0,3.0,3.0,3.006829935472439,3.1,3.2,3.2713626571738246,3.5,3.577872882956086,4.401090669905262
1.2994546650473746,1.4,1.5,1.528637342826178,1.6,1.7,1.8,1.8,1.8,1.8,1.8,1.8,1.8,1.8,1.8,1.8,1.8,1.8,1.8,1.8,1.8,1.8,1.8,1.8,1.8,1.8,1.8,1.8,1.8,1.80370857978007,1.9,1.9,1.9,1.9,1.9,1.9,1.9,1.9,2.0,2.0,2.1,2.1,2.1,2.1,2.1,2.1,2.1,2.1,2.2,2.2,2.2,2.267234718804218,2.3,2.3,2.3,2.4,2.4,2.4,2.4,2.4,2.4,2.4,2.4,2.4,2.4,2.5,2.5,2.5,2.5164165237127207,2.6,2.6,2.6025276233258667,2.7,2.7,2.7,2.7,2.7,2.7,2.7,2.7,2.7,2.7,2.7,2.8,2.8,2.8,2.8,2.8,2.8,2.8,2.8,2.8,2.8,2.8,2.9,2.9,2.9,2.9,2.9,3.0,3.0,3.0,3.0,3.0,3.0,3.0,3.0,3.0,3.0,3.1,3.1,3.1,3.1,3.1,3.1,3.1,3.1,3.1,3.2,3.2,3.2,3.2,3.2,3.2,3.2,3.2,3.2,3.2,3.2,3.2,3.2,3.2,3.2,3.2,3.2,3.2,3.2,3.2,3.2,3.2,3.2,3.2,3.2,3.2,3.2,3.2,3.2,3.2,3.2,3.3,3.3,3.3,3.3,3.3,3.3,3.3,3.3,3.3,3.3,3.4,3.4,3.4,3.455172771262977,3.5,3.5,3.5,3.5,3.5,3.5,3.5,3.5,3.5,3.5,3.5,3.5,3.6,3.6,3.6,3.603343888618275,3.7,3.7,3.7,3.7,3.7,3.7,3.7,3.8,3.8,3.8,3.8,3.8,3.8,3.8,3.8,3.8,3.8,3.9,4.1,4.1145144860608465,4.3,6.4
0.19945466504737464,0.3,0.4,0.5,0.5,0.5,0.5,0.5,0.5,0.5,0.5,0.5,0.5,0.5,0.5,0.5,0.5,0.5,0.5,0.5,0.5,0.5,0.5,0.5,0.5,0.5,0.6,0.6,0.6,0.6,0.6,0.6,0.6,0.6,0.6,0.6,0.6,0.6,0.6,0.6,0.6,0.6,0.6,0.6,0.6,0.6,0.6,0.6,0.6,0.6,0.6,0.6,0.6,0.6,0.6,0.6,0.6,0.6,0.6,0.6,0.6,0.6,0.6,0.6,0.6,0.6,0.6,0.6,0.6,0.6,0.6,0.6025276233258665,0.7,0.7,0.7,0.7,0.7,0.7,0.7,0.7,0.7,0.7,0.7,0.7,0.7,0.7,0.7,0.7,0.7,0.7,0.7,0.7,0.7,0.7,0.7,0.7,0.7,0.7,0.7,0.7,0.7,0.7,0.7,0.7,0.7,0.7,0.7,0.7,0.7,0.7,0.8,0.8,0.8,0.8,0.8,0.8,0.8,0.8,0.8,0.8,0.8,0.8,0.8,0.8322122237478141,0.9,0.9,0.9,0.9,0.9,0.9,0.9,0.9,0.9,0.9,0.9,0.9,0.9,1.0,1.0,1.0,1.0,1.0,1.0,1.0,1.0,1.0923452141771635,1.1,1.2,1.2,1.2,1.2,1.2,1.2,1.2,1.2,1.2,1.2,1.2,1.3,1.3,1.3,1.3,1.3,1.3,1.3465762418859981,1.4,1.4,1.4,1.4,1.4,1.4,1.4,1.4,1.5,1.5,1.5,1.5,1.5,1.7,1.7,1.7,1.7,1.7,1.7,1.7,1.7,1.7,1.7,1.7,1.7,1.8,1.8,1.9,1.9996368694758246,2.1,2.1,2.1,2.1,2.1,2.1,2.701636004857892
0.2,0.5,0.6,0.6,0.7,0.7,0.7,0.7,0.8,0.8,0.8,0.8,0.8,0.8,0.8,0.8,0.8,0.8,0.9,0.9,0.9,0.9,0.9,0.9,0.9,0.9,0.9,0.9,0.9,0.9,0.9,0.9,0.9,0.9,0.9,0.9,0.9,0.9,0.9448272287370202,1.0,1.1,1.1,1.1,1.159328465857746,1.2,1.2,1.2,1.2,1.2,1.2,1.2,1.2,1.2,1.2,1.2,1.2,1.2,1.2,1.2,1.2,1.2,1.3,1.3,1.3,1.3,1.3275897391896876,1.4,1.4,1.4,1.4,1.4,1.4,1.5,1.5,1.5,1.5,1.5,1.5,1.5,1.5,1.5,1.5,1.5,1.5,1.5,1.5,1.5,1.5277108492161204,1.6,1.6780507617360143,1.7,1.7,1.7,1.7,1.7,1.7,1.7,1.7,1.7,1.7,1.7,1.7,1.7,1.7,1.7,1.7,1.7,1.722338458626433,1.8,1.8,1.8,1.8,1.8,1.8,1.8,1.8,1.8,1.8,1.8,1.8,1.8,1.8,1.8,1.8,1.8,1.8,1.8,1.8,1.8,1.8,1.8,1.8,1.9,1.9,1.9,1.9,1.9,1.9,1.9,1.9,1.9,1.9,1.9,1.9,1.9,1.9,1.9,1.9,1.9,1.9,1.9,2.0,2.0,2.0,2.0,2.0,2.1,2.1,2.1,2.1,2.1,2.1,2.1,2.1,2.1,2.193593987845253,2.2,2.2,2.2,2.2,2.2,2.3,2.3,2.3,2.4,2.4,2.4,2.4,2.4,2.4,2.4,2.400258245611019,2.6,2.7,2.7,2.8,2.8,3.0,3.0,3.0,3.1,3.2,3.2,3.2,3.2,3.3,3.6,3.6,3.6,3.7,5.4
0.5972733252368732,0.7221271170439142,0.8,1.1,1.1,1.1,1.1,1.2,1.3,1.3,1.3,1.3,1.3,1.3,1.3,1.4,1.4,1.4,1.4,1.4,1.4671097311820502,1.5,1.5,1.5,1.5,1.5,1.5,1.5,1.5494582816066527,1.6,1.6,1.608781688559887,1.7,1.7,1.7,1.7,1.7,1.7,1.7,1.7,1.8,1.8,1.8,1.8,1.8,1.8,1.8,1.8,1.9,1.9,1.9,1.9,1.9,1.9,1.9,1.9,1.9,1.9,1.9,1.9,1.9,2.0,2.0,2.0,2.0,2.0,2.0,2.0,2.0,2.0,2.0,2.0,2.0,2.0,2.0,2.0,2.0,2.0,2.0,2.0,2.0,2.0,2.0997307358156037,2.1,2.1,2.1,2.1,2.1,2.1,2.1,2.1,2.2,2.2,2.2,2.2,2.2,2.2,2.2,2.2,2.2,2.2,2.2,2.2,2.2,2.2,2.2,2.2,2.3,2.3,2.3,2.3,2.3,2.3,2.3,2.3976236808611415,2.4,2.4,2.4,2.4,2.4,2.4,2.4,2.4,2.432212223747814,2.5,2.5,2.5,2.5,2.5,2.5,2.5,2.5,2.6,2.6,2.6,2.6,2.6,2.6,2.6,2.6,2.6,2.6,2.7,2.7,2.8,2.8,2.8,2.8,2.8,2.8,2.8,2.8,2.8,2.8,2.8,2.8,2.8999641242801375,2.9,2.9,2.9,2.9,2.9,2.9,2.9,2.9,2.9,2.9,3.0,3.0,3.09121831144011,3.1,3.1,3.1,3.2,3.2,3.2,3.2,3.2,3.3,3.3,3.3,3.3,3.3,3.3,3.3,3.4,3.4,3.4,3.4,3.4,3.5,3.5,3.5,3.6,3.7,3.7202076077128368,4.1,4.2,4.429028972121694,4.7,7.0010906699052615
0.6967279902842478,0.7,0.8,0.8,0.8,0.8,0.9,0.9,0.9,0.9,1.0,1.0,1.0,1.1,1.1,1.1,1.1,1.2,1.2,1.2,1.2,1.2,1.2,1.2,1.3,1.3,1.3,1.3,1.3,1.3,1.3,1.3,1.3,1.3,1.3,1.3,1.3,1.3,1.3,1.3,1.3,1.3,1.3,1.3,1.3000358757198556,1.4,1.4,1.4,1.4,1.4,1.4,1.4,1.4,1.4,1.4,1.4,1.4,1.4,1.4,1.4,1.4,1.4,1.435730053136092,1.5,1.5,1.5,1.5,1.5,1.5,1.5,1.5,1.5,1.5,1.5,1.5,1.5,1.5,1.5,1.5,1.5,1.5,1.5,1.5,1.5,1.5,1.5,1.5,1.5,1.5,1.6,1.6,1.6,1.6,1.6,1.6,1.6,1.6,1.6,1.6,1.6,1.6,1.6,1.6,1.6,1.648291057822746,1.7,1.7,1.7,1.7,1.7,1.7,1.7,1.7,1.7,1.7,1.7,1.7,1.7,1.7,1.7,1.7,1.7,1.7,1.8,1.8,1.8,1.8,1.8,1.8,1.8,1.8,1.8,1.8835834762872876,1.9,1.9,1.9,1.9,1.9332926814242568,2.0,2.0,2.0,2.0,2.0,2.0,2.0,2.0,2.0,2.0,2.0,2.0,2.0,2.0,2.0,2.0,2.0,2.0,2.0,2.0,2.0,2.1,2.1,2.1,2.1,2.1,2.1,2.1,2.1,2.1,2.1,2.1,2.2,2.2,2.2,2.2,2.2,2.2,2.2,2.3,2.3,2.3,2.3,2.300258245611019,2.4,2.4,2.4,2.4,2.4,2.5,2.5,2.5,2.5,2.6,2.6,2.7996368694758242,2.8,2.8,2.9,2.9713626571738248,3.1290289721216937,3.477872882956086,4.216360048578918
0.1,0.2,0.2,0.2,0.2,0.2,0.2,0.2,0.2,0.2,0.2,0.2,0.2,0.2,0.2,0.2,0.2,0.2,0.2,0.2,0.2,0.2,0.2,0.2,0.2,0.2,0.2,0.2,0.2,0.2,0.2,0.2,0.2,0.2,0.2,0.2,0.2,0.2,0.2,0.2,0.3,0.3,0.3,0.3,0.3,0.3,0.3,0.3,0.3,0.3,0.3,0.3,0.3,0.3,0.3,0.3,0.3,0.3,0.3,0.3,0.3,0.3,0.3,0.3,0.3,0.3,0.3,0.3871246204709536,0.4,0.4,0.4,0.4,0.4,0.4,0.4,0.4,0.4,0.4,0.4,0.4,0.4,0.4,0.4,0.4,0.4,0.4,0.4,0.4,0.4,0.4,0.4,0.4,0.4,0.4,0.4,0.4,0.4,0.4,0.4,0.4,0.4,0.4,0.4,0.4,0.4,0.4,0.4,0.4,0.4,0.4,0.4,0.4,0.4,0.4,0.4,0.4,0.4,0.5,0.5,0.5,0.5,0.5,0.5,0.5,0.5,0.5,0.5,0.5,0.5,0.5,0.5,0.5,0.5,0.5,0.5,0.5,0.5,0.5,0.6,0.6,0.6,0.6,0.6,0.6,0.6,0.6,0.6,0.6,0.6,0.6,0.6,0.6,0.6,0.6,0.6,0.6,0.6,0.6,0.6,0.6,0.6,0.6,0.6,0.6,0.6,0.6,0.6,0.6,0.6,0.6,0.6,0.6,0.6,0.6,0.6,0.6,0.6,0.6,0.6,0.6,0.6,0.7,0.7,0.7,0.7,0.7,0.7,0.747944441110684,0.8,0.9,1.0,1.0,1.0,1.0,1.0,1.0,1.1,1.1,1.4,1.5,2.001090669905261
0.9983639951421239,1.3,1.4,1.528637342826178,1.6,1.8,1.9,1.9,1.9022832662765963,2.0,2.0,2.0,2.1,2.1,2.2,2.2,2.2,2.2,2.3,2.3,2.4,2.432717428414268,2.5,2.6,2.6,2.6,2.737286272143571,2.8,2.8,2.8,2.856801156119795,2.9,2.9,2.9,3.0,3.0,3.0,3.0,3.04482722873702,3.1,3.1,3.1,3.117922626012691,3.2,3.2,3.2,3.2,3.2,3.2,3.2,3.2,3.2,3.2,3.238454272860062,3.3,3.3,3.3,3.3,3.3,3.3,3.3,3.3,3.3,3.3,3.3,3.3,3.3,3.3,3.3,3.3,3.3,3.3,3.3,3.3,3.3,3.3,3.4,3.4,3.4945500644173846,3.5,3.5,3.5,3.5,3.5,3.5,3.5,3.5,3.5,3.5,3.5,3.5,3.5,3.5,3.577661541373567,3.6,3.6,3.6,3.6,3.6,3.6,3.6,3.6,3.6,3.7,3.7,3.7,3.7,3.7,3.7,3.7,3.7,3.7,3.7,3.7,3.7,3.7,3.7,3.7,3.8,3.8,3.8,3.8,3.8,3.8,3.8,3.9,4.0,4.0,4.069319877160609,4.1,4.1,4.1,4.1,4.2,4.2,4.2,4.2,4.2,4.2,4.2,4.2,4.2,4.2,4.2,4.258462112967839,4.3,4.3,4.3,4.3,4.3,4.3,4.3,4.3,4.381809911496833,4.4,4.4,4.5,4.5,4.5,4.5,4.5,4.5,4.5,4.6,4.6,4.6,4.6,4.6,4.6,4.69121831144011,4.7,4.7,4.7,4.7,4.762713727856431,4.9,4.9,5.0,5.1,5.7,5.7,5.7,5.7,5.7,5.7,5.7,5.7,5.7,5.7,5.7,5.7,5.7,5.7,5.7,5.7,5.9,5.9,5.9,6.314514486060847,6.4,6.603272009715783
0.6983639951421239,0.7,0.9,1.028637342826178,1.2,1.2,1.3,1.4,1.4,1.5,1.5928667015533229,1.6,1.6687759612645443,1.8,1.8,1.8,1.8860145100745633,1.9,1.9,1.9,1.9,1.9,2.0,2.0,2.0,2.0,2.0,2.0,2.0,2.0,2.0,2.0,2.0,2.009575860441376,2.1,2.10640601215474,2.2,2.2,2.2,2.2,2.2,2.2,2.3,2.3,2.3,2.3,2.4,2.4181900885031635,2.5,2.5,2.5,2.5,2.6,2.6,2.6,2.607654785822831,2.7,2.7,2.8,2.8,2.8,2.8,2.8,2.8,2.897323051621021,2.9,2.9575196044106633,3.0,3.0,3.0,3.1,3.1,3.1,3.15857505126975,3.2,3.2,3.2,3.2,3.2,3.2,3.2,3.2,3.2,3.3,3.3,3.3,3.3,3.3,3.3,3.3,3.3,3.3,3.3,3.3,3.3,3.3,3.3,3.3,3.3,3.3,3.3,3.3,3.3,3.3,3.3,3.3,3.3,3.3,3.3,3.3,3.396926093147823,3.4,3.44706730690055,3.5,3.5,3.5,3.5,3.5,3.5,3.5,3.5,3.5,3.5,3.5,3.5,3.6,3.6,3.6,3.6,3.6,3.6,3.6,3.7,3.7,3.7,3.7,3.7,3.7,3.7,3.7,3.7,3.7,3.7,3.7,3.7,3.7,3.7,3.7,3.7968948881851645,3.8,3.8,4.0,4.1,4.1,4.1,4.1,4.1,4.1,4.1,4.2,4.2,4.2,4.2,4.2,4.2,4.2,4.241531877275179,4.3,4.3,4.3,4.4,4.4,4.4,4.5,4.5,4.5,4.5,4.5,4.5,4.5,4.5,4.6,4.6,4.6,4.6,4.6,4.6,4.647944441110684,4.7,4.7,4.7,4.700390718565365,5.584017136063795,5.7,5.7,5.7,5.7,5.7,5.7,5.7,5.903817344668415
0.39945466504737465,0.5,0.6,0.8,0.9,0.9,1.0,1.0,1.1,1.1,1.1,1.1824747633424777,1.2,1.2,1.2,1.2,1.2,1.2,1.2,1.2,1.2,1.2,1.2,1.2590090298190248,1.3,1.3,1.3,1.3,1.3,1.3,1.3,1.3,1.3,1.3,1.3,1.3,1.3,1.3,1.3,1.3,1.3,1.3,1.3,1.3,1.3,1.3,1.3,1.3,1.3,1.3,1.3,1.3,1.4,1.4,1.4,1.4,1.4,1.4,1.4,1.4,1.4,1.4,1.4,1.4,1.4,1.4,1.4,1.4,1.4,1.4,1.4,1.4,1.4,1.4,1.4,1.4,1.4,1.4,1.4,1.4,1.4,1.4,1.4,1.4,1.4,1.4,1.4,1.4,1.4,1.4,1.5,1.5,1.5,1.5,1.5,1.5,1.5,1.5,1.6,1.6,1.6,1.6,1.6,1.6,1.6,1.6,1.6,1.7,1.7,1.7,1.7,1.7,1.7,1.7,1.7,1.7,1.7,1.7,1.7,1.8,1.8,1.8,1.8,1.8,1.8,1.8863657473303135,1.9,1.9,1.9,1.9,2.0,2.0,2.0,2.0,2.0,2.0,2.0,2.0,2.0,2.0,2.0,2.0,2.0,2.0,2.0,2.0,2.0,2.0,2.0,2.0,2.0,2.0,2.0,2.0,2.0,2.0,2.0,2.1,2.1,2.1242052584359556,2.2,2.2,2.2,2.2,2.2,2.2,2.2,2.2,2.2,2.2,2.2,2.3,2.35054171839335,2.4,2.4,2.5,2.5,2.6,2.8,2.8,2.8,2.9,3.1389741058586083,3.2,3.2139854899254376,3.3,3.3,3.3,3.3,3.3,3.3,3.4,3.4,3.4996368694758244,3.5,3.5,3.6,3.7,3.7,4.055745765912172,4.506544019431567
0.19945466504737464,0.6,0.6854855139391492,0.7,0.7,0.8,0.8,0.8,0.8,0.8,0.8,0.8,0.8,0.8,0.8,0.8,0.8,0.8593119177487658,0.9,0.9,0.9,0.9327174284142679,1.0,1.0,1.1,1.1,1.1,1.1,1.1,1.1,1.1,1.2,1.2,1.2,1.2,1.2,1.3,1.3,1.3,1.3,1.3329201988926882,1.4,1.4,1.4,1.4,1.4,1.4,1.5,1.5,1.5,1.5,1.5,1.5,1.5,1.5,1.5,1.5,1.5,1.5,1.5,1.5,1.5,1.5,1.5,1.5,1.5,1.5,1.5,1.5,1.5,1.5,1.5,1.5,1.5,1.5,1.5,1.5,1.5,1.6,1.6,1.6,1.6,1.6,1.6,1.6,1.6,1.6,1.6,1.6,1.6,1.6,1.6,1.6,1.6,1.6,1.6,1.6,1.6,1.6,1.6,1.6,1.6,1.6991113784562686,1.7,1.7,1.7,1.7,1.7,1.7,1.7,1.7,1.7,1.7,1.7,1.7,1.7,1.7,1.7,1.7,1.8,1.8,1.8,1.8054499355826124,1.9,1.9,1.9,1.913777036454178,2.0,2.0,2.0,2.0,2.0,2.0,2.0,2.0,2.0,2.002676948378985,2.1,2.1,2.1,2.1,2.1,2.1,2.1,2.1,2.1,2.1,2.1,2.196894888185165,2.2,2.2,2.2,2.2,2.2,2.2,2.2,2.2,2.2,2.2,2.2,2.2,2.2,2.2,2.2,2.246576241885998,2.3,2.3,2.4,2.4,2.4,2.4,2.5,2.55054171839335,2.6,2.7,2.8,2.8,2.8,2.8,2.8,2.8,2.8,2.9,2.9,2.9,2.9,2.9,2.9,2.9,2.9,3.0,3.0,3.1977167337233996,3.3,3.5,3.780830430851347,4.3,4.471362657173825,4.5,4.577872882956086,4.910361364099981
0.49781866018949855,0.6221271170439141,0.7,0.7,0.8,0.8,0.8,0.8,0.8,0.8,0.8,0.8,0.8,0.8,0.8325549936923018,0.9,0.9,0.9593119177487658,1.0,1.0997417543889867,1.1,1.1,1.1,1.1,1.1,1.2,1.2,1.2,1.2,1.20370857978007,1.3,1.3,1.3,1.4,1.4,1.4,1.4,1.4,1.5,1.5,1.5,1.5,1.5,1.5,1.5,1.5,1.5,1.5,1.5,1.5,1.5,1.5,1.5,1.5,1.5,1.5,1.5,1.5,1.5,1.5,1.5,1.5,1.5,1.5,1.5,1.5,1.5,1.5,1.5164165237127207,1.6,1.6,1.6,1.6,1.6,1.6,1.6,1.6,1.6,1.6,1.6,1.6,1.6,1.6,1.6,1.6,1.6,1.6,1.6,1.6,1.6,1.6,1.7,1.7,1.7,1.7,1.7,1.7,1.7,1.7,1.7,1.7,1.7,1.7,1.7,1.7,1.7,1.7,1.8,1.8,1.8,1.8,1.9,1.9,1.9,1.9,1.9,1.9,1.97439350157847,2.0,2.0,2.0,2.0,2.0,2.0,2.0,2.0,2.0,2.0,2.1,2.1,2.1,2.1,2.1,2.1,2.1,2.1,2.1,2.1,2.1,2.1,2.1273604303772347,2.2,2.2,2.2,2.2,2.2,2.2,2.2,2.2,2.2,2.2,2.2,2.2,2.2,2.2,2.2,2.2,2.3,2.3,2.4,2.4,2.4,2.4,2.5,2.5,2.593593987845253,2.6,2.6,2.640306890980156,2.8,2.8,2.8,2.8,2.8,2.8,2.8,2.9,2.9,2.9,2.9,2.9,2.9,2.9,3.0,3.0,3.0,3.0674450063076963,3.247944441110684,3.3,3.5,3.6,3.8011721556960936,4.1,4.299273738951649,4.3,4.5,4.5,4.5,4.6,6.223839010253465,6.8
0.1,0.2,0.2,0.2,0.2,0.2,0.2,0.2,0.2,0.3,0.3,0.3,0.3,0.3,0.3,0.3,0.3,0.3,0.3,0.3,0.3,0.3,0.3,0.35900902981902477,0.4,0.4,0.4,0.4,0.4,0.4,0.4,0.4,0.4,0.4,0.4,0.5,0.5,0.5,0.5,0.5,0.5,0.5,0.5,0.5,0.5,0.5,0.5,0.5,0.5,0.5,0.5,0.5,0.5,0.5,0.5732987958385678,0.6,0.6,0.6,0.6,0.6,0.6,0.6,0.6,0.6,0.6,0.6,0.6,0.6,0.6,0.6,0.6,0.6,0.6,0.6,0.6,0.6,0.6,0.6,0.6,0.6,0.6,0.6,0.6,0.6,0.6,0.6,0.6,0.6,0.6,0.6,0.6,0.6280109262911054,0.7,0.7,0.7,0.7,0.7,0.7,0.7,0.7,0.7,0.7,0.7,0.7,0.7,0.7,0.7,0.7,0.7,0.7,0.7,0.7,0.7,0.7,0.7,0.7,0.7,0.7,0.7,0.7,0.7,0.7,0.7,0.7,0.7,0.7,0.7,0.7,0.7,0.7,0.7,0.7,0.7,0.7,0.7,0.7,0.7,0.7,0.7,0.7,0.7,0.7,0.7,0.7,0.7,0.7,0.7,0.7,0.7,0.7,0.7,0.7,0.7,0.7,0.7,0.7,0.8,0.8,0.8,0.8,0.8,0.8,0.8,0.8,0.8,0.8,0.8,0.8,0.8,0.8,0.8,0.8,0.8,0.8,0.8,0.8,0.8,0.8,0.8,0.8,0.8,0.8,0.9,0.9406880822512335,1.0,1.0,1.0,1.047944441110684,1.1,1.1,1.2,1.2,1.2,1.3,1.3,1.3,1.3,1.4713626571738245,1.5,1.5,2.001636004857892
0.6,0.6,0.6,0.6,0.6589391335881382,1.4595847845743315,1.5931700645275617,1.6,1.8,1.8,1.8,1.9824747633424777,2.0,2.0,2.0,2.0,2.0860145100745635,2.1,2.1,2.199741754388987,2.26710973118205,2.3,2.3966561113817306,2.4,2.4,2.5,2.5,2.5,2.5,2.5,2.6,2.6,2.7,2.7,2.8,2.8,2.8,2.9,2.9,2.9,2.9,2.9,3.017922626012691,3.1,3.1,3.1,3.179445275352288,3.3,3.3,3.3,3.3,3.3,3.3,3.4,3.4,3.4,3.4,3.4,3.4,3.4,3.5,3.6,3.6,3.6,3.7,3.7,3.7,3.7871246204709537,3.9164165237127206,4.1,4.1,4.202527623325866,4.3,4.3,4.4,4.4,4.4408191585155015,4.5,4.5,4.521115852667802,4.6,4.6,4.6,4.651212996843054,4.8,4.9,4.902376319138856,5.0,5.0,5.0,5.0,5.0,5.0,5.0,5.0,5.0,5.0,5.1,5.4,5.47634573343224,5.9,5.9,5.9,5.9,5.9,6.3,6.3,6.3,6.3,6.3,6.3,6.3,6.3,6.3,6.3,6.3,6.3,6.3,6.3,6.3,6.3,6.3,6.3,6.4,6.4,6.4,6.6,6.6,6.6,6.6,6.6,6.709186347925162,6.8835834762872885,6.9,6.9,6.9,6.9,6.933292681424257,7.0,7.0,7.0,7.0,7.0,7.0,7.0,7.0,7.0,7.0,7.0,7.0,7.0,7.0,7.0,7.0,7.0,7.0,7.0,7.0,7.0,7.0,7.0,7.0,7.0,7.0,7.0,7.0,7.0,7.0,7.1,7.1,7.1,7.2,7.2,7.2,7.2,7.2,7.2,7.2,7.2,7.2,7.2,7.2,7.2,7.2,7.2,7.2,7.2,7.2,7.2,7.2,7.2,7.2,7.2,7.2,7.2,7.2,7.2,8.341802514781193,8.8,8.8,10.303817344668415
0.6,0.6,0.6,0.6,0.7589391335881382,1.3,1.4,1.4,1.5,1.5,1.5,1.5,1.6,1.6,1.6325549936923018,1.8,1.8,1.8,1.8,1.8,1.8,1.8,1.8,1.9,1.9,2.0,2.0,2.0,2.0,2.0,2.0,2.0,2.059693109019841,2.109575860441376,2.2,2.2,2.2,2.299553860249409,2.3,2.3,2.4,2.4,2.4,2.4,2.4,2.4,2.4,2.4,2.4,2.5,2.5,2.5,2.5,2.5,2.5,2.6,2.6,2.6,2.607945850290253,2.7,2.7,2.7,2.735730053136092,2.8,2.8,2.8,2.8,2.8,2.9,2.9,2.9,2.9,2.9,2.9,3.0,3.0,3.1,3.1,3.1,3.1,3.1,3.2,3.2,3.3,3.3,3.3,3.3,3.4,3.4,3.4,3.4,3.4,3.4,3.4,3.4,3.427072108449437,3.5,3.5,3.5,3.6,3.6500000000000004,3.7,3.7,3.723688407591999,3.8,3.8729278915505745,4.097607490120839,4.1,4.2,4.271989073708892,4.396926093147823,4.421949238263989,4.5,4.5,4.597623680861141,4.6,4.6,4.6,4.800269264184391,4.9,4.952505150770389,5.0,5.0,5.0,5.0,5.0,5.0,5.0,5.0,5.0,5.177679519992068,5.9,5.9,5.9,5.9,6.3,6.3,6.3,6.3,6.3,6.3,6.3,6.3,6.3,6.3,6.392345214177164,6.4,6.4,6.6,6.6,6.6,6.6,6.6,6.763619822993666,6.8,6.9,6.9,6.9,6.9,7.0,7.0,7.0,7.0,7.0,7.0,7.0,7.0,7.0,7.0,7.0,7.0,7.0,7.0,7.0,7.0,7.0,7.0,7.0,7.0,7.0,7.0,7.1,7.1,7.1,7.2,7.2,7.2,7.2,7.2,7.2,7.2,7.2,7.2,7.2,7.2,7.2,7.2,7.2,7.432231776973549,8.8,11.0
0.1,0.1,0.18548551393914928,0.2,0.45893913358813826,0.5797923922871657,0.6,0.6003631305241729,0.7,0.7,0.7,0.7,0.7,0.7,0.7,0.7,0.7,0.7,0.8,0.8,0.8,0.8,0.8,0.8,0.8,0.8,0.8,0.8,0.8,0.8,0.8,0.8,0.9,0.9,0.9,0.9,0.9,0.9,1.0,1.0,1.0,1.0,1.0,1.0,1.0000358757198555,1.1,1.1,1.1,1.1,1.1,1.1,1.1,1.1,1.1,1.1,1.1,1.1,1.1,1.1079458502902526,1.2,1.2,1.2,1.2,1.2,1.2,1.2,1.2,1.2,1.2,1.2,1.2,1.2,1.2,1.2,1.2,1.3,1.3,1.3,1.3,1.3,1.3,1.3,1.3,1.3,1.3513332276346603,1.4,1.4,1.4,1.4,1.4,1.4,1.4,1.4,1.4,1.4,1.4,1.4517089421772567,1.5,1.5,1.5,1.5,1.5,1.5,1.5,1.5,1.5,1.5,1.5,1.5,1.5,1.5,1.5,1.5,1.5,1.5,1.5,1.5,1.5,1.5,1.5,1.6,1.6,1.6,1.6,1.6,1.7,1.7,1.7,1.7,1.7,1.7,1.7545931739625815,1.8,1.8,1.8,1.8,1.8,1.8,1.8,1.8,1.8,1.8,1.9,1.9,1.9,1.9,2.0,2.0,2.0,2.0,2.0,2.0,2.0,2.0,2.0,2.0,2.0,2.0,2.0,2.1,2.1,2.1,2.1,2.1,2.1,2.1,2.2,2.2,2.2,2.2,2.2,2.2,2.2,2.205998456065578,2.3,2.3,2.3,2.4,2.5,2.5,2.5,2.5,2.5,2.6,2.6,2.6,2.6674450063076964,2.8,2.8,2.8,2.8,2.8,2.9977167337233994,3.0,3.1136598709448777,3.3,3.4,3.4,3.8435434581825403,6.833618648868259,7.2
0.5978186601894985,0.7,1.0,1.0,1.1,1.1,1.1,1.1,1.1022832662765965,1.2,1.3,1.3,1.3,1.3,1.3,1.3,1.3,1.3,1.3,1.3,1.3671097311820504,1.4,1.5,1.5,1.5,1.5,1.5,1.5,1.6,1.6,1.6,1.608781688559887,1.7,1.7,1.7,1.7,1.7,1.7,1.7,1.7,1.7,1.7,1.7,1.7,1.8,1.8,1.8,1.8,1.8,1.8,1.8,1.8,1.8,1.8,1.8,1.8,1.8,1.8,1.8,1.8,1.8726395696227598,1.9,1.9,1.9,1.9,1.9,2.0,2.0,2.0,2.0,2.0,2.0,2.0,2.0,2.1,2.1,2.1,2.1,2.1,2.1,2.1,2.1,2.1,2.1,2.2,2.2,2.2,2.2,2.2,2.2,2.2,2.2,2.2,2.2,2.2,2.2,2.2,2.2,2.2,2.3,2.3,2.3,2.3,2.3,2.3,2.3,2.3,2.322338458626433,2.4,2.4,2.4,2.4,2.4,2.4,2.4,2.4230798727574836,2.5,2.5,2.5,2.5,2.5,2.5788841473321953,2.6,2.6,2.6,2.6,2.7,2.7,2.7,2.7,2.7,2.7,2.7,2.7128753795290437,2.8,2.8,2.8,2.8,2.8,2.8,2.9,2.9,2.9,2.9,2.9,2.9,2.9,2.961545727139935,3.0,3.0,3.0,3.0,3.0,3.0,3.0,3.0,3.0999641242801377,3.1,3.2,3.2,3.3,3.3,3.3,3.3,3.3,3.3,3.4,3.4,3.4,3.4,3.5,3.5,3.5,3.6,3.6,3.7,3.7,3.8,3.9,3.9,3.9,3.9,4.0,4.0,4.0,4.0,4.0,4.047944441110684,4.131224038735451,4.4,4.4,4.400390718565365,4.5,4.5,4.6,4.6,4.6,6.113626571738246,6.4,6.755745765912172,7.0010906699052615
1.0972733252368732,1.1,1.1854855139391491,1.2286373428261779,1.3,1.3,1.3,1.4003631305241728,1.5,1.5,1.5928667015533229,1.6,1.6687759612645443,1.7,1.7,1.7,1.7860145100745635,1.8,1.8,1.8,1.8,1.8,1.8,1.8,1.8,1.8,1.837286272143571,1.9940015439344208,2.0,2.0,2.0,2.1,2.1,2.1,2.1,2.1,2.1,2.1,2.1448272287370203,2.2,2.2,2.2,2.2,2.2,2.2,2.2,2.2,2.2,2.2,2.2,2.3,2.3,2.3,2.3,2.4,2.4,2.4,2.4,2.5,2.5,2.5726395696227597,2.6,2.6,2.6667073185757433,2.7,2.7,2.7,2.7,2.7,2.8,2.8,2.8,2.8,2.8,2.8,2.8,2.8,2.8677877762521886,2.9,2.9,2.9,2.9,2.9,2.9,2.9,2.9,2.9,2.9,2.9,2.9,2.9030739068521823,3.0,3.0,3.0,3.0,3.0,3.151708942177257,3.2,3.200888621543729,3.3,3.3,3.3,3.3,3.3,3.3,3.3,3.3,3.3,3.3,3.3,3.3,3.4,3.4,3.4,3.4,3.4,3.5,3.5,3.5,3.5,3.5,3.5,3.5,3.5,3.5,3.6,3.6,3.6,3.6,3.6,3.6,3.6545931739625814,3.7,3.7,3.7,3.7,3.7,3.7,3.8,3.8956215100637164,3.9,3.9,3.9920541497097473,4.0,4.0,4.0,4.0,4.1,4.1,4.1,4.2,4.2,4.2,4.381809911496833,4.4,4.4,4.4,4.4,4.4,4.4,4.4,4.4,4.4,4.4,4.4,4.5,4.5,4.5,4.5,4.5,4.5,4.5,4.5,4.6,4.6,4.6,4.6,4.6,4.6,4.6,4.6,4.6,4.6,4.6,4.6,4.6,4.767445006307696,4.8,4.831224038735451,4.917525236657525,5.0285331937867115,5.700781437130729,6.388583668616997,6.4,6.4,6.6,6.6,6.8,6.8290289721216935,7.177872882956086,8.8
0.2,0.2,0.2,0.3,0.3,0.4,0.4,0.40036313052417294,0.5,0.5,0.5,0.5,0.5,0.6,0.6,0.6,0.6,0.6,0.6305129470707023,0.7,0.7,0.7,0.7,0.7,0.7,0.7,0.7,0.7,0.7,0.7,0.7,0.7,0.7,0.7,0.7,0.8,0.8,0.8,0.8,0.8,0.8,0.9,0.9,1.0,1.0,1.0,1.0,1.0,1.0,1.0,1.0,1.0,1.0,1.0,1.0,1.0,1.0,1.0,1.1,1.1,1.1,1.1,1.1,1.1,1.1,1.1,1.1,1.1,1.1,1.1,1.1,1.1,1.1,1.1,1.1,1.1,1.1,1.1,1.1,1.1,1.1,1.1,1.1,1.1,1.2,1.2,1.2,1.2,1.2,1.2,1.2,1.2,1.2,1.2,1.2023925098791608,1.3,1.3,1.3,1.3,1.3,1.3,1.3,1.3,1.3,1.3,1.3,1.3,1.3,1.3,1.3,1.3,1.3,1.3,1.3,1.3976236808611417,1.4,1.4,1.4,1.4,1.4,1.4,1.4,1.4,1.5,1.5,1.5,1.5,1.5,1.5,1.5,1.5258931733306895,1.6,1.6,1.6,1.6,1.6,1.6,1.6,1.6,1.6,1.7,1.7,1.7,1.7,1.7,1.7,1.7267012041614294,1.8,1.8,1.8,1.8,1.8,1.8,1.8,1.8,1.8,1.8,1.8,1.8,1.8,1.8,1.8,1.8,1.8,1.8,1.8,1.8,1.890424139558621,1.9,1.9,1.9,2.0,2.0,2.0,2.0,2.1,2.1,2.2,2.2,2.2,2.2,2.2,2.2,2.2,2.3,2.3,2.4,2.4,2.5,2.5,2.5,2.5,2.5,2.5996368694758245,2.6,2.7202076077128368,3.0,3.171362657173825,3.3,3.577872882956086,4.401636004857892
0.5989093300947492,0.8,0.8,0.9,0.9,1.1,1.1,1.2,1.2,1.2,1.2,1.2,1.2,1.2,1.2,1.2,1.2860145100745635,1.3,1.3,1.3,1.3,1.4,1.4,1.4,1.5,1.5,1.5,1.5,1.5,1.5,1.5,1.5,1.5,1.5,1.5,1.5,1.6,1.6,1.6,1.689273309875608,1.7,1.7,1.7,1.7,1.7,1.7,1.7,1.7,1.7,1.7,1.7,1.7,1.7031051118148355,1.8,1.8,1.8,1.8,1.8,1.8,1.8,1.8,1.8,1.8,1.8,1.8,1.8,1.8,1.8,1.8,1.8,1.8,1.8,1.8,1.8,1.8,1.8,1.8,1.8,1.8,1.8,1.8,1.8,1.8,1.8,1.8,1.9,1.9,1.9,1.9,1.9,1.9,1.9,1.9,1.9,1.9,1.9,1.9,1.9,1.9,1.9,1.9,1.9,1.9,1.9,1.9,1.9,1.9,1.9,1.9,1.9,1.9,1.9,1.9,2.0,2.0,2.0,2.0,2.0,2.0,2.0,2.0,2.0,2.0,2.0,2.0,2.0,2.0,2.0,2.0,2.0,2.0,2.1,2.1,2.1,2.1,2.1,2.1,2.1,2.1,2.1,2.1,2.1,2.1,2.1,2.1,2.1,2.1,2.161545727139935,2.2,2.2,2.2,2.2,2.2,2.2,2.2,2.2,2.2,2.240671534142251,2.3,2.3,2.3,2.3,2.355172771262977,2.4,2.4,2.4,2.4,2.5,2.5,2.6,2.643198843880208,2.7,2.7,2.8,2.8,2.8,2.8,2.9,3.0,3.0,3.0328902688179484,3.1,3.1,3.1,3.1,3.1,3.1,3.2,3.2,3.2,3.2,3.2,3.2,3.3,3.3136598709448775,3.6,3.6,3.7,3.8,4.377872882956086,5.406544019431568
0.2994546650473746,0.3,0.4854855139391493,0.5,0.5,0.5,0.5,0.5,0.5,0.5,0.5,0.5,0.6,0.6,0.6,0.6,0.6,0.6,0.6,0.6,0.6,0.6,0.6,0.6,0.6,0.6,0.6,0.6,0.6,0.6,0.6,0.6,0.6,0.6,0.6,0.6,0.6,0.6,0.6,0.6,0.6,0.6,0.6,0.6,0.6,0.6,0.6,0.6,0.6,0.6,0.6,0.6,0.6,0.6,0.6732987958385678,0.7,0.7,0.7,0.7,0.7,0.7,0.7,0.7,0.7,0.7,0.7,0.7,0.7,0.7,0.7,0.7,0.7,0.7,0.7,0.7,0.7,0.7,0.7,0.7,0.7,0.7,0.7,0.7,0.7,0.7,0.7,0.8,0.8,0.8,0.8,0.8,0.8,0.8,0.8,0.8,0.9,0.9,0.9,0.9,0.9,0.9,0.9,0.9,0.9,1.0,1.0,1.0,1.0,1.0,1.0,1.0,1.0,1.0,1.0,1.0,1.1,1.1,1.1,1.1,1.126303351929255,1.2,1.2,1.2,1.2,1.2,1.2,1.2,1.2,1.2,1.2,1.2,1.2,1.2,1.2,1.3,1.3,1.3,1.3,1.3,1.3,1.3,1.3,1.3,1.3,1.3,1.3,1.3,1.3,1.3,1.3,1.3,1.3,1.3,1.3,1.3,1.3,1.3,1.4,1.4,1.4,1.4,1.4,1.4,1.4,1.4,1.4,1.4415318772751788,1.5,1.5,1.5,1.5,1.5,1.5,1.5,1.5,1.6207433944853904,1.7,1.7,1.7,1.7,1.7,1.800258245611019,1.9,2.0,2.0,2.1,2.1,2.1,2.1,2.1,2.1,2.1,2.1,2.1,2.1,2.1,2.1,2.2713626571738246,2.3,2.3,2.502726674763153
0.2994546650473746,0.3,0.4854855139391493,0.5,0.5,0.5,0.5,0.5,0.5,0.5,0.5,0.5,0.5,0.5,0.5,0.5,0.5860145100745633,0.6,0.6,0.6,0.6,0.6,0.6,0.6,0.6,0.6,0.6,0.6,0.6,0.6,0.6,0.6,0.6,0.6,0.6,0.6,0.6,0.6,0.6,0.6,0.6,0.6,0.6,0.6,0.6,0.6,0.6,0.6,0.6,0.6,0.6,0.6,0.6,0.6,0.6,0.6,0.6,0.6,0.6,0.6,0.6,0.6,0.6,0.6,0.6,0.6,0.6,0.6,0.6,0.6,0.6,0.6,0.6,0.6,0.6,0.6,0.6,0.6,0.6,0.6,0.6,0.6,0.6,0.6,0.6,0.6,0.6,0.6,0.6,0.6,0.6,0.6,0.6,0.6,0.6,0.6,0.6,0.6,0.7,0.7,0.7,0.7,0.7,0.7,0.7,0.7,0.7,0.7,0.7,0.7,0.7,0.7,0.7,0.7,0.7,0.7,0.7,0.7,0.7,0.7,0.7,0.7,0.7,0.732212223747814,0.8,0.8,0.8,0.8,0.8,0.8,0.8,0.8,0.8,0.8,0.9,0.9,0.9,0.9,0.9,0.9,0.9,0.9,0.9,0.9,1.0,1.0,1.0,1.0,1.0,1.0,1.0,1.0,1.0,1.0,1.0205547246477125,1.1,1.2,1.2,1.2,1.2,1.2,1.2,1.2,1.2,1.3,1.3,1.3,1.3,1.3,1.3,1.3,1.3,1.3,1.3,1.3,1.3,1.3,1.3,1.3,1.3672825715857357,1.4,1.4,1.4,1.4,1.4,1.4,1.4,1.5,1.5,1.5,1.5,1.500781437130729,1.7,1.7,1.8,1.9,2.1,2.1,2.1,2.1,2.3
1.1994546650473745,1.4,1.5854855139391493,1.6,1.7,1.7,1.7,1.8,1.8,1.8,1.8,1.8,1.8,1.8,1.8,1.9,1.9,1.9,2.0,2.1,2.1,2.1,2.1,2.1,2.2,2.2,2.2,2.2,2.2,2.2,2.2,2.2,2.259693109019841,2.3,2.3,2.4,2.4,2.4,2.44482722873702,2.5,2.5329201988926884,2.6,2.6,2.6,2.7,2.7,2.7,2.7,2.7,2.8,2.9,2.9,2.9,2.9,2.9,2.9,2.9,2.9,2.9,2.9,2.9,2.9,3.0,3.0,3.0,3.0,3.0,3.0,3.1,3.1,3.1,3.2,3.2,3.2,3.2,3.2,3.2,3.2,3.2,3.2,3.2,3.3,3.3,3.3,3.3,3.3,3.3,3.3,3.3,3.3,3.3,3.3,3.3,3.3,3.3,3.4,3.4,3.4,3.4,3.4,3.4,3.4,3.4,3.4,3.448291057822746,3.5,3.5,3.5,3.5,3.5,3.5,3.5,3.5,3.5,3.5,3.6,3.6,3.6,3.6,3.6,3.6,3.6,3.6,3.6,3.6,3.6,3.6,3.6,3.6,3.6,3.6,3.6,3.6,3.6,3.6,3.7,3.7,3.7,3.7,3.7,3.7,3.7,3.7,3.8,3.8,3.8,3.8,3.8,3.8,3.8,3.8,3.8,3.8,3.8,3.8,3.8,3.8,3.9,3.9,3.9,3.9,4.0,4.0,4.000446139750591,4.1,4.1,4.1,4.190424139558622,4.2,4.2,4.286397687760416,4.4,4.4,4.4,4.4,4.4,4.4,4.6,4.6,4.6,4.6,4.6,4.6,4.6,4.6,4.6,4.6,4.6,4.7,4.7,4.7,4.7,4.7,4.7,4.7,4.8,4.8,4.8,5.0,5.4,6.1
1.0994546650473747,1.2,1.3,1.3,1.4,1.5,1.5,1.6,1.6022832662765965,1.7,1.7,1.7,1.7,1.8,1.8,1.8,1.8,1.8,1.8,1.8,1.8,1.8,1.8,1.8,1.8,1.8,1.9,1.9,1.9,1.9,1.9,1.9,1.959693109019841,2.0,2.0,2.1,2.1,2.1,2.1,2.1,2.2,2.2,2.2,2.2,2.2,2.2,2.2,2.2,2.2,2.2,2.2,2.2,2.3,2.3,2.3,2.3,2.3,2.3,2.3,2.3,2.3,2.3,2.3,2.3,2.3,2.3,2.3,2.3,2.3164165237127206,2.4,2.4,2.4,2.4,2.4,2.4,2.4,2.440819158515501,2.5,2.5945500644173847,2.6,2.6,2.6,2.6,2.7,2.7,2.7,2.7,2.7,2.7,2.7,2.7,2.7,2.7,2.7,2.7,2.7,2.751708942177257,2.8,2.8,2.8,2.8499999999999996,2.9,2.9,2.9,2.9,2.9,2.9,2.9,2.9,2.9,2.996926093147823,3.0,3.0,3.0,3.0,3.1,3.1,3.1,3.1,3.1,3.1,3.1,3.1,3.1,3.1,3.1863657473303135,3.2,3.2,3.2,3.2,3.2,3.2,3.2,3.2,3.2,3.2,3.2,3.2,3.2,3.2,3.2,3.2,3.292054149709747,3.3,3.3,3.3,3.3,3.3,3.3,3.3,3.3,3.3,3.3,3.3,3.3,3.3,3.3,3.3,3.3,3.3,3.3670798011073146,3.4,3.4,3.4,3.5,3.5,3.5,3.5,3.5,3.5,3.5,3.5,3.5,3.5,3.5,3.5207433944853905,3.6,3.6,3.6,3.6,3.6,3.7,3.7,3.7,3.7,3.7,3.7,3.747944441110684,3.8,3.8,3.8,3.8,3.9,3.9,4.1068299354724385,4.4,4.4,4.471362657173825,4.6,4.6,4.902726674763153
0.2,0.22212711704391416,0.3,0.3,0.3,0.3,0.3,0.3,0.3022832662765964,0.4,0.4,0.4,0.4,0.4,0.4,0.4,0.4,0.4,0.4,0.4997417543889867,0.5,0.5,0.5,0.5,0.5,0.5,0.5,0.5,0.5,0.5,0.5,0.5,0.5,0.5,0.5,0.5,0.5,0.5995538602494094,0.6,0.6,0.6,0.6,0.6,0.6,0.6,0.6,0.6,0.6,0.6,0.6,0.6,0.667234718804218,0.7,0.7,0.7,0.7,0.7,0.7,0.7,0.7,0.7,0.7,0.7,0.7,0.7,0.7,0.7,0.7,0.7,0.7,0.7,0.7,0.8,0.8,0.8,0.8,0.8,0.8,0.8,0.8,0.8,0.8,0.8,0.8,0.8,0.8,0.8,0.8,0.8,0.8,0.8,0.8,0.8,0.8,0.8,0.8,0.9,0.9,0.9,0.9,0.9,0.9,0.9,0.9,0.9,0.9,0.9,0.9,0.9,0.9,0.9,1.0,1.0,1.0,1.0,1.0,1.0,1.0,1.0,1.0,1.0,1.0,1.0,1.0,1.0,1.0863657473303137,1.1,1.1,1.1,1.1,1.2,1.2,1.2,1.2,1.2,1.2,1.2,1.2,1.2,1.2,1.2,1.3,1.3,1.3,1.3,1.3,1.3,1.3,1.3,1.3,1.3,1.3,1.3,1.3,1.4,1.4,1.4,1.4,1.4,1.4,1.4,1.5,1.5,1.5,1.5,1.5,1.5,1.5,1.5,1.5,1.5,1.5,1.5,1.5,1.5,1.5,1.5,1.5,1.5,1.5672825715857357,1.7,1.7,1.7,1.7,1.7,1.7,1.7,1.7,1.7312240387354507,1.8,1.8,1.8,1.9,1.9,1.9068299354724387,2.0202076077128366,2.1,2.1,2.2,2.2,2.501636004857892
0.6,1.1221271170439142,1.3,1.6,1.6,1.6,1.7,1.7,1.7,1.7,1.7928667015533228,1.8,1.8,1.8,1.8,1.8,1.8860145100745633,2.0,2.1,2.1,2.1,2.2,2.2,2.2,2.2,2.2,2.2,2.3,2.4,2.5,2.656801156119795,2.7,2.7,2.7,2.758468122724821,2.8,2.8,2.8,2.8,2.8,2.8,2.8,2.9,2.9,2.9,2.9,2.9,2.9,2.9,3.0,3.0,3.0,3.0,3.0,3.073298795838568,3.1,3.2415378870321603,3.3,3.3,3.3,3.3,3.3,3.3,3.3,3.3,3.3,3.3,3.3,3.3,3.3,3.3,3.3,3.3,3.4,3.4,3.4,3.4,3.4,3.4945500644173846,3.5,3.5,3.5,3.5,3.5,3.5,3.5,3.5023763191388553,3.6,3.6,3.6,3.6,3.6,3.6,3.6,3.6,3.6,3.6,3.6,3.6,3.6,3.6,3.6,3.6,3.623688407591999,3.7,3.7,3.7,3.7,3.7,3.7,3.7,3.8,3.8,3.8,3.9,3.9,3.948666772365334,4.0,4.0,4.0,4.0,4.0,4.0,4.132212223747814,4.2,4.2,4.2,4.2,4.2,4.2,4.2,4.2,4.2,4.2,4.2,4.2,4.2,4.333292681424257,4.4,4.4,4.4,4.4,4.4,4.4,4.4,4.4,4.4,4.4,4.4,4.4,4.4,4.4,4.4,4.4,4.4,4.4,4.4,4.4,4.4,4.4,4.4,4.4,4.4,4.4,4.4,4.4,4.4,4.4904241395586215,4.5,4.5,4.6,4.6,4.6,4.6,4.6,4.6,4.6,4.6,4.6,4.6,4.6,4.6,4.6,4.6,4.6,4.6,4.6,4.7,4.7,4.7,4.7,4.7,4.8,4.8,4.8,4.920207607712837,5.0,5.0,5.6145144860608465,6.4,8.4
1.0978186601894986,1.3,1.3,1.528637342826178,1.6,1.6,1.7,1.7,1.7,1.7,1.7,1.7,1.7687759612645444,1.8,1.8,1.8,1.8,1.8,1.8,1.8,1.8,1.8,1.8,1.8,1.9,1.9,1.9,1.9,2.0,2.1,2.1,2.1,2.159693109019841,2.2,2.2,2.2,2.2,2.2,2.2,2.2,2.2,2.2,2.2,2.3,2.3,2.3,2.4,2.4181900885031635,2.5,2.5,2.5,2.5672347188042184,2.6,2.6,2.673298795838568,2.7,2.7,2.7,2.7,2.7,2.7,2.7,2.735730053136092,2.8,2.8,2.8,2.857519604410663,2.9,2.9,2.9,2.9,2.9,2.930680122839391,3.0,3.0,3.0,3.0,3.0,3.0,3.0,3.0474948492296106,3.1,3.1,3.2,3.2,3.2,3.2,3.3,3.3,3.3,3.3,3.3,3.3,3.3,3.3,3.3,3.3,3.3,3.3,3.3,3.3,3.3,3.3,3.3,3.3,3.3,3.3,3.3,3.3,3.3,3.3,3.3,3.3,3.3,3.3,3.3,3.3,3.3,3.4,3.4,3.4,3.4,3.4,3.4,3.4,3.4,3.413777036454178,3.5,3.5,3.5,3.5,3.5,3.5,3.5,3.5,3.5,3.5,3.5,3.564269946863908,3.6,3.6,3.6,3.6,3.6,3.6,3.7,3.7,3.7,3.7,3.8,3.8,3.8,3.8,3.8,3.8,3.8599324600475087,3.9,3.9,3.9,4.0,4.0,4.0,4.0,4.0,4.0,4.0,4.0,4.1,4.140306890980156,4.2,4.2,4.2,4.2,4.3,4.3627137278564305,4.4,4.4,4.4,4.4,4.4,4.4,4.4,4.4,4.5,4.5,4.5,4.6,4.6,4.6,4.6,4.6,4.6,4.6,4.6,4.7,4.7,4.7,4.8,4.8,4.9778728829560865,5.705998684478937
0.2994546650473746,0.4,0.5,0.5,0.6,0.6797923922871657,0.7,0.7,0.7,0.7,0.7,0.8,0.8,0.8,0.8,0.8,0.8,0.8,0.9,0.9997417543889867,1.0,1.0,1.0,1.0,1.0,1.0,1.0,1.1,1.1,1.1,1.1,1.1,1.1,1.1,1.1,1.1,1.1,1.1,1.1,1.189273309875608,1.2,1.2,1.2,1.2,1.2,1.2,1.2,1.2,1.2563222283256663,1.3,1.3,1.3,1.3,1.3,1.3,1.3,1.3,1.3,1.3,1.3,1.3,1.4,1.4,1.4,1.4973230516210208,1.5,1.5,1.5,1.5,1.5,1.5,1.5,1.6,1.6,1.6,1.6,1.6,1.6,1.6,1.6,1.6,1.6,1.6,1.7,1.7,1.7,1.7,1.7,1.75293269309945,1.8,1.8,1.8,1.8,1.8,1.8,1.8,1.8,1.8,1.8,1.8,1.8,1.8,1.8,1.8,1.8,1.8,1.8,1.8,1.8,1.8,1.8,1.8,1.8,1.8,1.8,1.8,1.8,1.8,1.8,1.8,1.8,1.8,1.8,1.8,1.8,1.8,1.8,1.8414249487302414,1.9,1.9,1.9,1.9,1.9,1.9,1.9,1.9,1.9,1.9,1.9,1.9,1.9,1.9,1.9,1.9,1.9,1.9923452141771634,2.0,2.0,2.0,2.0,2.0,2.0,2.0,2.1,2.1,2.1,2.1,2.1,2.1,2.1,2.1,2.1,2.1,2.1,2.1465762418859984,2.2,2.2,2.2,2.2,2.2,2.2,2.2,2.2,2.2,2.2,2.2,2.2,2.2,2.2,2.2,2.3,2.3,2.3,2.3,2.3,2.4,2.4,2.4,2.4312240387354507,2.5,2.5,2.6,2.6,2.7,2.7,3.1,3.241060866411857,3.3,3.3,3.5,4.4
0.6994546650473746,0.8442542340878284,1.0,1.028637342826178,1.2,1.3,1.3,1.3,1.3,1.3,1.4,1.4,1.4,1.4,1.4,1.4,1.4,1.5,1.5,1.5,1.5,1.532717428414268,1.6,1.6,1.6,1.6,1.7,1.7,1.7,1.7,1.7,1.7,1.7,1.7,1.7584681227248211,1.8,1.8,1.8,1.8,1.8,1.8,1.8,1.817922626012691,1.9,1.9,1.9,1.9,1.9,1.9,1.9,1.9,2.0,2.0,2.0,2.0,2.0,2.0,2.0,2.0,2.0,2.0,2.1,2.1,2.1,2.1,2.2,2.2,2.2,2.2,2.2,2.2,2.2,2.3,2.3,2.3,2.3,2.3,2.3,2.3,2.3,2.4,2.4,2.4,2.4,2.4,2.4,2.4,2.4,2.4,2.4,2.5,2.5,2.5,2.5,2.5,2.5,2.5,2.6,2.6,2.6,2.6,2.6,2.6,2.6,2.7,2.7,2.8,2.8,2.8,2.8,2.8,2.9,2.9,2.9,2.9,2.9,2.9,2.9,2.9,3.0,3.0,3.0,3.1,3.1,3.1,3.1,3.1,3.1,3.1,3.1,3.1258931733306894,3.2,3.2,3.2,3.2,3.2,3.2,3.233292681424257,3.3,3.3,3.3,3.3,3.3,3.3,3.3,3.3,3.326701204161429,3.4,3.4,3.4,3.4,3.4,3.4,3.4,3.4,3.4,3.4,3.4,3.4,3.4,3.4,3.4,3.4,3.4,3.5,3.5,3.5,3.5,3.5,3.5,3.5,3.596291420219933,3.6,3.6,3.6,3.6,3.6,3.7,3.7,3.7,3.7,3.7,3.769487052929304,3.8,4.0,4.1,4.1,4.247944441110684,4.3,4.5,4.5,4.6,4.6,4.7,4.8,4.8,4.9,4.9,4.9,5.0,5.9021813398105225
0.7,1.0,1.0,1.3,1.3,1.3,1.3931700645275615,1.4,1.4,1.4,1.4,1.4,1.4,1.4520555588893196,1.5,1.5,1.5,1.5593119177487658,1.6,1.6,1.6,1.6,1.6966561113817307,1.7,1.7,1.7,1.7,1.7,1.7,1.7,1.7,1.7,1.7,1.8,1.8,1.8,1.8,1.8,1.8,1.8,1.8,1.8757947415640415,1.9,1.9,1.9,1.9,1.9,1.9,1.9,1.9,1.9,1.9,1.9,1.9,1.9732987958385677,2.0,2.0,2.0,2.0,2.0,2.0,2.0,2.0,2.0,2.097323051621021,2.1,2.1,2.1,2.1,2.2,2.2,2.2,2.2,2.2,2.2,2.3,2.3,2.3,2.3,2.3,2.3,2.3,2.3997307358156035,2.4,2.4,2.4,2.4,2.4,2.4,2.4,2.4,2.428010926291105,2.5,2.5,2.5,2.5,2.5,2.5,2.6,2.6,2.6,2.6,2.6,2.623688407591999,2.7,2.7,2.7,2.8,2.8,2.8,2.8,2.8,2.8,2.8,2.8,2.8230798727574835,2.9,2.9,2.9,2.9,2.9,2.9,2.9,2.9,2.9,2.9863657473303133,3.0,3.0,3.069319877160609,3.1,3.1,3.1,3.1,3.2,3.2,3.2,3.2,3.2,3.2,3.2,3.2,3.2595000776413032,3.3,3.3,3.3,3.3,3.3,3.3,3.3,3.3,3.3691740189811297,3.4,3.4,3.4,3.4,3.4,3.4,3.4,3.4,3.4,3.4,3.4107266901243976,3.5,3.5,3.5,3.5,3.5,3.5,3.5,3.5,3.5,3.5,3.6,3.6,3.6,3.6,3.6,3.6,3.6,3.6,3.6,3.6002582456110193,3.7,3.7,3.7,3.7,3.7,3.7,3.8,3.817525236657525,4.007133298446678,4.1,4.297716733723399,4.3,4.5,4.520207607712837,4.6410608664118564,4.8,4.9,4.9,5.004908014573675
0.19945466504737464,0.2,0.2,0.3,0.4,0.4,0.4,0.4,0.4,0.4,0.4,0.4,0.4,0.5,0.5,0.5,0.5,0.5,0.5,0.5,0.5,0.5,0.5,0.6,0.6,0.6,0.6,0.6,0.6,0.6,0.6,0.6,0.6,0.6,0.6,0.6,0.6,0.6,0.6,0.6892733098756082,0.7,0.7,0.7,0.7,0.8,0.8,0.8,0.8,0.8,0.8,0.8,0.8,0.8,0.8,0.8,0.8,0.8,0.8,0.8,0.8,0.8,0.8,0.8,0.8,0.8,0.8,0.8,0.8,0.8,0.8,0.8,0.8,0.8,0.8,0.8,0.9,0.9,0.9,0.9,0.9,0.9,0.9,0.9,0.9,0.9,0.9,0.9,0.9,0.9,0.9,0.9,1.0,1.0,1.0,1.0,1.0,1.0,1.0,1.1,1.1,1.1,1.1,1.1,1.1,1.1,1.1,1.1976074901208391,1.2,1.2,1.2,1.2,1.2,1.24706730690055,1.3,1.3,1.3,1.3,1.3,1.3,1.3,1.3,1.3,1.3,1.3,1.3,1.3863657473303135,1.4,1.4,1.4,1.4,1.4258931733306894,1.5,1.5,1.5,1.5,1.5,1.5,1.5,1.5,1.5,1.5,1.5,1.5,1.5,1.5,1.5,1.5,1.5,1.5968948881851646,1.632765281195782,1.7,1.7,1.7,1.7,1.7,1.7,1.7,1.7,1.7,1.7,1.7,1.7,1.8,1.8,1.8,1.8,1.8,1.8,1.8,1.8,1.8,1.8,1.8,1.9,1.9,1.9,1.9,1.9,1.903343888618275,2.0,2.0,2.0,2.0,2.0,2.0,2.0,2.0674450063076963,2.1,2.131224038735451,2.2,2.2,2.2,2.2,2.3,2.3068299354724386,2.5,2.641060866411857,2.8,3.1,3.3,4.001636004857891
0.6,0.6,0.6,0.6,0.6,0.6,0.6,0.6,0.6,0.6,0.6,0.7,1.0687759612645444,1.1,1.1,1.2,1.2,1.3186238354975315,1.6,1.6,1.6,1.6,1.6,1.6,1.7,1.8,1.8,1.8,1.8989165632133052,2.0,2.0,2.008781688559887,2.1,2.1,2.1,2.2,2.2,2.2,2.2,2.2,2.2329201988926886,2.3,2.317922626012691,2.4,2.4,2.4,2.4,2.4,2.4,2.4,2.4,2.4,2.4,2.4,2.4,2.5,2.5,2.5,2.5,2.5,2.5,2.6,2.6,2.6,2.6,2.6,2.6,2.6,2.6,2.6,2.6,2.6,2.6,2.6,2.6,2.6,2.6,2.6,2.6,2.6,2.6,2.6736966480707367,2.7,2.8,2.8,2.8,2.8,2.8,2.8,2.8,2.9,2.9,2.9,2.9776615413735668,3.0023925098791606,3.1,3.1,3.1,3.1,3.2254485778107465,3.3,3.3,3.3,3.3,3.348291057822746,3.4,3.4,3.4,3.4,3.4,3.4,3.4,3.4,3.4,3.4,3.4,3.4,3.4,3.4,3.4,3.4,3.4,3.5,3.5,3.5,3.5,3.5,3.5,3.5,3.597472376674125,3.6,3.6,3.6,3.6,3.6,3.6724102608103184,3.7,3.733292681424257,3.8,3.8,3.9,4.019000155282606,4.1,4.125036691116378,4.2,4.2,4.2,4.2,4.2968948881851645,4.5,4.5,4.6,4.6,4.7,5.020554724647712,5.1,5.1,5.140671534142251,5.610386869936531,5.748410516871911,5.9,6.3,6.3,6.3,6.4,6.587187975690505,6.683063754550357,6.890424139558622,6.9,8.4,8.4,8.4,8.4,8.4,8.4,8.4,8.4,8.4,8.4,8.4,8.4,8.4,8.4,8.5,8.5,8.5,8.5,8.5,8.5,8.5,8.5,8.5,8.5,8.5,8.5,8.56062282313851,8.8,8.8,10.3,10.845110180692604,11.0
0.6,0.6,0.6,0.6,0.6,0.6,0.6,0.6,0.6,0.6996092814346326,0.9786001046599686,1.1,1.1,1.2,1.2,1.320962783920193,1.5,1.6,1.6,1.6,1.6,1.6,1.6,1.8,1.8,1.8,1.837286272143571,2.0,2.0,2.0,2.056801156119795,2.1,2.1,2.1,2.1,2.2,2.2,2.2,2.2,2.3,2.4,2.4,2.4,2.4,2.4,2.4,2.4,2.4,2.4,2.4,2.430825981018876,2.5,2.5,2.5,2.5,2.5,2.6,2.6,2.6,2.6,2.6,2.6,2.6,2.6,2.6,2.6,2.6,2.6,2.6,2.6,2.6,2.6,2.6,2.6,2.6862229635458164,2.7136342526696895,2.8,2.8,2.8,2.8,2.8,2.8,2.8,2.9,2.9,2.9,2.9,2.9,3.0,3.1,3.1,3.1,3.1,3.2,3.202392509879161,3.3,3.3,3.3,3.3,3.4,3.4,3.4,3.4,3.4,3.4,3.4,3.4,3.4,3.4,3.4,3.4,3.4,3.4,3.4,3.4,3.4,3.4,3.47439350157847,3.5,3.5,3.5,3.5,3.5,3.532212223747814,3.6,3.6,3.6,3.6414249487302413,3.7,3.7,3.7,3.7,3.7835834762872875,3.8,3.8,3.872410260810318,3.9,3.9,4.028539893727816,4.1,4.2,4.2,4.2,4.3,4.5,4.6,4.6,4.6,4.7,5.0,5.0,5.1,5.143677771674339,5.609049557484167,5.7,5.7,5.9,5.9,6.228309495949224,6.3,6.3,6.3107266901243975,6.4,6.6,6.693152483771996,6.893593987845254,8.4,8.4,8.4,8.4,8.4,8.4,8.4,8.4,8.4,8.4,8.4,8.4,8.4,8.4,8.4,8.5,8.5,8.5,8.5,8.5,8.5,8.5,8.5,8.5,8.5,8.5,8.5,8.5,8.520489806417316,8.8,8.8,9.87043985760737,10.3,10.845110180692604,11.0
0.19945466504737464,0.2,0.2,0.2,0.25893913358813825,0.3,0.4,0.4,0.4,0.4,0.4,0.4,0.4,0.4,0.4,0.4104813919600965,0.5,0.5,0.5,0.5,0.5,0.5,0.5,0.5,0.5,0.5,0.6,0.6,0.6,0.6,0.6,0.6,0.6,0.6,0.6,0.6064060121547399,0.7,0.7,0.7,0.7,0.7,0.8,0.8,0.8,0.8,0.8,0.8,0.8,0.8,0.8,0.9,0.9,0.9,0.9,0.9,0.9,0.9,0.9,0.9,0.9,0.9,0.9,0.9,0.9,0.9,0.9,0.9,0.9,0.9,0.9,0.9,0.9,0.9,0.9,0.9,0.9,0.9,0.9,0.9,0.9,0.9,0.9,0.9,0.9,0.9,0.9,0.9,0.9,0.9,0.9,0.9,0.9,0.9,0.9,0.9,0.9,0.9,0.9,0.9,0.9,0.9,0.9,0.9,0.9,0.9,0.9,0.9,0.9,0.9,0.9,0.9,0.9,0.9,1.0,1.0,1.0,1.0,1.1,1.1,1.1,1.1,1.2,1.2,1.2,1.2,1.2,1.2,1.2,1.2,1.2,1.2,1.2,1.2,1.2,1.2,1.2,1.2026769483789848,1.3,1.3,1.3,1.3,1.3,1.3,1.4,1.4,1.4,1.5,1.5,1.5,1.5,1.5,1.5,1.5,1.5,1.5,1.5,1.5,1.5,1.5,1.5,1.5,1.5,1.5,1.5,1.5,1.5,1.6,1.6,1.6,1.6,1.6,1.6,1.6505417183933502,1.7,1.7,1.7,1.7,1.8,1.8,1.8,1.8,1.8,1.8,1.9,1.9,1.9,2.0,2.0,2.0,2.1175252366575252,2.2,2.3,2.3,2.3,2.5,2.5,2.5,2.5,2.6,2.7,2.940354786494663
0.4,0.4221271170439142,0.5854855139391493,0.6,0.6,0.6,0.6,0.6,0.6,0.6,0.6,0.6,0.7,0.7,0.7,0.7,0.7,0.7,0.8,0.8,0.8,0.8,0.8,0.8,0.8,0.8,0.8,0.8,0.8,0.9,0.9,0.9,0.9,0.9,0.9,0.9,0.9,0.9,0.9,0.9,0.9,0.9,0.9,0.9,0.9,1.0,1.0,1.0,1.0,1.0,1.1,1.1,1.1,1.2,1.2,1.2,1.2,1.2,1.2,1.2,1.2,1.2,1.2,1.2,1.2,1.2,1.2,1.2,1.3,1.3,1.3,1.3,1.3,1.3,1.3,1.3,1.3,1.3,1.3,1.3,1.3,1.3,1.3,1.3,1.3,1.3,1.3,1.3,1.3,1.3,1.3,1.3,1.3,1.3,1.3,1.3,1.3,1.3,1.3008886215437288,1.4,1.4,1.4,1.4,1.4,1.4,1.4,1.4,1.4,1.4,1.4,1.4,1.4,1.4,1.4,1.4976236808611418,1.5,1.5,1.5,1.5,1.5,1.5,1.5,1.5,1.5,1.5,1.5863657473303137,1.6,1.6,1.6,1.6,1.6258931733306896,1.7,1.7,1.7,1.7,1.7,1.7,1.7,1.7,1.7,1.7,1.7,1.7,1.7,1.8,1.8,1.8,1.8,1.8,1.8,1.8,1.8,1.8,1.8,1.8,1.8,1.8,1.9,1.9,1.9,1.9,1.9,1.9,1.9,1.9,1.9,1.9,1.9,1.9,1.9,2.0,2.0,2.0,2.0,2.0,2.0,2.0,2.0,2.0,2.0,2.0,2.000258245611019,2.1,2.1,2.1,2.1,2.2,2.2,2.2,2.3,2.3,2.3,2.4,2.5,2.5,2.5202076077128366,2.6,2.6,2.714514486060847,2.8,3.5
0.19945466504737464,0.4,0.4854855139391493,0.5286373428261779,0.6,0.6,0.6,0.6,0.6,0.6,0.7,0.7,0.7,0.7520555588893195,0.8,0.8,0.8,0.8,0.8,0.8,0.8,0.8,0.8966561113817306,0.9,0.9,0.9,0.9,0.9,0.9,0.9,0.9,0.9,0.9,0.9,0.9,0.9,1.0,1.0,1.0,1.0,1.0,1.0,1.0,1.0,1.1,1.1,1.1,1.1,1.1,1.1,1.1308259810188759,1.2,1.2,1.2,1.2,1.2,1.2,1.2,1.2,1.2,1.27263956962276,1.3,1.3,1.3,1.3,1.3,1.3,1.3,1.3,1.3,1.3,1.3,1.3,1.3,1.3,1.3,1.3,1.3,1.3,1.3,1.3,1.3,1.3,1.3,1.3,1.3,1.3,1.3,1.3,1.3,1.3,1.3,1.3,1.3,1.3,1.3,1.3517089421772568,1.4,1.4,1.4,1.4,1.4,1.4,1.4,1.4,1.4,1.4,1.4,1.4,1.4,1.4,1.4,1.4,1.4722891507838767,1.5,1.5,1.5,1.5,1.5,1.5,1.5,1.5,1.5,1.6,1.6,1.6,1.6,1.6,1.6,1.6,1.7,1.7,1.7,1.7,1.7,1.7,1.7,1.7,1.7,1.7,1.7,1.759500077641303,1.8,1.8,1.8,1.8,1.8,1.8,1.8,1.8,1.8,1.8,1.8,1.9,1.9,1.9,1.9,1.9,1.9,1.9,1.9,1.9,1.9,1.9,1.9,1.9,1.9,1.9,1.9,2.0,2.0,2.0,2.0,2.0,2.0,2.0,2.0,2.0,2.0,2.0,2.0,2.0,2.069487052929304,2.1,2.1,2.1895186080399074,2.2,2.2,2.2,2.3,2.3,2.3,2.3977167337233993,2.5,2.5,2.5,2.541060866411857,2.6,2.714514486060847,2.8,3.4005453349526307
0.1,0.1,0.1,0.12863734282617792,0.2,0.2,0.2,0.2,0.2,0.2,0.2,0.2,0.2,0.2,0.2,0.2,0.2,0.2,0.2,0.2,0.2,0.2,0.2,0.2,0.2,0.2,0.2,0.2,0.2,0.2,0.2,0.2,0.2,0.2,0.2,0.3,0.3,0.3,0.3,0.3,0.3,0.3,0.3,0.3,0.3,0.3,0.3,0.3,0.3,0.3,0.3,0.3,0.3,0.3,0.3,0.3,0.3,0.3,0.3,0.3,0.3,0.4,0.4,0.4,0.4,0.4,0.4,0.4,0.4,0.4,0.4,0.4,0.4,0.4,0.4,0.4,0.4,0.4,0.4,0.4,0.4,0.4,0.4,0.4,0.4,0.4,0.4,0.4,0.4,0.4,0.4,0.4,0.4,0.4,0.4,0.4,0.4,0.4,0.5,0.5,0.5,0.5,0.5,0.5,0.5,0.5,0.5,0.5,0.5,0.5,0.5,0.5,0.5,0.5,0.5,0.5,0.5,0.5,0.5,0.5,0.5,0.5,0.5,0.5,0.5,0.5,0.5,0.5,0.5,0.5,0.5,0.5,0.5,0.5,0.5,0.5,0.5,0.5,0.5,0.5,0.5,0.5,0.5,0.5,0.5,0.5,0.5,0.5,0.5,0.5,0.5,0.5,0.5,0.5,0.5,0.5,0.5,0.5,0.5,0.5,0.5,0.5,0.5,0.5,0.5,0.593593987845253,0.6,0.6,0.6,0.6,0.6,0.6,0.6,0.6,0.6,0.6,0.6,0.6,0.6,0.6,0.6,0.7,0.7,0.7,0.7,0.7,0.7,0.747944441110684,0.8,0.8,0.8,0.9,0.9,0.9,0.9,0.9,0.9,0.9,1.0,1.2778728829560861,1.5005453349526305
0.6994546650473746,1.1,1.1,1.1,1.2589391335881381,1.3,1.3,1.3,1.4,1.4,1.4,1.4,1.4,1.4,1.4,1.4,1.4,1.4,1.4305129470707023,1.5,1.5,1.5,1.5,1.5,1.5,1.579256605514607,1.6,1.6,1.6,1.6,1.6,1.6,1.6,1.6,1.6,1.6,1.6,1.6,1.6,1.6,1.6,1.7,1.7,1.7,1.7,1.7,1.7,1.8,1.8,1.8,1.8,1.8,1.8,1.8,1.8,1.8,1.8,1.8,1.9,1.9,1.9,1.9,1.9,1.9,1.9,1.9275897391896877,2.0,2.0,2.0,2.0,2.0,2.0,2.1,2.1,2.1,2.1,2.1,2.2,2.2,2.2,2.2,2.2,2.2,2.2,2.2513332276346603,2.3,2.3,2.3,2.3,2.3,2.3,2.3,2.3,2.3,2.4,2.4,2.4,2.4,2.4,2.4,2.4,2.4745514221892506,2.5,2.5,2.5,2.5,2.5,2.5,2.5,2.5,2.6,2.6,2.6,2.6,2.6,2.6,2.6,2.6,2.6,2.6,2.6,2.6,2.6,2.6,2.7,2.7,2.7,2.7,2.7,2.7,2.7,2.8,2.8,2.8,2.8,2.8,2.8,2.8,2.8,2.8,2.8,2.8,2.8,2.8,2.8,2.9,2.9,2.9,2.9,2.9,3.0,3.0,3.0,3.0,3.0205547246477122,3.1,3.1,3.1,3.1,3.1,3.1,3.2,3.2,3.2,3.246576241885998,3.3,3.3,3.3,3.3,3.3,3.3,3.3,3.3,3.4,3.4,3.4,3.4,3.4,3.5,3.5,3.5,3.5,3.5,3.5,3.5,3.6,3.6,3.6,3.6,3.6,3.6071332984466777,3.7,3.7,3.7,3.8,4.020207607712837,4.1,4.2,4.214514486060847,4.6,5.402726674763153
0.7,1.0,1.1,1.1,1.1,1.1,1.2,1.2,1.2022832662765963,1.3,1.3,1.3,1.3,1.3,1.4,1.4,1.4,1.4,1.4,1.4,1.4,1.4327174284142679,1.5,1.5,1.5,1.5,1.5,1.5,1.5,1.50370857978007,1.6,1.6,1.6,1.6,1.6,1.6,1.6,1.6,1.6,1.6,1.6,1.6,1.6,1.6,1.6,1.6,1.6794452753522875,1.7,1.7,1.7,1.7,1.7,1.7,1.8,1.8,1.8,1.8,1.8,1.8,1.8,1.8,1.8,1.8,1.9,1.9,1.9,1.9,1.9,1.9164165237127206,2.0,2.0,2.0,2.0,2.0,2.0,2.0,2.0,2.067787776252189,2.1,2.1,2.1,2.1,2.1,2.1,2.1,2.1,2.2,2.2,2.2,2.2,2.2030739068521825,2.3,2.3,2.3,2.3,2.3,2.3,2.3,2.3,2.3,2.3,2.3,2.3,2.3,2.3,2.4,2.4,2.4,2.4,2.4,2.5,2.5,2.5,2.5,2.5,2.5,2.5,2.5,2.5002692641843907,2.6,2.6,2.6,2.6,2.6,2.6,2.6,2.6,2.6,2.6,2.6,2.7,2.7,2.7,2.7,2.7,2.7,2.8,2.8,2.8,2.8,2.8,2.8,2.8,2.8,2.8,2.8,2.8,2.8,2.8,2.8,2.9,2.9,2.9,2.9,3.0,3.0,3.0,3.0,3.1,3.1,3.1,3.1,3.1,3.1,3.1,3.1,3.1,3.2,3.2403068909801562,3.3,3.3,3.3,3.3,3.3,3.3,3.3,3.3,3.3,3.3,3.3,3.3,3.3,3.369487052929304,3.4,3.4,3.4,3.4,3.5,3.5,3.5,3.5,3.5,3.5,3.6,3.6,3.7,3.7,3.7,4.1,4.2,4.500545334952631
0.5994546650473747,0.7,0.7854855139391493,0.9,1.0,1.1,1.1,1.2,1.2,1.2996092814346327,1.3,1.3,1.3,1.3,1.3,1.3,1.3,1.4,1.4,1.4,1.4,1.4,1.4,1.4,1.4,1.4,1.4,1.4940015439344208,1.5,1.5,1.5,1.5,1.5,1.5,1.5,1.5,1.5,1.5,1.5,1.5,1.5,1.5,1.517922626012691,1.6,1.6,1.6,1.6,1.6,1.6,1.6,1.6,1.6,1.6,1.6,1.6,1.6,1.6,1.6,1.6079458502902526,1.7,1.7,1.7,1.7,1.7,1.7,1.7,1.7,1.7,1.7,1.7,1.7,1.7,1.7,1.7,1.8,1.8,1.8,1.8,1.8,1.8,1.8,1.8,1.8,1.8,1.9,1.9,1.9,1.9,1.9,1.9,1.9,1.9,1.9,1.9,1.9,1.9,1.9,1.9,1.9,1.9,1.9,1.9,1.9,1.9,1.9,1.9,1.9,1.9,1.9,1.9,1.9,1.9,1.9,1.9,1.9976236808611418,2.0,2.0,2.0,2.0,2.0,2.0,2.0,2.0,2.0,2.0,2.0,2.0,2.0,2.0,2.0,2.0,2.0,2.1,2.1,2.1,2.1,2.1,2.1,2.1,2.1,2.1,2.1,2.1,2.2,2.2584621129678397,2.3,2.3,2.3,2.3968948881851646,2.4,2.4,2.4,2.4,2.4,2.4,2.4,2.5,2.5,2.5,2.5,2.5,2.5,2.5,2.5,2.5,2.6,2.6,2.6,2.6,2.6,2.6,2.6,2.6505417183933506,2.7,2.7,2.8,2.8,2.8,2.8,2.934565143171471,3.0,3.1,3.1,3.2,3.2,3.2,3.3,3.3,3.3,3.3,3.3,3.4003907185653643,3.5,3.5,3.6,3.6,3.7,3.7,3.8435434581825403,4.1,4.70927069419472
0.6,0.7,0.7,0.7,0.8,0.8797923922871658,0.9931700645275615,1.0,1.1,1.1,1.1,1.1,1.2,1.2,1.3,1.3,1.3,1.3,1.3,1.3,1.3671097311820504,1.4,1.4,1.4,1.4,1.4792566055146068,1.5,1.5,1.5,1.5,1.5,1.5,1.5,1.6,1.6,1.6,1.6,1.6,1.6,1.6,1.6,1.6,1.7,1.7,1.7,1.7,1.7794452753522876,1.8,1.8,1.8,1.8,1.8,1.8,1.8,1.8,1.8,1.8,1.8,1.8,1.8,1.9,1.9,1.9,1.9,1.9,1.9,1.9,1.9871246204709536,2.0,2.0,2.0,2.0,2.0,2.0,2.1,2.1,2.1,2.1,2.1,2.1211158526678022,2.2,2.2,2.2,2.2,2.2,2.2,2.3,2.3,2.3,2.3,2.3,2.3,2.352870569242148,2.4,2.4,2.4,2.4,2.4,2.4,2.4,2.4,2.4,2.5,2.5,2.5,2.5,2.5,2.5,2.5,2.5719890737088917,2.6,2.6,2.6,2.6,2.6,2.7,2.7,2.7,2.7,2.7,2.7,2.7,2.7054499355826125,2.8,2.8,2.8,2.8,2.8,2.8,2.8,2.8,2.8,2.8835834762872876,2.9,2.9,2.9,2.9,3.0,3.0,3.0,3.1,3.1,3.1,3.1,3.1,3.1,3.1,3.1,3.1,3.132765281195782,3.2,3.2,3.2,3.2,3.2205547246477124,3.3,3.3,3.3,3.3,3.3,3.3,3.3,3.3,3.3,3.3,3.393593987845253,3.4,3.4,3.4,3.4,3.5,3.5,3.5,3.5,3.5,3.5,3.5801475342872324,3.6,3.7,3.7,3.732890268817948,4.000258245611019,4.2,4.2,4.2,4.3,4.3,4.5,4.5,4.5,4.6,4.7,4.7,4.899273738951649,5.2,5.2,5.2,5.7,5.7,5.9,6.8
0.6994546650473746,0.7,0.8,0.8,0.9,0.9797923922871657,1.0,1.1,1.1,1.1,1.1,1.1,1.1687759612645443,1.2,1.2,1.3,1.3,1.3,1.3,1.4,1.4,1.4,1.4,1.4,1.5,1.5,1.5,1.5,1.5,1.6,1.6,1.6,1.6,1.6,1.6,1.6,1.6,1.6,1.6,1.7,1.7,1.7,1.8,1.8,1.8,1.8,1.8,1.8,1.8563222283256664,1.9,1.9,1.9,1.9,1.938454272860062,2.0,2.0,2.0,2.0,2.0,2.0,2.0726395696227597,2.1,2.1,2.1,2.1,2.1,2.1,2.1871246204709536,2.2,2.2,2.2,2.3,2.3,2.3,2.3,2.3,2.3,2.3,2.3,2.3,2.3,2.3,2.4,2.4,2.4,2.4,2.4,2.4,2.45293269309945,2.5,2.5,2.5,2.5,2.5,2.5,2.5,2.5,2.6,2.6,2.6,2.6,2.6,2.6,2.7,2.7,2.7,2.7,2.7,2.7471294307578544,2.8,2.8,2.8,2.8,2.8,2.8,2.8,2.8,2.8,2.8,2.8,2.8,2.8,2.8,2.8,2.8,2.8,2.8,2.8,2.9,2.9,2.9,2.9,3.0,3.0,3.0,3.0,3.1,3.1,3.1,3.1,3.1,3.1,3.1,3.1,3.1,3.1,3.1,3.161545727139935,3.2,3.2,3.2,3.3,3.3,3.3,3.3,3.3,3.3,3.3,3.3,3.3,3.3,3.3,3.3,3.3,3.3,3.3,3.3,3.3,3.4,3.4,3.4,3.496291420219933,3.5,3.5,3.5,3.5,3.5,3.5,3.5,3.5,3.5,3.500258245611019,3.6,3.7,3.7,3.7,3.7,3.7,3.8312240387354506,4.1,4.1,4.2,4.2,4.2,4.3136598709448775,4.5,4.6,4.671362657173825,4.9,5.2,6.601090669905261
0.4,0.5,0.5,0.6,0.6,0.6,0.7,0.7,0.7,0.7,0.7,0.7,0.8,0.8,0.8,0.8,0.8860145100745633,0.9,0.9,0.9,0.9,0.9,0.9,0.9,0.9,0.9792566055146068,1.0,1.0,1.1,1.1,1.1,1.1,1.1,1.1,1.1,1.2,1.2,1.2,1.2,1.2,1.2,1.2,1.2,1.2,1.3,1.3,1.3,1.3,1.3,1.3,1.3,1.3,1.3,1.3,1.3,1.4,1.4,1.4,1.4,1.4,1.4,1.4,1.4,1.4,1.4,1.4,1.4,1.4,1.4,1.4,1.4,1.4025276233258666,1.5,1.5,1.5,1.5,1.5,1.5,1.5,1.5,1.5,1.5,1.5,1.5,1.5,1.5,1.6,1.6,1.6,1.6,1.6,1.6,1.6,1.6,1.6,1.6,1.6,1.6,1.6,1.6,1.6,1.6,1.6,1.7,1.7,1.7,1.7,1.722338458626433,1.8,1.8,1.8,1.8,1.8,1.8,1.8,1.8,1.8,1.8,1.9,1.9,1.9,1.9,2.0,2.0,2.0,2.0,2.0,2.0,2.0,2.1,2.1,2.1,2.1,2.1,2.1,2.1,2.102676948378985,2.2,2.2,2.2,2.3,2.3,2.3,2.3,2.4,2.4,2.4,2.4,2.5,2.5,2.5,2.5,2.5,2.5,2.5,2.5,2.5,2.5,2.5,2.5,2.667079801107315,2.7,2.7,2.7,2.7,2.7,2.7,2.7,2.7,2.79121831144011,2.8,2.8,2.8,2.8,2.8,2.8,2.8,2.8,2.803343888618275,3.0,3.1328902688179485,3.3,3.3,3.3,3.3,3.3,3.3,3.3,3.3,3.3,3.3071332984466775,3.4003907185653643,3.5,3.5996368694758245,3.7,3.7,3.741060866411857,4.1,4.2,4.455745765912172,6.6
1.0994546650473747,1.7,1.8,2.1,2.2,2.2,2.2931700645275614,2.3003631305241727,2.4,2.4,2.5,2.682474763342478,2.7,2.7,2.8,2.8,2.8,2.8,2.9,2.9,2.9,2.9,2.9,2.9,2.9,2.9,2.9,2.994001543934421,3.1,3.1,3.1,3.1,3.159693109019841,3.2,3.2,3.3,3.3,3.3,3.3,3.3,3.3,3.3,3.3,3.359328465857746,3.4,3.4,3.4,3.4,3.4,3.4,3.4,3.4,3.5,3.5384542728600623,3.6,3.6,3.6,3.6,3.6,3.6,3.6,3.7,3.7,3.7,3.7,3.7,3.7,3.7,3.7,3.7,3.7,3.702527623325867,3.8,3.8,3.8,3.8,3.8,3.8,3.8,3.8,3.8,3.8,3.8,3.8,3.8,3.8,3.9,3.9,3.95293269309945,4.0,4.0,4.0,4.0,4.0,4.0,4.0270721084494365,4.1,4.1,4.1,4.1,4.1,4.1,4.1,4.1,4.148291057822746,4.2,4.2,4.2,4.2,4.2,4.2,4.2,4.2,4.2,4.2,4.2,4.2,4.2,4.2,4.2,4.2,4.2,4.2,4.2,4.2,4.2,4.2,4.2,4.2,4.2,4.2,4.2,4.2,4.2,4.2,4.272410260810318,4.3,4.3,4.3,4.3,4.4,4.4,4.4,4.4,4.4,4.4,4.4,4.4,4.4,4.4,4.4,4.4,4.4,4.4,4.4,4.4,4.5,4.6,4.6,4.6,4.6,4.6,4.6,4.6,4.6,4.6,4.6,4.6,4.6,4.6,4.6,4.6,4.6,4.6,4.6,4.6,4.6,4.6,4.6,4.6,4.6,4.6,4.6,4.640688082251233,4.7,4.7,4.7,4.7,4.7,4.7,4.707133298446678,4.9,4.9,4.999636869475824,5.0,5.0,5.082121732823714,5.4,5.958057944243388,6.6,8.40054533495263
1.3994546650473745,1.6,1.6,1.7,1.7,1.8,1.8,1.8,1.8,1.8,1.8,1.9,1.9,1.9,1.9,1.9104813919600963,2.0,2.1,2.1,2.1,2.1,2.1,2.1,2.1,2.2,2.2,2.2,2.2,2.2,2.2,2.3,2.3,2.3,2.3,2.3,2.3,2.3,2.3,2.3,2.3,2.3,2.3,2.4,2.4,2.4,2.4,2.4,2.4,2.5,2.5,2.5,2.5,2.6,2.6,2.6,2.7,2.7,2.7,2.7,2.7,2.7,2.7,2.7,2.7,2.7,2.7,2.7,2.7,2.7,2.7,2.774106826669302,2.8,2.8,2.8,2.8,2.8,2.8,2.8,2.8945500644173845,2.9,2.9,2.9,2.9,2.9,2.9,2.9,2.9,2.9,2.9,2.9,2.9,2.928010926291105,3.0,3.0,3.0,3.0,3.0,3.0,3.0,3.0,3.05,3.1,3.1,3.1,3.1,3.1,3.1,3.1,3.1,3.1,3.1,3.1,3.1,3.1,3.1,3.1230798727574838,3.2,3.2,3.2,3.2,3.2,3.2,3.2054499355826125,3.3,3.3,3.3,3.3,3.3,3.3,3.3,3.3,3.3,3.3835834762872876,3.4,3.4,3.4,3.4,3.4,3.5,3.5,3.5,3.5,3.6,3.6,3.6,3.6,3.6,3.6,3.6,3.6,3.6,3.6,3.6,3.6,3.6,3.6,3.6,3.7,3.7,3.7,3.7,3.7,3.7,3.7,3.7,3.7,3.741531877275179,3.8,3.8,3.8,3.8,3.8,3.8,3.8,3.8,3.9,3.9,4.0,4.1,4.1,4.1,4.1,4.1,4.2,4.2,4.2,4.2,4.2,4.2,4.217525236657525,4.4,4.4,4.4,4.4,4.5,4.6,4.6,4.6,4.6,4.7,5.704908014573675
0.7,0.7,0.8,0.9,0.9,1.0,1.1,1.1,1.1,1.2,1.2,1.2,1.2,1.2,1.3,1.3,1.3,1.3,1.3,1.3,1.3,1.3,1.4,1.4,1.5,1.5,1.5,1.5,1.5,1.5,1.5,1.5,1.5,1.5,1.5,1.6,1.6,1.6,1.6,1.6,1.6,1.6,1.7,1.7,1.7,1.7,1.7,1.7,1.7,1.7,1.7,1.8,1.8,1.8,1.8,1.8,1.8,1.8749633088836162,1.9,1.9,1.9,1.9,1.9,1.9,1.9,1.9,1.9,1.9,1.9,1.9,1.9,1.9,1.9,1.9,1.9,2.0,2.040819158515501,2.1,2.1,2.1,2.1,2.1,2.1,2.1,2.1,2.1,2.1,2.1,2.1,2.1,2.1,2.1,2.1,2.2,2.2,2.2,2.2,2.2,2.2,2.2,2.2,2.2745514221892504,2.3,2.3,2.3,2.3,2.3,2.3,2.3,2.3,2.3,2.3,2.3,2.3,2.3,2.3,2.3,2.3,2.3,2.3,2.3,2.3,2.3,2.3,2.3,2.3,2.313777036454178,2.4,2.4,2.4,2.4,2.4,2.5,2.5,2.5,2.5,2.5,2.5,2.5,2.6,2.6,2.6,2.6,2.7,2.7,2.7,2.7,2.7,2.7,2.7,2.7,2.7,2.7,2.7,2.7,2.7,2.7,2.7,2.7,2.7242052584359557,2.8,2.8107266901243975,2.9,2.9,2.9,3.0,3.0,3.090424139558621,3.1,3.1912183114401103,3.2,3.2,3.2,3.205998456065578,3.3,3.3,3.3,3.3,3.3,3.4,3.4,3.5,3.5,3.5,3.5,3.5895186080399073,3.6,3.6,3.7,3.7,3.707133298446678,3.9,4.0,4.1,4.2,4.4,4.4,4.6,4.6145144860608465,5.311491531824345,5.9
0.5978186601894985,0.7221271170439142,0.8854855139391493,1.4,1.4,1.5,1.6,1.6,1.8,1.8,1.9,2.0,2.0,2.0,2.1,2.2,2.2,2.3,2.3,2.3,2.3,2.3,2.3,2.3,2.3,2.3,2.3,2.3,2.3,2.4,2.4,2.5,2.5,2.5,2.5,2.5,2.5,2.5995538602494093,2.6,2.6,2.6,2.7,2.7,2.7,2.7,2.7,2.7794452753522876,2.8,2.8,2.8,2.8,2.8,2.8,2.8,2.8,2.8,2.8,2.8,2.8,2.8,2.8,2.8,2.835730053136092,2.9,2.9,3.0,3.1,3.1,3.1,3.1,3.1,3.1,3.1,3.1,3.1,3.1,3.1,3.1,3.1,3.1,3.1,3.1,3.1,3.1,3.1,3.1,3.1,3.1,3.2,3.2,3.2,3.3,3.3,3.3,3.3,3.3,3.3,3.3,3.3,3.3,3.3,3.3,3.3,3.3,3.348291057822746,3.4,3.4,3.4,3.4,3.4,3.4,3.4219492382639882,3.5,3.5,3.5,3.5,3.5,3.5,3.5,3.526303351929255,3.6,3.6788841473321954,3.7,3.7,3.7,3.7,3.8,3.8,3.8,3.9,4.1,4.1,4.1,4.1,4.1,4.1,4.2,4.3,4.428539893727816,4.5,4.5,4.5,4.5,4.5,4.5,4.5,4.526701204161429,4.6,4.6,4.6,4.6,4.6,4.7,4.7,4.7,4.7,4.7,4.9,4.9,4.9,4.9,4.9,4.9,4.9,4.9,4.9,4.9,4.9,4.9,4.9,4.9,4.9,4.9,4.9,5.1,5.1,5.1,5.1,5.1,5.1,5.1,5.1,5.169487052929304,5.640688082251233,5.7,5.7,5.7,5.9,5.9,5.9,5.9,5.9,5.9,6.4,6.4,6.6,6.6,6.8,7.117717290912703,8.5,8.5
0.6967279902842478,0.8,1.0709710278782987,1.3,1.3589391335881382,1.4,1.4,1.4003631305241728,1.5,1.5996092814346328,1.6,1.6,1.8,1.8,1.9,1.9,1.9,2.0,2.030512947070702,2.1,2.2,2.2,2.2966561113817305,2.3,2.3,2.3,2.3,2.3,2.3,2.3,2.3,2.3,2.3,2.3095758604413756,2.4,2.4,2.4,2.4,2.5,2.5,2.5,2.5,2.5,2.5,2.5,2.5,2.5,2.5,2.5,2.5,2.6,2.6,2.6,2.7,2.7,2.7,2.7,2.7,2.7,2.7,2.7,2.7,2.7,2.7,2.7,2.8,2.8,2.8,2.8,2.8,2.8,2.8,2.8,2.8,2.8,2.8,2.8,2.8,2.8,2.8,2.8,2.8,2.8,2.8,2.8,2.8,2.8,2.8277108492161203,2.9,2.9,2.9,2.928010926291105,3.1,3.1,3.1,3.1,3.1,3.1,3.1,3.1,3.1,3.1,3.1,3.1,3.1,3.1,3.2,3.2,3.2,3.2719890737088915,3.3,3.3,3.3,3.3,3.3,3.3,3.3,3.3,3.3,3.3,3.3,3.4,3.4,3.4,3.4,3.4,3.4,3.4,3.4,3.4,3.4,3.4,3.5,3.5,3.5,3.5,3.5,3.5,3.5,3.5,3.5,3.5,3.5,3.5,3.5,3.6,3.6267012041614293,3.7,3.7,3.7,3.7,3.7,3.7,3.7,3.7205547246477124,3.8599324600475087,4.1,4.1,4.1,4.1,4.1,4.1,4.1,4.1,4.146576241885998,4.293593987845253,4.3,4.3,4.5,4.5,4.5,4.5,4.5,4.5,4.5,4.5,4.5,4.6,4.603343888618275,4.7,4.7,4.7005164912220385,4.9,4.9,4.9,4.9,4.9,4.9,4.9,4.9,4.9,4.900781437130729,5.1,5.1,5.1,5.6,5.7,5.7,5.9,6.6,6.80927069419472
0.4,0.4221271170439142,0.5,0.6,0.7,0.8,0.8,0.9,0.9,0.9,0.9,0.9,0.9,0.9,0.9,0.9,0.9,1.0,1.1,1.1,1.1,1.1,1.1,1.1,1.1,1.1792566055146068,1.2,1.2,1.2,1.2,1.2,1.2,1.2,1.2,1.2,1.3,1.3,1.3,1.3,1.3,1.3,1.3,1.3,1.3,1.3,1.3,1.4,1.4,1.4,1.4,1.4,1.4,1.4,1.4,1.4,1.5,1.5,1.5,1.5,1.5,1.5,1.5,1.5,1.5,1.5,1.5,1.5,1.5,1.5,1.5,1.5,1.5,1.5,1.5,1.5,1.5,1.5408191585155009,1.6,1.6,1.6,1.6,1.6,1.6,1.6,1.6,1.6,1.6,1.6277108492161205,1.7,1.7,1.7,1.7,1.7,1.8,1.8,1.8,1.8,1.8,1.8,1.8,1.8,1.8,1.8,1.9,1.9,1.9,1.9,1.9,1.9,1.9,1.9,1.9,2.0,2.0,2.0,2.0,2.0,2.0,2.0,2.0,2.0,2.0,2.0,2.0,2.0,2.0,2.0,2.0,2.1,2.1,2.1,2.1,2.1,2.2,2.2,2.2,2.2,2.2,2.2,2.2,2.2273604303772347,2.3,2.3,2.3,2.3,2.3,2.3,2.3,2.3,2.3,2.3,2.4,2.443677771674339,2.5,2.5,2.5,2.5,2.5,2.5,2.5,2.5,2.5,2.5,2.5,2.5,2.5,2.5,2.5,2.5,2.5,2.5,2.5,2.5,2.5,2.5,2.6,2.6,2.7,2.7,2.7,2.7,2.8,2.8,2.8406880822512335,2.9,2.9,3.2,3.2,3.3,3.3,3.3,3.4,3.4,3.4,3.5,3.5,3.5,3.6,4.129028972121693,4.5,5.615814713626286
0.9,1.1,1.1,1.2286373428261779,1.5,1.6,1.6,1.6,1.6,1.6,1.6,1.6,1.6687759612645443,1.7,1.7,1.7104813919600963,1.8,1.8,1.8,1.8,1.9,1.9,1.9,1.9590090298190248,2.0,2.1,2.1,2.1,2.1494582816066528,2.2,2.2,2.2,2.2,2.2,2.2,2.2,2.2,2.2,2.2,2.2,2.2,2.2,2.2,2.2,2.2,2.2,2.2,2.3,2.3,2.3,2.3,2.4,2.4,2.4,2.5,2.5,2.5,2.5,2.5,2.5,2.5,2.5,2.5,2.6,2.6,2.6,2.6,2.6,2.6,2.6,2.6,2.6,2.6,2.6,2.6,2.6,2.7,2.7,2.7,2.7,2.7,2.7,2.7,2.7,2.7,2.8,2.8,2.8,2.85293269309945,2.9,2.9,2.9,2.9,2.9,2.9,2.9,2.9,2.9,2.9,2.9,2.9,2.9,2.9,3.0,3.1,3.1,3.1,3.2,3.2,3.2719890737088915,3.3,3.3,3.3,3.3,3.3,3.3,3.4,3.5,3.5,3.5,3.5,3.6,3.6,3.6,3.6,3.6,3.6,3.6,3.6,3.6,3.6,3.6,3.6,3.7,3.7,3.7,3.7,3.733292681424257,3.8,3.8,3.8,3.8,3.8,3.8,3.8,3.8,3.8,3.8,3.8,3.8,3.8,3.8,3.8,3.8,3.8,3.8,3.8,3.8,3.8,3.8,3.8,3.8,3.8,3.8,3.8,3.8,3.9,3.9,3.9,4.0,4.0,4.0962914202199325,4.2,4.2,4.262713727856431,4.4,4.480147534287232,4.6,4.603343888618275,4.7,4.7,4.7,4.7,4.7,4.7,4.789518608039907,4.8,4.847944441110684,5.0,5.10515141994515,5.6,5.6,5.893150201170198,5.9,5.913659870944878,6.1,6.1,6.3,6.314514486060847,6.8,6.8109066990526115
0.6994546650473746,1.1,1.1,1.128637342826178,1.2589391335881381,1.4,1.5931700645275617,1.6,1.6,1.6,1.6,1.6,1.6,1.6,1.6,1.6,1.6,1.6593119177487659,1.7,1.7,1.7,1.8,1.8,1.8,1.8,1.8,1.837286272143571,1.9,1.9,1.9,1.9,2.0,2.0,2.1,2.1,2.1,2.1,2.1,2.2,2.2,2.2,2.2,2.2,2.2,2.2,2.2,2.2,2.2,2.2,2.2,2.2,2.2,2.2,2.2,2.2,2.2,2.2,2.2,2.2,2.2,2.2,2.3,2.3,2.3,2.3,2.4,2.4,2.4,2.4,2.445406826037424,2.5,2.5,2.5,2.5,2.5,2.5,2.5,2.5,2.5,2.5,2.5,2.5736966480707366,2.6,2.6,2.6,2.6,2.6,2.6,2.6,2.6,2.6,2.6,2.6,2.6,2.6,2.6,2.6,2.6,2.6,2.6,2.7,2.7,2.7,2.7,2.7,2.7,2.7,2.7,2.7471294307578544,2.8,2.8,2.8,2.8,2.9,2.9,2.9,2.9,2.9,2.9,2.9,2.9,2.9,2.9,2.9,2.9,2.9,2.9,2.941424948730241,3.069319877160609,3.1,3.1,3.1545931739625814,3.2,3.2,3.3,3.3,3.3,3.3,3.3,3.3,3.3,3.3,3.392054149709747,3.4,3.4584621129678395,3.5,3.5,3.5,3.5,3.6,3.6,3.6,3.6,3.6,3.6,3.6,3.6,3.640671534142251,3.7,3.7,3.7,3.8,3.8,3.8,3.8,3.8,3.8,3.8,3.8,3.8,3.8,3.8,3.8,3.8,3.8,3.8,3.8,3.8,3.8,3.8,3.8,3.8,3.8,3.8,3.9,3.9,4.0,4.0,4.2,4.317525236657525,4.507133298446678,4.6003907185653645,4.7,4.7,4.8,5.0,5.723182599235571,5.9,5.9,6.1,6.4021813398105225
0.2,0.5221271170439141,0.6,0.6,0.6,0.6,0.6,0.6,0.6,0.6,0.6928667015533229,0.7,0.7,0.7520555588893195,0.8,0.8,0.8,0.8,0.8,0.9,0.9,0.9,0.9,0.9,0.9,0.9,0.9,0.9,0.9,0.9,0.9,0.9,0.9,0.9,0.9,0.9,0.9,0.9,0.9,0.9,1.0,1.0,1.0,1.0,1.0,1.0,1.0,1.0,1.0,1.0,1.0,1.0,1.0,1.0,1.0,1.0,1.0,1.0,1.0,1.0,1.0,1.0,1.0,1.0667073185757432,1.1,1.1,1.1,1.1,1.1,1.1,1.1,1.1,1.1,1.1,1.1,1.1,1.1,1.1,1.2,1.2,1.2,1.2,1.2,1.2,1.2,1.2,1.2,1.2,1.2,1.3,1.3,1.3,1.3,1.3,1.3,1.3,1.3,1.3,1.3,1.3,1.3,1.3,1.3,1.3,1.3,1.3,1.3,1.3,1.3,1.3,1.3,1.3,1.3,1.3722891507838766,1.4,1.4,1.4,1.4,1.4,1.4,1.4,1.4,1.4,1.4,1.4,1.4,1.4,1.4,1.4,1.497472376674125,1.5,1.5,1.5,1.5,1.5,1.5,1.5,1.6,1.6,1.6,1.6,1.6,1.6,1.6,1.6,1.6,1.6267012041614295,1.7,1.7,1.7,1.7,1.7,1.7,1.7,1.7,1.7,1.7,1.7,1.8,1.8,1.8,1.9,1.9,1.9,1.9,1.9,2.0,2.0,2.0,2.0,2.043198843880208,2.1,2.2,2.2,2.2,2.2,2.2,2.240990970180974,2.3,2.3,2.3,2.3,2.3,2.3,2.3,2.3,2.3,2.3,2.3,2.517525236657525,2.6,2.6,2.6,2.6,2.6,2.6,2.6,2.7,2.9145144860608467,3.1,3.700545334952631
0.39836399514212395,0.5,0.6854855139391492,0.7,0.7,0.7,0.8,0.8,0.8,0.8,0.8928667015533229,0.9,0.9,0.9,0.9,0.9,0.9,0.9,0.9,0.9,0.9,0.9,0.9,0.9,0.9,0.9,1.037286272143571,1.1,1.1,1.2,1.2,1.2,1.2,1.2,1.2,1.3,1.3,1.3,1.3,1.3,1.3,1.3,1.317922626012691,1.4,1.4,1.4,1.4,1.4,1.4,1.4,1.4,1.4,1.4,1.4,1.4,1.4,1.4,1.4,1.4,1.4,1.4,1.4,1.4,1.4,1.4,1.4,1.4,1.4,1.4,1.4454068260374242,1.5,1.5,1.5,1.5,1.5,1.5,1.5,1.5,1.5,1.5,1.5,1.5,1.5,1.6,1.6,1.6,1.6,1.6,1.6,1.6,1.6,1.6,1.6,1.6,1.6,1.6,1.6,1.6,1.7,1.7,1.7,1.7,1.7,1.723688407591999,1.8,1.8,1.9,1.9,1.9,1.9,1.9,1.9,1.9,2.0,2.0,2.0,2.0,2.0,2.0,2.0,2.0,2.0,2.0,2.0,2.0,2.0,2.0,2.0,2.0,2.0,2.0,2.1,2.2,2.2,2.2,2.2,2.2,2.2,2.2,2.2,2.2,2.2,2.2,2.2,2.2584621129678397,2.3,2.3,2.3,2.3,2.3,2.3691740189811297,2.4,2.4,2.4,2.4,2.5,2.5,2.5,2.5,2.5,2.5,2.5,2.5,2.5,2.5,2.5,2.5,2.5,2.5,2.5,2.5,2.5,2.6505417183933506,2.7,2.7,2.7,2.7,2.7,2.7,2.7,2.7,2.7,2.7,2.9,3.1,3.1895186080399074,3.2,3.3,3.3,3.3,3.3,3.3,3.3977167337233993,3.4,3.4,3.4202076077128365,3.5,3.5,3.7580579442433875,4.1,4.702181339810522
0.2994546650473746,0.4,0.4,0.4,0.4,0.4,0.4,0.4,0.40228326627659644,0.5,0.5,0.5,0.5,0.5,0.5,0.5104813919600965,0.6,0.6,0.7,0.7,0.7,0.7,0.7,0.7,0.7198524657127763,0.8,0.8,0.8,0.9,0.9,0.9,0.9,0.9,0.9,0.9,0.9,0.9,0.9,0.9,0.9,0.9,0.9,0.9,0.9,0.9,0.9,0.9,0.9,0.9,0.9,0.9,0.9,0.9,0.9384542728600621,1.0,1.0,1.1,1.1,1.1,1.1,1.1,1.2,1.2,1.2,1.2,1.2,1.2,1.2,1.2,1.2,1.2,1.2,1.2,1.2,1.2,1.2,1.2,1.2,1.2,1.2,1.2,1.3,1.3,1.3,1.3,1.3,1.3,1.3,1.3,1.3,1.3,1.3,1.352870569242148,1.4,1.4,1.4,1.4,1.4,1.4,1.4,1.4,1.4,1.4,1.4,1.4,1.4,1.4,1.4,1.4,1.4,1.4,1.4,1.4,1.4,1.4,1.4,1.5,1.5,1.5,1.5,1.5,1.5,1.5,1.5,1.5,1.5,1.5,1.5,1.5693198771606092,1.6,1.6,1.6,1.6,1.6,1.6,1.6,1.6,1.7,1.7,1.7956215100637167,1.8,1.8,1.8,1.9,1.9,1.9,2.0,2.0,2.0,2.0,2.0,2.0,2.0,2.0,2.0,2.0,2.0,2.140671534142251,2.2,2.2,2.2,2.2,2.2,2.3,2.3,2.3,2.4,2.5,2.5,2.5,2.5,2.5,2.5,2.5,2.5,2.5,2.5,2.7,2.7,2.7,2.7,2.7,2.7,2.7,2.7,2.7,2.7,2.7,2.8,2.8,2.9142665968933557,3.2,3.3,3.3,3.4,3.4,3.4410608664118567,3.7,3.7,4.1,4.200545334952631
0.29890933009474924,0.4,0.4,0.4,0.45893913358813826,0.5,0.5,0.6,0.6,0.6,0.6,0.7,0.7,0.7,0.7,0.7,0.7,0.7,0.7,0.7,0.7,0.7327174284142678,0.8,0.8,0.8,0.8,0.8,0.8,0.8,0.8,0.8,0.8,0.8,0.8095758604413761,0.9,0.9,0.9,0.9,0.9,0.9,0.9,0.9,0.9,0.9,0.9,0.9,0.9,0.9,0.9,0.9,0.9,0.9,0.9,0.9,0.9,0.9,0.9,0.9,0.9,0.9,0.9,0.9,0.9,0.9,0.9,1.0275897391896878,1.1,1.1,1.1,1.1,1.1,1.1,1.1,1.1,1.1862229635458164,1.2,1.2,1.2,1.2,1.2,1.2,1.2,1.2,1.2,1.2513332276346603,1.3,1.3,1.3,1.3,1.3,1.3,1.3,1.3,1.3,1.4,1.4,1.4,1.4,1.4,1.4,1.4,1.4,1.4,1.4,1.4,1.4,1.4,1.4,1.4,1.4,1.4,1.4,1.4,1.4,1.4,1.5,1.5,1.5,1.5,1.5,1.5,1.5,1.5,1.5,1.5,1.5,1.5,1.5,1.5,1.6,1.6,1.6,1.6,1.6,1.6,1.6,1.6,1.6,1.6,1.6,1.6,1.6,1.6920541497097474,1.7,1.7,1.7,1.7,1.7,1.7,1.7,1.7,1.7,1.8,1.8,1.8205547246477125,1.9,1.9,1.9,1.9,1.9,2.0,2.0,2.0,2.0,2.0,2.0,2.0,2.0,2.0,2.09121831144011,2.143198843880208,2.2,2.2,2.2,2.2,2.2207433944853903,2.3,2.3,2.3,2.3,2.5,2.5,2.5,2.5,2.5,2.5,2.5,2.5,2.7,2.7,2.7,2.7,2.7977167337233992,2.9,3.2,3.3,3.3410608664118566,3.4,3.4,3.9893644147804306,4.101090669905261
1.1994546650473745,1.2,1.3,1.4,1.4,1.5,1.6,1.7,1.7,1.7,1.7,1.7,1.7,1.8,1.8,1.8,1.8860145100745633,1.9,1.9,1.9,1.9,1.9,1.9,2.0,2.0,2.079256605514607,2.1,2.1,2.1,2.1,2.2,2.2,2.2,2.2,2.2,2.2,2.3,2.4,2.4,2.4,2.4,2.5,2.5,2.5,2.5,2.5,2.6,2.6,2.6,2.6,2.6,2.6,2.6031051118148354,2.7,2.7,2.8,2.8,2.8,2.8,2.8,2.8,2.804378489936286,2.9,2.9,2.9,2.9,2.9,2.9871246204709534,3.0,3.0,3.0,3.0,3.030680122839391,3.1,3.1,3.1,3.1,3.1,3.1,3.1,3.1,3.1,3.1997307358156037,3.2,3.2,3.2,3.2,3.2,3.2,3.2,3.2030739068521825,3.3,3.3,3.3,3.3,3.3,3.4,3.4,3.4,3.5,3.5,3.5,3.5,3.5,3.5,3.5,3.5,3.5,3.5,3.5,3.5,3.5,3.5,3.5,3.5976236808611417,3.6,3.6,3.6,3.6,3.6,3.6,3.6,3.6,3.6,3.6,3.6,3.6,3.6,3.6693198771606093,3.7,3.7,3.7,3.7,3.7,3.7,3.7,3.7,3.7,3.7,3.7,3.7,3.7,3.7,3.7,3.7584621129678397,3.8,3.8,3.8,3.8,3.8,3.8,3.8,3.8,3.8,3.9,3.9,3.9,4.0,4.0,4.0,4.067079801107314,4.2,4.2,4.2,4.2465762418859985,4.3,4.3,4.5,4.5,4.5,4.6,4.6,4.6,4.6,4.7,4.7,4.7,4.7,4.7,4.7,4.7,4.8,4.8,4.8406880822512335,4.9,4.989518608039907,5.1,5.495888882221368,5.6,5.6,5.6,5.6,5.893150201170198,5.9,5.9,5.9,6.1,6.1,6.3,6.6,6.601090669905261
0.6,1.222127117043914,1.5854855139391493,1.6,1.7,1.7,1.7,1.7003631305241729,1.8,1.8,1.8,1.9,1.9,1.9,1.9,1.9,1.9,1.9,1.9,1.9,1.9,1.9327174284142679,2.0,2.0,2.019852465712776,2.1,2.1,2.2,2.2,2.2,2.3,2.4,2.4,2.4,2.4,2.5,2.5,2.5,2.5,2.5,2.5,2.5,2.5,2.5,2.5,2.6,2.6,2.6,2.6,2.6,2.6,2.7,2.8,2.8,2.8,2.8,2.8,2.8,2.8,2.8404999223586853,2.9,2.9,2.9,2.966707318575743,3.0,3.0,3.0,3.1,3.1,3.1,3.1,3.1,3.1,3.1,3.1862229635458164,3.2,3.2,3.2,3.2,3.2,3.2,3.2,3.2,3.2,3.2,3.276920127242516,3.3,3.3,3.3,3.3,3.3,3.3,3.3,3.3,3.3,3.3,3.4,3.4,3.4,3.4,3.5,3.5,3.5,3.5,3.5,3.5,3.5,3.5,3.5,3.5,3.5,3.5,3.5,3.5,3.5,3.5,3.6,3.6,3.6,3.6,3.6,3.6,3.6,3.6,3.6,3.6,3.6,3.6,3.6,3.6,3.6,3.6,3.6,3.6,3.7,3.7,3.7,3.7,3.7,3.7,3.7,3.7,3.7,3.7,3.7,3.7,3.7,3.7,3.7,3.7,3.7,3.7,3.7,3.7,3.7,3.7,3.7,3.8,3.8,3.8,3.8,3.8,3.8,3.8,3.8,3.8,3.8,3.8,3.8,3.8,3.8431988438802076,3.996291420219933,4.0,4.0,4.0,4.0207433944853905,4.1,4.2,4.2,4.2,4.3,4.3,4.369487052929304,4.5,4.6,4.689518608039907,4.7,4.7,4.7,4.7,4.707133298446678,4.8,4.8,5.0992737389516485,5.1,5.6,5.6,5.9,5.929028972121694,6.1,6.6
0.3,0.4,0.4,0.4,0.5,0.5,0.5,0.5,0.5,0.5,0.5,0.5,0.5,0.5,0.5,0.5,0.5,0.5,0.5,0.5,0.5,0.6,0.6,0.6,0.6,0.6,0.6,0.6,0.6,0.6,0.6,0.6,0.6,0.6,0.6,0.7,0.7,0.7,0.7,0.7,0.7,0.7,0.7,0.7,0.7,0.7,0.7,0.7,0.7,0.7,0.7,0.7,0.7,0.7384542728600622,0.8,0.8,0.8,0.8,0.8,0.8,0.8,0.8,0.8,0.8,0.8,0.8,0.8,0.8,0.8,0.8,0.8,0.8,0.8,0.8,0.8,0.8,0.8,0.8,0.8,0.8,0.8,0.8,0.8,0.8,0.8,0.8,0.8,0.8,0.8,0.8,0.8030739068521826,0.9,0.9,0.9,0.9,0.9,0.9,0.9,0.9,0.9,0.9,0.9,0.9,0.9,0.9,0.9,0.9,0.9,0.9,0.9,0.9,0.9,0.9,0.9,0.9,0.9,0.948666772365334,1.0,1.0,1.0,1.0,1.0,1.0,1.0,1.0,1.0,1.0,1.0,1.0,1.0,1.0,1.0,1.0,1.0,1.0,1.0,1.0,1.0,1.0,1.0,1.0,1.0,1.0,1.0,1.0,1.0,1.1,1.1,1.1,1.2,1.2,1.2,1.2,1.3,1.3,1.3,1.4,1.4,1.4,1.4,1.4,1.4,1.4,1.4,1.4,1.4,1.4,1.4,1.4,1.4,1.4,1.4,1.4,1.4,1.4,1.4,1.4,1.4,1.4,1.4,1.4328902688179481,1.5,1.5,1.5,1.5,1.5,1.5,1.7,1.7,1.7,1.7,1.7,1.7,1.7,1.7068299354724388,1.8,1.841060866411857,1.9,2.0,2.1557457659121724,2.2
0.5994546650473747,0.7,0.7854855139391493,0.8,0.8589391335881382,0.9,0.9,1.0,1.1,1.1,1.2,1.2,1.2,1.2,1.2,1.2,1.2,1.3,1.3,1.3,1.3,1.3,1.3,1.3,1.3,1.3,1.3,1.3,1.3,1.4,1.4,1.4,1.4,1.4,1.4,1.4,1.4,1.4,1.4,1.5,1.5,1.5,1.5,1.5,1.5,1.5,1.5,1.5,1.5,1.5,1.5,1.5,1.5031051118148355,1.6,1.6,1.6,1.6,1.6,1.6,1.6,1.6,1.6,1.6,1.6,1.6,1.7,1.7,1.7,1.7,1.7,1.7,1.7,1.7,1.7,1.7,1.7,1.7,1.7,1.7,1.7,1.7,1.8,1.8,1.8,1.8,1.8,1.8,1.8,1.8,1.8,1.8,1.8,1.8,1.8,1.8,1.8,1.8,1.876311592408004,1.9,1.9,1.9,1.9,1.9,1.9,1.9,1.9,1.9,1.9,1.9,1.9,2.0,2.0,2.0,2.0,2.0,2.0,2.0,2.0,2.0,2.0,2.0,2.0,2.0,2.0,2.0,2.0,2.013777036454178,2.1,2.1,2.1,2.1,2.1,2.1,2.1,2.1,2.1,2.1,2.133292681424257,2.2,2.2,2.2,2.2,2.2,2.2,2.2,2.2,2.2267012041614294,2.3,2.3,2.3,2.4,2.4,2.4,2.4,2.4,2.4,2.4,2.4,2.4,2.4,2.4,2.4,2.4,2.4,2.4,2.4,2.5,2.5,2.5,2.5,2.5,2.5,2.5,2.6,2.6,2.6,2.7,2.740990970180974,2.8,2.8,2.8,2.9,2.9,2.9,2.9,2.9,3.0,3.0,3.0312240387354508,3.1,3.1,3.1,3.1,3.2,3.2,3.3,3.4,3.5,3.5,3.8,4.604362679621044
0.6,0.7,0.8,0.8,0.8,0.9,0.9,1.0,1.0,1.0996092814346328,1.1,1.2,1.2,1.2,1.2,1.2,1.2,1.2,1.2,1.2,1.2671097311820503,1.3,1.3,1.3,1.3,1.3,1.3,1.3,1.3,1.3,1.3,1.4,1.4,1.4,1.4,1.4,1.4,1.4,1.4,1.4,1.4,1.4,1.4,1.4,1.4,1.4,1.4,1.5,1.5,1.5,1.5,1.5,1.5,1.5,1.5,1.5,1.5,1.5,1.5,1.6,1.6,1.6,1.6,1.6,1.6,1.6,1.6,1.6,1.6,1.6,1.6,1.6,1.7,1.7,1.7,1.7,1.7,1.7,1.7,1.7,1.7,1.7,1.7,1.7,1.8,1.8,1.8,1.8,1.8,1.8,1.8,1.8,1.852870569242148,1.9,1.9,1.9,1.9,1.9,1.9,1.9,1.9,1.9,1.9,1.9,1.9,1.9,1.9,1.9,1.9,1.9,1.9,1.9,1.9,1.9,1.9,1.9230798727574836,2.0,2.0,2.0,2.0,2.0,2.0,2.0,2.0,2.0,2.0,2.0,2.0,2.0,2.0,2.0,2.0,2.0,2.0,2.0,2.1,2.1,2.1,2.1,2.1,2.1,2.1,2.1,2.1,2.1,2.1,2.1,2.1,2.1,2.132765281195782,2.2,2.2,2.2,2.2,2.2,2.2,2.2,2.3,2.3,2.3,2.3,2.3,2.3,2.4,2.4,2.4,2.4,2.4,2.4,2.4,2.4,2.5,2.5,2.5,2.5,2.5,2.5,2.5,2.503343888618275,2.6,2.6,2.7,2.7,2.7,2.7,2.789518608039907,2.8,2.8,2.8,2.9,2.9,2.9,3.0,3.0,3.1,3.2202076077128368,3.3,3.4,3.5,3.6557457659121724,3.902181339810522
0.1,0.1,0.18548551393914928,0.2,0.2,0.2,0.2,0.2,0.2,0.2,0.2,0.2,0.2,0.2,0.2,0.2,0.2,0.2,0.2,0.2,0.2,0.2,0.2,0.2,0.2,0.2,0.2,0.2,0.2,0.2,0.2,0.2,0.2,0.2,0.2,0.2,0.2,0.2,0.2,0.2,0.2,0.2,0.2,0.2,0.2,0.2,0.2,0.2,0.2,0.2,0.2,0.2,0.2,0.2,0.2,0.2,0.2,0.2,0.2,0.2,0.2,0.2,0.2,0.2,0.2,0.2,0.2,0.2,0.2,0.2,0.2,0.2,0.2,0.2,0.2,0.2,0.2,0.2,0.2,0.2,0.2,0.2,0.2,0.2,0.2,0.2,0.2,0.2,0.2,0.2,0.2,0.2,0.2,0.2,0.3,0.3,0.3,0.3,0.3,0.3,0.3,0.3,0.3,0.3,0.3,0.3,0.3,0.3,0.3,0.3,0.3,0.3,0.3,0.3,0.3,0.3,0.3,0.3,0.3,0.3,0.3,0.3,0.3,0.3,0.3,0.3,0.3,0.4,0.4,0.4,0.4,0.4,0.4,0.4,0.4,0.4,0.4,0.4,0.4,0.4,0.4,0.4,0.4,0.4,0.4,0.4,0.4,0.4,0.4,0.4,0.4,0.4,0.4,0.4,0.4,0.4,0.4,0.4,0.4,0.4,0.4,0.4,0.4,0.4,0.4,0.4,0.4,0.4,0.4,0.4,0.4,0.4,0.4,0.4,0.4,0.4,0.4,0.4,0.4,0.4,0.4,0.4,0.46948705292930415,0.5,0.5,0.5,0.5,0.5,0.5,0.6,0.6,0.6,0.6,0.6,0.7,0.7,0.7,0.7713626571738246,0.9,0.9,1.002726674763153
0.3,0.4,0.5,0.5,0.5,0.6,0.6,0.6,0.6,0.6,0.6,0.6,0.7,0.7,0.7,0.7,0.7,0.8,0.8,0.8,0.8,0.8,0.8,0.8,0.8,0.8,0.8,0.8,0.8,0.8,0.8,0.8,0.8,0.8,0.8,0.8,0.8,0.8,0.8,0.8,0.8,0.8,0.9,0.9,0.9,0.9,0.9,0.9,0.9,0.9,0.9,0.9,0.9,0.9,0.9,0.9,0.9,0.9,0.9,0.9,0.9,0.9,0.9,0.9,0.9,0.9,0.9,0.9,0.9164165237127208,1.0,1.0,1.0,1.0,1.0,1.0,1.0,1.0,1.0,1.0,1.1,1.1,1.1,1.1,1.2,1.2,1.2,1.2,1.2,1.2,1.2,1.2,1.2280109262911054,1.3,1.3,1.3,1.3,1.3,1.3,1.3,1.3,1.3,1.3,1.3,1.3236884075919988,1.4,1.4,1.4,1.4,1.4,1.4,1.4,1.4,1.4,1.4,1.4,1.4,1.4,1.4,1.4,1.4,1.4,1.4,1.4,1.4,1.4,1.4,1.4,1.4,1.4,1.4,1.4,1.4,1.4,1.4,1.4424803955893424,1.5,1.5,1.5,1.5,1.5,1.5,1.5,1.5,1.5,1.5,1.5,1.5,1.5,1.5,1.5,1.5,1.5,1.5436777716743393,1.6,1.6,1.6,1.6,1.7,1.7,1.7,1.7,1.7,1.7,1.7,1.7,1.7,1.7,1.7,1.7,1.7,1.7,1.7,1.7,1.7,1.7,1.7,1.7,1.7,1.7,1.7,1.7,1.7,1.7,1.7,1.7139854899254374,1.8,1.8,1.8,1.8,1.9,1.9,1.9,2.0,2.0,2.0,2.0,2.0,2.071362657173825,2.2435434581825406,2.577872882956086,2.7010906699052613
0.2,0.4,0.5,0.5,0.5,0.5,0.5,0.6,0.6,0.6,0.6,0.6,0.6,0.6,0.6,0.6,0.6,0.6593119177487657,0.7,0.7,0.7,0.7,0.7,0.7,0.7198524657127763,0.8,0.8,0.8,0.8,0.8,0.8,0.8,0.8,0.8,0.8,0.8,0.8,0.8,0.8,0.8,0.8,0.8,0.8,0.8,0.8,0.8,0.8,0.8,0.8,0.8,0.8,0.8,0.8,0.8,0.8,0.9,0.9,0.9,0.9,0.9,0.9,0.9,0.9,0.9,0.9,0.9,0.9,0.9,0.9,0.9,0.9,0.9,0.9,0.9,0.9,0.9,0.9,0.9,0.9,0.9,0.9,0.9,0.9997307358156036,1.0,1.0,1.0,1.0,1.0,1.0,1.0,1.0,1.0,1.0528705692421483,1.1,1.1,1.1,1.1,1.2,1.2,1.2,1.2,1.2,1.2,1.2,1.2,1.2729278915505744,1.3,1.3,1.3,1.3,1.3,1.3,1.3,1.3,1.3,1.3,1.3,1.3,1.3,1.3,1.3,1.3,1.3,1.332212223747814,1.4,1.4,1.4,1.4,1.4,1.4,1.4,1.4,1.4,1.4,1.4,1.4,1.4,1.4,1.4,1.4,1.4,1.4,1.4,1.4,1.4,1.4,1.4,1.4,1.4,1.4,1.4,1.4,1.4,1.4,1.4,1.4,1.4,1.5,1.5,1.5,1.5,1.5,1.5,1.5,1.5,1.5,1.5,1.5,1.5403068909801563,1.6,1.7,1.7,1.7,1.7,1.7,1.7,1.7,1.7,1.7,1.7,1.7,1.7,1.7,1.7,1.7,1.7,1.767445006307696,1.8,1.8,1.8,1.807133298446678,1.9,1.9977167337233994,2.0,2.1,2.2,2.2,2.442725314347649,2.5,2.6778728829560863,3.101636004857892
0.2,0.2,0.2854855139391493,0.3,0.3,0.3,0.3,0.3,0.3,0.3,0.3,0.4,0.4,0.4,0.4,0.4,0.4,0.4,0.4,0.4,0.4,0.4,0.4,0.4,0.4,0.4,0.4,0.4,0.4,0.4,0.4,0.4,0.4,0.4,0.4,0.4,0.4,0.4,0.4,0.4,0.4,0.4,0.4,0.4,0.4,0.4,0.4,0.4,0.4,0.4,0.4,0.4,0.4,0.4,0.4,0.4,0.4,0.4,0.5,0.5,0.5,0.5,0.5,0.5,0.5,0.5,0.5,0.5,0.5,0.5,0.5,0.5,0.5,0.5,0.5,0.5,0.5,0.5,0.5,0.5,0.5,0.5,0.5,0.5,0.5,0.5,0.5,0.5,0.5,0.5,0.5,0.5,0.5,0.5,0.5,0.5,0.5,0.5,0.5,0.5,0.5,0.5,0.5,0.5,0.5,0.5,0.5,0.5,0.5,0.5,0.5,0.5,0.5,0.5,0.5,0.5,0.5,0.5,0.5,0.5,0.5,0.5,0.5,0.5,0.5591808414844934,0.6,0.6,0.6,0.6,0.6,0.6,0.6,0.6,0.6,0.6,0.6,0.6,0.6,0.6,0.6,0.6,0.7,0.7,0.7,0.7,0.7,0.7,0.7,0.7,0.7,0.7,0.7,0.7,0.7,0.7,0.7,0.7,0.7,0.7,0.7,0.7,0.7107266901243974,0.8,0.8,0.8,0.8,0.8,0.8,0.8,0.8,0.8,0.8,0.8,0.8,0.8,0.8,0.8,0.8409909701809739,0.9,0.9,0.9,0.9,0.9,0.9,0.9,0.9,0.9,0.9,0.9,0.9,0.9,0.9,0.9,0.9,0.9,0.9,0.9,1.0,1.3145144860608469,1.5,1.5
1.0994546650473747,1.2,1.385485513939149,1.4,1.5,1.6,1.6,1.6,1.6,1.7,1.7,1.7,1.7687759612645444,1.8,1.8,1.8,1.8,1.8,1.8,1.9,1.9,2.032717428414268,2.1,2.1,2.1,2.1,2.1,2.1,2.1,2.2,2.2,2.2,2.2,2.2,2.2,2.2,2.2,2.2,2.2,2.2,2.2,2.2,2.2,2.2,2.3,2.3,2.3,2.3,2.3,2.3,2.3,2.3,2.3,2.3,2.3,2.4,2.4,2.4,2.4,2.4,2.4,2.4,2.435730053136092,2.566707318575743,2.6,2.6,2.6,2.6,2.6,2.6,2.6,2.6025276233258667,2.7,2.7,2.7,2.7,2.7,2.7,2.7,2.7,2.7,2.7736966480707363,2.8,2.8,2.8,2.8,2.8,2.8,2.8,2.8,2.8,2.8,2.8,2.8,2.8,2.827072108449437,2.9,2.9,2.9,2.9,2.9,2.9,2.9,2.9,2.9,2.9,2.9,2.9,2.9,2.9,2.9,2.9,2.94706730690055,3.0,3.0,3.1,3.1,3.1,3.1,3.1,3.1,3.1,3.1,3.1,3.1,3.1,3.1,3.1,3.2,3.2,3.2,3.2,3.2,3.2,3.2,3.2,3.2,3.2,3.2,3.2,3.2,3.2,3.2,3.2,3.3,3.3,3.3,3.3,3.3,3.3,3.3,3.3,3.3,3.3,3.3,3.3,3.3,3.3,3.3,3.3,3.3,3.4,3.455172771262977,3.5,3.5,3.5,3.5,3.5,3.5,3.5,3.6,3.6,3.6,3.6,3.6,3.6,3.6,3.6,3.7,3.7,3.7,3.7,3.7,3.7,3.8,3.8,3.8,3.8,3.8,3.8,3.8071332984466775,3.9,3.9977167337233994,4.0,4.1,4.2,4.241060866411857,4.4,4.6,4.877872882956086,5.007089354384197
0.6,0.7,0.8,0.9286373428261779,1.0589391335881382,1.1,1.1,1.1,1.1022832662765965,1.2,1.2,1.2,1.2,1.2,1.2,1.2,1.2,1.2,1.3,1.3,1.3,1.3,1.3966561113817306,1.4,1.4,1.4,1.4372862721435709,1.5,1.5,1.5,1.5,1.5,1.5,1.6,1.6,1.6,1.6,1.6,1.6,1.6,1.6,1.6,1.617922626012691,1.7,1.7,1.7,1.7,1.7,1.7,1.7,1.7,1.7,1.7,1.7,1.7,1.7,1.7,1.7,1.8,1.8,1.8,1.8,1.8,1.8,1.8,1.8,1.8,1.8,1.8,1.8,1.8,1.9,1.9,1.9,1.9,1.9,1.9,1.9,1.9,1.9,1.9,1.9,1.9,1.9,1.9,1.9,1.9,1.9,2.0,2.0,2.0,2.0,2.0,2.0,2.1,2.1,2.1,2.1,2.1,2.1,2.1,2.1,2.1,2.1,2.1,2.1,2.1,2.1,2.2,2.2,2.2,2.2,2.2,2.2,2.2,2.2,2.3,2.3,2.3,2.3,2.3,2.3,2.3,2.3,2.3,2.3863657473303133,2.4,2.4,2.4,2.4,2.4,2.4,2.4,2.4,2.4,2.4,2.5,2.5,2.564269946863908,2.6,2.6,2.6,2.6920541497097474,2.7,2.7,2.7,2.7,2.7,2.7,2.7,2.7,2.7,2.7,2.781809911496833,2.8,2.8,2.8,2.8,2.8,2.8,2.8,2.9,2.9,2.9,3.0,3.1,3.1,3.1,3.1,3.1,3.1,3.1,3.1,3.2,3.2,3.2,3.2,3.2,3.2,3.2,3.2,3.2002582456110193,3.3,3.3,3.3,3.3,3.3,3.3,3.3,3.3,3.3071332984466775,3.5,3.5,3.5,3.5,3.5,3.541060866411857,3.6,3.714514486060847,3.8,4.4
0.2994546650473746,0.4,0.4854855139391493,0.5,0.5,0.5,0.5,0.5,0.5,0.5,0.5928667015533229,0.6,0.6,0.6,0.6,0.6,0.6,0.6,0.6,0.6,0.6,0.6,0.6,0.6,0.6,0.6,0.6,0.6,0.6,0.7,0.7,0.7,0.7,0.7,0.7,0.7,0.7,0.7,0.7,0.7,0.7,0.7,0.7,0.7,0.7,0.7,0.7,0.7,0.7563222283256664,0.8,0.8,0.8,0.8,0.8,0.8,0.8,0.8,0.8,0.8,0.8,0.8,0.8,0.8,0.8,0.8,0.8,0.8,0.8,0.8,0.8,0.8,0.8,0.8,0.8,0.8862229635458164,0.9,0.9,0.9,0.9,0.9,0.9,0.9,0.9,0.9,0.9,0.9,0.9,0.9,0.9,1.0,1.0,1.0,1.0,1.0,1.0,1.0,1.0,1.0,1.1,1.1,1.1,1.1,1.1,1.1,1.1,1.1729278915505745,1.2,1.2,1.2,1.2,1.2,1.2,1.2,1.2,1.2,1.2,1.2,1.2,1.2,1.2,1.2,1.2,1.2,1.2,1.2,1.3,1.3,1.3,1.3,1.3,1.3,1.3,1.3,1.3,1.3,1.3,1.3,1.3,1.3,1.3,1.3,1.3,1.4,1.4,1.4,1.4,1.4,1.4,1.4,1.4,1.4,1.4,1.4436777716743392,1.5,1.5,1.5,1.5,1.5,1.5,1.5,1.5,1.5,1.5,1.5004461397505906,1.6,1.6,1.7,1.7,1.7,1.7,1.7,1.7,1.7,1.7,1.7,1.7,1.7,1.7,1.7,1.7,1.7,1.8,1.8,1.8,1.8,1.8,1.9,1.9,1.9,1.9,1.9,2.0,2.0,2.0,2.1,2.2,2.3,2.3,2.5290289721216936,3.2336186488682586,3.5
0.6,0.7,0.9854855139391493,1.028637342826178,1.2,1.2797923922871657,1.4,1.4,1.4,1.5,1.5,1.5,1.5,1.6,1.6,1.6,1.6,1.7,1.7,1.7,1.7,1.7,1.7,1.8,1.8,1.8,1.8,1.8,1.8,1.8,1.8,1.8,1.8,1.8,1.858468122724821,1.9,1.9,1.9,1.9,1.9,1.9,1.9,1.9,1.9,2.0,2.0,2.0,2.0,2.0,2.0,2.0,2.0,2.0,2.0384542728600623,2.1,2.1,2.1,2.1,2.1,2.1,2.1,2.2,2.2,2.2,2.2,2.2,2.2,2.2,2.2,2.2,2.2,2.2,2.230680122839391,2.3,2.3,2.313634252669689,2.4,2.4,2.4,2.4,2.4,2.4,2.4,2.4,2.4,2.4,2.402376319138855,2.5,2.6,2.6,2.6,2.6,2.6,2.6,2.6,2.6,2.6,2.6,2.6,2.6,2.7,2.7,2.7,2.7,2.7,2.8,2.8,2.8,2.8,2.8,2.8,2.8,2.8,2.8,2.8,2.8,2.8,2.8,2.8,2.8,2.8,2.9,2.9,2.9,2.9,2.9,2.9,2.9,2.9,2.997472376674125,3.0,3.0,3.0,3.1,3.1,3.1,3.2,3.2,3.2,3.2,3.2273604303772347,3.3,3.3,3.3,3.3,3.3923452141771633,3.4,3.4,3.4,3.4,3.4,3.4,3.4,3.4,3.4,3.4,3.4,3.4,3.4,3.4,3.4,3.4,3.4,3.4,3.5,3.5,3.5,3.5,3.5,3.5,3.5,3.5,3.5,3.5,3.5,3.5,3.5,3.5,3.6,3.6,3.6,3.6,3.6,3.6,3.6139854899254376,3.7,3.7,3.7,3.8,3.8,3.8,3.8,3.8,3.8,3.8,3.9,4.2,4.2,4.3,4.677872882956086,6.321813398105223
0.5,0.6,0.7,0.7286373428261779,0.9,0.9797923922871657,1.0,1.1,1.1,1.1996092814346326,1.2,1.2,1.2,1.2,1.2,1.2,1.2,1.3,1.3,1.3,1.3,1.3327174284142678,1.4,1.4,1.4,1.4,1.4,1.4,1.5,1.5,1.5,1.5,1.5,1.5,1.5,1.5,1.5,1.5,1.5,1.5,1.5,1.5,1.5,1.5,1.6,1.6,1.6,1.6,1.6,1.6938612343310382,1.7,1.7,1.7,1.7,1.7,1.7,1.7,1.7,1.7079458502902525,1.8,1.8,1.8,1.8,1.8,1.8,1.8,1.8,1.8,1.8,1.8454068260374243,1.9,1.9,1.9,1.9,1.9,1.9,1.9,1.9,1.9,1.9,1.9,1.9,2.0,2.0,2.0,2.0,2.0,2.0,2.0,2.0,2.0,2.0,2.0,2.0,2.0,2.0,2.0,2.0,2.0,2.0,2.0,2.0,2.0,2.0,2.0,2.0,2.0,2.0,2.0,2.0,2.0,2.0,2.0,2.0,2.0,2.0,2.0,2.0,2.0,2.0,2.0,2.0,2.0,2.0,2.0,2.0,2.0,2.0,2.0,2.0,2.0,2.0,2.0,2.0,2.0,2.0,2.0,2.0,2.0,2.0,2.0,2.0,2.0,2.025036691116378,2.1,2.1,2.1,2.1,2.1,2.1,2.1,2.1,2.1,2.1,2.1,2.1,2.1,2.1,2.1,2.1,2.1,2.1,2.1,2.1,2.1,2.1,2.1,2.1,2.1,2.1912183114401103,2.2,2.2,2.2,2.2,2.2,2.2,2.2,2.2,2.3,2.3672825715857355,2.4,2.4,2.4,2.5406880822512337,2.6139854899254376,2.789518608039907,2.867445006307696,2.9,3.0,3.1,3.2,3.3,3.4,3.4,3.4,3.4,3.4410608664118567,3.5,3.5,3.577872882956086,3.8027266747631527
0.1,0.2,0.2,0.2,0.2,0.2,0.2,0.2,0.2,0.2996092814346326,0.3,0.3,0.3,0.3,0.3,0.3,0.3,0.3,0.3,0.3,0.3,0.3,0.3,0.3,0.3,0.3,0.3,0.3,0.3,0.4,0.4,0.4,0.4,0.4,0.4,0.4,0.4,0.4,0.4,0.4,0.4,0.4,0.5,0.5,0.5,0.5,0.5,0.5,0.5,0.5,0.5,0.5,0.5,0.5,0.5,0.507654785822831,0.6,0.6,0.6,0.6,0.6,0.6,0.6,0.6,0.6,0.6,0.6,0.6,0.6,0.6,0.6,0.6,0.6,0.6,0.6,0.6,0.6,0.6,0.6,0.6,0.6,0.6,0.6,0.6,0.6,0.6,0.6,0.6,0.6,0.6,0.6,0.6,0.6,0.6,0.6,0.6,0.6,0.6,0.6,0.6,0.6,0.6,0.6,0.6,0.6,0.6,0.6,0.6,0.6,0.7,0.7,0.7,0.7,0.7,0.7,0.7,0.7,0.7,0.7,0.7,0.7,0.7,0.7,0.7,0.7,0.7,0.7,0.7,0.7,0.7,0.7,0.7,0.7,0.7,0.7,0.7,0.7,0.7,0.7,0.7,0.7,0.7,0.8,0.8,0.8,0.8,0.8,0.8,0.8,0.8,0.8,0.8,0.8,0.8,0.8,0.8,0.8,0.8,0.8,0.8,0.8,0.8,0.9,0.9,0.9,0.9,0.9,0.9,0.9,0.9,0.9,0.9,0.9,0.9,0.9,0.9,0.9,0.9,0.9,0.9,0.9,0.9,0.9694870529293041,1.1406880822512335,1.2,1.2,1.2,1.2,1.2,1.2,1.2071332984466778,1.3,1.4,1.4,1.5,1.5,1.5,1.5,1.6,1.7,2.0
0.5,0.6,0.6854855139391492,0.7,0.7,0.7,0.7,0.8,0.8,0.8,0.8,0.8,0.8,0.8,0.8,0.8,0.8,0.8,0.8,0.8,0.9,0.9,0.9,0.9,0.9,0.9,1.0,1.0,1.0,1.0,1.0,1.1,1.1,1.1,1.2,1.2,1.2,1.2,1.2,1.2,1.2,1.2,1.2,1.2,1.2,1.2,1.2,1.2,1.2,1.2,1.2,1.2,1.2,1.2,1.2732987958385678,1.3,1.3,1.3,1.3,1.3,1.3,1.3,1.3,1.3,1.3,1.3,1.3575196044106632,1.4,1.4,1.4,1.4,1.4,1.4,1.4,1.4,1.4,1.5,1.5,1.5,1.5,1.5,1.5,1.5,1.5,1.5,1.5,1.5,1.5,1.5,1.5,1.5,1.5,1.5,1.5,1.5,1.5,1.5,1.5,1.6,1.6,1.6,1.6,1.6,1.6,1.6,1.6,1.6,1.6,1.6,1.6,1.6,1.6,1.6,1.6,1.6976236808611418,1.7,1.7,1.7,1.7,1.7,1.7,1.7,1.7,1.7,1.7,1.8,1.8,1.8,1.8,1.8,1.8,1.8,1.8,1.8,1.8,1.9,1.9,1.9,1.9,1.9,1.9,1.9,1.9,1.9,1.9,2.0,2.0,2.0,2.0,2.0,2.0,2.0,2.0,2.0,2.0,2.0,2.0,2.1,2.1,2.1,2.1,2.1,2.1,2.1,2.1,2.193593987845253,2.2,2.2,2.3,2.39121831144011,2.4,2.4,2.4,2.4,2.4,2.5,2.5,2.5,2.5,2.5,2.5328902688179484,2.6002582456110193,2.7,2.7,2.7,2.8,2.867445006307696,3.0,3.0,3.0,3.0,3.0,3.0,3.1,3.1,3.2202076077128368,3.3,3.3713626571738247,3.5,3.777872882956086,4.500545334952631
0.2,0.6,0.6,0.6,0.7,0.7,0.7,0.7,0.7,0.7,0.7,0.8,0.8,0.8,0.8,0.8,0.8,0.8,0.8,0.8,0.8,0.8,0.8,0.8,0.8,0.8,0.8,0.8,0.8,0.8,0.8,0.8,0.8596931090198411,0.9,0.9,0.9,0.9,0.9,0.9,0.9,0.9,0.9,0.9,0.9,1.0,1.0,1.0,1.0,1.0,1.0,1.0,1.0,1.1,1.1,1.1,1.1,1.2,1.2,1.2,1.2,1.2,1.2,1.2,1.2,1.2,1.2,1.2,1.2,1.2,1.2,1.2,1.2,1.2,1.2,1.2,1.2,1.2,1.3,1.3,1.3,1.3,1.3,1.3,1.3,1.3,1.3,1.3,1.3,1.3,1.3,1.3030739068521826,1.4,1.4,1.4,1.4,1.4,1.4,1.4,1.4,1.4254485778107464,1.5,1.5,1.5,1.5,1.5,1.5,1.5,1.5,1.5,1.5,1.5,1.5,1.5,1.5,1.5,1.5,1.5,1.5,1.5,1.5,1.5,1.5788841473321953,1.6,1.6,1.6,1.6,1.6,1.6,1.6,1.6,1.6,1.6,1.6,1.6,1.6,1.6,1.6,1.6,1.6,1.6956215100637166,1.7,1.7,1.7,1.7,1.7,1.7,1.7,1.8,1.8,1.8,1.8,1.8,1.8,1.8,1.8,1.8,1.8,1.9,1.9,1.9,1.9,1.9,1.9,1.9,1.9,2.0,2.0,2.0,2.0,2.0,2.0,2.0,2.0,2.1,2.1,2.1,2.1,2.1,2.1,2.1,2.1,2.2,2.2,2.3,2.4,2.4,2.4,2.447944441110684,2.5,2.5,2.5071332984466776,2.6,2.7,2.8,2.8,3.0,3.0,3.171362657173825,3.214514486060847,3.5,4.510361364099981
0.1,0.2,0.2,0.2,0.2,0.2,0.2,0.2,0.2,0.2,0.2,0.2,0.2,0.2,0.2,0.2,0.2,0.2,0.2,0.2,0.2,0.2,0.2,0.2,0.2,0.2,0.2,0.2,0.2,0.2,0.2,0.2,0.2,0.2,0.2,0.2,0.2,0.2,0.2,0.2,0.2,0.2,0.2,0.2,0.2,0.2,0.3,0.3,0.3,0.3,0.3,0.3,0.3,0.3,0.3,0.3,0.3,0.3,0.3,0.3,0.3,0.3,0.3,0.3,0.3,0.3,0.3,0.3871246204709536,0.4,0.4,0.4,0.4,0.4,0.4,0.4,0.4,0.4,0.4,0.4,0.4,0.4,0.4,0.4,0.4,0.4,0.4,0.4,0.4,0.4,0.4,0.4,0.4,0.4,0.4,0.4,0.4,0.4,0.4,0.4,0.5,0.5,0.5,0.5,0.5,0.5,0.5,0.5,0.5,0.5,0.5,0.5,0.5,0.5,0.5,0.5,0.5,0.5,0.5,0.5,0.5,0.5,0.5,0.5054499355826124,0.6,0.6,0.6,0.6,0.6,0.6,0.6,0.6,0.6,0.6,0.6,0.6,0.6,0.6,0.6,0.6,0.6,0.6,0.6,0.6,0.6,0.6,0.6,0.6,0.6,0.6,0.6,0.6,0.6,0.6,0.6,0.6,0.6,0.6999641242801373,0.7,0.7,0.7,0.7,0.7,0.7,0.7,0.7,0.793593987845253,0.8,0.8,0.8,0.8,0.8,0.8,0.8,0.8,0.8,0.8,0.8,0.8,0.8,0.8,0.8,0.9,0.9,0.9,0.9,0.9895186080399071,1.0,1.095888882221368,1.2,1.2,1.2,1.2003907185653644,1.3,1.3,1.3,1.3202076077128369,1.4,1.5,1.5,1.5,1.7043626796210447
0.6,0.7,0.8,1.1,1.2,1.2,1.2,1.3,1.3,1.3,1.4,1.4,1.5,1.5,1.5,1.5,1.5,1.5,1.6,1.6,1.6,1.6,1.7,1.7,1.7,1.8,1.8,1.8,1.8,1.8,1.8,1.8,1.8,1.8,1.8,1.8,1.8,1.8,1.8,1.9,1.9,1.9,1.9,1.9,1.9,1.9,1.9,1.9,1.9,1.9,2.0,2.0,2.0,2.0,2.073298795838568,2.1,2.1,2.1,2.1,2.1,2.2,2.2,2.2,2.2,2.297323051621021,2.3,2.3,2.3,2.3,2.345406826037424,2.4,2.4,2.4,2.4,2.4,2.4,2.4,2.4,2.4,2.4,2.4,2.4,2.4,2.4,2.4,2.4,2.4,2.4,2.5,2.5,2.5,2.5,2.5,2.6,2.6,2.6,2.7,2.7,2.7,2.7,2.7,2.7,2.7,2.7,2.7,2.7,2.7,2.7,2.8,2.8,2.8,2.8,2.8,2.8,2.9,2.9,2.9,2.9,2.9,2.9,2.9,2.9,3.0,3.0,3.0,3.0,3.0,3.0,3.0,3.0,3.0,3.0,3.0,3.0,3.0,3.0,3.0,3.0,3.0,3.0,3.0,3.0,3.0920541497097473,3.1,3.1,3.1,3.1,3.1,3.1,3.1,3.1,3.1,3.1,3.1,3.1,3.1,3.1,3.1,3.1,3.1,3.1,3.1,3.1,3.2,3.2,3.2,3.2,3.2,3.2,3.2,3.2,3.2962914202199327,3.3,3.3,3.3627137278564305,3.4,3.4,3.5,3.5,3.5,3.5328902688179484,3.6,3.6,3.7,3.7139854899254376,3.8,3.8,4.1,4.53122403873545,5.0,5.0,5.4,5.893150201170198,5.9,5.9,6.3,6.3,6.514087971521473,6.9,8.477872882956087,8.80818002428946
0.6,0.7,0.7,0.828637342826178,1.0,1.0,1.1931700645275616,1.2,1.2,1.2996092814346327,1.3,1.3,1.3,1.3520555588893195,1.4,1.4,1.4,1.5,1.5,1.5,1.5,1.5,1.5,1.5,1.5,1.5,1.5,1.5,1.6,1.6,1.6,1.6,1.6,1.6,1.6,1.7,1.7,1.7,1.7,1.7,1.7,1.8,1.8,1.8,1.8,1.8,1.8,1.8,1.8,1.8,1.8,1.8,1.8,1.8,1.8732987958385678,1.9,1.9,1.9,1.9,1.9,1.9,1.9,1.9,1.9,1.9,1.9,1.9,1.9,1.9,1.9,1.974106826669302,2.0,2.0,2.0,2.0,2.0,2.0,2.0,2.0,2.1,2.1,2.1,2.1,2.1,2.1,2.1,2.1023763191388554,2.2,2.2,2.2,2.2,2.2,2.2528705692421482,2.3,2.3,2.3,2.3517089421772566,2.4,2.4,2.4,2.4,2.4,2.4,2.4,2.4,2.4,2.4,2.4,2.4,2.4,2.496926093147823,2.5,2.5,2.5,2.5,2.5,2.5,2.5,2.5,2.526303351929255,2.6,2.6,2.6,2.632212223747814,2.7,2.7,2.7,2.7,2.7,2.7,2.7,2.7,2.7,2.7,2.8,2.8,2.8,2.8,2.864269946863908,2.9,2.9,2.9,2.9,2.9,2.9,2.9923452141771634,3.0,3.0,3.0,3.0,3.0,3.0,3.0,3.0,3.0,3.0,3.0,3.1,3.1,3.1,3.1,3.1,3.1,3.1,3.1,3.1,3.1,3.1,3.140306890980156,3.2,3.2,3.2,3.2,3.3,3.3,3.3207433944853904,3.4,3.4,3.4,3.5,3.5,3.5,3.6,3.7,3.7,3.7,3.8,3.8,4.03122403873545,4.517525236657525,5.0,5.200781437130729,5.4,5.9,5.9,6.3,6.3,6.514087971521473,7.1322317769735495,8.8,10.303817344668415
0.19945466504737464,0.2,0.2,0.2,0.2,0.2,0.2,0.2,0.2,0.2,0.2,0.2,0.3,0.3,0.3,0.3,0.3,0.3,0.3,0.3,0.3,0.3,0.3,0.3,0.3,0.3,0.3,0.39400154393442083,0.4,0.4,0.4,0.4,0.4,0.4,0.5,0.5,0.5,0.5,0.5,0.5,0.5,0.5,0.5,0.5,0.5,0.5,0.5,0.5,0.5,0.5,0.5,0.5,0.5,0.5,0.5,0.5,0.5,0.5,0.6,0.6,0.6,0.6,0.6,0.6,0.6,0.6,0.6,0.6,0.6,0.6,0.6,0.6,0.6,0.6,0.6,0.6,0.6,0.6,0.6,0.6,0.6,0.6,0.6,0.6,0.6,0.6,0.6,0.6,0.6,0.6,0.6,0.6,0.6,0.6,0.6,0.6,0.6,0.6,0.6,0.6,0.6,0.6,0.6,0.6,0.6482910578227461,0.7,0.7,0.7,0.7,0.7,0.7,0.7,0.7,0.7,0.7,0.7,0.7,0.7,0.7,0.7,0.7,0.7,0.7,0.7,0.7,0.7,0.7,0.7,0.7,0.7,0.7,0.7,0.7,0.7,0.7,0.7,0.7,0.8,0.8,0.8,0.8,0.8,0.8,0.8,0.8,0.8,0.8,0.8,0.8,0.8,0.8,0.8,0.8,0.8,0.8,0.8,0.8,0.8,0.8,0.8,0.8,0.8,0.8,0.8,0.8,0.8,0.9,0.9,0.9,0.9,0.9,0.9,1.0,1.0,1.0,1.0,1.0,1.0409909701809739,1.2,1.2,1.2,1.2,1.2,1.3,1.3,1.3,1.3,1.3,1.3,1.3,1.3,1.3,1.3,1.3996368694758246,1.4,1.5,1.5,1.5,1.5145144860608468,1.7,1.8010906699052611
0.2,0.5221271170439141,0.6,0.6,0.7,0.7,0.7,0.8,0.8,0.8,0.8,0.9,0.9,0.9,0.9,0.9,0.9,0.9,0.9,0.9,0.9,0.9,0.9966561113817306,1.0,1.0,1.0,1.0,1.0,1.0,1.0,1.0,1.0,1.0,1.1,1.1,1.1,1.1,1.1,1.1,1.1,1.1,1.1,1.1,1.1,1.1,1.1,1.1,1.1,1.1,1.1,1.1,1.1,1.1,1.1384542728600622,1.2,1.2,1.2,1.2,1.2,1.2,1.2,1.2,1.2,1.2667073185757431,1.3,1.3,1.3,1.3,1.3,1.3,1.3,1.3,1.3,1.3,1.3,1.3,1.3,1.3,1.3,1.3,1.3,1.3,1.3,1.3,1.3,1.4,1.4,1.4,1.4,1.4,1.4,1.4280109262911054,1.5,1.5,1.5,1.5,1.5,1.6,1.6,1.6,1.6,1.6,1.6,1.6,1.6,1.6,1.6,1.6,1.6,1.6,1.6,1.6,1.6,1.6,1.6,1.6,1.648666772365334,1.7,1.7,1.7,1.7,1.7,1.7,1.7,1.7,1.7,1.7,1.7,1.7,1.7,1.7,1.8,1.8,1.8,1.8,1.8,1.9,1.9,1.9,1.9,1.9,1.9,1.9,1.9,1.9,1.9,1.9267012041614293,2.0,2.0,2.0,2.0,2.0,2.0,2.0,2.1,2.1,2.1,2.1,2.1,2.1,2.1,2.1,2.1551727712629773,2.2,2.2,2.2,2.2,2.2,2.2,2.2,2.2,2.2,2.2,2.3,2.3,2.4,2.5,2.6,2.6,2.6,2.6,2.6,2.6,2.6,2.6,2.6,2.7,2.7,2.7,2.7,2.707133298446678,2.8,2.9977167337233994,3.1,3.1,3.3,3.3,3.3713626571738247,3.6290289721216937,3.8,3.801090669905261
0.49836399514212393,0.6,0.6,0.6,0.7,0.7,0.7,0.8,0.8,0.8,0.8928667015533229,0.9,0.9,0.9,0.9,0.9,0.9,0.9,0.9,0.9,0.9,0.9,0.9,1.0,1.0,1.0,1.0,1.0,1.0,1.0,1.0,1.0,1.0,1.0,1.0,1.1,1.1,1.1,1.1,1.1,1.1,1.1,1.1,1.1,1.1,1.1,1.1,1.1,1.1,1.1938612343310382,1.2,1.2,1.2,1.2,1.2,1.2,1.2,1.3,1.3,1.3,1.3,1.3,1.3,1.3,1.3,1.3,1.3,1.3,1.3,1.3,1.3,1.3,1.3,1.3,1.3,1.3,1.3,1.3,1.3,1.3,1.3,1.3,1.3,1.3256064984215272,1.4,1.4,1.4,1.4,1.4,1.4,1.4,1.4,1.5,1.5,1.5,1.5,1.5517089421772567,1.6,1.6,1.6,1.6,1.6,1.6,1.6,1.6,1.6,1.6,1.6,1.6,1.6,1.6,1.6,1.6,1.6,1.6,1.6,1.7,1.7,1.7,1.7,1.7,1.7,1.7,1.7,1.7,1.7,1.7,1.7,1.7,1.7,1.8,1.8,1.8,1.8,1.8,1.8,1.8026769483789848,1.9,1.9,1.9,1.9,1.9,1.9,1.9250366911163779,2.0,2.0,2.0,2.0,2.0,2.0,2.0,2.1,2.1,2.1,2.1,2.1,2.1,2.1,2.2,2.2,2.2,2.2,2.2,2.2,2.2,2.2,2.2,2.2,2.2,2.2,2.3,2.3,2.3,2.3,2.3,2.4207433944853904,2.6,2.6,2.6,2.6,2.6,2.6,2.6,2.6,2.6,2.6,2.6,2.7,2.7,2.7,2.7,2.7003907185653646,2.8,3.0992737389516494,3.3,3.3,3.5,3.671362657173825,3.8,3.8,3.8
0.2,0.5221271170439141,0.6,0.6,0.6,0.6,0.6,0.7,0.7,0.7,0.7,0.8,0.8,0.8,0.8,0.9,0.9,0.9,0.9,0.9,0.9,0.9,0.9,0.9,0.9,0.9,0.9,0.9,0.9,0.9,0.9568011561197949,1.0,1.0,1.0,1.0,1.0,1.0,1.0,1.0,1.0,1.0,1.0757947415640416,1.1,1.1,1.1,1.1,1.1,1.1,1.1,1.1,1.1,1.1,1.1,1.1,1.1,1.1,1.1,1.1,1.2,1.2,1.2,1.2,1.2,1.2,1.2,1.2,1.2,1.2,1.3,1.3,1.3,1.3,1.3,1.3,1.3,1.3,1.3,1.3,1.3,1.3,1.3,1.3,1.3,1.3,1.3,1.3,1.3,1.3,1.3,1.3,1.3,1.3,1.3,1.3,1.3,1.3,1.3,1.4,1.4,1.4,1.4,1.4,1.4,1.4,1.4,1.4,1.4,1.5,1.5,1.5,1.5,1.5,1.5,1.5,1.6,1.6,1.6,1.6,1.6,1.6,1.6,1.6,1.6,1.6,1.6,1.6,1.6,1.6,1.7,1.7,1.7,1.7,1.7,1.7,1.7,1.7,1.7,1.7,1.7,1.7,1.8,1.8,1.8,1.8,1.8,1.8,1.8,1.9,1.9,1.9,1.9,1.9,1.9,1.9,2.0,2.0,2.0,2.0,2.0,2.0,2.1,2.1,2.1,2.1,2.1,2.1,2.141531877275179,2.2,2.2,2.2,2.2,2.2,2.2,2.2,2.3,2.3,2.3,2.3,2.503343888618275,2.6,2.6,2.6,2.6,2.6,2.6,2.7,2.7,2.7,2.7,2.8,2.8071332984466775,2.9003907185653643,3.1,3.1996368694758246,3.3,3.3,3.4,3.7713626571738246,3.8,3.8,3.8032720097157835
0.5978186601894985,0.8,0.9,1.2,1.4,1.4,1.4,1.5,1.5,1.5,1.5,1.5824747633424778,1.6,1.7,1.7,1.7,1.7,1.7,1.8,1.8,1.9,1.9,1.9,1.9,2.0,2.0,2.0,2.0,2.0,2.0,2.0,2.0,2.0,2.1,2.1,2.2,2.2,2.2,2.3,2.3,2.3,2.3757947415640417,2.4,2.4,2.4,2.4,2.4,2.4,2.4,2.493861234331038,2.5,2.5,2.5,2.5,2.5,2.6,2.6,2.6,2.6,2.6,2.6,2.6,2.6,2.6667073185757433,2.7,2.7,2.7,2.7,2.716416523712721,2.8,2.8,2.8,2.8,2.8,2.8,2.8,2.9,2.9,2.9,2.9,2.9,2.9,2.9997307358156036,3.1,3.1,3.1,3.2,3.2,3.2,3.2,3.2,3.2,3.2,3.2,3.2,3.2,3.2,3.2,3.2,3.2,3.2,3.2,3.2,3.2,3.2,3.2,3.2,3.2,3.3,3.3,3.3,3.3,3.3,3.3,3.3976236808611415,3.4,3.4,3.4,3.4,3.4,3.4,3.4,3.4,3.4,3.4,3.4,3.5,3.5,3.5,3.5,3.5,3.5,3.5,3.5,3.5,3.5,3.5,3.5,3.5,3.5,3.5,3.5,3.5,3.5,3.5,3.5923452141771635,3.6,3.6,3.6,3.6,3.6,3.6,3.6,3.6,3.6,3.6,3.6,3.6,3.6,3.6,3.6,3.6,3.6,3.6,3.6,3.6,3.6,3.6,3.6,3.6,3.6,3.696291420219933,3.7,3.7,3.7,3.7,3.8,3.8,3.80668777723655,4.067282571585736,4.1,4.200258245611019,4.3,4.3,4.3,4.3,4.3,4.3,4.3,4.3,4.314266596893355,4.5,4.697716733723399,4.7,4.9,4.9,4.9,5.1,5.6,5.6,11.0
0.6994546650473746,0.9663813511317425,1.3,1.4,1.458939133588138,1.5,1.5,1.6,1.7,1.7,1.7,1.7,1.7,1.7,1.7,1.7,1.7860145100745635,1.8,1.8,1.8997417543889865,1.9,1.9,1.9,1.9,1.9,1.9,1.9,2.0,2.0,2.0,2.0,2.0,2.1,2.2,2.2,2.2,2.253423758114002,2.3,2.4,2.4,2.4,2.4,2.5,2.5,2.5,2.5,2.5,2.6,2.6,2.6,2.6,2.6,2.6,2.6,2.6,2.6,2.7,2.7,2.8,2.8,2.8,2.8,2.8,2.8,2.8,2.8275897391896874,2.9,2.9,2.9,2.9,2.9,2.9,2.9,2.9,3.0,3.0,3.0,3.0,3.0,3.021115852667802,3.1,3.1,3.1,3.2,3.2,3.2,3.2,3.2,3.2,3.2,3.2,3.2,3.2,3.2,3.2,3.2,3.2,3.2,3.2,3.2,3.2,3.2,3.2,3.2,3.2,3.2,3.2,3.2,3.2,3.2,3.2,3.2,3.2,3.2,3.2,3.2,3.2,3.2,3.2,3.2,3.3,3.3,3.3,3.3,3.3,3.3863657473303133,3.4,3.4,3.4,3.4,3.4,3.4,3.4,3.4,3.5,3.5,3.5,3.5,3.5,3.5,3.5,3.5,3.5,3.5,3.5,3.5,3.5,3.6,3.6,3.6,3.6,3.6,3.6,3.6,3.6,3.6,3.6,3.6,3.6,3.6,3.6,3.6,3.6,3.6,3.6,3.6,3.6,3.6,3.6,3.6,3.643198843880208,3.7,3.7,3.7,3.7,3.7,3.7,3.8,3.803343888618275,4.0,4.1,4.100258245611019,4.2,4.3,4.3,4.3,4.3,4.3,4.362448077470901,4.5,4.5,4.5,4.6,4.699636869475825,4.7,4.9,5.1,5.2,5.6,6.445110180692603,11.0
0.2,0.3,0.3,0.3,0.3,0.3,0.39317006452756154,0.4,0.4,0.4996092814346326,0.5,0.5,0.5,0.5,0.6,0.6,0.6,0.6,0.6,0.6,0.6,0.6,0.6,0.6,0.6198524657127763,0.7,0.7,0.7,0.7,0.7,0.8,0.8,0.8,0.8,0.8,0.8,0.8,0.8,0.8,0.8,0.8,0.8,0.8,0.8,0.8,0.8,0.8,0.9,0.9,0.9,0.9,0.9,0.9,0.9,0.9,0.9,0.9,0.9,0.9,0.9,0.9,0.9,0.9,0.9,0.9,0.9,0.9,0.9,0.9,0.9,0.9,0.9,0.9,0.9,0.9,0.9,0.9,0.9,0.9,0.9,0.9,0.9,0.9,0.9,0.9,0.9769201272425164,1.0,1.0,1.0,1.0,1.0,1.1,1.1,1.1,1.102392509879161,1.2,1.2,1.2,1.2008886215437287,1.3,1.3,1.3,1.3,1.3,1.3,1.3,1.3,1.3,1.3471294307578545,1.4,1.4,1.4,1.4,1.4,1.4,1.4,1.4,1.4,1.4,1.4,1.4,1.4,1.4,1.4,1.4,1.4,1.4,1.4,1.4,1.4,1.4,1.4,1.4,1.4,1.4,1.4,1.4,1.4,1.4,1.4,1.4,1.4,1.4920541497097475,1.5,1.5,1.5,1.5,1.5,1.5,1.5,1.6,1.6,1.6,1.6,1.6,1.6,1.6,1.7,1.7,1.7,1.7,1.7,1.7,1.7,1.7,1.7,1.7,1.7,1.7,1.7,1.7,1.7,1.7,1.7,1.7,1.7,1.7,1.8,1.8,1.8,1.9,1.9,1.9,2.0,2.0,2.0,2.0,2.2,2.3,2.3,2.4,2.5,2.6,2.7,2.9,2.9,2.9,3.2,3.2,3.477872882956086,4.101090669905261
0.6972733252368731,0.7,0.9,1.2,1.2,1.2,1.2,1.2003631305241729,1.3,1.3,1.3,1.3,1.4,1.4,1.4,1.5,1.5,1.5,1.5,1.5,1.5,1.532717428414268,1.6,1.6,1.6,1.6,1.6,1.6940015439344207,1.7,1.7,1.7,1.7,1.7,1.7,1.7,1.7,1.7,1.7,1.7448272287370201,1.8,1.8,1.8,1.8,1.8,1.8,1.8,1.8,1.8,1.8,1.8,1.8,1.8,1.8031051118148356,1.9,1.9,1.9,1.9,1.9,1.9,1.9,1.9,2.0,2.0,2.0,2.0,2.0,2.0,2.0,2.0,2.0,2.0,2.0,2.0,2.0,2.0,2.1,2.1,2.1,2.1,2.1,2.1,2.1,2.1,2.1,2.2,2.2,2.2,2.2,2.2,2.2,2.2,2.2,2.2,2.2,2.2,2.2,2.2,2.2,2.3,2.3,2.3,2.3,2.3991113784562685,2.4,2.4,2.4,2.4,2.4,2.4,2.4,2.4,2.4,2.4,2.4,2.4,2.4,2.4,2.4,2.4,2.4,2.4,2.4,2.4,2.4,2.4,2.4,2.4,2.4,2.4,2.497472376674125,2.5,2.5,2.5,2.5,2.5,2.5,2.5,2.5,2.5,2.5,2.6,2.6,2.6,2.6,2.6584621129678396,2.7,2.7,2.7,2.7,2.7,2.7,2.8,2.8,2.8,2.8,2.8,2.8,2.8,2.9,2.9,2.9,2.9,2.9,2.9,2.9,2.9,2.9,2.9,2.940306890980156,3.0,3.0,3.0,3.0,3.0,3.0,3.0,3.0,3.0409909701809736,3.1,3.1,3.1,3.1,3.1,3.1,3.1,3.1895186080399074,3.2,3.2,3.2,3.2,3.2,3.3,3.3,3.3,3.4,3.5,3.5,3.6,4.014514486060847,4.655745765912172,5.2065440194315675
0.7,0.8,0.9,0.9,0.9,1.0797923922871657,1.1,1.2,1.2,1.2,1.2,1.3,1.3,1.3,1.3,1.3,1.3,1.3,1.4,1.4,1.4,1.4,1.4,1.4,1.4,1.5,1.5,1.5,1.5,1.5,1.5,1.5,1.5,1.5,1.5,1.5,1.5,1.5,1.5,1.5,1.5,1.5,1.5,1.6,1.6,1.6,1.6,1.6,1.6,1.6,1.6,1.667234718804218,1.7,1.7,1.7,1.7,1.7,1.7,1.7,1.7,1.7,1.7,1.7,1.7,1.7,1.7,1.7,1.7,1.7,1.7,1.7,1.7,1.7,1.8,1.8,1.8,1.8,1.8,1.8,1.8,1.8,1.8,1.8,1.9,1.9,1.9,1.9,1.9,1.9,1.9,1.9,1.9,1.9,1.9,1.9,1.9,1.9,1.9,1.9,1.9,1.9,1.9,1.9,1.9,1.9,1.9,1.9,1.9,1.9,1.9,1.9,2.0,2.0,2.0,2.0,2.0,2.0,2.0,2.0,2.0,2.0,2.0,2.0,2.0,2.0,2.0,2.0,2.0,2.0,2.0,2.0,2.0,2.0,2.0,2.0,2.0,2.0,2.0,2.1,2.1,2.1,2.1,2.1,2.1,2.1,2.1,2.1,2.161545727139935,2.2,2.232765281195782,2.3,2.3,2.3,2.3,2.3,2.3599324600475087,2.4,2.4,2.4,2.4,2.4,2.4,2.4,2.4,2.4,2.4,2.5,2.5,2.5,2.5,2.5,2.5,2.5,2.5,2.5,2.6,2.6,2.6,2.6,2.6,2.6,2.6,2.6,2.6,2.7,2.7,2.7,2.8,2.8,2.8,2.8,2.9,2.9,2.9,3.0,3.1202076077128367,3.3,3.3713626571738247,3.4,3.5,3.8065440194315667
1.0978186601894986,1.1221271170439142,1.2854855139391492,1.3,1.4,1.5,1.5,1.6,1.6,1.6,1.6,1.6,1.7,1.7520555588893196,1.8,1.8,1.8860145100745633,1.9,1.9,1.9,1.9,1.9,1.9966561113817307,2.0,2.019852465712776,2.1,2.1,2.1,2.1,2.2,2.2,2.2,2.3,2.3,2.3,2.3,2.3,2.3,2.3,2.4,2.4,2.5,2.5,2.5,2.5000358757198553,2.6,2.6,2.6181900885031637,2.7,2.7,2.7,2.8,2.8,2.8,2.8,2.8,2.8415378870321604,2.9,2.9,2.9,2.9,2.9,2.9,2.9,2.9,3.0,3.0,3.0,3.0,3.0,3.0,3.0,3.0,3.0,3.0,3.1,3.1,3.1,3.1,3.1,3.1,3.1,3.1,3.1,3.1,3.1,3.2,3.2,3.2,3.2,3.2,3.2,3.2,3.2,3.2,3.3,3.3,3.3,3.3,3.3,3.3,3.3,3.3,3.3,3.3,3.3,3.3,3.322338458626433,3.4,3.4,3.4,3.4,3.4,3.4,3.4,3.5,3.5,3.5,3.5,3.5,3.5,3.5,3.5,3.6,3.6,3.6,3.6,3.6,3.7,3.7,3.7,3.7,3.7,3.7,3.7,3.7,3.8,3.8,3.8,3.8,3.8,3.8,3.8,3.825036691116378,3.9584621129678395,4.1,4.1,4.161545727139935,4.2,4.2,4.3,4.3,4.4,4.4,4.4,4.4,4.4,4.5,4.5,4.5,4.5,4.5,4.5,4.5,4.5,4.5,4.5,4.5,4.5,4.59121831144011,4.6,4.6,4.6,4.6,4.6,4.6,4.7,4.7819819403619475,5.4100316658548255,5.7,5.7,5.7,5.7,5.9,6.4,6.4,6.4,6.4,6.6,6.6,6.6,6.6,6.6,6.6,6.6,6.6,6.6,6.6,6.8,8.477872882956087,8.5
0.6,0.7,0.7,0.8,0.8589391335881382,1.1,1.1,1.100363130524173,1.2,1.2,1.2,1.2,1.2687759612645444,1.3,1.4,1.4,1.4860145100745634,1.5,1.5,1.5,1.5,1.5,1.5,1.5,1.5,1.5,1.5,1.5,1.5,1.5,1.5,1.5,1.5,1.5,1.5,1.5,1.5,1.5,1.5,1.5,1.5,1.5757947415640416,1.6,1.6,1.6,1.6,1.6,1.6,1.6,1.6,1.6,1.6,1.6,1.6,1.6,1.7,1.7,1.7,1.7,1.7,1.7,1.7,1.7,1.7,1.7,1.7,1.7,1.7,1.7164165237127207,1.8,1.8,1.8,1.8,1.8,1.8862229635458163,1.9,1.9,1.9,1.9,1.9,1.9,1.9,1.9,1.9,1.9,1.9,1.9,1.9,1.9,1.9,1.9,1.9,1.9,1.9,1.9,1.9,1.9,1.9,1.9,1.9,1.9,1.9,1.9,2.0,2.0,2.0,2.0976074901208395,2.1,2.1,2.1,2.1,2.1,2.1,2.1,2.197623680861142,2.2,2.2,2.2,2.3,2.3,2.3,2.3,2.3,2.3,2.3591808414844935,2.4,2.5,2.5,2.5,2.5,2.5,2.5545931739625813,2.6,2.7,2.7,2.7,2.8,2.8,2.8,2.8,2.8,2.8,2.8,2.9,3.0,3.0,3.0,3.0,3.0,3.0,3.0,3.0,3.0,3.0,3.0,3.0,3.0,3.0,3.0,3.0,3.0,3.1,3.1,3.1,3.1,3.193593987845253,3.2,3.290424139558621,3.3,3.3,3.3,3.3,3.3,3.3059984560655775,3.4,3.5,3.5,3.5,3.5,3.5,3.5,3.5,3.5,3.5,3.5,3.5,3.5,3.5,3.5,3.5,3.5,3.7,3.7,3.7,3.7,3.7,3.8,4.071362657173824,4.14354345818254,4.6,6.401090669905262
0.2,0.2,0.2,0.2,0.2,0.2,0.2,0.2,0.2,0.2,0.2,0.2,0.2,0.2,0.2325549936923018,0.3,0.3,0.3,0.3,0.3,0.3,0.3,0.3,0.4,0.5,0.5,0.5,0.5,0.5,0.5,0.5,0.5,0.5,0.5,0.5,0.5,0.5,0.5,0.5,0.5,0.5,0.5,0.5,0.5,0.5,0.5,0.5,0.5,0.5,0.5,0.5,0.5,0.5,0.5,0.5,0.5,0.5,0.5,0.5,0.5,0.5,0.5,0.5,0.5,0.5,0.5,0.5,0.5,0.5164165237127207,0.6,0.6,0.6,0.6,0.6,0.6,0.6,0.6,0.6,0.6,0.6,0.6,0.6,0.6,0.6,0.6,0.6,0.6,0.6,0.6,0.6,0.6,0.6,0.6,0.6,0.6,0.6,0.6,0.6,0.6,0.7,0.7,0.7,0.7,0.7,0.7,0.7,0.7,0.7,0.7,0.7,0.7,0.7,0.7,0.7,0.7,0.7,0.7,0.7743935015784701,0.8,0.8,0.8,0.8,0.8,0.8,0.8,0.8,0.8,0.8,0.8,0.8,0.8,0.8,0.8,0.8,0.8,0.8,0.8,0.8,0.8,0.8,0.8,0.8,0.8,0.8,0.8,0.8,0.8,0.8,0.8,0.9,0.9,0.9061387656689533,1.0,1.0,1.0,1.0,1.0,1.1,1.182077373987306,1.2,1.2,1.2,1.2,1.2,1.2,1.2,1.3,1.3,1.3,1.3,1.3,1.3,1.3,1.3,1.3,1.3,1.3,1.3,1.3,1.3,1.3,1.4,1.4,1.4,1.4,1.5,1.5,1.5,1.5,1.5,1.5,1.5,1.5,1.5,1.5,1.6,1.6,1.7,1.7,1.9,3.5158147136262867
0.5,0.7,0.7,0.7286373428261779,0.8,0.8,0.9,1.1,1.1,1.2,1.2,1.2,1.3,1.3,1.3,1.4,1.4,1.4,1.4305129470707023,1.5,1.5,1.5,1.5,1.5,1.5,1.5,1.5,1.5,1.5,1.5,1.5,1.5,1.5,1.5,1.5,1.5,1.5,1.5,1.5,1.5,1.5,1.5,1.5,1.559328465857746,1.6,1.6,1.6,1.6,1.6,1.6,1.6,1.6,1.6,1.6,1.6,1.6,1.6,1.6,1.6,1.6,1.6,1.6,1.6,1.6,1.6,1.6,1.6,1.6,1.6,1.6,1.6,1.6,1.6,1.6,1.6,1.6,1.6,1.6,1.6945500644173848,1.7,1.7,1.7,1.7,1.7,1.7,1.7,1.7,1.7,1.75293269309945,1.8,1.8,1.8,1.8,1.8,1.8023925098791609,1.9,1.9,1.9,1.9,1.9,1.9,1.9,1.9,1.9,1.9,1.9,1.9976074901208392,2.0,2.0,2.0,2.096926093147823,2.1,2.1,2.1,2.1,2.1,2.1,2.1,2.1,2.1,2.1,2.1,2.1,2.1,2.1,2.1,2.1,2.1,2.1,2.1,2.1,2.1,2.1,2.1,2.1,2.1724102608103184,2.2,2.2,2.264269946863908,2.3,2.3,2.3,2.3,2.325036691116378,2.4,2.4,2.4,2.461545727139935,2.5,2.5,2.5,2.6,2.6436777716743394,2.7,2.7,2.7,2.8,2.8,2.8,2.8,2.8,2.8,2.8,2.8,2.8,2.8,2.9,2.9,3.0,3.0,3.0,3.0,3.0,3.0,3.0,3.0,3.0,3.0,3.0,3.0,3.0,3.0,3.0,3.0,3.0,3.0,3.0,3.0,3.0312240387354508,3.1175252366575252,3.207133298446678,3.3,3.3,3.3,3.5,3.5,3.5,3.5,3.7,4.1,4.506544019431567
0.6,0.6221271170439141,0.7,0.7286373428261779,0.9,0.9797923922871657,1.1931700645275616,1.2,1.2,1.2,1.2,1.3,1.3,1.3,1.4,1.5,1.5,1.5,1.5,1.5,1.5,1.5,1.5,1.5,1.5,1.6,1.6,1.6,1.6,1.6,1.6,1.6,1.6,1.6,1.6,1.6,1.6,1.6,1.6,1.6,1.6,1.6,1.6,1.6,1.6,1.6,1.6,1.7,1.7,1.7,1.7,1.7,1.7,1.7,1.7,1.7,1.7,1.7,1.8,1.8,1.8,1.8,1.8,1.8,1.8973230516210207,1.9,1.9,1.9,1.9,1.9,1.9,1.9,2.0,2.0,2.0862229635458163,2.1,2.1,2.1,2.1,2.1,2.1,2.1,2.1,2.1,2.1,2.1,2.1,2.1,2.15293269309945,2.2,2.2,2.2,2.2,2.2,2.2,2.2,2.251708942177257,2.3,2.3,2.3,2.3,2.3,2.3,2.3,2.3,2.3,2.3,2.3,2.3,2.3,2.4,2.4,2.4,2.4,2.4,2.5,2.5,2.5,2.6,2.626303351929255,2.7,2.7,2.8,2.8,2.8,2.8,2.8,2.8,2.8,2.8,2.8,2.8,2.8,2.8,2.8,2.8,2.8,2.8,2.8,2.8,2.8,2.8,2.8,2.9,2.9,2.9,2.9,2.9,2.9,3.0,3.0,3.0,3.0,3.0,3.0,3.0,3.0,3.0,3.0,3.0,3.0,3.0,3.0,3.0,3.0,3.0,3.1,3.1,3.1,3.1,3.1,3.1,3.2,3.2,3.2,3.3,3.3,3.3,3.303343888618275,3.4,3.5,3.5,3.569487052929304,3.6,3.7,3.7,3.7,3.9,4.131224038735451,4.2,4.3071332984466775,4.4,4.4,4.5,4.5,4.6,4.6410608664118564,5.7,6.429028972121694,6.6,6.80927069419472
0.2,0.5,0.5,0.5,0.5,0.6,0.6,0.6,0.6,0.6,0.7,0.7,0.7,0.7,0.8,0.8,0.8,0.8,0.8,0.8,0.8,0.8,0.8,0.8,0.8,0.8,0.8,0.8,0.8,0.8,0.8,0.8,0.8,0.8,0.8,0.8,0.8,0.8,0.8,0.8,0.8,0.8,0.8,0.8,0.8,0.8,0.8,0.8,0.8,0.8,0.8,0.8,0.9,0.9,0.9,0.9,0.9415378870321603,1.0,1.0079458502902525,1.1,1.1,1.2,1.2,1.2,1.2,1.2,1.2,1.2,1.2,1.2,1.2,1.2,1.2,1.2,1.2,1.2,1.2,1.2,1.2,1.2,1.2,1.2736966480707366,1.3,1.3,1.3,1.3,1.3,1.3,1.3,1.3,1.3,1.3,1.3,1.3,1.3,1.3,1.3,1.3,1.3,1.3,1.3,1.3,1.3,1.3,1.3,1.3,1.3,1.3,1.3,1.3,1.3,1.3,1.3,1.3,1.4,1.4,1.4,1.4,1.4,1.4,1.4,1.4,1.4,1.4,1.4,1.4,1.413777036454178,1.5,1.5,1.5,1.5,1.5,1.5,1.5,1.5,1.5,1.5,1.5,1.5,1.5,1.5,1.5,1.5,1.5,1.5,1.5,1.5,1.5,1.5,1.5,1.5,1.5,1.5,1.5,1.5,1.5,1.5,1.6,1.6,1.6,1.6,1.6,1.6,1.6,1.6,1.6,1.641531877275179,1.7,1.7,1.7,1.7,1.7,1.7,1.7,1.7,1.7,1.7,1.7,1.7,1.7,1.7,1.7,1.7,1.8406880822512335,1.9,1.9,1.967445006307696,2.0,2.1,2.1,2.1071332984466777,2.2003907185653646,2.3,2.3,2.3,2.5202076077128366,2.7,2.7,2.8,3.0,3.3016360048578917
0.6989093300947492,0.8,0.9,0.9,1.0589391335881382,1.3,1.3,1.3,1.3,1.3,1.3,1.3,1.3,1.4,1.4,1.4,1.4,1.4,1.5,1.5,1.5,1.5,1.5,1.5,1.5,1.5,1.537286272143571,1.6,1.6,1.6,1.6,1.7,1.7,1.7,1.7,1.7,1.7,1.7,1.7,1.7,1.7,1.7,1.7,1.7,1.7,1.7,1.7,1.7,1.7,1.7,1.7,1.7,1.7,1.7,1.7,1.7,1.7415378870321603,1.8,1.8,1.8,1.8,1.8,1.8,1.8,1.8,1.8,1.8575196044106632,1.9,1.9,1.9,1.9,1.9,1.9,1.9,1.9,1.9,1.9,1.9,1.9,1.9,1.9,1.9,1.9,1.9,1.9,1.9,1.9,1.9,1.9,1.9,1.9,1.9,1.9,1.9,1.9,1.9,1.9,1.9,1.9,1.9,1.9,2.0,2.0,2.0,2.0,2.0,2.0,2.0,2.0,2.0,2.0,2.0,2.0,2.0,2.0,2.0230798727574837,2.1,2.1,2.1,2.1,2.1,2.1,2.1,2.1,2.1,2.1863657473303135,2.2,2.2,2.2,2.2,2.2,2.2,2.2,2.2,2.2,2.3,2.3,2.3,2.3,2.3,2.3,2.3,2.3,2.4,2.4,2.4,2.4,2.4,2.4,2.4,2.5,2.5,2.5,2.5,2.5,2.5,2.6,2.6,2.6,2.6,2.6,2.710726690124398,2.8,2.8,2.8,2.8,2.8,2.8,2.9,2.9,2.9,2.9,2.9,2.9,2.9,3.0,3.0801475342872324,3.1,3.2,3.2672825715857354,3.3,3.300258245611019,3.4,3.4,3.4,3.4,3.5,3.595888882221368,3.7,3.7,3.8,3.8003907185653643,4.0,4.1,4.2,4.720207607712837,4.841060866411857,4.9,4.9,5.989364414780431,8.80818002428946
0.49836399514212393,0.7,0.8,0.9,0.9,0.9,0.9,1.2,1.3,1.3,1.3,1.3,1.3,1.3,1.3,1.4,1.4,1.4,1.4,1.4,1.4,1.4,1.5,1.5,1.5,1.5,1.5,1.5,1.5,1.5,1.556801156119795,1.6,1.6,1.6,1.6,1.60640601215474,1.7,1.7,1.7,1.7,1.7,1.7,1.7,1.7,1.7,1.7,1.7,1.7,1.7,1.7,1.7,1.7,1.7,1.7,1.7,1.7,1.7,1.7,1.7,1.7,1.7,1.8,1.8,1.8,1.8,1.8,1.8,1.8,1.8,1.8,1.8,1.8,1.8,1.8,1.9,1.9,1.9,1.9,1.9,1.9,1.9,1.9,1.9,1.9,1.9,1.9,1.9,1.9,1.9,1.9,1.9,1.9,1.9,1.9,1.9,1.9,1.9,1.9,1.9,1.9,1.9,1.9,1.9,1.9,1.9,1.9,1.9,1.9,1.9,1.9719890737088916,2.0,2.0,2.0,2.0,2.0,2.0,2.0,2.0,2.0,2.0,2.0,2.0,2.0,2.0,2.0,2.0,2.0,2.0,2.0,2.1,2.1,2.1,2.1,2.1,2.1,2.1,2.1,2.2,2.2,2.2,2.2,2.2,2.2,2.2,2.2,2.2,2.2,2.2,2.3,2.3,2.3,2.3,2.3,2.3,2.320554724647712,2.4,2.4,2.4,2.4,2.4,2.4,2.4,2.5,2.5,2.5,2.5,2.5,2.5,2.5,2.5,2.6,2.6,2.6,2.605998456065578,2.7,2.8,2.8,2.8,2.8,2.8,2.9,2.9,2.9,2.9,2.9,2.9,2.9674450063076963,3.0,3.131224038735451,3.2,3.3,3.4,3.4,3.4,3.5,3.7,3.741060866411857,4.0,4.1,4.2,4.910906699052612
0.1,0.2,0.2,0.2,0.2,0.2,0.2931700645275615,0.3,0.3,0.3,0.3,0.3,0.3,0.3,0.3,0.3,0.38601451007456333,0.4,0.4,0.4,0.4,0.4,0.4,0.4,0.4,0.4,0.4,0.4,0.4,0.4,0.4,0.4,0.4,0.4,0.5,0.5,0.5,0.5,0.5,0.5,0.5,0.5,0.5,0.5,0.5,0.5,0.5,0.5,0.5,0.5,0.5,0.5,0.5,0.5,0.5,0.5,0.5,0.5,0.5,0.5,0.5,0.5,0.5,0.5,0.5,0.5,0.5,0.5,0.5,0.5,0.5,0.5,0.5,0.5,0.5,0.5,0.5,0.5,0.5,0.5,0.5,0.5,0.5,0.5,0.5,0.5,0.5,0.5,0.5,0.5,0.5,0.5,0.5,0.5,0.5,0.5,0.5,0.5,0.5008886215437286,0.6,0.6,0.6,0.6,0.6,0.6,0.6,0.6,0.6,0.6,0.6,0.6,0.6,0.6,0.6,0.6,0.6230798727574836,0.7,0.7,0.7,0.7,0.7,0.7,0.7,0.7,0.7,0.7,0.7,0.7,0.7,0.7,0.7,0.7,0.7,0.7,0.7,0.7,0.7,0.7332926814242569,0.8,0.8,0.8,0.8,0.8,0.8,0.8,0.8,0.8,0.8,0.8,0.8,0.8,0.8,0.8,0.8,0.8,0.8,0.8,0.8,0.8,0.8,0.8,0.8,0.8,0.8,0.8,0.8,0.8,0.8,0.8,0.9,0.9,0.9,0.9,0.9,0.9,0.9,0.9,0.9,0.9,0.9,1.0,1.0,1.0,1.0,1.0,1.0895186080399073,1.2,1.2,1.2,1.3,1.3,1.4,1.4,1.4,1.4068299354724387,1.5,1.7,1.7,1.7435434581825404,2.4336186488682587,2.611997368957873
0.6,0.9,1.1,1.2,1.3589391335881382,1.4,1.4,1.4003631305241728,1.5,1.5,1.6,1.6,1.6,1.7,1.7,1.7,1.7,1.7,1.7305129470707024,1.8,1.8,1.8,1.8,1.9,1.9,1.9,1.9,1.9,1.9,1.9,2.0,2.0,2.0,2.0,2.0,2.0,2.0,2.0,2.1,2.1,2.1,2.1,2.1,2.159328465857746,2.2,2.2,2.2,2.2,2.2,2.2,2.2,2.2,2.2,2.2,2.2,2.207654785822831,2.3,2.3,2.3,2.3,2.3726395696227596,2.4,2.4,2.4,2.4,2.4,2.4,2.4,2.4,2.4,2.4,2.4,2.4,2.4,2.4,2.4,2.4,2.4,2.4,2.4,2.5,2.5,2.5,2.5,2.5,2.5,2.5,2.5,2.5,2.5,2.5,2.5,2.5,2.6,2.6,2.6,2.6,2.676311592408004,2.7,2.7,2.7,2.7,2.7,2.7,2.7,2.7,2.7,2.7,2.7,2.7,2.7,2.7219492382639885,2.8,2.8,2.8,2.8,2.8,2.8,2.8,2.8,2.852505150770389,2.9,2.9,2.9,2.9,2.9,2.9,2.9,2.9,2.9,2.9,2.9,2.9,2.9,2.9,2.9,3.0,3.0,3.0,3.0,3.0,3.0,3.0,3.0,3.0,3.1,3.1,3.1,3.1,3.1,3.1,3.1,3.1,3.1,3.2,3.2,3.2,3.2,3.282077373987306,3.3,3.3,3.3,3.3,3.3,3.3,3.3,3.3,3.3,3.4,3.4,3.4,3.5,3.5,3.5,3.5,3.5,3.5,3.5,3.5,3.5,3.6,3.6,3.7,3.7,3.7139854899254376,3.8,4.0,4.047944441110684,4.1,4.217525236657525,4.3,4.5,4.597716733723399,4.6,4.7,4.8,4.8,4.871362657173825,4.914514486060847,5.3557457659121726,5.904908014573675
0.6,1.0221271170439141,1.2,1.4,1.4,1.5,1.5931700645275617,1.6,1.6022832662765965,1.7,1.7,1.7,1.7,1.7,1.7,1.7104813919600963,1.8,1.8,1.8,1.8,1.8,1.8,1.9,1.9,1.9,1.9,1.9,1.9,2.0,2.0,2.0,2.0,2.0,2.0,2.1,2.1,2.1,2.1,2.1,2.1,2.2,2.2,2.2,2.2,2.2,2.2,2.2,2.2,2.2,2.2,2.2,2.2,2.2,2.2,2.2,2.3,2.3,2.3,2.3,2.3,2.3,2.4,2.4,2.4,2.4,2.4,2.4,2.4,2.4,2.4,2.4,2.4,2.4,2.4,2.4,2.4,2.4,2.4,2.4,2.4,2.4,2.4,2.4,2.5,2.5,2.5,2.5,2.5,2.5,2.5,2.5,2.5,2.5,2.577661541373567,2.6,2.6,2.6,2.676311592408004,2.7,2.7,2.7,2.7,2.7,2.7,2.7,2.7,2.7,2.7,2.7,2.7,2.7,2.7,2.7,2.8,2.8,2.8,2.8,2.8,2.8,2.8,2.8,2.8,2.9,2.9,2.9,2.9,2.9,2.9,2.9,2.9,2.9,2.9,2.9,2.9,2.9,2.9,2.9,2.9,2.9,2.9,2.9,2.9,3.0,3.0,3.0,3.0,3.0,3.061545727139935,3.1,3.1,3.1,3.1,3.1,3.1,3.1,3.1,3.2,3.2,3.2,3.2,3.2,3.2,3.2,3.3,3.3,3.3,3.3,3.3,3.3,3.3,3.3431988438802076,3.4,3.5,3.5,3.5,3.5,3.5,3.5,3.503343888618275,3.6,3.6,3.7,3.769487052929304,3.8,3.8139854899254373,3.9,4.0,4.1,4.131224038735451,4.2,4.3,4.400390718565365,4.6,4.6,4.6,4.7,4.8,4.9,5.429028972121694,5.9,6.80927069419472
0.1,0.2,0.2,0.2,0.2,0.2,0.2,0.2,0.2,0.2,0.2,0.2,0.2,0.2,0.2,0.2,0.2,0.2,0.2,0.2,0.26710973118205034,0.3,0.3,0.3,0.3,0.3,0.3,0.3,0.3,0.3,0.3,0.3,0.35969310901984103,0.4,0.4,0.4,0.4,0.4,0.4,0.4,0.4,0.4,0.4,0.4,0.4,0.4,0.4,0.4,0.4,0.4,0.4,0.4,0.4,0.4,0.4,0.4,0.4,0.4,0.5,0.5,0.5,0.5,0.5,0.5,0.5,0.5,0.5,0.5,0.5,0.5,0.5,0.5,0.5,0.5,0.5,0.5,0.5,0.5,0.5,0.5,0.5474948492296108,0.6,0.6,0.6,0.6,0.6,0.6,0.6,0.6,0.6,0.6,0.6,0.6,0.6,0.6,0.6,0.6,0.6,0.6,0.6,0.7,0.7,0.7,0.7,0.7,0.7,0.7,0.7,0.7,0.7,0.7,0.7,0.7,0.7,0.7,0.7,0.7,0.7,0.7,0.7,0.7,0.7,0.7,0.7,0.7,0.7,0.7,0.7414249487302413,0.8,0.8,0.8,0.8,0.8,0.8,0.8,0.8,0.802676948378985,0.9,0.9,0.9,0.9,0.9,0.9,0.9,0.9,0.9,0.9,0.9,0.9,0.9,0.9,0.9,0.9,0.9,0.9,0.9,0.9,0.9,0.9,1.0,1.0,1.0,1.0,1.0,1.0,1.0,1.0,1.0,1.1,1.1912183114401103,1.2,1.2,1.3,1.3,1.3,1.4,1.4,1.4,1.4,1.4,1.5,1.5,1.5,1.5,1.5,1.5,1.5,1.5,1.5,1.5175252366575251,1.7,1.7,1.7,1.8996368694758246,1.9,2.0,2.141060866411857,2.3713626571738247,2.6,2.877872882956086,3.604362679621045
0.7,0.9,1.0854855139391493,1.2,1.3,1.4,1.4,1.5,1.5,1.5,1.5,1.5,1.5,1.6,1.6,1.6,1.6,1.7,1.7,1.7,1.7,1.7,1.8,1.8590090298190247,1.9,1.9,1.9,1.9,1.9,1.9,1.9,1.9,1.9,1.9,1.9,1.9,1.953423758114002,2.0,2.0,2.1,2.1,2.1,2.1,2.1,2.1,2.1,2.2,2.2,2.2,2.2,2.2308259810188757,2.3,2.3,2.3,2.3,2.3,2.3,2.3,2.3,2.3,2.3,2.3,2.3,2.3,2.3,2.3,2.3,2.3,2.4,2.4,2.4,2.4,2.4,2.4,2.5,2.5,2.5,2.5,2.5,2.5,2.5474948492296106,2.6,2.6997307358156037,2.7,2.7,2.7,2.7,2.7,2.7,2.7,2.7,2.7,2.7,2.7,2.7,2.7,2.7,2.7,2.8,2.8,2.8,2.8,2.8,2.9,2.9,2.9,2.9,2.9,2.9,2.9,2.9,2.9,2.94706730690055,3.0,3.0,3.0,3.0486667723653342,3.1,3.1,3.1,3.1,3.1788841473321954,3.2,3.3,3.3,3.3,3.3,3.3,3.3,3.3,3.3,3.3,3.4,3.4,3.4,3.4,3.4026769483789847,3.5,3.5,3.5,3.5,3.5,3.5,3.5,3.5584621129678395,3.6,3.6,3.6,3.6,3.6,3.6,3.7,3.7,3.7,3.7,3.7,3.7,3.8,3.8,3.8,3.8,3.8,3.8,3.8004461397505906,3.9,3.993593987845253,4.0,4.1,4.1,4.1,4.143198843880207,4.2,4.2,4.2,4.2,4.241486788970781,4.4,4.4,4.403343888618275,4.5,4.6,4.6,4.6,4.6,4.6,4.6,4.6,4.6,4.6,4.6,4.7,4.7,4.897716733723399,5.099636869475824,5.2,5.4,5.4,5.7,5.9,6.555745765912172,6.601090669905261
0.49836399514212393,0.7,0.7,0.8,0.8,0.8,0.8931700645275615,0.9,1.0,1.0,1.1,1.2,1.2,1.2,1.2,1.2,1.2,1.3,1.3,1.3,1.3,1.3,1.3,1.3,1.3198524657127764,1.4,1.4,1.4,1.4,1.4,1.4,1.5,1.5,1.5,1.5,1.5,1.5,1.5,1.5,1.5,1.5,1.5,1.5,1.5,1.5,1.5,1.5,1.5,1.5,1.5,1.5,1.5,1.5,1.5,1.5,1.5,1.5,1.5,1.5,1.5,1.5,1.5,1.5,1.5,1.5,1.5,1.5,1.5,1.5164165237127207,1.6,1.6,1.6,1.6,1.6,1.6,1.6,1.6,1.6,1.6,1.6,1.6,1.6736966480707367,1.7,1.7,1.7,1.7,1.7,1.7,1.7,1.7,1.7,1.7,1.7,1.7,1.7,1.7,1.8,1.8,1.8,1.8,1.8,1.8,1.8991113784562685,1.9,1.9,1.9,1.9,1.9,1.9,1.9,1.9,1.9,1.9,1.9,1.9,1.9,1.9,1.9,1.9,1.9,1.9,1.9,1.9,1.9,1.9,1.9,1.9,1.9414249487302413,2.0,2.0,2.1,2.1,2.1,2.1,2.1,2.1,2.1,2.1,2.1,2.2,2.2,2.3,2.3,2.3,2.3,2.3,2.3,2.3,2.3,2.3,2.3,2.3,2.3,2.3,2.3,2.3,2.3,2.3,2.3,2.3,2.3,2.3,2.3,2.3,2.3,2.3,2.3,2.4,2.4,2.4,2.5,2.5,2.5,2.6,2.662713727856431,2.7,2.7,2.7,2.7,2.7,2.7,2.7002582456110193,2.8,2.8,2.8,2.8,2.8,2.9,3.0,3.0,3.0,3.0,3.1,3.1,3.1,3.2,3.5,3.5,3.514514486060847,3.6,3.7021813398105223
0.4994546650473746,0.6,0.7,0.8,0.8,0.8797923922871658,1.1,1.2,1.2,1.2,1.2,1.3,1.3,1.3,1.3,1.4,1.4,1.4,1.4,1.4997417543889866,1.5,1.5,1.5,1.5,1.5,1.5,1.5,1.5,1.5,1.5,1.5,1.5,1.5,1.5,1.5,1.5,1.6,1.6,1.6,1.6,1.6,1.6,1.6,1.6,1.6,1.6,1.6,1.6,1.6,1.6,1.6,1.6,1.6,1.6,1.6,1.6,1.6,1.6,1.6,1.6404999223586856,1.7,1.7,1.7,1.7,1.7,1.7,1.7,1.7871246204709537,1.8,1.8,1.8,1.8,1.8,1.8,1.8,1.8,1.8,1.9,1.9,1.9,1.9,1.9,1.9,1.9,1.9,1.9,1.9,1.9,1.9,1.9,2.0,2.0,2.0,2.0,2.1,2.1,2.1,2.1,2.1,2.1,2.1,2.1,2.1,2.1,2.1,2.1,2.1,2.1,2.1,2.1,2.1,2.1,2.1,2.1,2.1,2.2,2.2,2.2,2.2,2.2,2.3,2.3,2.3,2.3,2.3,2.4,2.5,2.5,2.5,2.5,2.5,2.6,2.6,2.6,2.6424803955893426,2.7,2.7,2.7,2.7,2.7,2.7,2.7,2.7,2.7,2.7584621129678397,2.8,2.8,2.8,2.8,2.8,2.8,2.8,2.843677771674339,2.9818099114968333,3.0,3.0,3.0,3.0,3.0,3.0,3.0,3.0,3.0,3.1,3.1,3.1,3.1,3.1904241395586213,3.2403068909801562,3.3,3.3,3.3,3.3,3.3,3.3,3.4,3.4801475342872323,3.5,3.5,3.5,3.5,3.5,3.5,3.5,3.7,3.7,3.7,3.7,3.7,3.852575709972575,4.107133298446677,4.300781437130729,4.5,4.5,4.920489806417317,5.740415215425673,6.6,6.6,6.6,6.6,6.8
0.4994546650473746,0.7,0.7,0.7,0.8,0.8,0.8,0.9,1.0022832662765964,1.1,1.1,1.2,1.2,1.2,1.3,1.3,1.3,1.3,1.3,1.3997417543889865,1.4,1.4,1.4,1.4,1.4198524657127762,1.5,1.5,1.5,1.5,1.5,1.5,1.5,1.5,1.5,1.5,1.5,1.5,1.5,1.5,1.5,1.5,1.6,1.6,1.6,1.6,1.6,1.6,1.6,1.6,1.6,1.6,1.6,1.6,1.6,1.6,1.6,1.6,1.6,1.6,1.6,1.6,1.6,1.6,1.6,1.6,1.7,1.7,1.7,1.7,1.7,1.7,1.7,1.8,1.8,1.8,1.8,1.8,1.8,1.8,1.8,1.8474948492296108,1.9,1.9,1.9,1.9,1.9,1.9,1.9,1.9,1.9,1.9,1.9,1.9,1.977661541373567,2.0,2.0,2.0,2.1,2.1,2.1,2.1,2.1,2.1,2.1,2.1,2.1,2.1,2.1,2.1,2.1,2.1,2.1,2.1,2.1,2.1,2.2,2.2,2.2,2.2,2.2,2.2,2.3,2.3,2.3,2.3,2.3863657473303133,2.4,2.441424948730241,2.5,2.5,2.5,2.5,2.5,2.5,2.5,2.5724102608103183,2.6,2.633292681424257,2.7,2.7,2.7,2.7,2.7,2.7,2.7584621129678397,2.8,2.8,2.8,2.8,2.8,2.8,2.806138765668953,2.9,3.0,3.0,3.0,3.0,3.0,3.0,3.0,3.0,3.0,3.0551727712629773,3.1,3.1,3.2,3.2,3.290424139558621,3.3,3.3,3.3,3.3,3.3,3.3,3.4,3.5,3.5,3.5,3.5,3.5,3.5,3.5,3.5,3.5406880822512337,3.7,3.7,3.7,3.7,3.7,4.1,4.2,4.5,4.5,4.5,4.640979612834633,5.841453253989857,6.6,6.6,6.6,6.6,6.80927069419472
0.2,0.2,0.2,0.3,0.3,0.5,0.5,0.5,0.5,0.5,0.5,0.5,0.5,0.5,0.5,0.5,0.5,0.5,0.6,0.6,0.6,0.6,0.6,0.6,0.6,0.6,0.6,0.6,0.6,0.6,0.6,0.6,0.7,0.7,0.7,0.7,0.7,0.7,0.7,0.7,0.7,0.7,0.7,0.7,0.7,0.7,0.7,0.7,0.7,0.7,0.7,0.7,0.8,0.8,0.8,0.8,0.8,0.8,0.8,0.8,0.8,0.8,0.8,0.8,0.8,0.8,0.8,0.8,0.8,0.8,0.9,0.9,0.9,0.9,0.9,0.9136342526696893,1.0,1.0,1.0,1.0,1.0,1.0,1.0,1.1,1.2,1.2,1.2,1.2,1.2,1.2,1.2,1.2,1.2,1.2,1.2,1.2,1.2,1.2,1.2,1.2,1.2,1.2,1.2,1.2,1.2,1.2729278915505744,1.3,1.3,1.3,1.3,1.3,1.3,1.3,1.3,1.3,1.3,1.3,1.3,1.3,1.3,1.3,1.3,1.3,1.3,1.3,1.3,1.313777036454178,1.4,1.4,1.4,1.4,1.4,1.4,1.4,1.4,1.4,1.5,1.5,1.5,1.5,1.5,1.5,1.5,1.5,1.5,1.5,1.5,1.6,1.6,1.6,1.6,1.6,1.6,1.6,1.6,1.7,1.7,1.7,1.7,1.7,1.7,1.7,1.7,1.7,1.7,1.7,1.7,1.7,1.7,1.8,1.8,1.8,1.8,1.9,1.9,1.9,1.9801475342872323,2.0,2.1,2.1,2.2,2.2,2.269487052929304,2.3,2.4,2.4,2.4674450063076963,2.5,2.631224038735451,2.7175252366575253,2.8,2.8,2.8,2.8,2.8,2.9,3.0,3.1427253143476492,3.2580579442433875,4.233618648868259,4.611997368957873
1.0972733252368732,1.222127117043914,1.7854855139391492,1.9,1.958939133588138,2.1,2.1,2.2,2.2,2.2,2.2,2.2,2.2,2.304111117778639,2.4,2.4,2.4,2.5186238354975314,2.6305129470707023,2.7,2.7,2.7,2.7,2.7,2.7,2.7792566055146066,2.8,2.8,2.8,2.8,2.8,2.8087816885598866,2.9,2.9,2.9,2.9,2.9,2.9,2.9,2.9,2.9329201988926883,3.0,3.017922626012691,3.1,3.2,3.2,3.2,3.3,3.3,3.3,3.3,3.3,3.3,3.3,3.3,3.3,3.3,3.3,3.3,3.4,3.4,3.4,3.4,3.4,3.4,3.4,3.4,3.4871246204709534,3.5164165237127207,3.6,3.6,3.6,3.6,3.6,3.6,3.6,3.6,3.6,3.6,3.6,3.6,3.6,3.6,3.6,3.6513332276346606,3.7,3.7,3.7,3.7,3.7,3.7,3.7,3.7,3.7,3.7,3.7,3.751708942177257,3.8,3.8,3.8,3.8,3.9,3.9,3.9,3.9,3.9,3.9,3.9,3.9471294307578546,4.0,4.0,4.0,4.0,4.0722891507838765,4.1,4.123079872757484,4.2,4.2,4.2,4.2,4.2,4.2,4.2,4.2,4.2,4.2,4.2,4.2,4.2,4.2,4.2,4.2,4.2,4.2,4.2,4.2,4.2,4.2,4.2,4.2,4.2,4.2,4.2,4.2,4.2,4.2,4.2,4.2,4.2968948881851645,4.3,4.3,4.3,4.3,4.3,4.4,4.4,4.4,4.4,4.4,4.4,4.4,4.410726690124398,4.5,4.500446139750591,4.6,4.6,4.6,4.6,4.6,4.6,4.643198843880207,4.7,4.8,4.9,4.962713727856431,5.0,5.0,5.4,5.4,5.4,5.4,5.4,5.4,5.4,5.6,5.6,5.802335018923088,5.9,5.9,6.3,6.3,6.3,6.3,6.3,6.413659870944878,6.6,6.8,6.9,6.9,8.733618648868259,10.3
1.0972733252368732,1.2,1.2,1.628637342826178,1.8,1.8797923922871658,1.9,2.1,2.2,2.2,2.2,2.2,2.2,2.2,2.2,2.2,2.3,2.4,2.4,2.5,2.5671097311820503,2.7,2.7,2.7,2.7,2.7,2.7,2.7,2.7,2.70370857978007,2.8,2.8087816885598866,2.9,2.9,2.9,2.9,2.9,2.9,3.0,3.0,3.0,3.0,3.0,3.1,3.1000358757198554,3.2,3.2,3.2,3.3,3.3,3.3,3.3,3.3,3.3,3.3,3.3,3.3,3.3,3.3,3.3,3.3,3.3,3.3,3.3,3.3,3.3275897391896874,3.4,3.4,3.4,3.4,3.4,3.4,3.4,3.4,3.4,3.4,3.440819158515501,3.5,3.6,3.6,3.6,3.6,3.6,3.6,3.6,3.6,3.6,3.6,3.6,3.6,3.6030739068521824,3.7,3.7,3.7,3.7,3.7,3.7,3.7,3.7,3.7,3.7,3.7,3.7,3.7,3.7,3.7729278915505744,3.8,3.8,3.8,3.8,3.8,3.8,3.8,3.872289150783877,3.9,3.9,3.9,3.9,3.9,3.926303351929255,4.0,4.0,4.0,4.0322122237478135,4.1,4.1,4.1,4.141424948730241,4.2,4.2,4.2,4.2,4.2,4.2,4.2,4.2,4.2,4.2,4.2,4.2,4.2,4.2,4.2,4.2,4.2,4.2,4.2,4.2,4.2,4.2,4.2,4.2,4.2,4.2,4.3,4.3,4.3,4.3,4.3,4.324205258435955,4.4,4.4,4.4,4.4,4.5,4.5,4.5,4.590424139558621,4.6,4.6,4.6,4.6,4.6,4.6,4.6,4.6,4.7,4.740990970180974,5.0,5.0,5.0,5.2005164912220385,5.4,5.4,5.4,5.4,5.4,5.4,5.4,5.435050473315051,5.6,5.9,5.9,5.9,5.927319741889756,6.3,6.341060866411857,6.542725314347649,6.8,6.9,8.8
0.7,1.0,1.1,1.128637342826178,1.2,1.3,1.3,1.4,1.5,1.5,1.5,1.6,1.6,1.6,1.6,1.6,1.6,1.7,1.7,1.7,1.7,1.7,1.7,1.7,1.8,1.8,1.8,1.8,1.8,1.8,1.8,1.8,1.8,1.8,1.8,1.8,1.8,1.8,1.8,1.8,1.8,1.8,1.8,1.8,1.8,1.8,1.8,1.8,1.8,1.8,1.8,1.8,1.8,1.8,1.8,1.8,1.8,1.8,1.8,1.8,1.8,1.8,1.8,1.9,1.9,1.9,1.9,1.9,1.9,1.9,1.9,2.0,2.0,2.0,2.0,2.1,2.1,2.1,2.1,2.1,2.1,2.1,2.1,2.2,2.2,2.2,2.2,2.2,2.2,2.2,2.3,2.3,2.3,2.3,2.3023925098791604,2.4,2.4,2.4,2.4,2.4,2.4,2.4,2.4,2.4,2.4,2.4,2.4,2.4,2.4,2.4,2.4,2.4,2.4,2.5,2.5,2.5,2.5,2.5,2.5,2.6,2.6525051507703896,2.7,2.7,2.7,2.7,2.7,2.7,2.7,2.7,2.8,2.8,2.8,2.8,2.8,2.8424803955893423,2.9,2.9,2.9,2.9,2.9,3.0,3.0,3.0,3.1,3.1,3.1,3.1,3.2,3.2,3.3,3.3,3.3,3.3,3.3,3.3,3.3,3.3,3.4,3.4,3.4,3.4,3.4,3.4,3.5,3.5,3.5,3.5,3.5,3.5,3.5,3.6,3.6,3.6,3.6,3.7,3.7,3.7,3.7,3.7,3.8,3.8,3.8,3.8,3.8,3.9,3.9,3.9,3.9,4.0,4.0,4.0,4.000390718565365,4.2,4.2,4.213659870944878,4.4,4.4,4.471362657173825,4.6,4.7,5.904908014573675
0.6,0.6885084681756567,1.0854855139391493,1.1,1.2,1.2,1.2,1.2,1.2,1.2996092814346327,1.3928667015533227,1.4824747633424777,1.6687759612645443,1.8,1.8,1.8,1.8860145100745633,1.9,1.9,2.0,2.1,2.1,2.2,2.2,2.2,2.2,2.2,2.2,2.298916563213305,2.4,2.4,2.4,2.5,2.6,2.6,2.7,2.7,2.7,2.8,2.8,2.8,2.8,2.8,2.8,2.800035875719855,2.9,2.9,2.9,2.9563222283256665,3.0,3.0,3.1,3.2,3.3,3.3,3.3076547858228307,3.4,3.5499266177672326,3.6,3.6,3.6,3.6,3.6,3.6,3.6,3.6,3.6,3.6,3.6,3.6,3.6,3.6,3.6,3.6,3.6,3.7,3.8,3.8,3.8,3.8,3.8474948492296104,3.9,3.9,3.9,3.9,3.9,3.9,3.9,4.05293269309945,4.1,4.1,4.2,4.2,4.2,4.2,4.227072108449437,4.351708942177257,4.4,4.4,4.4,4.4,4.4,4.5,4.6,4.6,4.7,4.7,4.7,4.7,4.7,4.7,4.7,4.7,4.7,4.897623680861142,4.923079872757484,5.0,5.0,5.0,5.0,5.0,5.0,5.010899871165225,5.464424447495628,5.6,5.6,5.6,5.7828498974604825,6.238639754321218,6.3,6.3,6.3,6.3,6.3,6.3,6.372410260810319,6.6,6.6,6.6,6.6,6.6,6.6,6.784108299419494,6.8,6.9,6.9,7.300518062421441,8.4,8.4,8.4,8.4,8.4,8.4,8.4,8.4,8.4,8.4,8.4,8.4,8.4,8.4,8.4,8.4,8.4,8.4,8.4,8.4,8.4,8.440306890980157,8.773654934320332,8.8,8.8,8.8,8.8,8.8,8.8,8.8,8.8,8.8,8.8,8.8,8.8,8.8,8.8,8.8,8.8,8.8,8.8,8.8,8.8,8.8,10.3,10.3,10.3,10.3,10.3,10.3,10.799538600216772,11.0,11.0,11.0
0.5978186601894985,0.6,0.6,0.7286373428261779,0.9589391335881382,1.1,1.1,1.1,1.1,1.1,1.1,1.1824747633424777,1.2,1.2,1.2,1.2,1.2,1.2,1.2,1.2,1.2,1.2,1.2,1.2,1.2,1.2,1.2,1.2,1.2494582816066526,1.3,1.3,1.3,1.3,1.4,1.458468122724821,1.50640601215474,1.6,1.6,1.6,1.689273309875608,1.7,1.7,1.8,1.8,1.8,1.9,1.9,1.9181900885031637,2.0,2.0,2.0,2.1,2.1,2.1,2.1,2.2,2.2,2.2,2.2,2.2,2.2,2.2043784899362864,2.335730053136092,2.4,2.4,2.4,2.4,2.4,2.4,2.4,2.4,2.4,2.4,2.4,2.4,2.5,2.5,2.567787776252189,2.6,2.6,2.6,2.6,2.6,2.6,2.6,2.6769201272425165,2.7,2.7277108492161206,2.8,2.8,2.8,2.8,2.8,2.8,2.9,2.9,2.9,2.976311592408004,3.0008886215437287,3.1,3.2,3.2,3.3,3.3236884075919986,3.4,3.4,3.4,3.5,3.6,3.6,3.6,3.6,3.6,3.6,3.6,3.6,3.6,3.6,3.6,3.6,3.6,3.6788841473321954,3.8,3.8,3.9,3.9,3.9,3.9,4.038639754321218,4.1,4.1,4.154593173962581,4.2,4.2,4.2,4.2,4.3,4.4,4.4,4.4,4.6,4.7,4.7,4.7,4.7,4.7,5.0,5.0,5.0,5.0,5.276696075924519,5.412277531337907,5.6,5.6,5.6,5.6,5.699964124280138,5.981343068284502,6.3,6.3,6.3,6.3,6.3,6.3,6.3,6.580781963535759,6.6,6.6,6.6,6.6,6.8,6.9,7.658125775900254,8.4,8.4,8.4,8.4,8.4,8.4,8.4,8.4,8.401032982444077,8.8,8.8,8.8,8.8,8.8,8.8,8.8,8.8,8.8,8.8,8.8,8.8,10.3,10.3,10.587426064883,11.0,11.0,11.0,11.0
0.2,0.4,0.4854855139391493,0.5286373428261779,0.6,0.6,0.6,0.6,0.6,0.6,0.6,0.6,0.6,0.6,0.6,0.6,0.6,0.6,0.6,0.6,0.6,0.6,0.6,0.6,0.6,0.6,0.6,0.6,0.6,0.6,0.6,0.6,0.6,0.6,0.6,0.7,0.7,0.7,0.7,0.7,0.7,0.7,0.7,0.7,0.7,0.7,0.7,0.7,0.7,0.7,0.8,0.8,0.9,0.9,0.9,0.9,0.9,0.9,0.9,0.9,0.9,0.9,1.0,1.0,1.0,1.0,1.0,1.0,1.0,1.1,1.1,1.1,1.1,1.1,1.1,1.1,1.1,1.1,1.1,1.1,1.1,1.1,1.1,1.1,1.1,1.1,1.1,1.1,1.1,1.1,1.1,1.1,1.1,1.1,1.1,1.1,1.1,1.1,1.1,1.1,1.1,1.1,1.1,1.1,1.1,1.1,1.1,1.1,1.1,1.1,1.1,1.1,1.1,1.1,1.1,1.2,1.2,1.2,1.2,1.2,1.2,1.2,1.3,1.3,1.3,1.3,1.3,1.3,1.3,1.3,1.3,1.3,1.3,1.3,1.3,1.3,1.3,1.3,1.3,1.3,1.3,1.3,1.3,1.3,1.3,1.3,1.3,1.3,1.3,1.3,1.3,1.3,1.3,1.3,1.4,1.4,1.4,1.4,1.4,1.4242052584359555,1.5,1.5,1.5,1.5,1.5,1.593593987845253,1.6,1.6,1.6,1.6,1.6,1.6,1.7,1.7,1.7,1.7,1.7,1.7,1.7,1.7,1.7328902688179482,1.8,1.8,1.9,1.9,1.9,1.9,2.0,2.1,2.2,2.207133298446678,2.3,2.3,2.4,2.5,2.5,2.5,2.8,3.2435434581825406,3.8,4.5
0.6,1.5,1.8,1.9,2.1,2.2,2.4,2.5,2.5,2.5,2.5,2.6,2.7,2.8,2.8,2.8,2.8,2.8,2.8,2.8997417543889865,2.9,2.9,2.9,2.9,2.9,2.9,2.9,2.9,3.0,3.0,3.0,3.1,3.1,3.1,3.1,3.1,3.1,3.1,3.1,3.1,3.1329201988926885,3.2,3.2,3.2,3.3,3.3,3.3,3.3,3.3,3.3,3.3,3.3,3.4,3.4,3.4,3.4,3.5,3.5,3.5,3.5,3.5,3.5,3.5,3.5,3.5,3.5,3.5,3.5,3.5,3.5,3.5,3.5,3.5,3.5,3.5,3.5,3.5,3.6,3.6,3.6,3.6,3.6,3.6,3.6,3.6,3.6,3.6,3.6,3.7,3.7,3.7,3.7,3.7,3.7,3.702392509879161,3.8,3.8,3.8,3.8,3.8,3.8,3.8,3.9,4.0,4.048291057822746,4.1,4.1,4.2,4.2,4.2,4.2,4.2,4.3,4.3,4.3,4.323079872757484,4.4,4.47439350157847,4.500269264184391,4.6,4.65250515077039,4.7,4.7,4.7,4.7,4.7,4.7,4.7,4.8,4.8,4.8,4.8,4.8,4.812875379529044,4.9,4.9,4.9,4.9,4.9,4.9,4.9,4.959500077641303,5.0,5.025036691116378,5.1,5.1,5.1,5.284637181419805,5.4,5.6,5.6,5.6,5.6,5.6,5.620554724647712,5.7,5.7,5.9,5.9,5.9,5.9,5.921453380248796,6.1,6.3,6.3,6.3,6.3,6.390424139558622,6.4,6.4,6.4,6.6,6.6,6.8,6.8,6.8,6.8,6.8,6.803343888618275,7.909238573786036,8.4,8.4,8.4,8.4,8.4,8.4,8.5,8.5,8.5,8.5,8.5,8.5,8.5,8.8,10.3,10.3,10.3,11.0,11.0,11.0,11.0
0.7989093300947493,1.2663813511317425,1.5,1.7286373428261779,1.8589391335881382,2.0797923922871657,2.2,2.200726261048346,2.5,2.5,2.592866701553323,2.6,2.7,2.8,2.8,2.8,2.8,2.8,2.830512947070702,2.9,2.9,2.9,2.9,2.9,2.919852465712776,3.0,3.0,3.0,3.1,3.1,3.1,3.1,3.1,3.1,3.1,3.1,3.2,3.2,3.2,3.2,3.2,3.2,3.217922626012691,3.3,3.3,3.3,3.3,3.3,3.3,3.3,3.330825981018876,3.4,3.4,3.438454272860062,3.5,3.5,3.5,3.5,3.5,3.5,3.5,3.5,3.5,3.5,3.5,3.5,3.5,3.5,3.5,3.5,3.5,3.5,3.5,3.55857505126975,3.6,3.6,3.6,3.6,3.6,3.6,3.6,3.6,3.6,3.6,3.6,3.6,3.6,3.6,3.6,3.6,3.7,3.7,3.7,3.7,3.7,3.7,3.7,3.8,3.8,3.8,3.8,3.8,3.8,3.8236884075919986,4.0,4.072927891550575,4.1,4.2,4.2,4.2,4.2,4.2219492382639885,4.3,4.3,4.3,4.323079872757484,4.4,4.4,4.6,4.7,4.7,4.7,4.7,4.7,4.7,4.7,4.7,4.7,4.7,4.797472376674125,4.8,4.8,4.8,4.8,4.8,4.8,4.9,4.9,4.9,4.9,4.9,4.9,4.9,5.0,5.0,5.0,5.0,5.061545727139935,5.1,5.4,5.4,5.6,5.6,5.6,5.6,5.6,5.6,5.7,5.864154747974613,5.9,5.9,5.9,6.1,6.3,6.3,6.3,6.3,6.3,6.4,6.4,6.4,6.4,6.6,6.6,6.6,6.641486788970781,6.8,6.8,6.8,6.8,6.8,6.8,6.8,8.4,8.4,8.4,8.4,8.4,8.4,8.417525236657525,8.5,8.5,8.5,8.5,8.520489806417316,10.3,10.3,10.3,11.0,11.0,11.0
0.3,0.5,0.5,0.5,0.5,0.5,0.5,0.5,0.5,0.5,0.6,0.6,0.6,0.6,0.6,0.6,0.6,0.6,0.6305129470707023,0.7,0.7,0.7,0.8,0.8,0.8,0.8,0.8,0.8,0.8,0.8,0.8568011561197949,0.9,0.9,0.9,0.9,0.9,0.9,0.9,0.9,0.9,0.9,0.9,0.9,0.9,0.9,0.9,0.9,0.9,0.9,0.9,0.9,0.9,0.9,0.9,0.9,0.9,0.9,0.9,0.9,0.9,0.9,0.9,0.9,0.9,0.9,0.9,0.9,0.9,0.9,0.9,0.974106826669302,1.0,1.0,1.0,1.0,1.1,1.1,1.1,1.2,1.2,1.2,1.2,1.2,1.2,1.2,1.3,1.3,1.3,1.3,1.3,1.3,1.3,1.3,1.3,1.3,1.3,1.3,1.4,1.4,1.4,1.4,1.4,1.4,1.4,1.4,1.4,1.4,1.4,1.4,1.4,1.4,1.4,1.4,1.4,1.4,1.4,1.4,1.4,1.4,1.4,1.4,1.4,1.4,1.4,1.4,1.4,1.4,1.4,1.4,1.4,1.4,1.4,1.5,1.5,1.5,1.5,1.5,1.5,1.5,1.5,1.5,1.5,1.5920541497097476,1.6,1.6,1.6,1.6,1.6,1.6,1.6,1.6,1.6,1.6,1.6,1.6,1.6,1.6,1.6406715341422513,1.7,1.7,1.7,1.7,1.7,1.7,1.7,1.7,1.7,1.7,1.7,1.7,1.7,1.7,1.7,1.7,1.8,1.8,1.8,1.9,1.9,1.9,2.0,2.0,2.0,2.1,2.1,2.2,2.2,2.2,2.2,2.2,2.3,2.4003907185653643,2.5,2.6,2.6,2.6,2.741060866411857,2.8713626571738247,3.0,3.1,3.5
0.6,0.7,1.0,1.1,1.1,1.1,1.1,1.1,1.1,1.1,1.1,1.1,1.1,1.1,1.1,1.1,1.2,1.2,1.3,1.3,1.4,1.5,1.6,1.6,1.6,1.6792566055146068,1.737286272143571,1.8,1.8,1.9,2.0,2.0,2.0,2.0,2.0,2.00640601215474,2.2,2.2,2.2,2.2,2.2,2.2,2.2,2.259328465857746,2.3,2.4,2.4,2.4,2.4,2.4,2.4,2.4,2.4,2.4,2.4,2.4,2.4,2.5,2.5,2.5,2.5,2.5,2.5,2.5,2.5,2.5,2.5,2.5,2.5,2.545406826037424,2.6,2.6,2.6,2.6,2.6,2.6,2.7,2.7,2.7945500644173844,2.8,2.8,2.8,2.8,2.8,2.8,2.8,2.8,2.8,2.8,2.8,2.8,2.8,2.8,2.8,2.8,2.8,2.8,2.8,2.8,2.8,2.8,2.9,2.9,2.9,2.9,2.9,2.9,2.9,2.9,2.9,2.9,2.9,2.9,3.072289150783877,3.1,3.1,3.1,3.1,3.1005385283687814,3.3,3.3,3.3,3.3,3.3,3.3,3.3,3.4,3.4,3.4,3.4,3.4,3.4545931739625813,3.5,3.5,3.5,3.6,3.6,3.6,3.6,3.6,3.6,3.6,3.6,3.7,3.7,3.7,3.7,3.7,3.7,3.7,3.8,3.9,3.9,3.9,3.9,3.9,3.9,3.9,3.9,3.9,3.9,3.9,3.9,3.9,4.0,4.093593987845253,4.1,4.1,4.1,4.1,4.1,4.1,4.1,4.1,4.1,4.1,4.1,4.2,4.2,4.2,4.2,4.2,4.2,4.2,4.2,4.289518608039907,4.3,4.4,4.4,4.5,4.5,4.6,4.6,4.7,5.006829935472439,5.1,5.7,5.7,5.7,5.9,8.5
0.6,0.6,0.6,0.6,0.6,0.7,0.9,0.9,1.0,1.0,1.1,1.1,1.1,1.1,1.1,1.1,1.1,1.1,1.1,1.1,1.1,1.1,1.1,1.1,1.1,1.1,1.1,1.1,1.1,1.1,1.1,1.2,1.2,1.2,1.2,1.2,1.2,1.2,1.3,1.3,1.3,1.3,1.4,1.4,1.5,1.5,1.5,1.6,1.6,1.6,1.6,1.6,1.6,1.6,1.6,1.7,1.7,1.7,1.7,1.7,1.77263956962276,1.8,1.8,1.8,1.9,2.0,2.0,2.0,2.0164165237127207,2.145406826037424,2.2,2.2,2.2,2.2,2.2,2.2136342526696895,2.3,2.3,2.3,2.3,2.4,2.4,2.4,2.4,2.4,2.4,2.4,2.4,2.4,2.4,2.4,2.428010926291105,2.5,2.5,2.5,2.5,2.5,2.5,2.5,2.5,2.5,2.5,2.5,2.5,2.5,2.5,2.5,2.5,2.5,2.5,2.5,2.5,2.54706730690055,2.6,2.6,2.6,2.6,2.6,2.6,2.6,2.6,2.6,2.6,2.6,2.6,2.6863657473303135,2.7137770364541782,2.8,2.8,2.8,2.8,2.8,2.8,2.8,2.8,2.8,2.8,2.8,2.8,2.8,2.8,2.8,2.8,2.8,2.8,2.8,2.8,2.8,2.8,2.8,2.8691740189811297,2.9,2.9,2.9,2.9,2.9,2.9,2.9,2.9820773739873063,3.0242052584359556,3.1,3.1,3.1,3.1008922795011813,3.3,3.3,3.3,3.3,3.3,3.3,3.3,3.3,3.3,3.3059984560655775,3.4,3.4,3.4801475342872323,3.5,3.5,3.5,3.5,3.500258245611019,3.6,3.6,3.6,3.6895186080399074,3.7,3.7,3.8,3.9,3.9,4.1,4.1,4.1,4.1,4.2,4.2,4.3,4.514514486060847,4.677872882956086,5.701090669905262
0.29890933009474924,0.4,0.4854855139391493,0.5286373428261779,0.6,0.7,0.7,0.7,0.7,0.7,0.7,0.7,0.7,0.7520555588893195,0.8,0.8104813919600965,0.9,0.9,0.9,0.9,0.9,0.9,0.9,1.0,1.0,1.0,1.0,1.0,1.1,1.1,1.1,1.1,1.1,1.1,1.1,1.1,1.1,1.2,1.2,1.2,1.2,1.2,1.217922626012691,1.3,1.3,1.3,1.3,1.3,1.3,1.3,1.3,1.3,1.4,1.4,1.4,1.4,1.4,1.4,1.4,1.4,1.4,1.4,1.5,1.5,1.5,1.5,1.5,1.5,1.5,1.5,1.5,1.5,1.5,1.5,1.5,1.5,1.5,1.5,1.5,1.5,1.5,1.5,1.5,1.5,1.5,1.5,1.5,1.5,1.5,1.5,1.5,1.5,1.5,1.5,1.5,1.5,1.5,1.5,1.5,1.5,1.5,1.6,1.6,1.6,1.6,1.6,1.6,1.6,1.6,1.6,1.6,1.6219492382639886,1.7,1.7,1.7,1.7,1.7,1.7,1.7,1.7,1.7,1.7,1.8,1.8,1.8,1.8,1.813777036454178,1.9,1.9,1.9,1.9,1.9,1.9,1.9,1.9,1.9,2.0,2.0,2.0,2.0,2.0,2.0,2.0,2.0,2.0,2.0,2.0,2.0,2.096894888185165,2.1,2.1,2.1,2.1,2.2,2.2,2.2599324600475086,2.3,2.3,2.3,2.4,2.4,2.4,2.455172771262977,2.5,2.5,2.5,2.5,2.5,2.5,2.5,2.5,2.5,2.5,2.5059984560655777,2.6,2.6,2.6801475342872325,2.7,2.7,2.8,2.8,2.8,2.8,3.0,3.0,3.0,3.1,3.247944441110684,3.3,3.3,3.3,3.3,3.3,3.4996368694758244,3.506829935472439,3.7,3.741060866411857,3.9713626571738248,4.1,4.433618648868259,4.5010906699052615
0.19945466504737464,0.6,0.6,0.7,0.7,0.8,0.9,0.9003631305241729,1.0,1.0,1.0,1.0,1.0687759612645444,1.1,1.1,1.1,1.1,1.2,1.2,1.2,1.2,1.2,1.2,1.3,1.3,1.3,1.3,1.3,1.3,1.3,1.3,1.3,1.3,1.3,1.3,1.3,1.3,1.3,1.3448272287370202,1.4,1.4329201988926883,1.5,1.5,1.5,1.5,1.5,1.5,1.5,1.5,1.5,1.5,1.5,1.5,1.5,1.6,1.6,1.6,1.6,1.6,1.6,1.6,1.6,1.6,1.6,1.6,1.6275897391896876,1.7,1.7,1.7,1.8,1.8,1.8,1.8,1.8,1.8,1.8,1.8,1.8,1.8,1.8,1.8,1.8,1.8,1.8,1.8,1.8,1.8,1.8,1.8,1.8,1.8,1.8,1.8,1.8,1.8,1.8,1.8,1.8,1.8,1.8,1.8,1.8,1.8,1.8,1.8,1.8,1.8,1.8,1.8,1.8,1.8,1.8,1.8,1.8,1.8,1.8,1.8,1.8,1.9,1.9,1.9,1.9,1.9,1.9,1.9,1.9,1.9,1.9,1.9,1.9,1.9,1.9,1.9,1.9,1.9,1.9,1.9,1.9,1.9,1.9,1.9,1.9,1.9,1.9,1.9,1.9,1.9,1.9,1.9,1.9,1.9,2.0,2.0,2.0,2.0,2.0,2.0,2.0,2.0,2.0,2.0,2.0,2.0,2.0,2.0,2.0,2.0,2.0,2.1,2.1,2.1,2.1,2.1,2.1,2.1,2.1,2.2,2.2,2.2,2.2,2.4,2.4,2.4,2.4,2.4,2.4,2.5,2.6,2.631224038735451,2.8,2.8,2.8,2.8,2.9,2.9,3.0,3.4,3.4,3.5,4.089364414780431,4.501636004857891
0.29890933009474924,0.6,0.6854855139391492,0.7,0.8,0.9,0.9,1.0,1.0,1.0,1.0,1.0,1.0687759612645444,1.1,1.1,1.1,1.2,1.2,1.2,1.2,1.3,1.3,1.3,1.3,1.3,1.3,1.3,1.3,1.3,1.3,1.3,1.3,1.3,1.3,1.358468122724821,1.4,1.4,1.4,1.5,1.5,1.5,1.5,1.5,1.5,1.5,1.5,1.5,1.5,1.5,1.5,1.5,1.6,1.6,1.6,1.6,1.6,1.6,1.6,1.6,1.6,1.6,1.6,1.6,1.7,1.7,1.7,1.7,1.7,1.8,1.8,1.8,1.8,1.8,1.8,1.8,1.8,1.8,1.8,1.8,1.8,1.8,1.8,1.8,1.8,1.8,1.8,1.8,1.8,1.8,1.8,1.8,1.8,1.8,1.8,1.8,1.8,1.8,1.8,1.8,1.8,1.8,1.8,1.8,1.8,1.8,1.8,1.8,1.8,1.8,1.8,1.8,1.8,1.8,1.8,1.8,1.8,1.8,1.8,1.8,1.9,1.9,1.9,1.9,1.9,1.9,1.9,1.9,1.9,1.9,1.9,1.9,1.9,1.9,1.9,1.9,1.9,1.9,1.9,1.9,1.9,1.9,1.9,1.9,1.9,1.9,1.9,1.9,1.9,1.9,1.9,1.9,1.9,1.9,1.9,2.0,2.0,2.0,2.0,2.0,2.0,2.0,2.0,2.0,2.0,2.0,2.0,2.0,2.0,2.1,2.1,2.1,2.1,2.1,2.1,2.1,2.1,2.1801475342872325,2.2,2.2,2.2,2.232890268817948,2.300258245611019,2.4,2.4,2.4,2.4,2.4,2.5,2.6,2.7,2.8,2.8,2.8,2.9,3.0,3.2,3.3410608664118566,3.4,3.5,3.577872882956086,4.501636004857891
0.1,0.2,0.2,0.2,0.2,0.2,0.2,0.2,0.2,0.2996092814346326,0.3,0.3,0.3,0.3,0.3,0.3,0.3,0.3,0.3,0.3,0.4,0.4,0.4,0.4,0.4,0.4,0.4,0.4,0.4,0.4,0.4,0.4,0.4,0.4,0.4,0.4,0.4,0.4,0.4,0.4,0.5,0.5,0.5,0.5,0.5,0.5,0.5,0.5,0.5,0.5,0.5,0.5,0.5,0.5,0.5,0.6,0.6,0.6,0.6,0.6,0.6,0.6,0.6,0.6,0.6,0.7,0.7,0.7,0.7,0.7,0.7,0.7,0.7,0.7,0.7862229635458163,0.8,0.8,0.8,0.8,0.8,0.8,0.8,0.8,0.8,0.8,0.8,0.8,0.8,0.8,0.8,0.8,0.8,0.8,0.8,0.8,0.8,0.8,0.8,0.8,0.8,0.8,0.8745514221892506,0.9,0.9,0.9,0.9,0.9,0.9,0.9,0.9,0.9,0.9,0.9,0.9,0.9,0.9,0.9,0.9,0.9,0.9,0.9,0.9,0.9,0.9,0.9,0.9,0.9,0.9,0.9,0.9,0.9,0.9,0.9,0.9,0.9,0.972410260810318,1.0,1.0,1.0,1.0,1.0,1.0,1.0,1.0,1.0,1.0,1.0,1.0,1.0,1.0,1.0,1.0,1.0,1.0,1.0,1.0,1.0,1.0,1.0,1.0,1.0,1.0,1.0,1.0004461397505906,1.1,1.1,1.1,1.1,1.1,1.1,1.1,1.1,1.1505417183933502,1.2,1.2,1.2,1.2,1.3,1.3,1.3,1.3,1.3,1.4,1.4,1.4,1.5,1.5,1.6,1.6,1.6,1.607133298446678,1.7,1.7,1.7,1.7,1.7,1.7,1.7,1.7,1.8,2.8005453349526306
0.5,0.6,0.6854855139391492,0.7,0.7,0.7,0.7,0.7,0.7022832662765963,0.8,0.8928667015533229,0.9,1.0,1.0,1.0,1.0,1.0,1.0,1.0,1.0997417543889867,1.1,1.1,1.1,1.1590090298190248,1.2,1.2,1.2,1.2,1.2,1.3,1.3,1.3,1.3,1.3,1.3,1.3,1.3,1.3,1.4,1.4,1.4,1.4,1.4,1.4,1.4,1.5,1.5,1.5,1.5,1.5,1.5,1.5,1.5,1.5,1.5732987958385678,1.6,1.6,1.6,1.6,1.6,1.6,1.6,1.6,1.6,1.6,1.6,1.6,1.6,1.7,1.7,1.7,1.7,1.7,1.7,1.7,1.7,1.8,1.8,1.8,1.8,1.8,1.8,1.8,1.8,1.8,1.8,1.8,1.8,1.8,1.8,1.8,1.8,1.8,1.8,1.8,1.8,1.8,1.8,1.8,1.8,1.8,1.8745514221892505,1.9,1.9,1.9,1.9,1.9,1.9,1.9,1.9,1.9,1.9,1.9,1.9,1.9,1.9,1.948666772365334,2.0,2.0,2.0,2.0,2.0,2.0,2.0,2.0,2.0,2.0,2.0,2.0,2.097472376674125,2.1,2.1,2.1,2.1,2.1,2.1,2.1,2.1,2.1,2.1,2.1,2.1,2.1,2.2,2.2,2.2,2.2,2.261545727139935,2.3,2.3,2.3,2.3,2.4,2.4,2.4,2.4,2.4,2.5,2.5,2.5,2.5,2.5,2.5,2.6,2.6,2.6,2.7,2.7,2.7,2.7,2.8,2.8,2.8,2.8,2.8,2.8,2.8,2.9,3.0,3.0,3.1,3.1,3.1,3.1,3.2,3.289518608039907,3.3,3.3,3.4,3.4,3.4,3.4,3.4977167337233994,3.5,3.506829935472439,3.7,3.7,3.8713626571738247,4.314514486060847,4.811491531824345,5.7
0.6,0.6221271170439141,0.7,0.7,0.7,0.7,0.7,0.7003631305241729,0.8,0.8,0.9928667015533229,1.0,1.0,1.0,1.1,1.1,1.1,1.2,1.2,1.2,1.2,1.2,1.2,1.3,1.3,1.3,1.3,1.3,1.3,1.3,1.4,1.4,1.4,1.409575860441376,1.5,1.5,1.5,1.5,1.5,1.5,1.5329201988926884,1.6,1.6,1.6,1.6,1.6,1.6,1.6,1.6,1.6938612343310382,1.7,1.7,1.7,1.7,1.7,1.7,1.7,1.7,1.8,1.8,1.8,1.8,1.8,1.8,1.8,1.8,1.8,1.8,1.8,1.8,1.8,1.8,1.8,1.8,1.8,1.8,1.8,1.8,1.8,1.8,1.8,1.8,1.8,1.9,1.9,1.9,1.9,1.9,1.9,1.9,1.9,1.9,1.9,2.0,2.0,2.0,2.0,2.0,2.0,2.0,2.0,2.0,2.0,2.1,2.1,2.1,2.1,2.1,2.1,2.1,2.1,2.1,2.1,2.1,2.1,2.1,2.1,2.17439350157847,2.2,2.2,2.2,2.2,2.2,2.2,2.3,2.3,2.3,2.3,2.3,2.3,2.3,2.3,2.4,2.4,2.4,2.4,2.4,2.4,2.4,2.4,2.5,2.5,2.5,2.5,2.5,2.5923452141771635,2.6,2.6,2.696894888185165,2.7,2.7,2.7,2.7,2.7,2.7,2.7,2.8,2.8,2.8,2.8,2.8,2.8,2.8,2.8,2.8,2.8,2.9,2.9,3.0,3.0,3.043198843880208,3.1,3.1,3.1,3.1,3.1,3.1,3.2,3.2,3.2672825715857354,3.3,3.3,3.3,3.3,3.3,3.3,3.4,3.4,3.4,3.4,3.4,3.5,3.5,3.5,3.6,3.7,3.7,4.042725314347649,4.3,4.455745765912172,5.103272009715783
0.49781866018949855,0.6,0.6854855139391492,0.7,0.7,0.7,0.7,0.8,0.8022832662765964,0.9,0.9,1.0,1.0,1.0,1.0,1.0,1.0,1.1,1.1,1.1,1.1,1.2,1.2,1.2,1.2,1.2,1.2,1.3,1.3,1.3,1.3,1.3,1.3,1.3,1.3,1.3,1.3,1.3995538602494093,1.4,1.4,1.4,1.4,1.4,1.4,1.4,1.4,1.5,1.5,1.5,1.5,1.5,1.5,1.5,1.5,1.5,1.5,1.5,1.5,1.5079458502902525,1.6,1.6,1.6,1.6,1.6,1.6,1.6,1.6,1.6,1.6,1.6,1.6,1.6,1.7,1.7,1.7,1.7,1.7,1.7,1.7,1.8,1.8,1.8,1.8,1.8,1.8,1.8,1.8,1.8,1.8,1.8,1.8,1.8,1.8,1.8,1.8,1.8,1.8,1.8,1.8,1.8,1.8,1.8745514221892505,1.9,1.9,1.9,1.9,1.9,1.9,1.9,1.9,1.9,1.9,1.9,1.9,1.9,1.9,1.9,1.97439350157847,2.0,2.0,2.0,2.0,2.0,2.0,2.0,2.0,2.0,2.0,2.0,2.0,2.0,2.1,2.1,2.1,2.1,2.1,2.1,2.1,2.1,2.1,2.1,2.1,2.1920541497097474,2.2,2.2,2.2,2.2,2.261545727139935,2.3,2.3,2.3,2.3,2.4,2.4,2.4,2.4,2.4,2.4,2.4,2.4,2.5,2.5,2.5,2.5,2.5,2.5,2.6,2.6,2.6,2.6,2.7,2.7,2.7,2.705998456065578,2.8,2.8,2.8,2.8,2.8,2.8,2.8,2.8,2.9,3.0,3.0139854899254375,3.1,3.1,3.1,3.231224038735451,3.3,3.3,3.4,3.4,3.5,3.6,3.7,3.7,3.7,4.2,4.455745765912172,5.703817344668415
0.5978186601894985,0.6,0.6,0.6,0.6,0.6,0.7,0.7003631305241729,0.8,0.8,1.1,1.1,1.1,1.1520555588893195,1.2,1.2,1.2860145100745635,1.3593119177487658,1.4,1.4,1.4671097311820502,1.5,1.6,1.6,1.6,1.6,1.6,1.6,1.6,1.6,1.6,1.6,1.7,1.7,1.7,1.8,1.8,1.8,1.8448272287370202,1.9,1.9,1.9757947415640416,2.0,2.0,2.1,2.2,2.2,2.2,2.2,2.2,2.3,2.3,2.3,2.4,2.4,2.4,2.4,2.4,2.4,2.4,2.4,2.4,2.4,2.4,2.4,2.5275897391896875,2.6,2.6,2.616416523712721,2.7,2.7,2.7,2.7,2.7,2.8,2.8,2.8,2.8,2.9,2.9,2.9,2.9,2.9,2.9,2.9,2.9,2.9,2.9,2.9,2.9780507617360144,3.0,3.0280109262911052,3.1,3.1,3.1,3.1,3.2,3.2,3.200888621543729,3.3,3.3499999999999996,3.4,3.4,3.4,3.4,3.4,3.4,3.4,3.4,3.4,3.4,3.4,3.4,3.5,3.5,3.5,3.5,3.5,3.5,3.6,3.6,3.6,3.6054499355826124,3.7,3.8,3.8,3.8,3.8,3.9,4.1,4.125893173330689,4.2,4.2,4.412875379529044,4.5,4.5,4.7,4.9,4.964269946863908,5.0,5.0,5.1,5.1,5.2,5.4,5.584690428354326,5.7534024083228585,6.02309145427987,6.3,6.4,6.738348037962259,6.9,6.9,6.9,7.0,7.0,7.0,7.0,7.0,7.0,7.0,7.0,7.0,7.0,7.0,7.0,7.0,7.0,7.0,7.0,7.0,7.0,7.1,7.1,7.1,7.1,7.1,7.1,7.1,7.1,7.2,7.2,7.2,7.2,7.2,7.2,7.2,7.2,7.2,7.2,7.2,8.4,8.4,8.4,8.4,8.4,8.5,8.5,8.5,8.8,8.8
0.4994546650473746,0.6,0.6,0.6286373428261779,0.7,0.7,0.7,0.7,0.7,0.7,0.7,0.7,0.7,0.7,0.8,0.8,0.8,0.8,0.8,0.8,0.8,0.8327174284142679,0.9,0.9,0.9,0.9,1.0,1.0,1.0,1.0,1.0,1.0,1.0,1.0,1.0,1.1,1.1,1.1,1.1,1.1,1.1,1.1,1.1,1.1,1.2,1.2,1.2,1.2,1.2,1.2,1.2,1.2,1.2,1.2,1.2,1.2076547858228308,1.3,1.3,1.3,1.3,1.3,1.3,1.3,1.3,1.3,1.3,1.3,1.3,1.3,1.3,1.3,1.3,1.3306801228393907,1.4,1.4,1.4,1.4,1.4,1.4,1.4,1.4,1.4,1.4,1.4,1.4,1.4,1.4,1.5,1.5,1.5,1.5,1.5,1.5,1.5,1.5,1.5,1.6,1.6,1.6,1.6,1.6,1.6,1.6,1.6,1.6,1.6,1.6,1.7,1.7,1.7,1.7,1.7,1.74706730690055,1.8,1.8,1.8,1.8,1.8,1.8,1.8,1.8,1.8,1.8,1.8,1.8,1.8,1.8,1.8,1.8,1.8,1.8,1.8,1.9,1.9,1.9,1.9,1.9,1.9,1.9,1.9,1.9,1.9,1.9,1.9,1.9,2.0,2.0,2.0,2.0,2.0,2.0,2.1,2.1,2.1,2.1,2.1,2.1,2.1,2.1,2.1,2.1,2.2,2.2,2.2,2.3,2.3,2.3,2.3,2.340306890980156,2.4,2.4,2.4,2.4,2.4,2.4,2.5,2.5,2.6,2.6,2.667282571585736,2.8,2.8,2.9,2.9,3.0139854899254375,3.1,3.234890012615392,3.4,3.4,3.4,3.4,3.4,3.4,3.4,3.4,3.4,3.5,3.671362657173825,3.8,4.177872882956086,7.008180024289459
0.1,0.12212711704391417,0.2,0.2,0.2,0.2,0.2,0.2,0.2,0.2,0.2,0.2,0.2,0.2,0.2325549936923018,0.3,0.3,0.3,0.3,0.3,0.3,0.3,0.3,0.3,0.3,0.3,0.3,0.3,0.3,0.3,0.3,0.3,0.3,0.3,0.3,0.3,0.3,0.3,0.3,0.3,0.3,0.3,0.4,0.4,0.4,0.4,0.4,0.4,0.4,0.4,0.4,0.4,0.4,0.4,0.4,0.4,0.4,0.4,0.4,0.4,0.4,0.4,0.4,0.4,0.4,0.4,0.4,0.4,0.4,0.4,0.4,0.4,0.4,0.4,0.4,0.4,0.5,0.5,0.5,0.5,0.5,0.5,0.5,0.5,0.5,0.5,0.5,0.5,0.5,0.5,0.5,0.5,0.5,0.5,0.5,0.6,0.6,0.6,0.6,0.6,0.6,0.6,0.6,0.6,0.6,0.6,0.6,0.6,0.6,0.6719890737088917,0.7,0.7,0.7,0.7,0.7976236808611419,0.8,0.8,0.8,0.8,0.8,0.8,0.8,0.8,0.8,0.8,0.8,0.8,0.8,0.8,0.8,0.8,0.8,0.8,0.8,0.8,0.8,0.8,0.9,0.9,0.9,0.9,0.9,0.9,0.9,0.9,0.9,0.9,0.9,0.9,0.9,0.9,0.9,0.9436777716743393,1.0,1.0,1.0,1.0,1.0,1.0,1.0,1.0,1.0107266901243974,1.1,1.1,1.1,1.1,1.1,1.1,1.1,1.2,1.2,1.2,1.2,1.2,1.2,1.2,1.3,1.3,1.3,1.3,1.3,1.3,1.3,1.3,1.4,1.4,1.467445006307696,1.5,1.5,1.6,1.607133298446678,1.7,1.7,1.7996368694758247,1.8,1.8,1.9,1.9,2.2,2.2,2.901090669905261
0.6,0.6,0.6,0.6286373428261779,0.7,0.7,0.8,1.0,1.1,1.1,1.1,1.1,1.2,1.2,1.4,1.4,1.4,1.5,1.5,1.5,1.5,1.5,1.5,1.559009029819025,1.6,1.6,1.6,1.6,1.6,1.6,1.6,1.6,1.6,1.6,1.6,1.7,1.7,1.7995538602494094,1.8,1.8,1.8,1.8,1.8,1.8,1.8,1.8,1.8,1.9,1.9,1.9,2.0,2.0,2.0,2.0,2.0,2.0,2.0,2.0,2.0,2.0,2.0,2.0,2.0,2.0,2.0,2.0,2.0,2.0,2.2,2.2,2.2,2.2,2.2,2.2,2.2,2.2,2.2,2.2,2.2,2.2,2.2,2.2,2.3,2.3,2.3,2.3,2.3,2.3,2.3,2.4,2.4,2.4,2.4,2.4,2.4,2.4,2.4,2.4,2.4,2.4,2.4,2.4,2.4,2.4,2.4,2.4,2.4,2.4,2.4,2.4,2.4,2.4,2.4,2.4,2.4,2.4,2.4,2.4,2.4,2.4,2.4,2.4,2.4,2.4,2.4,2.4,2.4,2.4,2.4,2.4,2.4,2.4,2.4,2.5,2.5,2.5,2.5,2.5,2.5,2.5,2.5,2.5,2.5,2.5,2.5,2.5,2.6,2.6,2.6,2.6,2.6,2.6,2.6,2.6,2.6,2.6,2.6,2.6,2.6,2.6,2.667079801107315,2.8,2.8,2.8,2.8,2.9,2.9,2.9,2.940306890980156,3.09121831144011,3.1,3.1,3.1,3.1,3.1,3.1,3.1,3.1,3.1,3.1,3.1,3.2,3.269487052929304,3.3,3.3139854899254373,3.4,3.4,3.447944441110684,3.5,3.517525236657525,3.6071332984466777,3.7,3.8954334674467987,4.1,4.1,4.340415215425673,4.5,4.571362657173824,5.7,6.4,8.5
0.6,0.6,0.6,0.6,0.6,0.6797923922871657,0.7,0.7,0.8,0.9,1.0,1.0,1.1,1.1,1.1,1.1,1.1860145100745634,1.2,1.2,1.2997417543889866,1.3671097311820504,1.4,1.5,1.5,1.5,1.5,1.5,1.5,1.5494582816066527,1.6,1.6,1.6,1.6,1.6,1.6,1.6,1.6,1.6,1.6,1.6,1.6,1.7,1.7,1.7,1.8,1.8,1.8,1.8,1.8,1.8,1.8,1.867234718804218,1.9,1.938454272860062,2.0,2.0,2.0,2.0,2.0,2.0,2.0,2.0,2.0,2.1334146371514864,2.2,2.2,2.2,2.2,2.2,2.2,2.2,2.2,2.2,2.2,2.2,2.2,2.2,2.3,2.3,2.3,2.3,2.3,2.3,2.3,2.3,2.3,2.302376319138855,2.4,2.4,2.4,2.4,2.4,2.4,2.4,2.4,2.4,2.4,2.4,2.4,2.4,2.4,2.4,2.4,2.4,2.4,2.4,2.4,2.4,2.4,2.4,2.4,2.4,2.4,2.4,2.4,2.4,2.4,2.4,2.4,2.4,2.4,2.4,2.4,2.4,2.5,2.5,2.5,2.5,2.5,2.5,2.5,2.5,2.5,2.5,2.5,2.5,2.5,2.5,2.5,2.5,2.5,2.5,2.5920541497097473,2.6,2.6,2.6,2.6,2.6,2.6,2.6,2.6,2.6,2.6,2.6,2.6,2.6,2.6,2.6,2.7,2.8,2.8,2.8,2.8,2.9,2.9,2.9,2.9,3.0808482791172422,3.1,3.1,3.1,3.1,3.1,3.1,3.1,3.1,3.1,3.1,3.2,3.2672825715857354,3.3,3.300258245611019,3.4,3.4,3.5,3.5,3.5,3.6,3.7,3.7350504733150505,4.1,4.200390718565365,4.3,4.3,4.5,4.580830430851347,4.982121732823714,5.7,6.458057944243388,8.090220361385207,8.5
0.1,0.1,0.2,0.2,0.2,0.2,0.2,0.2,0.2,0.2,0.2,0.2,0.2,0.2,0.2,0.2,0.2,0.2,0.2,0.2,0.3,0.3,0.3,0.3,0.3,0.3,0.3,0.3,0.3,0.3,0.3,0.3,0.3,0.3,0.3,0.3,0.3,0.3,0.3,0.3,0.3,0.3,0.3,0.3,0.3,0.3,0.3,0.3,0.3,0.3,0.3,0.3,0.3,0.3,0.3,0.3,0.3,0.3,0.3,0.3,0.3,0.3,0.3,0.3,0.3,0.3,0.3,0.3,0.4,0.4,0.4,0.4,0.4,0.4,0.4,0.4,0.4,0.4,0.4,0.4,0.4,0.4,0.4,0.4,0.4,0.4,0.4,0.4,0.4,0.4,0.4,0.4,0.4,0.4,0.4,0.4,0.4,0.4,0.4,0.4,0.4,0.4,0.4,0.4,0.4,0.4,0.4,0.4,0.4,0.4,0.4,0.4,0.4,0.4,0.4976236808611418,0.5,0.5,0.5,0.5,0.5,0.5,0.5,0.5,0.5,0.5,0.5,0.5,0.5,0.5,0.5,0.5,0.5,0.5,0.5,0.5,0.5,0.5026769483789849,0.6,0.6,0.6,0.6,0.6,0.6,0.6,0.6,0.6,0.6,0.661545727139935,0.7,0.7,0.7,0.7,0.7,0.7,0.7,0.7,0.7,0.7,0.7,0.7,0.7,0.7,0.7,0.7004461397505906,0.8,0.8,0.8,0.8,0.8,0.8,0.8,0.8,0.8,0.8,0.8,0.8,0.9,0.9,0.9,0.9,1.0,1.0,1.0,1.0,1.0,1.0895186080399073,1.1,1.2,1.2,1.2,1.2,1.3,1.3,1.3,1.3,1.3,1.4,1.4713626571738245,1.7,1.7778728829560861,2.002726674763153
1.0972733252368732,1.1,1.1,1.2,1.2,1.2797923922871657,1.3,1.3,1.4022832662765963,1.5996092814346328,1.6,1.6,1.6,1.7,1.7,1.8,1.8,1.8,1.8,1.8,1.8,1.8,1.8,1.8,1.8198524657127764,1.9,1.9,1.9,1.9,1.9,1.9,1.9,1.9,1.9,1.9,1.90640601215474,2.0,2.0,2.0,2.0,2.0,2.0,2.1,2.1,2.1,2.1,2.1,2.1,2.1,2.1,2.2,2.2,2.2,2.2,2.2,2.2,2.2,2.2,2.2,2.2,2.2,2.2,2.2,2.2,2.2,2.2,2.2,2.2,2.2,2.2,2.2,2.2,2.2,2.2,2.3,2.3,2.340819158515501,2.4,2.4,2.4,2.4,2.4,2.4,2.4,2.4,2.4,2.4,2.4,2.4,2.5,2.5,2.5280109262911052,2.6,2.6,2.6,2.6,2.6,2.7,2.7,2.7,2.7,2.7,2.7,2.7,2.7,2.7,2.7,2.7,2.7,2.7,2.7,2.7,2.7,2.7,2.7,2.7,2.748666772365334,2.8,2.8,2.8,2.8,2.9,2.9,2.9,2.9,2.9,2.9,2.9,2.9,2.9,2.9,3.0,3.0,3.1,3.242480395589342,3.3,3.3,3.3,3.3,3.3,3.3,3.3,3.3,3.3,3.3,3.3,3.4,3.4,3.4,3.4,3.4,3.406138765668953,3.5,3.5,3.5,3.5,3.5,3.5,3.5,3.5,3.5,3.6,3.6,3.600446139750591,3.7,3.7,3.7,3.7,3.7,3.8,3.8,3.8,3.8,3.8,3.8,3.8,3.8,3.9,3.9,4.0,4.032890268817948,4.2,4.2,4.2,4.2,4.289518608039907,4.4,4.4,4.4,4.4,4.4,4.5,4.5,4.6,4.6,4.6,4.6,4.7,4.814514486060847,5.545110180692603,7.0010906699052615
1.1,1.2,1.2854855139391492,1.3,1.4,1.5,1.5,1.6,1.6,1.6,1.6,1.6,1.6,1.6,1.6,1.6,1.6860145100745634,1.7,1.7,1.7,1.7,1.7,1.7,1.7,1.8,1.8,1.8,1.8,1.8,1.8,1.8,1.8,1.8,1.8,1.8,1.8,1.8534237581140018,1.9,1.9,1.9,1.9,1.9,1.9,1.9,1.9,1.9,1.9,1.9,1.9,1.9,1.9,1.9,1.9,2.0,2.0,2.0,2.0,2.0,2.1,2.1,2.1,2.1,2.1,2.1,2.1,2.1,2.1,2.1,2.1,2.1,2.1,2.1,2.2,2.2,2.2,2.2,2.2,2.2,2.2,2.2,2.2,2.2,2.2,2.2,2.2,2.2,2.2,2.2,2.2,2.2,2.2,2.2,2.2,2.2,2.2,2.2,2.2,2.2,2.2,2.2,2.3,2.3,2.3,2.3,2.3,2.3,2.3,2.322338458626433,2.4,2.4,2.4,2.4,2.4,2.4,2.4,2.4,2.4,2.4,2.4,2.4,2.5,2.5,2.5054499355826123,2.6,2.6,2.6,2.6,2.7,2.7,2.7,2.7,2.7,2.7,2.7,2.7,2.7,2.8,2.8,2.8,2.8956215100637164,2.9,2.9,2.9,2.9,2.9,3.0,3.1,3.1,3.2,3.3,3.3,3.3,3.3,3.3,3.3,3.3,3.3,3.340671534142251,3.4,3.4,3.4,3.4,3.4,3.5,3.5,3.5,3.5,3.5,3.5,3.5,3.5,3.5,3.6,3.6,3.6,3.7,3.7,3.7,3.7,3.7672825715857354,3.8,3.8,3.8,3.8,3.8,3.8,3.867445006307696,4.0,4.131224038735451,4.217525236657525,4.3,4.4,4.4,4.499636869475824,4.5,4.6,4.7,4.7,5.058057944243387,5.677872882956086,6.3
0.7,0.7,0.9854855139391493,1.0,1.0,1.0,1.0,1.1,1.1,1.1,1.1,1.1,1.2,1.3,1.3,1.4,1.5,1.5,1.6,1.6,1.6,1.6,1.6,1.6,1.6,1.6,1.6,1.6,1.6,1.6,1.6,1.6,1.6,1.6,1.6,1.6,1.6,1.6,1.6,1.6,1.6,1.6,1.6,1.6,1.7,1.7,1.7,1.7,1.7,1.7,1.7,1.7,1.7031051118148355,1.8,1.8,1.8,1.8,1.8,1.8,1.8,1.8,1.8,1.8,1.8,1.8,1.8,1.8,1.8,1.8,1.8,1.8,1.8,1.8,1.8,1.8,1.8,1.8,1.8,1.9,1.9,1.9,1.9,1.9,2.0,2.0,2.1,2.1,2.1,2.1,2.2,2.2,2.2,2.2,2.2,2.2,2.2,2.2,2.2,2.2,2.2,2.2,2.2,2.2,2.2,2.248291057822746,2.3,2.3,2.4,2.4,2.4,2.4,2.4,2.4,2.4,2.4,2.4,2.4,2.4,2.4,2.4,2.4,2.4,2.4,2.4,2.4,2.4863657473303133,2.5,2.5,2.5,2.5,2.5,2.6,2.6,2.6,2.6,2.6,2.7,2.7,2.7,2.7,2.7,2.7595000776413032,2.8,2.8,2.9,2.9,3.0,3.0,3.0,3.0,3.0,3.2,3.3,3.3,3.3,3.3,3.3,3.440671534142251,3.5,3.5,3.5,3.5,3.5,3.500446139750591,3.6,3.7,3.7,3.7,3.7,3.7,3.7,3.8,3.8,3.8,3.8,3.8,3.8,3.8409909701809735,3.9,3.9,3.9,3.9,3.9,3.9406880822512336,4.0,4.358074432159629,4.5,4.5,4.6,4.617525236657525,4.7,4.7,4.8,4.999636869475824,5.0,5.4,5.723182599235571,6.242725314347649,6.458057944243388,6.8,7.007634689336828
1.0994546650473747,1.2,1.6,1.7,1.7589391335881381,1.8,1.8,1.9,1.9,1.9,1.9,2.1,2.1,2.1520555588893195,2.2,2.2,2.2,2.2,2.2,2.2,2.2,2.2,2.2,2.3,2.319852465712776,2.4,2.4,2.4,2.4,2.4,2.4,2.5,2.5,2.509575860441376,2.6,2.6,2.6,2.6,2.6,2.6892733098756083,2.7,2.7,2.7,2.7,2.7,2.7,2.7,2.7,2.7,2.7,2.7,2.7,2.7,2.7,2.7,2.7,2.7,2.7,2.7,2.7,2.7,2.7,2.7,2.7,2.7,2.7,2.7,2.7,2.7,2.7,2.7,2.7,2.8,2.8,2.8,2.9,2.9,2.9,2.9,2.9,2.9,2.9,2.9,2.9,2.9,2.9,2.9,2.9,2.9,2.9,2.9,3.0,3.0,3.0,3.0,3.1,3.1,3.1,3.1,3.2254485778107465,3.3,3.3,3.3,3.3,3.3,3.3,3.3,3.3,3.3,3.3,3.4,3.4,3.4,3.5,3.5,3.5,3.5,3.5,3.5,3.5,3.5,3.5788841473321953,3.6,3.6,3.6,3.6,3.6,3.6,3.6,3.6,3.7,3.7,3.7,3.7,3.742480395589342,3.8,3.8,3.8,3.8,3.8,3.8,3.8,3.8,3.925036691116378,4.0,4.2,4.2,4.2,4.3,4.4,4.4,4.4,4.4,4.481809911496834,4.5,4.559932460047508,4.6,4.640671534142251,4.7,4.7,4.7,4.7,4.7,4.7,4.7,4.7,4.7,4.7,4.7,4.7,4.7,4.7,4.8,4.9,4.9,5.0,5.0,5.0,5.0,5.0,5.0,5.4,5.4,5.6,5.9,5.9,6.034890012615392,6.1,6.162448077470901,6.3,6.3,6.4,6.4,6.4,6.4,6.4,6.4,6.871362657173825,6.9,6.9,8.8
0.6,0.7,0.9,1.0,1.0,1.0797923922871657,1.1,1.1,1.1,1.1996092814346326,1.2,1.2,1.2,1.2,1.2,1.2,1.2,1.2,1.2,1.2997417543889866,1.3,1.3,1.3,1.3,1.3,1.3,1.3,1.3,1.3,1.3,1.3,1.3,1.3,1.3,1.3,1.3,1.3,1.3,1.3,1.3,1.3,1.3,1.3,1.3,1.3,1.4,1.4,1.4,1.4,1.4,1.4,1.4,1.4,1.4,1.4,1.4076547858228308,1.5,1.5,1.5,1.5,1.5,1.5,1.5,1.5,1.5,1.6,1.6,1.6,1.6,1.6,1.6,1.6,1.6,1.6,1.6,1.6,1.6,1.6,1.6,1.6,1.6,1.6,1.6,1.7,1.7,1.7,1.7,1.7,1.7,1.7,1.7,1.7,1.8,1.8,1.8,1.8,1.8,1.8,1.8,1.8,1.8,1.8745514221892505,1.9,1.9,1.9,1.9,1.9,1.9,1.9,1.9,1.9,1.9,1.9,1.9,2.0,2.0,2.0,2.0,2.0,2.0,2.0,2.0,2.1,2.1,2.1,2.1,2.1,2.1,2.1,2.1,2.1,2.1,2.1,2.1128753795290436,2.2,2.2,2.2,2.2,2.2,2.2,2.2,2.2,2.2,2.2,2.2,2.292345214177163,2.3,2.4,2.4,2.4327652811957816,2.5,2.5,2.5436777716743393,2.6,2.6,2.6,2.6,2.6,2.6,2.6,2.6,2.6,2.6,2.6,2.7,2.7,2.7,2.7,2.7,2.7,2.7,2.7,2.7,2.7,2.7,2.8,2.8,2.8,2.8,2.8,2.8,2.8,2.869487052929304,2.9,2.9,2.989518608039907,3.0,3.1,3.1,3.1,3.1,3.1003907185653645,3.2,3.3,3.3068299354724386,3.4202076077128365,3.6,3.7713626571738246,3.8,3.8,4.4
1.2994546650473746,1.4442542340878284,1.7,1.8,1.958939133588138,2.0,2.0931700645275617,2.100363130524173,2.2,2.2,2.2,2.282474763342478,2.3687759612645443,2.4,2.4,2.4104813919600963,2.5,2.6,2.6,2.6,2.6,2.632717428414268,2.7,2.7,2.7,2.7,2.7,2.794001543934421,2.8,2.8,2.8,2.8,2.8,2.8,2.8,2.8,2.8534237581140016,2.9,2.9,2.9,2.9,2.9,2.9,2.9,2.9,2.9,2.9,2.9,2.9,2.9,2.9,2.9,2.9,3.0,3.0,3.0,3.0,3.0,3.1,3.1,3.1,3.1,3.1,3.1,3.1,3.1275897391896876,3.2,3.2,3.2,3.2,3.2,3.2,3.2,3.2,3.2,3.3,3.3,3.3,3.3,3.3,3.3,3.3,3.3,3.3,3.3,3.4,3.4,3.4,3.4,3.4,3.4,3.4,3.4,3.4,3.4,3.4,3.4,3.4,3.4,3.4,3.4,3.5,3.5,3.5,3.5,3.5,3.5,3.5,3.5,3.5,3.5,3.5,3.5,3.5,3.5,3.5,3.5,3.5,3.5,3.5,3.5,3.6,3.6,3.6,3.6,3.6,3.6,3.6,3.6,3.6,3.6258931733306894,3.7,3.7,3.7,3.7,3.7,3.7,3.7,3.7,3.7,3.7,3.7595000776413032,3.8,3.8,3.8,3.8,3.8,3.8,3.8,3.8327652811957815,3.9691740189811298,4.0,4.1,4.181809911496833,4.2,4.2,4.2,4.281343068284502,4.4,4.4,4.467079801107315,4.5,4.6,4.6,4.6,4.6,4.6,4.6,4.6,4.6,4.7,4.7,4.7,4.7,4.7,4.7,4.8,4.8409909701809735,4.9,4.9,4.9,4.9002582456110195,5.0,5.0,5.7,5.9,5.9,5.9,6.3,6.3,6.9,6.9,7.0,7.0,7.0,7.0,7.0,7.0,7.1,7.2,8.402181339810523
0.9994546650473747,1.1,1.2,1.3,1.3,1.4797923922871656,1.5,1.6,1.6,1.6996092814346326,1.8,1.8,1.8,1.8,1.8,1.8,1.8,1.9,1.9,2.0,2.0,2.0,2.1,2.1,2.1,2.1,2.1,2.1,2.2,2.2,2.2,2.2,2.3,2.3,2.3,2.3,2.3,2.3,2.4,2.4,2.4,2.4,2.4,2.4,2.4,2.4,2.4,2.4,2.4,2.4,2.5,2.5,2.5,2.6,2.6,2.6,2.6,2.6,2.6,2.6,2.6,2.6,2.6,2.6,2.6,2.6,2.6,2.6871246204709536,2.7,2.7,2.7,2.7,2.7,2.7,2.7,2.7,2.7,2.7,2.7,2.7,2.7,2.7,2.7,2.8,2.8,2.8,2.8,2.8,2.8,2.8,2.8,2.8,2.8,2.9,2.9,2.9,2.9,2.9,2.9,2.9,2.9,2.9,2.9,2.9,2.9,2.9,2.9,2.9,2.9,2.9,2.9,2.9219492382639882,3.0,3.0,3.0,3.0230798727574837,3.1,3.1,3.1,3.1,3.1,3.1,3.2,3.2,3.2,3.2,3.2,3.2,3.2,3.2,3.2,3.2,3.2,3.2,3.2,3.2,3.3,3.3,3.3,3.3,3.3,3.3,3.3,3.3,3.3,3.3923452141771633,3.4,3.4,3.4,3.4,3.4691740189811298,3.5,3.5,3.5,3.5,3.5,3.5,3.5,3.5,3.5,3.5,3.5,3.5,3.6,3.6,3.6,3.6,3.6,3.6,3.7,3.7,3.7,3.7,3.705998456065578,3.8,3.8,3.8,3.8,3.8,3.8672825715857355,3.9,4.000258245611019,4.1,4.2,4.4,4.4,4.467445006307696,4.6,4.6,4.6,4.7,4.7,4.7,4.7,4.806829935472439,4.9,5.0,5.542725314347649,6.129028972121693,6.8,6.908180024289459
0.7989093300947493,0.9,1.0,1.1,1.1589391335881383,1.2,1.2,1.3,1.3,1.3,1.4,1.4,1.5,1.5,1.5,1.5,1.5,1.5,1.5,1.5,1.5671097311820503,1.6,1.6,1.6,1.6,1.6,1.6,1.6,1.6,1.6,1.6,1.7,1.7,1.7,1.7,1.7,1.7,1.8,1.8,1.8,1.8,1.8,1.8,1.8,1.8,1.8,1.8,1.8,1.8,1.8,1.8,1.9,1.9,1.9,1.9,1.9,2.0,2.0,2.0,2.0,2.0,2.0,2.035730053136092,2.1,2.1,2.1,2.1,2.1,2.1,2.1,2.2,2.2,2.2,2.2,2.2,2.2,2.2,2.2677877762521885,2.3,2.3,2.3,2.3,2.3,2.3,2.35133322763466,2.4,2.4,2.4,2.4,2.4,2.4,2.4,2.4,2.4,2.4,2.4,2.4,2.4,2.4,2.4,2.4,2.4,2.4991113784562686,2.5,2.5,2.5,2.5,2.5223384586264332,2.6,2.6,2.6,2.6,2.6,2.6,2.6,2.6,2.6,2.6,2.6,2.6,2.6,2.6,2.7,2.7,2.7,2.7,2.7,2.7,2.7,2.7,2.7,2.7,2.7,2.7,2.7,2.7,2.7,2.7,2.7,2.7,2.7,2.7,2.7,2.8,2.8,2.8,2.8,2.8,2.8,2.8,2.8,2.9,2.9,2.9,2.9,2.9,2.9,2.9,2.9,3.0,3.0,3.0,3.0,3.0,3.1,3.1,3.1,3.1,3.2,3.2,3.2,3.2,3.2,3.2,3.2,3.2,3.2,3.2,3.2,3.2,3.2,3.3,3.3,3.3,3.3,3.3,3.4,3.5,3.5,3.5,3.5,3.6,3.6,3.6996368694758246,3.8,3.8,3.8410608664118566,4.34272531434765,4.7,4.8,5.407634689336828
0.6,0.7663813511317424,1.1,1.1,1.3,1.3,1.3,1.3,1.3,1.3,1.3,1.3,1.3,1.3,1.3,1.3,1.3,1.3,1.4,1.5,1.5,1.6,1.6,1.6,1.6,1.6,1.6,1.6,1.6,1.6,1.6,1.6,1.6,1.7,1.7,1.7,1.7,1.7,1.7,1.7,1.7,1.7757947415640416,1.8,1.8,1.8,1.8,1.8,1.8,1.8,1.8,1.8,1.8,1.8,1.8,1.8,1.8,1.8,1.8,1.8,1.8,1.8,1.9,1.9,1.9,1.9,1.9,2.0,2.0,2.0,2.0,2.1,2.1,2.1,2.1,2.1,2.1,2.1,2.1,2.1,2.1,2.1,2.1,2.1,2.2,2.2,2.2,2.2,2.3,2.3,2.4,2.4,2.4,2.4,2.4,2.4,2.4,2.4,2.5,2.5,2.5,2.5,2.5,2.6,2.6,2.7,2.7729278915505744,2.8,2.8,2.8471294307578545,2.9,2.9,2.9,2.9,2.9,2.9,2.9,2.9,2.9,2.9,2.9,2.9,2.9,2.9,3.0,3.0,3.1,3.1,3.2414249487302413,3.3,3.3,3.3,3.3,3.3,3.3,3.3,3.3,3.3,3.3,3.4,3.4,3.4,3.4,3.4,3.4,3.5,3.6,3.6267012041614293,3.7,3.7,3.7,3.7,3.7,3.7,3.7,3.7,3.7599324600475086,3.8,3.8,3.8,3.9,3.9,3.9,3.9,3.9,3.9,4.0,4.0,4.0,4.0,4.0,4.0,4.0,4.05054171839335,4.2,4.2,4.2,4.2,4.3,4.3,4.3672825715857355,4.4,4.4,4.5,4.5,4.5,4.5,4.5,4.5,4.5,4.5,4.507133298446678,4.6,4.6,4.6,4.6,4.6,4.6,4.671362657173825,4.7,4.9778728829560865,5.705998684478937
0.6,1.1,1.3,1.3,1.3,1.5595847845743316,1.6,1.6,1.6,1.7,1.7,1.7,1.7,1.7,1.7325549936923017,1.8,1.8,1.8,1.8,1.8,1.8,1.8,1.8,1.8,1.8,1.8,1.8,1.8,1.8,1.8,1.8,1.8,1.8,1.8,1.8,1.9,1.9,1.9,1.9,1.9,2.0,2.0,2.017922626012691,2.1,2.1,2.1,2.1,2.1,2.1,2.1,2.1,2.1,2.1,2.1,2.1,2.1,2.1,2.1,2.2,2.2,2.2,2.2,2.2,2.2,2.2,2.3,2.3,2.3871246204709533,2.4,2.4,2.4,2.4,2.4,2.45857505126975,2.5,2.5,2.540819158515501,2.667787776252189,2.7945500644173844,2.8,2.8,2.8,2.8,2.8,2.8,2.8,2.8,2.8,2.8,2.8,2.803073906852182,2.9,2.9,2.9,2.9,2.9,2.9,2.9,2.9,2.9,2.9,2.9,2.9,2.9,2.9,2.9,2.9,2.9,2.9,2.9,2.9,2.9,2.9,2.9,2.9,2.9,2.9,2.9,2.9002692641843906,3.1,3.1,3.3,3.3,3.3,3.3,3.3,3.3,3.3,3.3,3.3,3.3,3.3,3.3,3.3,3.3,3.3,3.3,3.4,3.4,3.4,3.4,3.559500077641303,3.6,3.625036691116378,3.7,3.7,3.7,3.7,3.7,3.7,3.7,3.7,3.7,3.7,3.7,3.7,3.8,3.8,3.8820773739873062,3.9,3.9,3.9,3.9,4.0,4.0,4.0,4.0,4.0,4.0,4.0,4.0,4.1,4.1,4.2,4.2,4.2,4.2,4.2,4.4,4.4,4.5,4.5,4.5,4.5,4.5,4.5,4.5,4.5,4.5,4.5,4.5,4.6,4.6,4.6,4.6,4.6,4.6410608664118564,4.871362657173825,5.1,5.677872882956086,7.0010906699052615
0.6994546650473746,0.7663813511317424,1.1,1.1,1.1589391335881383,1.3,1.3,1.3,1.3,1.3,1.3,1.3,1.3,1.3,1.3,1.3,1.3,1.3,1.3,1.3997417543889865,1.4671097311820502,1.532717428414268,1.6,1.6,1.6,1.6,1.6,1.6,1.6,1.6,1.6,1.6,1.6,1.6,1.7,1.7,1.7,1.7,1.7,1.7,1.7,1.7,1.7,1.7,1.7,1.7,1.7,1.7,1.7,1.7,1.8,1.8,1.8,1.8,1.8,1.8,1.8,1.8,1.8,1.8,1.8,1.8,1.8,1.8,1.8,1.8,1.8,1.8,1.8,1.8,1.8,1.8,1.8,1.8,1.8,1.8,1.8,1.8,1.8,1.9,1.9,1.9,1.9,1.9,1.9,1.9769201272425163,2.0,2.0,2.0,2.0,2.1,2.1,2.1,2.1,2.1,2.1,2.1,2.1,2.1,2.1,2.1,2.1,2.1,2.1,2.1,2.1,2.1,2.2,2.2,2.2,2.2,2.2,2.2,2.2722891507838767,2.3,2.3230798727574835,2.4,2.4,2.4,2.4,2.4,2.4,2.5,2.5,2.5,2.5,2.513777036454178,2.6,2.6,2.7,2.8,2.8,2.8,2.8,2.8424803955893423,2.9,2.9,2.9,2.9,2.9,2.9,2.9,2.9,2.9,2.9584621129678395,3.0,3.1,3.3,3.3,3.3,3.3,3.3,3.3,3.3,3.3,3.3,3.3,3.3,3.3,3.4,3.4,3.4,3.4,3.4004461397505907,3.5,3.593593987845253,3.7,3.7,3.7,3.7,3.7,3.7,3.7,3.7,3.7,3.7207433944853903,3.8,3.8,3.9,3.9,3.9,3.9,3.9,3.9,4.0,4.0,4.0,4.0,4.0,4.0,4.1,4.2,4.2,4.2,4.3136598709448775,4.5,4.5,4.5,4.6,4.6,5.003817344668414
1.1,1.8,1.8,2.2,2.2,2.2,2.4,2.6,2.7,2.7,2.8,2.9,2.9,2.9,3.0,3.0,3.1,3.1,3.1,3.2,3.3,3.3,3.3,3.3,3.3,3.3792566055146067,3.4,3.4,3.4,3.4,3.4,3.4,3.4,3.5,3.5,3.5,3.5,3.5,3.6,3.6,3.6,3.6,3.6,3.6,3.6,3.6,3.6,3.6,3.6,3.6,3.6,3.6,3.6031051118148354,3.7,3.7,3.7,3.7,3.7,3.7,3.7,3.8,3.8,3.8,3.8,3.8,3.8,3.8,3.8871246204709533,3.9,3.945406826037424,4.0,4.0,4.0,4.0,4.0,4.1,4.1,4.1,4.1,4.2,4.2,4.2,4.2,4.2,4.2,4.2,4.2,4.2,4.2,4.2,4.2,4.2,4.2,4.2,4.3,4.3,4.3,4.3,4.3,4.3,4.3,4.3,4.4,4.4,4.4,4.4,4.4,4.4,4.4,4.4,4.4,4.4,4.4,4.472289150783877,4.5,4.5,4.5,4.5,4.5,4.5,4.6,4.6,4.6,4.6,4.6,4.6,4.6,4.6,4.6,4.6,4.6,4.6,4.6,4.6,4.6,4.6,4.6,4.6,4.6,4.6,4.6,4.7,4.7,4.7,4.7,4.7,4.7,4.7,4.7,4.7,4.7,4.7,4.7,4.7,4.8,4.8,4.8,4.8,4.8,4.8,4.8,4.8,4.8,4.8,4.8,4.8,4.9,4.9,4.9,4.9,5.0,5.0,5.0,5.0,5.0,5.0,5.0,5.0,5.0,5.167282571585735,5.2,5.2,5.338974105858608,5.4,5.427970979850875,5.6,5.7,5.7,5.9,5.9,5.9,6.1,6.3,6.4,6.6,6.640415215425673,6.9,6.971362657173825,7.014514486060847,8.4,8.8
1.0989093300947494,1.4,1.5,1.7286373428261779,1.8,1.8,1.8,1.8,1.8,1.8,1.8928667015533227,1.9,1.9,2.0,2.032554993692302,2.1,2.1,2.1,2.1,2.1,2.1,2.1,2.2,2.2,2.2198524657127763,2.3,2.3,2.3,2.3,2.3,2.3,2.3,2.3,2.4,2.4,2.4,2.4,2.499553860249409,2.5,2.5,2.5,2.6,2.6,2.6,2.6,2.6,2.6,2.6181900885031637,2.7,2.7,2.7,2.7,2.7,2.7,2.7,2.7,2.7,2.7,2.7,2.8,2.8,2.8,2.8,2.8,2.8,2.8,2.8,2.8,2.8,2.8,2.8,2.8025276233258665,2.9,2.9,2.9,2.9,2.9,2.9,2.9,2.9,2.9,2.9,2.9997307358156036,3.0,3.0,3.0,3.0,3.0,3.0,3.0,3.0,3.0,3.0,3.0,3.0,3.0,3.1,3.1,3.1,3.1,3.1,3.1,3.1,3.2,3.2,3.2,3.2,3.2,3.2,3.2,3.2,3.2,3.2,3.2,3.2,3.2,3.2,3.2,3.2,3.2,3.2,3.2,3.2,3.2,3.2,3.2,3.2,3.2,3.2,3.2,3.2,3.2,3.2,3.3,3.3,3.3,3.3,3.3,3.3,3.3,3.3,3.3,3.3,3.3,3.3,3.3,3.4,3.4,3.4,3.5,3.5,3.5,3.5,3.5,3.5,3.5,3.5,3.5,3.5,3.5,3.5,3.6,3.6,3.6,3.6,3.6,3.6,3.7,3.7,3.7,3.7,3.7,3.7,3.7,3.7,3.7,3.8,3.8,3.8,3.8,3.8,3.8,3.9,4.040688082251234,4.1,4.1,4.1,4.2,4.2,4.2,4.2,4.200781437130729,4.4,4.4,4.6,4.6,4.6410608664118564,4.7,4.914514486060847,5.3557457659121726,6.101636004857891
0.6,0.8221271170439142,0.9,0.9,0.9589391335881382,1.0,1.0,1.1,1.1022832662765965,1.2,1.2,1.2,1.2,1.2,1.2,1.3,1.3,1.3,1.3,1.3,1.3,1.3,1.3,1.3,1.4,1.4,1.4,1.4,1.4,1.5,1.5,1.5,1.5,1.5,1.5,1.6,1.6,1.6,1.6,1.6,1.6329201988926882,1.7,1.7,1.7,1.7,1.7,1.7,1.7,1.7,1.7,1.7,1.7,1.7,1.7,1.7,1.8,1.8,1.8,1.8,1.8,1.8,1.8,1.8,1.8,1.8,1.8,1.8,1.8,1.8,1.8,1.9,1.9,1.9,1.9,1.9,1.9,1.9,1.9,1.9,1.9,1.9,1.9,1.9,1.9,1.9,2.0,2.0,2.0,2.0,2.0,2.1,2.1,2.1,2.1,2.1,2.1,2.1,2.1,2.2,2.2,2.2,2.2,2.3,2.3,2.3,2.3,2.3,2.3,2.3,2.3,2.3,2.3,2.3,2.372289150783877,2.4,2.4,2.4,2.4,2.4,2.4,2.4,2.478884147332195,2.5,2.5,2.5591808414844937,2.6,2.6,2.6,2.6,2.6,2.7,2.7,2.7,2.7,2.7,2.7,2.7,2.7,2.7,2.7,2.7,2.7,2.8,2.8,2.8,2.8923452141771633,2.9,2.9,2.9,2.9,2.9,3.0,3.0,3.0,3.0,3.0,3.0,3.0,3.1,3.1,3.1,3.1,3.1,3.1,3.1465762418859984,3.2,3.2,3.2,3.2,3.2,3.2,3.2,3.2,3.2,3.2,3.2,3.2,3.2,3.3,3.3,3.3,3.3,3.3,3.3,3.3,3.3,3.3,3.5,3.5,3.5,3.5071332984466776,3.6,3.6,3.7,3.706829935472439,4.1,4.1,4.2,4.4,5.4,5.703817344668415
1.0978186601894986,1.2,1.3,1.3,1.5,1.6,1.6931700645275616,1.8,1.8,1.8,1.9,1.9,2.0,2.0520555588893195,2.2,2.2,2.2860145100745632,2.4,2.4,2.4,2.4671097311820502,2.5,2.5,2.6,2.6,2.6,2.7,2.7,2.7494582816066524,2.8,2.8,2.8,2.8,2.9,2.9584681227248213,3.0,3.0,3.0,3.0,3.0,3.0,3.0,3.0,3.0,3.0,3.0,3.079445275352288,3.1,3.1,3.1,3.2,3.2,3.2,3.2,3.2,3.2,3.2415378870321603,3.3,3.3,3.3,3.3,3.3,3.3,3.3,3.3,3.3,3.3,3.3,3.4,3.4,3.4,3.4025276233258666,3.5,3.5,3.5,3.5,3.5,3.5,3.5,3.5,3.5,3.5,3.5,3.5,3.5,3.5,3.5,3.6,3.6,3.6,3.6,3.6,3.6,3.6,3.7,3.7,3.7,3.7,3.7,3.7,3.7,3.7,3.7,3.7,3.7,3.7,3.7,3.7,3.7,3.7,3.7,3.7,3.7,3.7,3.7,3.7,3.7,3.7743935015784698,3.8,3.8,3.8,3.8,3.8,3.8,3.8,3.8,3.8,3.8,3.8,3.8,3.8,3.8,3.8,3.8,3.8,3.8,3.8,3.8,3.8,3.8,3.8273604303772344,3.959500077641303,4.0,4.1,4.1,4.1,4.1,4.1,4.1,4.2,4.2,4.2,4.2,4.2,4.3,4.3,4.3,4.3,4.382077373987307,4.4,4.5,4.5,4.5,4.5,4.5,4.5,4.541531877275179,4.6,4.7,4.7,4.7,4.7,4.7,4.7,4.7,4.7,4.7,4.7,4.7,4.7,4.7,4.7,4.769487052929304,4.9,4.9,4.9,4.9,4.9,4.9,4.935050473315051,5.2,5.2,5.2,5.2,5.213659870944878,5.6,5.6,5.671362657173825,5.9,6.055745765912172,8.4
0.7,0.7,0.9854855139391493,1.1,1.1589391335881383,1.3797923922871658,1.5,1.5,1.5,1.6,1.6,1.7,1.7,1.7,1.7325549936923017,1.8,1.8,1.8,1.8,1.9,1.9,1.9,1.9,1.9,1.9,1.9,2.0,2.0,2.0,2.0,2.0,2.0,2.0,2.0,2.0,2.1,2.1,2.1,2.1,2.1,2.1,2.175794741564042,2.2,2.2,2.2,2.2,2.2,2.2,2.2,2.2,2.3,2.3,2.3,2.4,2.4,2.4,2.4,2.4,2.5,2.5,2.5,2.5,2.5,2.5,2.5,2.5,2.6,2.6,2.6,2.6,2.6,2.6,2.6,2.6,2.6,2.6,2.6,2.6,2.6,2.6,2.6,2.6,2.6,2.6,2.6,2.6,2.6,2.6,2.6,2.6,2.6,2.6,2.6,2.6,2.6,2.6,2.6,2.6,2.6,2.7,2.7,2.7,2.7,2.7,2.8,2.8,2.8,2.8,2.8,2.8,2.8,2.8,2.8,2.872289150783877,2.9,3.0,3.0,3.0,3.0,3.0,3.0,3.0,3.0,3.0,3.0,3.0863657473303134,3.1,3.2,3.2,3.2,3.2,3.2,3.2,3.2,3.3,3.3,3.3,3.3,3.3,3.3,3.4,3.4,3.4,3.4,3.4,3.4923452141771634,3.5,3.5,3.5,3.5,3.5,3.5,3.5,3.5,3.5,3.5,3.5,3.5,3.5,3.5,3.5,3.5,3.5,3.5,3.5,3.5,3.5,3.5,3.5,3.6,3.6,3.6,3.6,3.7,3.7,3.7,3.7,3.7,3.7,3.7672825715857354,3.8,3.8,3.8,3.8,3.8,3.8,4.0,4.1,4.1,4.117525236657525,4.2,4.2,4.2,4.3,4.3,4.3,4.3,4.3,4.5,4.7,5.202181339810522
0.2994546650473746,0.3,0.3,0.3,0.3,0.3,0.3,0.3003631305241729,0.4,0.4,0.4,0.4,0.4,0.4,0.4,0.4,0.4,0.4,0.4,0.4,0.4,0.4,0.4,0.4,0.5,0.5,0.5,0.5,0.5,0.5,0.5,0.5,0.5,0.5,0.5,0.5,0.5,0.5,0.5,0.5,0.5,0.5,0.5,0.5,0.5,0.5,0.5,0.5,0.5,0.5,0.5,0.5,0.5,0.5,0.5,0.6,0.6,0.6,0.6,0.6,0.6,0.6,0.6,0.6,0.6,0.6,0.6,0.6,0.6,0.6,0.6,0.6,0.6,0.6,0.6,0.7,0.7,0.7,0.7,0.7,0.7,0.7,0.7,0.7,0.7,0.7,0.7,0.7,0.7,0.7,0.8,0.8,0.8,0.8,0.8,0.8,0.8,0.8,0.8,0.8,0.8,0.8,0.8,0.8,0.8,0.8,0.8,0.8,0.8,0.8,0.8,0.8,0.8,0.8,0.8,0.8,0.8,0.8,0.8,0.8,0.8,0.8,0.8,0.9,0.9,0.9,0.9,0.9,0.9,0.9,0.9,0.9,0.9,0.9,0.9,0.9,0.9,0.9,0.9,0.9,0.9,0.9,0.9,0.9,0.9,0.9,0.9,0.9,0.9,0.9,0.9,0.9,0.9,0.9,0.9,0.9,0.9,0.9,0.9,0.9,0.9670798011073145,1.0,1.0,1.0,1.046576241885998,1.1,1.1,1.1,1.1,1.1,1.186397687760416,1.3,1.3,1.3,1.3,1.3,1.3801475342872322,1.4,1.4,1.4,1.4,1.4,1.4,1.4406880822512333,1.5,1.5,1.5,1.547944441110684,1.6,1.6,1.6,1.7,1.7,1.7,1.8068299354724389,2.0202076077128366,2.2,2.6,3.2,3.4336186488682587,4.200545334952631
0.49781866018949855,0.6221271170439141,0.7854855139391493,1.0,1.1,1.1,1.2,1.2,1.2,1.2,1.2928667015533228,1.3,1.4,1.4,1.5,1.5,1.5,1.5,1.5,1.5,1.6,1.6,1.6,1.6,1.6,1.6,1.6,1.6,1.6,1.6,1.6568011561197948,1.7,1.7,1.7,1.7,1.7,1.7,1.7,1.7,1.7,1.7,1.7,1.717922626012691,1.8,1.8,1.8400675399524986,1.9,1.9,1.9,1.9,1.9,1.9,1.9,1.9,1.9,1.9,1.9415378870321602,2.0,2.0,2.0,2.0,2.1,2.1,2.1,2.1,2.1,2.1,2.1,2.116416523712721,2.2,2.2,2.2,2.2,2.2,2.2,2.2,2.2,2.2,2.2,2.2,2.2,2.2,2.2,2.225606498421527,2.3,2.3,2.3,2.3,2.3,2.3,2.3,2.3,2.352870569242148,2.4,2.4,2.4,2.4,2.4,2.4,2.4,2.4,2.4745514221892506,2.5,2.5,2.5,2.5,2.5,2.5,2.5471294307578547,2.6,2.6,2.6,2.6,2.672289150783877,2.7,2.7,2.7,2.7,2.7,2.7,2.7525051507703893,2.8,2.8,2.8,2.8,2.8,2.8,2.8,2.8,2.8,2.8,2.8,2.8,2.8,2.8,2.8,2.8,2.8,2.8,2.9,2.9,2.9,2.9,2.9,2.9,2.9,2.9,2.9,2.9,2.9,2.9,2.9,2.9,2.9,2.9,2.9,2.9999641242801376,3.0,3.0,3.0,3.0,3.0,3.0,3.0,3.0,3.0,3.0,3.0,3.0,3.0,3.0,3.0,3.05054171839335,3.1,3.1,3.1,3.2,3.240990970180974,3.3,3.3,3.3,3.4,3.4,3.4406880822512336,3.5,3.5,3.6,3.6,3.7,3.7,3.8,3.9,3.9,3.9,4.1,4.1,4.223182599235571,6.4,6.8,6.8,8.4
0.49836399514212393,0.6,0.6,0.6286373428261779,0.7,0.7,0.7,0.8,0.8,0.8,0.9,0.9,0.9687759612645443,1.0,1.0,1.0,1.1,1.1,1.1305129470707023,1.2,1.2,1.2,1.2,1.2,1.2,1.2,1.2,1.2940015439344208,1.3,1.4,1.4,1.4,1.459693109019841,1.5,1.5,1.5,1.5,1.5,1.5,1.5,1.5,1.5,1.5,1.5,1.5,1.5,1.5,1.5181900885031638,1.6,1.6,1.6,1.6,1.6,1.6,1.6,1.6,1.6,1.6,1.6,1.6,1.6,1.6,1.6,1.6,1.6,1.6,1.6,1.6,1.6,1.6,1.6,1.6,1.6,1.6,1.6862229635458164,1.7,1.7,1.7,1.7,1.7,1.7,1.7,1.7,1.7,1.7,1.7,1.7023763191388552,1.8,1.85293269309945,1.9,1.9,1.9,1.9,1.9,2.0,2.0,2.0,2.0,2.0008886215437287,2.1,2.1,2.1,2.1,2.1,2.1,2.1,2.2,2.2,2.2,2.2,2.2,2.2,2.2,2.2,2.2,2.2,2.2,2.2,2.2,2.3,2.3,2.3,2.3,2.3,2.3,2.3,2.3,2.4,2.4,2.4,2.4,2.4,2.4,2.4,2.5,2.5,2.5,2.5,2.5,2.5,2.5,2.559500077641303,2.6,2.6,2.6,2.6,2.6,2.6,2.7,2.7,2.7,2.7,2.7436777716743395,2.8,2.8,2.8,2.8,2.8,2.8,2.8,2.8,2.8,2.8,2.8,2.8,2.8,2.8,2.8,2.8,2.8,2.9,2.9,2.9,2.9,2.9,2.9,2.9,3.0,3.0,3.0,3.0,3.0,3.0,3.0,3.0,3.0,3.0,3.0,3.0,3.1,3.1,3.2003907185653646,3.3,3.3,3.5,3.6,3.7,3.8713626571738247,3.9290289721216936,5.957457659121724,6.808725359242089
0.19945466504737464,0.2,0.2,0.2,0.2,0.2,0.2,0.2,0.3,0.3,0.3,0.3,0.3,0.3,0.3,0.3,0.3,0.3,0.3,0.3,0.3,0.3,0.3,0.35900902981902477,0.4,0.4,0.4,0.4,0.5,0.5,0.5,0.5,0.5,0.5,0.5,0.5,0.5,0.5,0.5,0.5,0.5,0.5,0.5,0.5,0.5,0.5,0.5794452753522875,0.6,0.6,0.6,0.6,0.6,0.6,0.6,0.6,0.6,0.6,0.6,0.6,0.6,0.6,0.6,0.6,0.6,0.6,0.6,0.6,0.6,0.6,0.6,0.6,0.6,0.6,0.6,0.6,0.6,0.6,0.6,0.6,0.6,0.6,0.6,0.6,0.6,0.6,0.6769201272425164,0.7,0.7,0.7,0.7,0.7,0.7,0.7,0.7,0.7,0.7,0.7,0.7,0.7,0.7,0.7,0.7,0.7,0.7,0.7,0.7729278915505745,0.8,0.8,0.8,0.8,0.8,0.8,0.8,0.8,0.8,0.8,0.8,0.8,0.8,0.8,0.8,0.8,0.8,0.8,0.8,0.8,0.8,0.8,0.8,0.8,0.8,0.8,0.8,0.8,0.8,0.8,0.8,0.9,0.9,0.9,0.9,1.0,1.0,1.0,1.0,1.0,1.0,1.0,1.0,1.1,1.1,1.1,1.1,1.1,1.1,1.2,1.2,1.2,1.2,1.2,1.2,1.2,1.2,1.2,1.2,1.2,1.2,1.3,1.3,1.3,1.3,1.3,1.3,1.3,1.3,1.3,1.3,1.3,1.3,1.3,1.3,1.3,1.3,1.3,1.3,1.3,1.3,1.3,1.3,1.3,1.3,1.4,1.4,1.5,1.6,1.6,1.641060866411857,1.7,1.8,1.9,2.203272009715784
0.6994546650473746,0.9221271170439141,1.0,1.0,1.1,1.2,1.2,1.2,1.2,1.2,1.3,1.3,1.3,1.3,1.3325549936923018,1.4,1.4,1.5,1.5,1.5,1.5,1.5,1.5,1.5,1.5,1.5,1.5,1.5,1.5,1.5,1.5,1.5,1.5,1.5,1.5,1.5,1.5,1.5,1.5,1.5,1.5,1.5,1.5,1.5,1.5,1.5,1.5,1.5,1.5563222283256664,1.6,1.6,1.6,1.6,1.6384542728600622,1.7,1.7,1.7,1.7,1.7,1.7,1.7,1.7,1.7,1.7,1.7973230516210208,1.8,1.8,1.8,1.8,1.8,1.8,1.8,1.8,1.8,1.8,1.9,1.9,1.9,1.9,1.9,1.9,1.9,1.9,1.9,1.9,1.9,1.9,1.9,1.9,1.9,1.9,1.9,1.9,1.9,1.9,1.9,1.9,1.9,1.9008886215437286,2.0,2.0,2.0,2.0,2.0,2.0,2.0,2.0,2.0223384586264332,2.1,2.1,2.1,2.1,2.1,2.1,2.1,2.1,2.1,2.1,2.1,2.1,2.1,2.1,2.2,2.2,2.2,2.2,2.2,2.2,2.2,2.2,2.3,2.3,2.3,2.4,2.4,2.4,2.4,2.4,2.4,2.5,2.5,2.5,2.5920541497097473,2.6,2.6,2.6,2.6,2.6,2.6,2.7,2.7,2.7,2.7,2.7,2.7,2.7,2.7,2.7,2.7,2.7,2.7,2.7,2.7,2.7,2.7,2.7,2.7,2.790424139558621,2.8,2.8,2.8,2.8,2.8,2.8,2.8,2.8207433944853904,2.9,2.9,2.9,3.0,3.0,3.1,3.1,3.1,3.1,3.1,3.1,3.2,3.2,3.2,3.2,3.2,3.2,3.2996368694758242,3.3,3.5202076077128366,3.7,3.7,3.7,3.8,3.8043626796210446
0.6,0.7,0.7854855139391493,1.0,1.1,1.2,1.2,1.2,1.2,1.2,1.2,1.2,1.2,1.2,1.2,1.2,1.2,1.3,1.3,1.3,1.3,1.3,1.3,1.4,1.4,1.4,1.5,1.5,1.5,1.5,1.5,1.5,1.5,1.5,1.5,1.5,1.5,1.5,1.5,1.5,1.5,1.5,1.5,1.5,1.5,1.5,1.5,1.5,1.5,1.5,1.5,1.5,1.5,1.5,1.5,1.6,1.6,1.6,1.6,1.6,1.6,1.6,1.6,1.7,1.7,1.7,1.7,1.7,1.7,1.7,1.7,1.7,1.7,1.7,1.7,1.7,1.7,1.7,1.7945500644173848,1.8,1.8,1.8,1.8,1.8,1.8,1.8,1.8,1.8,1.8,1.8,1.8,1.9,1.9,1.9,1.9,1.9,1.9,1.9,1.9,1.9,1.9,1.9,1.9,1.9,1.9,1.9,1.9,1.9,1.9,1.9,1.9,1.9,1.9,1.9722891507838767,2.0,2.0,2.0,2.0,2.0,2.0,2.0,2.0,2.0,2.0,2.0591808414844937,2.1,2.1,2.1,2.1,2.1,2.1,2.1,2.1,2.1,2.1,2.1,2.1,2.2,2.2,2.2,2.2,2.2,2.2,2.3,2.3,2.4,2.4,2.4,2.4,2.4,2.5,2.5,2.5436777716743393,2.6,2.6,2.6,2.6,2.6,2.6,2.7,2.7,2.7,2.7,2.7,2.7,2.7,2.7,2.7,2.7,2.7,2.7,2.7,2.7,2.7,2.7,2.7,2.8,2.8,2.8,2.8,2.8,2.8,2.8,2.8,2.9,2.9,3.0,3.0,3.0312240387354508,3.1,3.1,3.1,3.1,3.1996368694758246,3.2,3.3,3.4410608664118567,3.5,3.7,3.777872882956086,3.8163600485789173
0.1,0.2,0.4854855139391493,0.5,0.5,0.5797923922871657,0.6,0.6,0.6,0.6,0.6,0.6,0.6,0.6,0.6,0.6,0.6,0.6,0.6,0.7,0.7,0.7,0.7,0.7,0.7,0.7,0.7,0.7,0.7,0.7,0.8,0.8,0.8,0.8,0.8,0.8,0.8,0.8,0.8,0.8,0.8,0.8,0.8,0.859328465857746,0.9,0.9,0.9,0.9,0.9,0.9,0.9,0.9,0.9,0.9,0.9,0.9,0.9,0.9,0.9,0.9,0.9,0.9,0.935730053136092,1.0,1.0,1.0,1.0,1.0,1.0,1.0,1.0,1.0,1.0,1.0,1.0,1.0,1.0,1.0,1.0,1.1,1.1,1.1,1.1,1.1,1.1,1.1,1.1023763191388554,1.2,1.2,1.2,1.2,1.2,1.2,1.2,1.2,1.2,1.2,1.2,1.2,1.2,1.2,1.2,1.2,1.2,1.2,1.2,1.2,1.2,1.2,1.2,1.2,1.2,1.2,1.2,1.2,1.2,1.2,1.2,1.2,1.2,1.2,1.2,1.2,1.2,1.2,1.2,1.2,1.2,1.2,1.2,1.2,1.2,1.2,1.2,1.2,1.2,1.2,1.2,1.2,1.2,1.2,1.2,1.2,1.3,1.3,1.3,1.3,1.3,1.3,1.3,1.3,1.3,1.3,1.3,1.3,1.3,1.3,1.3,1.3,1.3,1.3,1.3,1.3,1.4,1.4,1.4,1.4,1.4,1.4,1.4,1.4,1.4,1.4,1.4,1.4,1.4,1.4801475342872323,1.5,1.5,1.5,1.5,1.5,1.5,1.5,1.5,1.5,1.5,1.547944441110684,1.6,1.6175252366575252,1.7,1.7,1.7,1.7,1.8,1.8,1.8,1.9,2.1,2.2,2.7
1.1,1.4,1.6,1.7,1.7589391335881381,1.8,1.8,1.8,1.8,1.8,1.8,1.8824747633424777,1.9,1.9,1.9,1.9,1.9,2.0,2.1,2.1,2.1,2.1,2.1,2.1,2.1,2.1,2.2,2.2,2.2,2.2,2.2,2.208781688559887,2.3,2.3,2.358468122724821,2.4,2.4,2.4,2.44482722873702,2.5,2.6,2.6,2.6,2.6,2.6,2.6,2.6,2.6,2.6,2.6,2.6,2.6,2.6,2.6384542728600624,2.7,2.7,2.7,2.7,2.7,2.7,2.7,2.7,2.7,2.7,2.7,2.7,2.7,2.7,2.7,2.7,2.7,2.7,2.7,2.7,2.7,2.7,2.7,2.7,2.7,2.8,2.8,2.8,2.8,2.8,2.9,2.9,2.9,2.9,2.9,2.9,2.9,2.9,2.9,2.9,2.9,2.9,2.9,2.9,2.9,2.9,2.9,2.9,2.9,2.9,2.9,2.9,2.9,2.922338458626433,3.0,3.0,3.096926093147823,3.1,3.1,3.1,3.1,3.2,3.2,3.2,3.2,3.2,3.2,3.2,3.3,3.3,3.3,3.3,3.3,3.3,3.3,3.3,3.3,3.3,3.3835834762872876,3.4,3.4,3.4,3.4,3.4,3.4,3.5,3.5,3.5,3.5,3.5,3.5,3.5,3.5,3.5,3.596894888185165,3.6,3.6,3.6,3.6,3.6,3.6,3.6,3.6,3.6,3.6820773739873065,3.7,3.7,3.7,3.7,3.7,3.7,3.7,3.741531877275179,3.8,3.8,3.8,3.8,3.8,3.8,3.8,3.8,3.8,3.8,3.9,3.9,4.0,4.0,4.000258245611019,4.1,4.2,4.2,4.2,4.4,4.4,4.4,4.417525236657525,4.6,4.6,4.6,4.6,4.6,4.6,4.7,4.8,5.4,5.4,5.902726674763153
1.0972733252368732,1.2,1.2854855139391492,1.3,1.3589391335881382,1.5,1.6,1.600363130524173,1.7022832662765963,1.8,1.8,1.8,1.8,1.8,1.8,1.8,1.8,1.8593119177487658,1.9,1.9,1.9,1.9,1.9,1.9,1.9,1.9,2.0,2.0,2.1,2.1,2.1,2.1,2.1,2.109575860441376,2.2,2.2,2.2,2.2,2.2,2.2,2.2,2.3,2.3,2.3,2.3,2.3,2.3,2.3,2.3,2.3,2.3,2.3,2.4,2.4,2.4,2.4076547858228308,2.5,2.5749633088836164,2.6,2.6,2.6,2.6,2.6,2.6,2.6,2.6,2.6,2.6,2.6,2.6,2.6,2.6,2.6,2.6,2.6,2.6,2.6,2.6,2.6,2.6,2.6,2.6,2.6,2.7,2.7,2.7,2.7,2.7,2.7,2.7,2.7,2.7,2.7,2.7,2.7,2.7,2.7,2.7,2.7,2.7,2.7,2.7,2.7,2.7,2.7,2.7,2.7,2.7,2.7,2.7,2.7,2.7,2.7,2.7,2.7,2.723079872757484,2.8,2.8,2.8,2.8,2.8,2.8,2.8,2.8,2.8,2.8863657473303133,2.9,2.9,2.9,2.9,2.9,2.9,2.9,2.9,2.9,2.9,2.9,2.9,2.9,2.9,2.9,2.9,2.9,2.9,2.9,2.9,2.9,2.9,2.9,3.1,3.1,3.1,3.1,3.1,3.1,3.1,3.1,3.1,3.1,3.1,3.1,3.1,3.1,3.1,3.1,3.1,3.1,3.1,3.2,3.2,3.2,3.2,3.2,3.2,3.2,3.2,3.2,3.2,3.2,3.2672825715857354,3.3,3.3,3.3,3.3,3.3,3.3,3.3,3.4,3.4312240387354507,3.5,3.5,3.5,3.5,3.6,3.7,3.7,3.7,3.8,3.9,4.177872882956086,5.4
0.2,0.5,0.5,0.6,0.6,0.6,0.6,0.6,0.6,0.7,0.7,0.7,0.7,0.7,0.7,0.7,0.7,0.7,0.8,0.8,0.8,0.8,0.8,0.8,0.8,0.8,0.8,0.8,0.8,0.9,0.9,0.9,0.9,0.9,0.9,0.9,0.9,0.9,0.9,1.0,1.0,1.0,1.0,1.0,1.0,1.0400675399524986,1.1,1.1,1.1,1.1,1.1,1.167234718804218,1.2,1.2,1.2,1.2,1.2,1.2,1.2,1.2,1.2,1.2,1.2,1.2,1.2,1.2,1.2,1.2,1.2,1.2,1.2,1.2,1.2,1.2,1.2,1.2136342526696893,1.3,1.3,1.3,1.3,1.3,1.3,1.3,1.4,1.4,1.4,1.4,1.5,1.5,1.5,1.5,1.5,1.5,1.5,1.5,1.5,1.5,1.5,1.5,1.5,1.5,1.5,1.6,1.6,1.6,1.6,1.6,1.622338458626433,1.7,1.7,1.7,1.7,1.7,1.7,1.7,1.7,1.7,1.7,1.7,1.8,1.8,1.8,1.8,1.8,1.8,1.8,1.8,1.8,1.8,1.9,1.9,1.9,1.9,1.9,1.9,1.9,1.9,1.9,1.9,1.9,1.9,1.9,1.9,1.9,1.9,1.9,1.9,1.9,1.9,1.9,1.9,1.9,1.9,1.9818099114968333,2.0,2.0,2.0,2.1,2.1,2.1,2.1,2.1,2.1,2.1,2.1,2.2,2.2,2.2,2.2,2.3,2.3,2.3,2.4,2.4119969121311553,2.6,2.6,2.6,2.6,2.7,2.7,2.7,2.7,2.7,2.7,2.7,2.7,2.7,2.8,2.8,2.9,3.0,3.1,3.1,3.1,3.2,3.3,3.3,3.4713626571738248,3.5,3.7,3.8
0.6978186601894985,0.8,0.8,0.8,0.8,0.8,0.9931700645275615,1.0,1.0,1.0996092814346328,1.1,1.2,1.2,1.2,1.2,1.3,1.3,1.3,1.4,1.4,1.4,1.4,1.4,1.4,1.5,1.5,1.5,1.5,1.5,1.5,1.5,1.5,1.5,1.5,1.5,1.5,1.5,1.5,1.5,1.5,1.5,1.5,1.5,1.5,1.5,1.5,1.5,1.5,1.5,1.5938612343310383,1.6,1.6,1.6,1.6,1.6,1.6,1.6,1.6,1.6,1.6,1.6,1.6,1.6,1.666707318575743,1.7,1.7,1.7,1.7,1.7,1.7,1.7,1.7,1.7,1.8,1.8,1.8,1.8,1.8677877762521888,1.9,1.9,1.9,1.9,1.9,1.9,1.9,1.9,1.9,2.0,2.0,2.0,2.0,2.0,2.0,2.0,2.0,2.0,2.0,2.0,2.1,2.1,2.1,2.1,2.1,2.1,2.1,2.1,2.1,2.1,2.1,2.1,2.1,2.1,2.1,2.1,2.1,2.2,2.2,2.2,2.2,2.2,2.2,2.2,2.2,2.2,2.2,2.2863657473303136,2.3,2.3,2.3,2.397472376674125,2.4,2.4,2.4,2.4,2.4,2.4724102608103182,2.5,2.5,2.5,2.6,2.6,2.6,2.6,2.7,2.7,2.7,2.8,2.8,2.8,2.8,2.8,2.8,2.8,2.8,2.8,2.8599324600475087,2.9,2.9,2.9,2.9,2.9,2.9,2.9,2.9,2.9,2.9,2.9,2.9,2.9,2.9,3.0,3.0,3.0,3.0,3.0,3.0,3.0,3.0,3.1,3.1,3.1,3.2,3.3,3.3,3.4,3.4,3.4,3.5,3.5,3.6,3.6,3.7,3.7,3.7,3.7,3.7,3.8,3.8713626571738247,3.9145144860608467,4.1,4.604362679621044
0.19945466504737464,0.3,0.3854855139391493,0.4,0.5,0.6,0.6,0.7,0.7,0.7996092814346327,0.8,0.8,0.8,0.8,0.8,0.8,0.8,0.8,0.8,0.8,0.8,0.8,0.8,0.8,0.8,0.8,0.8,0.8,0.8,0.8,0.8,0.8,0.9,0.9,0.9,0.9,0.9,0.9,0.9,0.9,1.0,1.0,1.0,1.0,1.0,1.0,1.0,1.0,1.0563222283256664,1.1,1.1,1.1,1.1,1.1,1.1,1.2,1.2,1.2,1.2,1.2,1.2,1.2,1.2,1.2,1.2,1.2,1.2575196044106633,1.3,1.3,1.3,1.3,1.4,1.4,1.4,1.4,1.4,1.4,1.4677877762521887,1.5,1.5,1.5,1.5,1.5,1.5,1.5,1.5,1.5,1.5,1.5,1.5,1.5,1.5,1.5,1.5,1.5,1.5,1.5,1.5,1.5,1.5,1.5,1.5,1.5991113784562687,1.6,1.6,1.6,1.6,1.6,1.6,1.6,1.6,1.6,1.6,1.6,1.6,1.7,1.7,1.7,1.7,1.7,1.7,1.7,1.7,1.7,1.7,1.7,1.7,1.7,1.7,1.7,1.7258931733306895,1.8,1.8,1.8,1.8,1.9,1.9,1.9,1.9,1.9956215100637167,2.0,2.0,2.0,2.0,2.0,2.0,2.0,2.1,2.1,2.1,2.1,2.1,2.1,2.1,2.1,2.1,2.1,2.1,2.1,2.1,2.1,2.1,2.1,2.1,2.1,2.1,2.1,2.2,2.2,2.2,2.2,2.2,2.2,2.2,2.2,2.2,2.2,2.3,2.3,2.3,2.4,2.4,2.4,2.4,2.4139854899254374,2.5,2.5,2.5,2.5,2.6,2.6,2.7,2.8,2.8,2.8,2.9202076077128365,3.0,3.0,3.1290289721216937,3.577872882956086,3.7010906699052613
0.1,0.1,0.2,0.2,0.2,0.2,0.2,0.2,0.2,0.2,0.2,0.2,0.2,0.2,0.2,0.2,0.2,0.2,0.2,0.2,0.2,0.2,0.2,0.2,0.2,0.2,0.2,0.2,0.2,0.2,0.2,0.2,0.2,0.2,0.2,0.2,0.2,0.2,0.2,0.2,0.2,0.2,0.2,0.2,0.2,0.2,0.2,0.2,0.2,0.2,0.2,0.2,0.2,0.2,0.2,0.2,0.2,0.2,0.2,0.2,0.2,0.2,0.2,0.2,0.2,0.2,0.2,0.2,0.2,0.2,0.2,0.3,0.3,0.3,0.3,0.3,0.3,0.3,0.3,0.3,0.3,0.3,0.3,0.3,0.3,0.3,0.3,0.3,0.3,0.3,0.3,0.3,0.3,0.3,0.3,0.3,0.3,0.3,0.3,0.3,0.3,0.3,0.3,0.3,0.3,0.3,0.3,0.3,0.3,0.3,0.3,0.3,0.34706730690055,0.4,0.4,0.4,0.4,0.4,0.4,0.4,0.4,0.4,0.4,0.4,0.4,0.4,0.4,0.4,0.4,0.4,0.5,0.5,0.5,0.5,0.5,0.5,0.5,0.5,0.5,0.5956215100637167,0.6,0.6,0.6,0.6,0.6,0.6,0.6,0.6,0.6,0.6,0.6,0.6,0.6,0.6,0.6,0.6,0.6,0.6,0.6,0.7,0.7,0.7,0.7,0.7,0.7,0.7,0.7,0.7,0.7,0.7,0.7,0.7,0.7,0.8,0.8,0.8,0.8,0.8,0.8,0.8,0.8,0.8,0.8694870529293042,0.9,0.9,0.9,1.0,1.0,1.0,1.0,1.0,1.0,1.0,1.0,1.0,1.1,1.2,1.2,1.2145144860608468,1.3,1.4005453349526304
0.39836399514212395,0.5221271170439141,0.6,0.7,0.7,0.8,0.8931700645275615,0.9,0.9022832662765964,1.0,1.0,1.0,1.0,1.0520555588893197,1.1,1.1,1.1,1.1593119177487659,1.3,1.3997417543889865,1.4,1.4,1.4,1.4,1.4,1.4,1.5,1.5,1.5,1.5,1.5,1.5,1.5,1.5,1.5,1.5,1.5,1.5,1.5,1.5892733098756082,1.6,1.6,1.6,1.6,1.6,1.6,1.6,1.6,1.6,1.6,1.6,1.6,1.6,1.6,1.6,1.7,1.7,1.7,1.7,1.7,1.7,1.7,1.7,1.7,1.7,1.7275897391896877,1.8,1.8,1.8,1.8,1.8,1.8,1.8,1.8,1.8,1.8,1.8,1.8,1.9,1.9,1.9,1.9,1.9,1.9,1.9,1.9,1.9,1.9,2.0,2.0,2.0,2.0,2.0,2.0,2.0,2.0,2.0,2.0,2.0,2.0,2.0,2.0,2.0,2.0,2.0,2.0,2.0,2.0223384586264332,2.1,2.1,2.1,2.1,2.2,2.2,2.2,2.2,2.2,2.2,2.2,2.2,2.2,2.2,2.2,2.2,2.2591808414844934,2.3,2.3,2.3,2.4,2.4,2.4,2.4,2.4,2.4,2.4424803955893424,2.5,2.5,2.5,2.5,2.6,2.6,2.6,2.6,2.7,2.7,2.7,2.7,2.7,2.7,2.7,2.7,2.7,2.7,2.7,2.8,2.8,2.8,2.840671534142251,2.9,3.0242052584359556,3.1,3.1107266901243977,3.2,3.2,3.2,3.2,3.2,3.2,3.2,3.2,3.2,3.2,3.2,3.2,3.2,3.3,3.3,3.5,3.5,3.5,3.5,3.6,3.6,3.6,3.7,3.7,3.7,3.7,3.7,3.7,4.1,4.1,4.1,4.199636869475825,4.2,4.3,4.3,4.371362657173825,4.6145144860608465,5.055745765912172,5.7
0.39836399514212395,0.6,0.8,0.9,0.9,0.9797923922871657,1.0,1.0,1.0022832662765964,1.1,1.1,1.1,1.2687759612645444,1.3520555588893195,1.4,1.4,1.4,1.4,1.5,1.5,1.5,1.5,1.5,1.5,1.5,1.5,1.5,1.5,1.5,1.5,1.5,1.5,1.5,1.6,1.6,1.6,1.6,1.6,1.6,1.6,1.6,1.6,1.6,1.6,1.6,1.7,1.7,1.7,1.7,1.7,1.7,1.7,1.7,1.7,1.7732987958385678,1.8,1.8,1.8,1.8,1.8,1.8,1.8,1.8,1.8,1.8,1.8,1.8,1.8,1.8,1.8,1.8,1.9,1.9,1.9,1.9,1.9,1.9,1.9,1.9,1.9,2.0,2.0,2.0,2.0,2.0,2.0,2.0,2.0,2.0,2.0,2.0,2.0,2.0,2.0,2.0,2.0,2.0,2.0,2.0,2.0,2.0,2.1,2.1,2.1,2.2,2.2,2.2,2.2,2.2,2.2,2.2,2.2,2.2,2.2,2.2,2.2,2.2,2.2,2.2,2.2,2.2,2.3,2.3,2.3,2.3,2.4,2.4,2.4,2.4,2.497472376674125,2.5,2.5,2.5,2.5128753795290435,2.6,2.6,2.602676948378985,2.7,2.7,2.7,2.7,2.7,2.7,2.7,2.7,2.7,2.7,2.7,2.7,2.8,2.8,2.8,2.9,2.9,2.9,3.1,3.1999641242801378,3.2,3.2,3.2,3.2,3.2,3.2,3.2,3.2,3.2,3.2,3.2,3.2403068909801562,3.3,3.3,3.3,3.3,3.3,3.4,3.4,3.4801475342872323,3.5,3.5,3.5,3.5328902688179484,3.6,3.6,3.6,3.7,3.7,3.7,3.7,3.7,3.7,3.7285331937867117,4.1,4.1,4.2,4.2,4.3,4.3,4.371362657173825,4.6145144860608465,4.8557457659121726,5.7
0.39836399514212395,0.5,0.6,0.6,0.7,0.8,0.8,0.9,0.9,0.9,0.9,0.9,1.0,1.0,1.0,1.0,1.0860145100745635,1.1,1.1,1.1,1.2,1.3,1.3,1.4,1.4,1.4,1.4,1.4940015439344208,1.5,1.5,1.5,1.5,1.5,1.5,1.5,1.5,1.5,1.5,1.5,1.5,1.5329201988926884,1.6,1.6,1.6,1.6,1.6,1.6,1.6,1.6,1.6,1.6,1.6,1.6,1.7,1.7,1.7,1.7,1.7,1.7,1.7,1.7,1.7043784899362862,1.8,1.8,1.8,1.8,1.8,1.8,1.8,1.8,1.8,1.8,1.8,1.8,1.8,1.8,1.8,1.8,1.8,1.9,1.9,1.9,1.9,1.9,1.9,1.9,1.9,1.9277108492161203,2.0,2.0,2.0,2.0,2.0,2.0,2.0,2.0,2.0,2.0,2.0,2.0,2.0,2.0,2.0,2.0,2.0,2.1,2.1,2.1,2.147129430757855,2.2,2.2,2.2,2.2,2.2,2.2,2.2,2.2,2.2,2.2,2.2,2.2,2.2,2.2,2.2,2.2591808414844934,2.3,2.3,2.341424948730241,2.4,2.4,2.4,2.4,2.4835834762872877,2.5,2.5,2.5,2.5,2.5,2.564269946863908,2.6,2.6,2.6,2.6,2.625036691116378,2.7,2.7,2.7,2.7,2.7,2.7,2.7,2.7,2.7,2.7,2.8,2.8,2.8,2.9,2.9,3.1,3.1,3.2,3.2,3.2,3.2,3.2,3.2,3.2,3.2,3.2,3.3,3.3,3.3,3.3059984560655775,3.4,3.4,3.5,3.5,3.5,3.6,3.6,3.6,3.6,3.7,3.7,3.7,3.7,4.1,4.1,4.1,4.107133298446677,4.2,4.2,4.2,4.3,4.3,4.441060866411857,4.5,4.7,5.055745765912172,5.7
1.0994546650473747,1.5442542340878282,1.885485513939149,2.2,2.4,2.679792392287166,2.8,2.9,3.0022832662765966,3.1,3.1,3.1,3.268775961264544,3.3520555588893193,3.4,3.5,3.5860145100745635,3.6,3.6,3.699741754388987,3.8,3.8,3.8,3.8,3.9,4.0,4.0,4.094001543934421,4.149458281606653,4.2,4.2,4.3,4.3,4.5,4.6,4.6,4.6,4.7,4.7,4.7,4.7,4.7,4.7,4.7,4.7,4.7,4.7,4.7,4.7,4.7,4.7,4.7,4.8,4.8,4.9,4.9,4.9,4.9,5.0,5.0,5.0,5.0,5.0,5.0,5.0,5.0,5.0,5.0,5.4,5.6,5.6,5.6,5.6,5.6,5.858668890637449,5.9,5.9,5.9,6.089100128834769,6.1,6.1,6.1,6.1,6.1,6.1,6.1,6.1,6.1,6.3,6.3,6.3,6.3,6.4,6.4,6.4,6.4,6.4,6.4,6.4,6.4,6.4,6.4,6.4,6.4,6.4,6.4,6.4,6.4,6.4,6.4,6.4,6.4,6.4,6.4,6.4,6.446159745514968,6.6,6.6,6.6,6.6,6.6,6.6,6.6,6.6,6.6,6.6,6.6,6.6,6.6,6.8,6.8,6.8,6.8,6.8,6.8,6.8,6.8,6.8,6.8,6.8,6.8,6.8,6.8,6.8,6.8,6.8,6.8,6.8,6.8,6.8,6.8,6.9,6.9,6.9,6.9,6.9,6.9,6.9,6.9,6.9,6.9,6.9,6.9,6.900446139750591,7.0,8.316721841988288,8.4,8.4,8.4,8.4,8.4,8.4,8.4,8.4,8.4,8.4,8.4,8.4,8.4,8.4,8.4,8.4,8.4,8.4,8.4,8.4,8.467445006307695,8.8,8.8,8.8,8.8,8.8,8.8,8.8,8.8,8.8,8.8,8.8,8.8,8.8,8.8
0.898363995142124,1.0221271170439141,1.2854855139391492,1.6,1.7,1.7797923922871657,1.8,1.9,1.9,2.0,2.1,2.2,2.2,2.2,2.2,2.3,2.4,2.4,2.4,2.5,2.5,2.6,2.6,2.6590090298190248,2.7,2.7,2.7,2.8,2.8,2.8,2.856801156119795,2.9,2.9,2.9,2.9,2.9,2.9,2.9,2.9,2.9,3.0,3.0,3.017922626012691,3.1,3.1,3.1,3.1,3.1,3.1,3.1,3.1,3.1,3.1,3.1,3.1,3.2,3.2,3.3,3.3,3.3,3.3,3.3,3.3,3.3,3.3,3.3,3.3,3.3,3.4,3.4,3.4,3.4025276233258666,3.5,3.5,3.5,3.5,3.5,3.5,3.5,3.6,3.6,3.6,3.6,3.6,3.6,3.6769201272425165,3.7,3.7,3.7,3.7,3.8,3.8,3.8,3.8,3.8,3.8,3.8,3.8,3.8,3.8,3.8,3.8745514221892505,3.9,3.9236884075919987,4.0,4.0,4.0,4.0,4.1,4.1,4.196926093147823,4.2,4.2,4.3,4.3,4.3,4.3,4.3,4.3,4.326303351929255,4.4,4.478884147332195,4.5,4.5,4.6,4.6,4.7,4.7,4.7,4.7,4.7,4.7,4.8,4.9,4.9,4.9,4.9,4.9,4.9,4.9,4.9,4.9,4.9,4.9,4.9,4.9,4.9,5.0,5.0,5.0,5.0,5.0,5.0,5.0,5.0,5.0,5.0,5.0,5.082077373987306,5.4,5.4,5.4,5.4,5.400892279501182,5.6,5.6,5.6,5.6,5.6,5.6,5.729596531640624,5.9,5.9,6.1,6.1,6.1,6.1,6.3,6.4,6.4,6.4,6.4,6.4,6.4,6.4,6.4,6.4,6.495888882221368,6.6,6.6,6.614266596893355,6.8,6.8,6.8,6.8,6.8,7.0,7.1,8.4,8.4,8.4
0.8989093300947493,1.0221271170439141,1.2,1.3,1.4,1.4,1.5,1.6,1.6,1.7,1.7,1.8,1.8,1.8,1.8,1.9,2.0,2.0,2.030512947070702,2.1,2.1,2.2,2.2,2.2,2.2,2.2,2.237286272143571,2.3,2.3,2.3037085797800696,2.4,2.4,2.4,2.4,2.5,2.5,2.5,2.5,2.6,2.6,2.6,2.6,2.6,2.659328465857746,2.7,2.7,2.7,2.7,2.7,2.7,2.7308259810188757,2.8,2.8,2.8,2.8,2.8076547858228307,2.9,2.9,2.9,2.9,2.9,2.9,2.9,2.9,2.9,2.9,2.9,2.9,2.9,3.0,3.074106826669302,3.1,3.1,3.1,3.1,3.1,3.1,3.1,3.1,3.1,3.1,3.1,3.1,3.1,3.1,3.1,3.1,3.1,3.1,3.1,3.2,3.2,3.2,3.2,3.3,3.3,3.3,3.3,3.3,3.3,3.3,3.3745514221892505,3.4,3.4,3.4,3.4,3.4976074901208394,3.5,3.5,3.5,3.5,3.5,3.5,3.5,3.5,3.5,3.6,3.6,3.6,3.6,3.6,3.6,3.6,3.632212223747814,3.7,3.7,3.7,3.7414249487302413,3.8,3.8,3.8,3.8,3.8,3.8,3.8,3.872410260810318,3.9026769483789847,4.0,4.0,4.095621510063716,4.3,4.3,4.3,4.3,4.3,4.3,4.3,4.3,4.3,4.3,4.36917401898113,4.4,4.5,4.5,4.5,4.5,4.6,4.7,4.7,4.7,4.8,4.9,4.9,4.9,4.9,4.9,4.9,4.9,4.9,4.9,4.9,5.0,5.0,5.0,5.0,5.0207433944853905,5.180147534287232,5.4,5.4,5.4,5.6,5.6,5.6,5.981376164502467,6.1,6.1,6.1,6.195888882221368,6.4,6.4,6.4,6.4,6.4,6.4,6.8,6.8,6.8,6.8,6.914514486060847,7.1,8.4
0.5994546650473747,1.1,1.3,1.4,1.4,1.4,1.5,1.5,1.5,1.5,1.5,1.6,1.6,1.7,1.7,1.7,1.7,1.7,1.7,1.7,1.7671097311820503,1.8,1.8,1.8,1.8,1.8,1.8,1.8940015439344207,1.9,1.9,1.9,1.9,1.9,1.9,1.9,1.9,1.9,1.9,1.9,1.9,1.9,2.0,2.0,2.0,2.0,2.0,2.0,2.0,2.0,2.0,2.0,2.0,2.0,2.0,2.0,2.0,2.0,2.0,2.0,2.0,2.0,2.004378489936286,2.1,2.1,2.1,2.1,2.1575196044106635,2.2,2.2,2.2,2.2,2.2,2.2,2.2,2.2,2.2,2.2,2.2,2.2,2.2,2.2,2.2,2.2,2.2,2.2,2.2,2.2,2.2,2.2,2.2,2.3,2.3,2.3,2.3,2.4,2.4,2.4,2.4,2.4,2.4,2.4,2.4,2.5,2.5,2.5,2.5,2.5,2.5,2.5,2.5,2.5,2.5,2.5,2.5,2.5,2.5230798727574837,2.6,2.6,2.6,2.6,2.6,2.6,2.6,2.6,2.6,2.6,2.6,2.6,2.6,2.6,2.6,2.6,2.6,2.7,2.7,2.8,2.8,2.8,2.8,2.8,2.9,2.9,2.9,2.9,2.9,2.9,2.9,2.9,2.9,2.9,2.9,2.9,2.943677771674339,3.1,3.1,3.1,3.1,3.1,3.1,3.1,3.1,3.1107266901243977,3.2,3.200446139750591,3.3,3.3,3.3,3.3,3.3,3.3,3.3431988438802076,3.4,3.4,3.4,3.4,3.4,3.4,3.4,3.5,3.5,3.5,3.5,3.5,3.5,3.5,3.5,3.6,3.6,3.6,3.6175252366575252,3.7,3.7,3.7,3.7,3.7,3.8,3.8,4.0,4.0,4.377872882956086,5.0087253592420895
0.39945466504737465,0.5,0.6,0.6,0.6,0.7,0.7,0.8,0.8,0.8,0.8,0.8,0.8,0.8520555588893196,0.9,0.9,0.9,0.9,0.9,0.9,1.0,1.0,1.0,1.0,1.0198524657127763,1.1,1.1,1.1,1.1,1.1,1.1,1.1,1.1,1.2,1.2,1.3,1.3,1.3,1.3,1.3,1.3,1.3,1.3,1.3,1.3,1.3,1.3,1.3,1.4,1.4,1.4,1.4,1.4,1.4,1.4,1.4,1.4,1.4,1.4,1.4,1.4,1.4,1.4,1.5,1.5,1.5,1.5,1.5,1.5,1.5,1.5,1.5,1.5,1.5,1.5,1.5,1.5,1.5,1.5,1.6,1.6,1.6,1.6,1.6,1.6,1.6,1.6,1.7,1.7,1.7,1.7,1.7,1.7,1.7,1.7,1.7,1.7,1.7,1.7,1.7,1.7,1.7,1.7,1.7,1.7,1.7,1.7,1.7,1.7,1.7,1.7,1.7,1.7,1.7,1.7,1.7,1.7,1.7,1.7,1.7,1.7,1.7,1.8,1.8,1.8,1.8,1.8,1.8,1.8,1.8,1.8,1.8,1.8,1.8,1.8,1.8,1.8,1.8,1.8,1.8956215100637166,1.9,1.9,1.9,1.9,1.9,1.9,1.9,1.9,1.9,1.9,1.9,1.9,1.9,1.9,1.9,1.9,1.9,1.9406715341422511,2.0,2.0,2.0,2.0,2.0,2.0,2.0,2.0,2.0,2.0,2.0,2.0,2.1,2.1,2.2,2.2,2.2,2.2,2.2,2.2,2.2,2.2,2.2,2.2,2.2,2.3,2.3,2.389518608039907,2.4,2.4,2.4312240387354507,2.517525236657525,2.6,2.6,2.6,2.6,2.606829935472439,2.8,3.041060866411857,3.1,3.3,3.5557457659121723,3.703817344668414
0.2,0.2,0.2854855139391493,0.3,0.4,0.4,0.4931700645275615,0.5,0.5,0.5,0.5,0.5,0.5,0.5,0.5,0.5,0.5,0.5,0.5,0.5,0.5,0.5,0.5,0.5,0.5,0.5,0.5,0.5,0.5,0.5,0.5,0.6,0.6,0.6,0.6,0.6,0.6,0.6,0.6,0.6,0.6,0.6,0.6,0.6,0.6,0.6,0.6,0.6,0.6,0.6,0.6,0.6,0.6,0.6,0.6,0.6,0.6415378870321603,0.7,0.7,0.7,0.7,0.7,0.7,0.7,0.7,0.7,0.7,0.7,0.7,0.7,0.7,0.7,0.7,0.7,0.7,0.7136342526696893,0.8,0.8,0.8,0.8,0.8,0.8,0.8,0.8,0.8,0.8,0.8,0.8,0.8,0.8,0.8,0.8,0.8,0.877661541373567,0.9,0.9,0.9,0.9,0.9,0.9,0.9,0.9,0.9,1.0,1.0,1.0,1.0,1.1,1.1,1.1,1.1,1.1,1.2,1.2722891507838767,1.3,1.3,1.3,1.3,1.3,1.3,1.3,1.378884147332195,1.4,1.4,1.4,1.4,1.4,1.4,1.4,1.4,1.4,1.4,1.4,1.4,1.4,1.4,1.4,1.4,1.4,1.4,1.4,1.4,1.4,1.4,1.4,1.4,1.4,1.5,1.5,1.5,1.5,1.5,1.5,1.5,1.5,1.5,1.6,1.6,1.6,1.6,1.6,1.6,1.6,1.7,1.7,1.7,1.7,1.7,1.7,1.7,1.7,1.7,1.7,1.7,1.7,1.7,1.7,1.7,1.7,1.7,1.7,1.7,1.7,1.7,1.7,1.7,1.767445006307696,1.8,1.8,1.8,1.8,1.9,1.9,1.9,1.9,1.9,2.0,2.071362657173825,2.2,2.2,3.100545334952631
0.6994546650473746,1.0221271170439141,1.3,1.4286373428261778,1.5,1.5,1.6,1.600363130524173,1.7022832662765963,1.8,1.8928667015533227,1.9,1.9,2.0,2.0,2.0,2.0,2.0,2.0,2.0997417543889867,2.1,2.1,2.1,2.1590090298190248,2.2,2.2,2.2,2.3,2.3,2.3,2.4,2.4,2.4,2.4,2.4,2.4,2.4534237581140017,2.5,2.5,2.589273309875608,2.6,2.6,2.6,2.6,2.6,2.6,2.6,2.6,2.6,2.6,2.6,2.6,2.6,2.6,2.7,2.7,2.7,2.7,2.7,2.7,2.7,2.7,2.7,2.7,2.7,2.7,2.7,2.7,2.716416523712721,2.8,2.8,2.8,2.8,2.8,2.8,2.8,2.840819158515501,2.9,2.9,2.9,2.9,2.9,2.9,2.9,2.9,2.9,2.9,2.9,2.9,2.9,2.9,2.9,3.0,3.0,3.0,3.0,3.0,3.076311592408004,3.1,3.1,3.1,3.1,3.1,3.1,3.1,3.1,3.1,3.1,3.1,3.171989073708892,3.2,3.2,3.2,3.2,3.2,3.2,3.2,3.2,3.3,3.3,3.3,3.3,3.3,3.3,3.3,3.3,3.3,3.341424948730241,3.4,3.4,3.4,3.5,3.5,3.5,3.5,3.5,3.5,3.533292681424257,3.6,3.6,3.6273604303772347,3.7,3.7,3.7,3.7,3.7,3.7,3.7,3.7,3.7,3.7,3.7,3.7,3.7,3.7,3.7,3.8,3.9,3.9820773739873063,4.1,4.1,4.1,4.1,4.1,4.1,4.1,4.1,4.1,4.1,4.1,4.1,4.1,4.1,4.1,4.1,4.1,4.1,4.2,4.2,4.2,4.232890268817949,4.3,4.3,4.3,4.3,4.3,4.3,4.347944441110684,4.5,4.6,4.6,4.9,5.195433467446799,5.2,5.7,5.7,5.9,6.4,6.8,7.033618648868258,8.8
0.6,0.6,1.1854855139391491,1.4286373428261778,1.5589391335881382,1.7,1.7,1.8,1.8,1.9,1.9,1.9,1.9,2.0,2.0,2.0,2.0860145100745635,2.1,2.2,2.2,2.2,2.2,2.2,2.3,2.3,2.3,2.4,2.4,2.4,2.4,2.4,2.4,2.459693109019841,2.5,2.5,2.5,2.553423758114002,2.6,2.6,2.6,2.6,2.6,2.6,2.6,2.6,2.7,2.7,2.7,2.7,2.7,2.7,2.7,2.7031051118148355,2.8,2.8,2.8,2.8,2.8,2.9,2.9,2.9,2.9,2.9,2.9,2.9,2.9,2.9,2.9,2.9,2.9,2.974106826669302,3.0,3.0,3.0,3.0,3.1,3.1,3.1,3.1,3.1,3.1,3.1,3.1,3.1,3.1,3.1769201272425165,3.2,3.2,3.2,3.2,3.2,3.2,3.2,3.277661541373567,3.3,3.3,3.3,3.3,3.3,3.3,3.3,3.3,3.3,3.3,3.348291057822746,3.4,3.4,3.4,3.4,3.4,3.4,3.4,3.4,3.4,3.5,3.5,3.5,3.5,3.5,3.5,3.5,3.5,3.5,3.5,3.5,3.5863657473303134,3.6,3.6,3.6,3.6,3.6,3.6,3.7,3.7,3.7,3.7,3.7,3.7,3.7,3.7,3.7,3.7,3.7,3.7,3.7,3.7,3.7,3.761545727139935,3.8,3.9,3.9,3.9122775313379066,4.1,4.1,4.1,4.1,4.1,4.1,4.1,4.1,4.1,4.1,4.1,4.1,4.1,4.1,4.1,4.1,4.1,4.1,4.1,4.2,4.2,4.2,4.2,4.3,4.3,4.3,4.3,4.3,4.4,4.4,4.4,4.5,4.513985489925437,4.6,4.6,4.6,4.6,4.6,4.9,5.000781437130729,5.2,5.7,5.7,5.740415215425673,6.341060866411857,6.4,6.8,8.4,8.5
0.2,0.2,0.2,0.3,0.3,0.3,0.3,0.3,0.3,0.3,0.3,0.3,0.3,0.3,0.3,0.4,0.4,0.4,0.4,0.4,0.4,0.4,0.4,0.5,0.5,0.5,0.5,0.5,0.5,0.5,0.5,0.5,0.5,0.6,0.6,0.6,0.6,0.6,0.6,0.6,0.6,0.6,0.7,0.7,0.7,0.7,0.7,0.7,0.7,0.7,0.7,0.7,0.7,0.7,0.7,0.8,0.8,0.8,0.8,0.8,0.8,0.8,0.8,0.8,0.8,0.8,0.8,0.8,0.8,0.8,0.8,0.8,0.8,0.8,0.8,0.8,0.8,0.8,0.9,0.9,0.9,0.9,0.9,0.9,0.9,0.9,1.0,1.0,1.0,1.0,1.0,1.0,1.0,1.0,1.0023925098791608,1.1,1.1,1.1,1.1,1.1,1.1,1.1,1.1,1.1,1.1,1.1,1.1976074901208391,1.2,1.2,1.2,1.2,1.2,1.2,1.2,1.2,1.2,1.2,1.2,1.2,1.3,1.3,1.3,1.3,1.3,1.3,1.3,1.3,1.3,1.3,1.3,1.3,1.3,1.3,1.3,1.3,1.3,1.3,1.3,1.3,1.4,1.4,1.4,1.4,1.4,1.4,1.4,1.4,1.461545727139935,1.5,1.5,1.5,1.5,1.5,1.5,1.5,1.5599324600475086,1.6,1.6,1.6,1.6,1.6,1.6107266901243975,1.7,1.7,1.7,1.7,1.7,1.7,1.7,1.7,1.7,1.7,1.8,1.8,1.8,1.8,1.8801475342872322,1.9,1.903343888618275,2.0,2.0,2.0,2.0,2.1,2.1,2.1,2.1,2.1479444411106843,2.2,2.3,2.4,2.5,2.5977167337233995,2.6,2.7,2.7,2.8,2.8,3.0,3.5,3.603817344668414
1.1994546650473745,1.222127117043914,1.3,1.4,1.4,1.4,1.4931700645275616,1.500363130524173,1.6,1.6,1.7,1.7,1.7,1.8,1.8,1.8,1.8,1.8,1.8,1.8997417543889865,1.9,1.9,1.9,2.0,2.0,2.0,2.0,2.0,2.0,2.1,2.1,2.1,2.1,2.1,2.1,2.1,2.1,2.1995538602494094,2.2,2.2,2.2,2.2,2.2,2.2,2.2,2.2400675399524985,2.3,2.3,2.3563222283256664,2.4,2.4,2.4,2.4,2.4,2.4,2.4,2.4,2.4,2.4,2.4,2.4,2.4,2.4,2.4,2.4,2.4,2.4,2.4,2.4,2.4,2.4,2.4,2.5,2.5,2.5,2.5,2.5,2.5,2.5,2.5,2.5,2.5,2.5,2.5,2.6,2.6,2.6,2.6,2.6,2.6,2.6,2.6,2.6,2.6,2.7,2.7,2.7,2.7,2.7,2.7,2.7,2.7,2.7,2.8,2.8,2.8,2.8,2.8,2.8,2.8,2.8,2.8,2.8,2.8,2.8,2.8230798727574835,2.9,2.9,2.9,2.9,2.9,2.9,2.9,2.9,2.9,2.9,2.9,2.9,2.9,2.9,2.925893173330689,3.0,3.0,3.0,3.0,3.0,3.0,3.1,3.1,3.1,3.2,3.2,3.2,3.2,3.2,3.2,3.2,3.2,3.2,3.2,3.2,3.3,3.3,3.3,3.3,3.3,3.3999641242801375,3.4,3.4,3.4242052584359555,3.5,3.5,3.5,3.5,3.5,3.5,3.5,3.5,3.6,3.6,3.7,3.7,3.7,3.7,3.7,3.8,3.8,3.8,3.8,3.8,3.8,3.8,3.8,3.9,4.0,4.1,4.2,4.3,4.331224038735451,4.4,4.6,4.6003907185653645,4.7,4.7,4.713659870944878,4.9,4.9,4.9,5.0,5.177872882956086,5.403817344668415
0.7,1.2,1.2,1.328637342826178,1.4,1.4,1.4,1.5,1.5,1.6,1.6928667015533228,1.7,1.7,1.8,1.8,1.8,1.8,1.8,1.8,1.8,1.9,1.9,1.9,1.9,1.9,1.9,2.0,2.0,2.0,2.0,2.0,2.0,2.0,2.0,2.1,2.1,2.1,2.1,2.1,2.1,2.1,2.2,2.2,2.2,2.2,2.2,2.2,2.2,2.2,2.2,2.3,2.3,2.3,2.3,2.3,2.3076547858228307,2.4,2.4,2.4,2.4,2.4,2.4,2.4,2.4,2.4,2.4,2.4,2.4,2.4,2.4,2.4,2.4,2.4,2.4,2.4,2.4,2.4,2.4,2.4,2.4,2.4,2.4,2.4,2.4,2.4,2.4,2.4,2.5,2.5,2.5,2.5,2.5,2.5,2.5,2.5,2.5,2.5,2.5,2.5,2.5,2.5,2.5,2.5,2.6,2.6,2.6,2.6,2.6,2.6,2.6,2.6,2.6,2.6,2.672289150783877,2.7,2.7,2.7,2.7,2.7,2.7,2.7,2.7,2.7,2.7,2.7,2.7863657473303136,2.8,2.8,2.8,2.8,2.8,2.8,2.8,2.8,2.8,2.8,2.9,2.9,2.9,2.9,2.9,2.9,2.9,2.9,2.9,2.9,2.9,2.9,2.9,2.9,2.9691740189811298,3.0,3.0,3.0,3.1,3.1,3.1,3.1,3.2,3.2,3.2,3.2,3.2,3.2,3.246576241885998,3.3,3.3,3.3,3.3,3.4,3.4,3.496291420219933,3.5,3.5,3.5,3.5,3.5,3.6,3.6,3.6,3.7,3.7,3.7,3.8,3.8,3.8,3.934890012615392,4.1,4.2312240387354505,4.3,4.4,4.4,4.597716733723399,4.6,4.713659870944878,4.9,4.9,4.9,5.0,5.2,5.9
0.2,0.2,0.2,0.2,0.2,0.2,0.3,0.3,0.3,0.3,0.3,0.3,0.3,0.3,0.3,0.3,0.3,0.3,0.3,0.3,0.3,0.3,0.3,0.3,0.3,0.3,0.4,0.4,0.4,0.4,0.4,0.4,0.4,0.4,0.4,0.4,0.4,0.4,0.4,0.4,0.4,0.4,0.4,0.4,0.4,0.4,0.4,0.4,0.4,0.4,0.4,0.4,0.4,0.4,0.4,0.4,0.4,0.5,0.5,0.5,0.5,0.5,0.5,0.5,0.5,0.5,0.5,0.5,0.5,0.5,0.5,0.5,0.5,0.5,0.5,0.5,0.5,0.5,0.5,0.5,0.5,0.5,0.5,0.5,0.5,0.5,0.5,0.6,0.6,0.6,0.6,0.6,0.6,0.6,0.6,0.6,0.6,0.6,0.6,0.6,0.6,0.6,0.6,0.6,0.6,0.6,0.6,0.7,0.7,0.7,0.7,0.7,0.7,0.7,0.7,0.7,0.7,0.7,0.7,0.7,0.7,0.7,0.7,0.7,0.7,0.7,0.8,0.8,0.8,0.8,0.8,0.8,0.8,0.8,0.8,0.8,0.8,0.8,0.8,0.9,0.9,0.9,0.9,0.9,1.0,1.0,1.0,1.0,1.0,1.0,1.0,1.0,1.0,1.0,1.0,1.0,1.0,1.0,1.0,1.0,1.0,1.0,1.0,1.0,1.0,1.0,1.0,1.0,1.0,1.0912183114401104,1.1,1.2,1.2,1.2,1.2,1.2,1.2,1.2,1.2,1.2,1.3,1.3,1.3,1.3,1.3,1.3,1.3,1.4,1.4,1.4,1.5,1.5,1.5,1.5,1.5,1.5202076077128368,1.7,1.7,1.7,1.9557457659121724,2.3027266747631527
0.5978186601894985,0.7,0.8,0.8,0.9,0.9,1.0,1.0,1.1022832662765965,1.2,1.2,1.2,1.2,1.2,1.2,1.2,1.2,1.3,1.3,1.3,1.3,1.3327174284142678,1.4,1.4,1.4,1.4,1.4,1.4,1.5,1.5,1.5,1.5,1.5,1.5,1.5,1.5,1.5,1.5,1.5,1.5,1.5,1.5,1.5,1.5,1.5,1.5,1.5,1.5,1.5,1.5,1.5,1.5,1.5,1.5,1.6,1.6,1.6,1.6,1.6,1.6,1.6,1.7,1.7,1.7,1.7,1.7,1.7,1.7,1.8,1.8,1.8,1.8,1.8,1.8,1.8,1.8,1.8,1.8,1.8,1.8,1.8,1.8,1.9,1.9,1.9,1.9,2.0,2.0,2.0,2.0,2.0,2.0,2.0,2.1,2.1,2.1,2.1,2.1,2.1,2.1,2.2,2.2,2.2,2.2,2.3,2.3,2.3,2.3,2.3,2.3,2.396926093147823,2.4,2.4,2.4,2.4,2.4,2.4,2.4,2.4,2.4,2.4,2.4,2.4,2.4,2.4,2.4,2.5,2.5,2.5,2.5,2.5,2.5,2.5,2.5,2.6,2.6,2.6,2.6,2.6,2.6,2.7,2.7,2.7,2.7,2.7,2.7,2.7267012041614294,2.8,2.8,2.8,2.8,2.8,2.8,2.9,2.9,2.9,2.9,2.9,2.9,2.9,2.9,3.0,3.0,3.0,3.0,3.0,3.1,3.1,3.1,3.1,3.2,3.2,3.2,3.2,3.2,3.2207433944853903,3.3,3.3,3.3,3.3,3.3,3.3,3.369487052929304,3.4406880822512336,3.5,3.5,3.5,3.5,3.5,3.5,3.6,3.6,3.7,3.8,3.8,3.8,3.982121732823714,4.1,4.314514486060847,4.5,4.808725359242089
0.49836399514212393,0.7,0.8,0.9,0.9589391335881382,1.0,1.0,1.1,1.2,1.2,1.2,1.2,1.2,1.2,1.2,1.2,1.2,1.2,1.2,1.2,1.2,1.2,1.2,1.2,1.2198524657127763,1.3,1.3,1.3,1.3,1.3,1.3,1.3,1.359693109019841,1.4,1.4,1.4,1.4,1.4,1.4,1.4,1.4,1.4,1.5,1.5,1.5,1.5,1.5,1.5,1.5,1.5,1.5,1.5,1.5,1.5,1.5,1.5,1.5,1.5,1.5,1.5,1.5,1.5,1.5,1.5,1.5,1.5,1.5,1.5,1.5,1.5,1.6,1.6,1.6,1.6,1.6,1.6,1.6,1.6,1.6,1.7,1.7,1.7,1.7,1.7,1.7,1.7,1.7,1.7277108492161204,1.8,1.8,1.8,1.8,1.8,1.8,1.8,1.9,1.9,1.9,1.9,1.9,1.95,2.0,2.0,2.0,2.0,2.0,2.0,2.1,2.1,2.1,2.1,2.1,2.1,2.172289150783877,2.2,2.3,2.3,2.3,2.3,2.4,2.4,2.4,2.4,2.4,2.4,2.4,2.4,2.4,2.4,2.4,2.4,2.4,2.4,2.4,2.4,2.4,2.4026769483789847,2.5,2.5,2.5,2.5,2.559500077641303,2.6,2.6,2.6,2.6,2.7,2.7,2.7,2.7,2.7,2.8,2.8,2.8,2.8,2.8,2.8,2.9,2.9,2.9,2.9,2.9,2.9,2.9,2.9,2.9,3.0,3.0,3.0,3.1,3.1,3.2,3.2,3.2,3.2,3.2,3.2,3.240990970180974,3.3,3.3,3.3,3.3,3.369487052929304,3.4406880822512336,3.5,3.5,3.5,3.5,3.5,3.6,3.6071332984466777,3.7003907185653646,3.8,3.8,3.8204898064173163,4.120207607712836,4.2,4.3,4.4,4.5,5.407634689336828
0.1,0.2,0.2,0.2,0.2,0.2,0.2,0.2,0.2,0.2,0.2,0.2,0.2,0.2,0.2,0.2,0.2,0.2,0.2,0.2,0.2,0.2,0.2,0.2,0.2,0.2,0.2,0.2,0.2,0.2,0.2,0.2,0.259693109019841,0.3,0.3,0.3,0.3,0.3,0.3,0.3,0.3,0.3,0.3,0.3,0.3,0.3,0.3,0.3,0.3,0.3,0.3,0.3,0.3,0.3,0.3,0.3,0.3,0.3,0.3,0.3,0.3,0.3,0.3,0.3,0.4,0.4,0.4,0.4,0.4,0.4,0.4,0.4,0.4,0.4,0.4,0.4,0.4,0.4,0.4,0.4,0.4,0.4,0.4,0.4,0.4,0.4,0.4,0.4,0.4,0.4,0.4,0.4,0.4,0.4,0.4,0.4,0.4,0.5,0.5,0.5,0.5,0.5,0.5,0.5,0.5,0.5,0.5,0.5,0.5,0.5,0.5,0.5,0.5470673069005499,0.6,0.6,0.6,0.6,0.6,0.6,0.6,0.6,0.6,0.6,0.6,0.6,0.6,0.6,0.6,0.6,0.6,0.6,0.6,0.6,0.6,0.6,0.672410260810318,0.7,0.7,0.7,0.7,0.7,0.7,0.7,0.7,0.7,0.7,0.7,0.7,0.7,0.7,0.7,0.7,0.7,0.7,0.7,0.7,0.8,0.8,0.8,0.8,0.8,0.8,0.8,0.8,0.8,0.8,0.8,0.8,0.8,0.8,0.8,0.8,0.8,0.8,0.8,0.9,0.9,1.0,1.0,1.0,1.0,1.0,1.0,1.0,1.0139854899254375,1.1,1.2,1.2,1.2,1.2,1.2,1.2,1.2,1.2996368694758247,1.3,1.3,1.3,1.3,1.3145144860608469,1.5,1.7005453349526305
0.49781866018949855,0.5221271170439141,0.6,0.6,0.7,0.7,0.7,0.7,0.7,0.7,0.8,0.8,0.8,0.8,0.8,0.8,0.8,0.8593119177487658,0.9,0.9,0.9,0.9,0.9,0.9,0.9,0.9,1.0,1.0,1.0,1.0,1.0,1.0,1.0,1.0,1.0584681227248212,1.1,1.1,1.1,1.1,1.1,1.1,1.1,1.1,1.1,1.1,1.1,1.1,1.1,1.1,1.1,1.1,1.1,1.1,1.1,1.1,1.1,1.1,1.1,1.1,1.1,1.1,1.1,1.1,1.1,1.1,1.1,1.1,1.1,1.1,1.1,1.1,1.1,1.1,1.1,1.1,1.1,1.1,1.1,1.1,1.1,1.1,1.1,1.1,1.1,1.1,1.1,1.1,1.1,1.1,1.1,1.1,1.1,1.1,1.1,1.102392509879161,1.2,1.2,1.2,1.2,1.2,1.2,1.2,1.2,1.2,1.2,1.2,1.2,1.2,1.2,1.2,1.2,1.2,1.2,1.2,1.2,1.2,1.2,1.2,1.2,1.2,1.2,1.2,1.2,1.2,1.2,1.2,1.2,1.2,1.2,1.2,1.2,1.2,1.2,1.2,1.2,1.2,1.2,1.2,1.2,1.2,1.3,1.3,1.3,1.3,1.3,1.3,1.3,1.3,1.3,1.3,1.3,1.3061387656689534,1.4,1.4,1.4,1.4,1.4,1.4,1.4,1.4242052584359555,1.5,1.5,1.5,1.5,1.5,1.5,1.5,1.5904241395586212,1.6,1.6,1.6,1.6,1.6,1.6,1.6,1.7,1.7,1.7,1.7,1.7,1.8,1.8,1.8,1.8,1.8139854899254375,1.9,2.0,2.047944441110684,2.2,2.2,2.3,2.4,2.4,2.4,2.5,2.6,2.682121732823714,2.9,3.3,3.5,4.6130880388631335
0.4994546650473746,0.6,0.6,0.6,0.7,0.7,0.7,0.7,0.7,0.7,0.7,0.7,0.8,0.8,0.8,0.8,0.8,0.8,0.8,0.8,0.8,0.9,0.9,0.9,0.9,0.9,0.9,0.9,0.9,0.9,0.9568011561197949,1.0,1.0,1.0,1.0,1.0,1.0,1.0,1.0,1.1,1.1,1.1,1.1,1.1,1.1,1.1,1.1,1.1,1.1,1.1,1.1,1.1,1.1,1.1,1.1,1.1,1.1,1.1,1.1,1.1,1.1,1.1,1.1,1.1,1.1,1.1,1.1,1.1,1.1,1.1,1.1,1.1,1.1,1.1,1.1,1.1,1.1,1.1,1.1,1.1,1.1,1.1,1.1,1.1,1.1,1.1,1.1,1.1,1.1,1.1,1.1,1.1,1.1,1.1,1.1,1.1,1.2,1.2,1.2,1.2,1.2,1.2,1.2,1.2,1.2,1.2,1.2,1.2,1.2,1.2,1.2,1.2,1.2,1.2,1.2,1.2,1.2,1.2,1.2,1.2,1.2,1.2,1.2,1.2,1.2,1.2,1.2,1.2,1.2,1.2,1.2,1.2,1.2,1.2,1.2,1.2,1.2,1.3,1.3,1.3,1.3,1.3,1.3,1.3,1.3,1.3,1.3,1.3,1.3,1.3,1.36917401898113,1.4,1.4,1.4,1.4,1.4,1.4,1.4,1.4,1.4,1.5,1.5,1.5,1.5,1.5,1.5,1.541531877275179,1.6,1.6,1.6,1.6,1.6,1.6,1.6059984560655778,1.7,1.7,1.7,1.7,1.7,1.7672825715857357,1.8,1.8,1.8,1.8,1.8,1.8895186080399071,1.9,1.9479444411106839,2.0312240387354508,2.2,2.207133298446678,2.3003907185653643,2.4,2.5,2.6,2.8202076077128364,2.9410608664118567,3.071362657173825,3.5,3.777872882956086,7.008180024289459
0.1,0.12212711704391417,0.2,0.2,0.2,0.2,0.2,0.2,0.3022832662765964,0.4,0.4,0.4,0.4,0.4,0.4,0.4,0.4,0.4,0.4,0.4,0.4,0.43271742841426786,0.5,0.5,0.5,0.5,0.5,0.5,0.5,0.50370857978007,0.6,0.6,0.6,0.6,0.6,0.6,0.6,0.6,0.6,0.6,0.6,0.6,0.6,0.6,0.6,0.6,0.6,0.6,0.6,0.6,0.6,0.6,0.6,0.6,0.6,0.6,0.6,0.6,0.6,0.6,0.6,0.6,0.6,0.6,0.6,0.6,0.6,0.6,0.6,0.6,0.6,0.6,0.6306801228393908,0.7,0.7,0.7,0.7,0.7,0.7,0.7,0.7,0.7,0.7,0.7,0.7,0.7,0.7,0.7,0.7,0.7,0.7,0.7,0.7,0.7,0.7,0.7,0.7,0.7,0.7,0.7,0.7,0.7,0.7,0.7,0.7,0.7,0.7,0.7,0.7,0.7,0.7,0.7,0.7,0.7,0.7,0.7,0.7,0.7,0.7,0.7,0.7,0.7,0.7,0.7,0.7,0.7,0.7,0.7,0.7,0.7,0.7,0.7,0.7,0.7,0.7,0.8,0.8,0.8,0.8,0.8,0.9,0.9,0.9,0.9,0.9,0.9,0.9,1.0,1.0,1.0,1.0,1.0,1.0,1.0,1.0,1.0599324600475086,1.1,1.1,1.1,1.1,1.1,1.1,1.1,1.1,1.1,1.1,1.1,1.1,1.1,1.1,1.1,1.1962914202199328,1.2,1.2,1.2,1.2207433944853903,1.3,1.3,1.3,1.3,1.3,1.300258245611019,1.4,1.4,1.5,1.5,1.5,1.6,1.8312240387354506,1.9,1.9,2.0,2.0,2.1,2.1,2.2,2.3410608664118566,2.571362657173825,2.8,3.4,3.700545334952631
0.6,0.7,0.8,0.8,0.8,0.9,0.9,0.9,0.9022832662765964,1.0,1.0,1.0,1.0,1.0,1.1,1.1,1.2,1.2,1.2,1.2,1.2,1.2,1.2,1.2,1.3,1.3,1.3,1.4,1.4,1.4,1.4,1.5,1.5,1.5,1.5,1.5,1.5,1.5995538602494095,1.6,1.6,1.6,1.6757947415640415,1.7,1.7,1.7,1.7,1.7,1.7,1.7,1.7938612343310383,1.8,1.8,1.8,1.8,1.8,1.8,1.8,1.8,1.8,1.8,1.8,1.8,1.8,1.8,1.8,1.8,1.8,1.8,1.8,1.8,1.8,1.8,1.8,1.8,1.8,1.8,1.8,1.8,1.8,1.8,1.8,1.8,1.8,1.8256064984215272,1.9,1.9,1.9,1.9,1.9,1.9,1.9,1.9,1.9,1.9,1.9,1.9,1.9,1.9,1.9,1.9,1.9,1.9,1.9,2.0,2.0,2.0,2.0,2.0,2.0,2.0,2.0,2.0,2.0,2.0,2.0,2.0,2.0,2.0,2.0,2.0,2.0,2.0,2.0,2.0,2.0,2.0,2.0,2.0,2.0,2.0,2.1,2.1,2.1,2.1,2.1,2.1,2.1,2.1,2.1,2.1,2.1,2.1,2.1,2.1,2.1,2.1,2.1,2.1,2.1,2.1,2.2,2.2,2.2,2.2,2.2,2.2,2.2,2.2,2.2,2.2,2.2,2.2,2.2,2.2,2.2,2.2,2.2,2.2,2.2,2.2,2.2,2.2,2.2,2.2,2.2,2.2207433944853903,2.3,2.4,2.4,2.4,2.4,2.500258245611019,2.669487052929304,2.7,2.7,2.7,2.8,2.8,2.9,2.9,2.9,3.0,3.0,3.1,3.1,3.2,3.3410608664118566,3.4,3.5,3.5,3.7010906699052613
0.2,0.4,0.4854855139391493,0.5,0.5589391335881382,0.6,0.6,0.6,0.6,0.6996092814346326,0.7,0.7,0.8,0.8,0.8,0.8,0.8,0.8,0.8,0.8,0.8,0.8,0.8,0.8,0.8,0.8,0.8,0.8,0.8,0.8,0.8,0.9,0.9,0.9,0.9,0.9,0.9,0.9,0.9,0.9,0.9329201988926883,1.0,1.0,1.0,1.0,1.0,1.0,1.0181900885031638,1.1,1.1,1.1,1.1,1.2,1.2,1.2,1.2,1.2,1.2,1.2,1.2,1.2,1.2,1.2,1.2,1.2,1.2,1.2,1.2,1.2,1.2,1.2,1.2,1.2306801228393909,1.3,1.3,1.3,1.3,1.3,1.3,1.3,1.3,1.4,1.4,1.4,1.4,1.4,1.4,1.4,1.45293269309945,1.5,1.5,1.5,1.5,1.5,1.5,1.5,1.5,1.5,1.5,1.5,1.5,1.5745514221892507,1.6,1.6,1.6,1.6,1.6,1.6,1.6471294307578546,1.7,1.7,1.7,1.7,1.7,1.7,1.7,1.7,1.7,1.7,1.7,1.7,1.7,1.7,1.7,1.7,1.7,1.7,1.7,1.7693198771606091,1.8,1.8,1.8,1.8,1.8,1.8,1.8,1.8,1.8,1.8,1.8,1.8,1.8,1.8,1.8,1.8,1.8,1.8,1.861545727139935,1.9,1.9,1.9,1.9,1.9,1.9,1.9,1.9,1.9,1.9,1.9,2.0,2.0,2.0,2.0,2.0,2.0,2.0,2.0,2.0,2.0,2.0,2.0,2.0,2.0,2.0,2.0627137278564307,2.1,2.1,2.1,2.1,2.1,2.2,2.2,2.2,2.2,2.2,2.2,2.2,2.2,2.2,2.2,2.2,2.2003907185653646,2.3,2.3,2.5136598709448776,2.8,2.9,3.071362657173825,3.2,3.377872882956086,3.600545334952631
0.2,0.2,0.2,0.2,0.3,0.3,0.3,0.3,0.3,0.3,0.3,0.3,0.3,0.3,0.3,0.3,0.38601451007456333,0.4,0.4,0.4,0.4,0.4,0.4,0.4,0.5,0.5,0.5,0.5,0.5,0.5,0.5,0.5,0.5,0.5,0.5,0.5,0.5,0.5,0.5,0.5,0.5,0.5,0.5,0.5,0.5,0.5,0.5,0.5,0.5,0.5,0.5,0.5,0.5,0.5,0.5,0.5,0.5,0.6,0.6,0.6,0.6,0.6,0.6,0.6,0.6,0.6,0.6,0.6,0.6,0.6,0.6,0.6,0.6,0.6,0.6,0.6,0.6,0.6,0.6,0.6,0.6,0.6,0.6,0.6,0.6,0.6,0.6,0.6,0.6,0.6,0.6,0.6,0.6,0.6,0.6,0.6270721084494368,0.7,0.7,0.7,0.7,0.7,0.7,0.7,0.7,0.7482910578227461,0.8,0.8,0.8,0.8,0.8,0.8,0.8,0.8,0.8,0.8,0.8,0.8,0.8,0.8,0.8,0.8,0.8,0.8,0.8,0.8,0.8,0.8,0.8,0.8,0.8,0.8,0.8,0.8,0.8,0.8,0.8,0.802676948378985,0.9,0.9,0.9,0.9,0.9,0.9,0.9,0.9,0.9,0.9,0.9,0.9,0.9,0.9,0.9,0.9,0.9,0.9,0.9,0.9,0.9,0.9,0.9242052584359556,1.0,1.0,1.0,1.0,1.0,1.1,1.2,1.2,1.2,1.2,1.2,1.2,1.2,1.3,1.3,1.3,1.3,1.3,1.4,1.4,1.5,1.5,1.5,1.5,1.5,1.6,1.7,1.7,1.7,1.7,1.7,1.7,1.7,1.7,1.8,1.8,1.8,1.8713626571738244,2.0,2.3,2.8016360048578917
0.4994546650473746,1.5,1.6854855139391491,1.7,1.7,1.7,1.8,1.8,1.8,1.8,1.8,1.8824747633424777,1.9,1.9,1.9,1.9,1.9,1.9,1.9,1.9,1.9,2.0,2.0,2.0,2.0,2.0,2.0,2.0,2.0,2.1,2.1,2.2,2.2,2.2,2.2,2.2,2.2,2.3,2.34482722873702,2.4,2.4,2.4,2.4,2.4,2.4,2.4,2.4,2.4,2.4,2.4,2.4,2.4,2.5,2.5,2.5,2.5,2.5,2.5,2.5,2.5,2.5,2.5,2.5,2.5,2.5,2.5,2.5,2.5,2.6,2.6,2.6,2.6,2.6,2.6,2.6,2.6,2.6,2.7,2.8,2.8,2.8,2.8736966480707364,2.9,2.9,2.9,2.9,2.9,2.9,2.9,2.9,2.9,2.9,2.9,2.9,2.9,3.0,3.0517089421772567,3.1,3.1,3.1,3.1,3.1,3.1,3.1,3.1,3.1,3.1,3.1,3.1,3.2,3.296926093147823,3.3,3.3,3.3,3.3,3.3,3.3,3.3,3.3,3.3,3.4,3.4,3.4,3.4,3.4,3.4,3.4,3.4,3.4,3.4,3.5,3.5,3.5,3.5,3.5,3.5,3.5,3.5,3.5,3.5,3.5,3.5,3.5,3.6,3.6,3.6,3.6,3.6,3.7,3.7,3.7,3.7,3.7,3.7,3.7,3.7,3.7,3.7,3.7,3.7,3.7,3.8,3.8,3.8,3.8,3.893593987845253,4.0,4.0,4.0,4.0,4.0,4.0,4.0,4.0,4.0,4.0,4.0,4.2,4.2,4.2,4.2,4.3,4.3,4.440688082251234,4.7,4.8,4.8,4.8,4.8,4.8,4.8,4.8,4.897716733723399,4.9,4.9,4.9,4.9,4.9,5.001601402425928,6.1,6.801636004857891
0.8972733252368732,1.2,1.3,1.4,1.5,1.6,1.7,1.7,1.8,1.8,1.8928667015533227,1.9,1.9,1.9,1.9,1.9,1.9860145100745634,2.0,2.0,2.0,2.0,2.0,2.0,2.0,2.1,2.1,2.2,2.2,2.2,2.2,2.2,2.2,2.2,2.2,2.2,2.3,2.3,2.3,2.4,2.4,2.4,2.475794741564042,2.5,2.5,2.5,2.5,2.5,2.5,2.5,2.5,2.5,2.5,2.5,2.5,2.5,2.5,2.5,2.5749633088836164,2.6,2.6,2.6,2.6,2.6,2.6,2.6,2.6,2.6,2.6,2.616416523712721,2.7,2.774106826669302,2.8,2.8,2.8,2.8,2.8,2.8,2.8,2.8,2.8,2.8,2.8,2.8,2.8,2.8,2.9,2.9,2.9,2.9,2.9,2.9,2.9,2.9,2.9,2.9,2.9,2.9,2.9,2.9,2.9,2.9,2.9,2.9,2.9,2.9,2.9,2.9,2.9,2.9,2.9,2.9,2.9,2.9,2.9,2.9976236808611416,3.1,3.1,3.1,3.1,3.1,3.1,3.1,3.1,3.1,3.1,3.1,3.1,3.2,3.2,3.2,3.3,3.3,3.4,3.4,3.4,3.4,3.4,3.4,3.4,3.4,3.4,3.4,3.4,3.4,3.4,3.4,3.5,3.5,3.5,3.5,3.5,3.5,3.5,3.5,3.5,3.5,3.5,3.5,3.5,3.5,3.5,3.5,3.5,3.5,3.5,3.5,3.6,3.6,3.6,3.6,3.7,3.7,3.7,3.7,3.7,3.7,3.7,3.7,3.7,3.7,3.7,3.7,3.7,3.8813761645024667,4.0,4.0,4.0,4.0,4.0,4.2,4.2,4.3,4.495433467446799,4.8,4.8,4.8,4.9,4.9,4.9,5.467237297736517,7.0
0.2,0.3,0.3,0.3,0.3589391335881382,0.4,0.4,0.5,0.5,0.5,0.5,0.5,0.5,0.5,0.5,0.5,0.5,0.5,0.5,0.5,0.5,0.5,0.5,0.5,0.5198524657127763,0.6,0.6,0.6,0.6,0.6,0.6,0.6,0.6,0.6,0.6,0.6,0.6,0.6,0.6,0.6,0.6329201988926882,0.7,0.7,0.7,0.7,0.7,0.7,0.7,0.7,0.7,0.7,0.7,0.7,0.7,0.7,0.7076547858228309,0.8,0.8,0.8,0.8,0.8,0.8,0.8,0.8,0.8,0.8,0.8,0.8,0.8,0.8,0.8,0.8,0.8,0.8,0.9,0.9,0.9,0.9,0.9,0.9,0.9,1.0,1.0,1.0,1.0,1.0769201272425164,1.1,1.1,1.1,1.1,1.1,1.1,1.1,1.1,1.1,1.1,1.1,1.252623184816008,1.3,1.3,1.3,1.3,1.3,1.4,1.4,1.4,1.4,1.4,1.4,1.4,1.4,1.4,1.4,1.4,1.4,1.4,1.4,1.4,1.4,1.4,1.4,1.4,1.4,1.4,1.4,1.4,1.4,1.4,1.4,1.4,1.4,1.4,1.4,1.4,1.4,1.4,1.4,1.4,1.5,1.5,1.5,1.5,1.5,1.5,1.5,1.5,1.6,1.6,1.6,1.6,1.6,1.6,1.6,1.6,1.6,1.6,1.6,1.6,1.6,1.6,1.6,1.6,1.6,1.6,1.6465762418859982,1.7,1.7,1.7,1.7,1.7,1.7,1.7,1.7,1.7,1.7,1.7,1.7,1.7,1.7,1.7,1.7,1.7,1.769487052929304,1.8,1.8,1.8,1.8,1.8,1.8,1.8,1.8,1.8,1.8977167337233993,1.9,2.0,2.2,2.2,2.2,2.214514486060847,2.5336186488682584,3.1
1.3989093300947493,1.6221271170439142,1.7,1.8,1.8,1.8797923922871658,1.9,1.9,1.9,1.9,1.9,1.9,2.0,2.0,2.0,2.0,2.0,2.0,2.0,2.0,2.0,2.0,2.0,2.0,2.0,2.0,2.0,2.0,2.1,2.1,2.1,2.2,2.2,2.2,2.2,2.2,2.253423758114002,2.3,2.4,2.4,2.4,2.4,2.4,2.4,2.4,2.4,2.4,2.4,2.4,2.4,2.430825981018876,2.5,2.5,2.5,2.5,2.507654785822831,2.6,2.6,2.6,2.6,2.6,2.6,2.635730053136092,2.7,2.7,2.7275897391896877,2.8,2.8,2.8,2.8,2.8,2.8,2.8,2.8,2.8,2.8,2.8,2.8,2.8,2.8,2.8,2.8,2.9,2.9,2.9,2.9,2.9,2.9,2.9,2.9,3.0,3.0,3.1,3.1,3.1,3.1,3.1,3.1,3.2,3.3,3.3,3.3,3.3,3.3236884075919986,3.4,3.4,3.4,3.4,3.4,3.4,3.4,3.4,3.4,3.5,3.5,3.5,3.5,3.5,3.5,3.5,3.5,3.5,3.5,3.5,3.5,3.5,3.6,3.6,3.6,3.6,3.6,3.6,3.6,3.6,3.6,3.6,3.7,3.7,3.7,3.7,3.7,3.7,3.7,3.7,3.7,3.7,3.7,3.7,3.7,3.7,3.7,3.7,3.7,3.7,3.7,3.7,3.7,3.7,3.7,3.7,3.7,3.7,3.7,3.8,3.8,4.0,4.083063754550357,4.2,4.2,4.2,4.243198843880208,4.3,4.3,4.311996912131155,4.5,4.62074339448539,4.7,4.8,4.8,4.8,4.8,4.8,4.8,4.8,4.8,4.8,4.8,4.8,4.9,4.9,4.9,4.9,4.9,4.9,4.9,4.9,4.9,5.428175943042947,6.1,6.955745765912172,7.20872535924209
1.0989093300947494,1.5,1.6,1.7,1.7,1.8,1.8,1.800363130524173,1.9,1.9,1.9,1.9,1.9,1.9,1.9,1.9,1.9,1.9,1.9,1.9,1.9,1.9327174284142679,2.0,2.0,2.0,2.0,2.0,2.0,2.0,2.0,2.0,2.0,2.0,2.0,2.0,2.0,2.0,2.0,2.0,2.0,2.1,2.1,2.1,2.1,2.2,2.2,2.2,2.2,2.2,2.2,2.2,2.267234718804218,2.4,2.4,2.4,2.4,2.4,2.4,2.4,2.4,2.4,2.4,2.4,2.5,2.5,2.5,2.5,2.5,2.5,2.5,2.6,2.6,2.6,2.6,2.6,2.6,2.7,2.7,2.8,2.8,2.8,2.8,2.8,2.8,2.8,2.8,2.8,2.8,2.8,2.8,2.8,2.8,2.8,2.9,2.9,2.9,2.9,2.9,2.9,2.9,2.9,2.9,2.9,3.0236884075919988,3.1,3.1,3.1,3.1,3.1,3.1,3.1,3.1,3.1,3.1,3.197623680861142,3.2,3.3,3.3,3.3,3.3,3.352505150770389,3.4,3.4,3.4,3.4,3.4,3.4,3.4,3.5,3.5,3.5,3.5,3.5,3.5,3.5,3.5,3.5,3.533292681424257,3.6,3.6,3.6,3.6,3.6,3.625036691116378,3.7,3.7,3.7,3.7,3.7,3.7,3.7,3.7,3.7,3.7,3.7,3.7,3.7,3.7,3.7,3.7,3.7,3.7,3.7,3.8,3.8,3.893593987845253,4.0,4.0,4.2,4.2,4.2,4.2,4.3,4.3,4.5,4.5,4.5,4.7,4.703343888618275,4.8,4.8,4.8,4.8,4.8,4.8,4.8,4.8,4.8,4.8,4.8,4.9,4.9,4.9,4.9,4.9,4.9,4.9,4.9,6.1,6.1,7.1
1.0989093300947494,1.722127117043914,1.8,1.9,1.9,1.9,1.9,1.9,1.9,1.9,1.9,2.0,2.0,2.0,2.0,2.0,2.0,2.0,2.0,2.0,2.1,2.1,2.196656111381731,2.2,2.2,2.2,2.2,2.3,2.3,2.4,2.4,2.4,2.4,2.4,2.4,2.4,2.4,2.5,2.5,2.5,2.5,2.5,2.5,2.6,2.6,2.6,2.6,2.6181900885031637,2.7,2.8,2.8,2.8,2.8,2.8,2.8,2.8,2.8,2.8,2.8,2.8,2.9,2.9,2.9,2.9,2.9,2.9,2.9,2.9,2.9,2.9,2.9,3.0025276233258666,3.1,3.1,3.1,3.1,3.1,3.1,3.1,3.2,3.3,3.3,3.3,3.4,3.4,3.4,3.4,3.4,3.4,3.4,3.4,3.4,3.4,3.4,3.4,3.5,3.5,3.5,3.5,3.5,3.5,3.5,3.5,3.5,3.5,3.5,3.5,3.5,3.5,3.5,3.596926093147823,3.6,3.6,3.6,3.6,3.6,3.6,3.6,3.6,3.6,3.6,3.7,3.7,3.7,3.7,3.7,3.7,3.7,3.7,3.7,3.7,3.7,3.7,3.7,3.7,3.7,3.7,3.7,3.7,3.7,3.7,3.7,3.7,3.7,3.7,3.7,3.7,3.7,3.7,3.7,3.7,3.8,3.8,3.8,4.0,4.0,4.199928248560275,4.2,4.2,4.3,4.3,4.3,4.3,4.300446139750591,4.5,4.5,4.5,4.5,4.640306890980156,4.7,4.743198843880208,4.8,4.8,4.8,4.8,4.8,4.8,4.8,4.8,4.8,4.8,4.8,4.8,4.9,4.9,4.9,4.9,4.9,4.9,4.9,4.9,4.9,4.9,4.9,4.9,4.9,5.6,6.1,6.1,6.755745765912172,7.10054533495263
0.5989093300947492,0.6,0.7,0.8,0.9589391335881382,1.0797923922871657,1.1,1.1,1.2,1.2,1.2,1.2824747633424778,1.3,1.3,1.4,1.4,1.4,1.4,1.5,1.5,1.6,1.6,1.6,1.6,1.6,1.6,1.6,1.6,1.6,1.6,1.6,1.6,1.6,1.6,1.6,1.7,1.7,1.7,1.7,1.7,1.7,1.7,1.8,1.8,1.8,1.8,1.8,1.8,1.8,1.8,1.8,1.8,1.8,1.9,1.9,1.9,1.9,1.9,1.9,1.9,1.9,1.9,1.9,1.9,1.9,1.9,1.9,1.9,1.9,1.9,1.9,1.9,1.9,1.9,1.9,1.9,1.9,1.9,1.9,1.9,1.9,2.0,2.0,2.0,2.05133322763466,2.1,2.1,2.1,2.1,2.1,2.1,2.1,2.1,2.2,2.2,2.2,2.2,2.2763115924080037,2.3,2.3,2.3,2.3,2.3,2.4,2.4,2.4,2.4,2.4,2.4,2.4,2.4,2.5,2.5,2.5,2.6,2.6,2.6,2.6,2.6,2.6,2.6,2.6,2.6,2.632212223747814,2.7,2.7,2.7,2.8,2.8,2.8,2.8,2.8,2.8,2.8,2.9,2.9,2.9,2.9,2.9,2.9,2.9,2.9,2.9,2.9,2.9,2.9923452141771634,3.0,3.0,3.096894888185165,3.1,3.1,3.1,3.1,3.1,3.1,3.1,3.1999641242801378,3.2,3.2,3.2,3.2670798011073146,3.3,3.3,3.3,3.346576241885998,3.4,3.4,3.4,3.4,3.4,3.4,3.4,3.4,3.4,3.4,3.4,3.4,3.4,3.4,3.4,3.4,3.5,3.5,3.5,3.5,3.5,3.5,3.5,3.5,3.6,3.6,3.7,3.7,3.8,3.8,3.8202076077128364,4.3,4.471362657173825,4.7,5.2,6.801090669905261
0.4,0.6,0.7,0.7,0.8,0.8,0.9931700645275615,1.1,1.1,1.1,1.1928667015533228,1.2,1.2,1.2,1.3,1.3,1.3,1.4,1.4,1.4,1.4,1.4,1.4966561113817307,1.559009029819025,1.6,1.6,1.6,1.6,1.6,1.6,1.6,1.6,1.6,1.6,1.6,1.6,1.6,1.6,1.6,1.6,1.6,1.6,1.6,1.7,1.7,1.7,1.7,1.7,1.7,1.8,1.8,1.8,1.8,1.8,1.8,1.8,1.8,1.8,1.8,1.8,1.8,1.9,1.9,1.9,1.9,1.9,1.9,1.9,1.9,1.9,1.9,1.9,1.9,1.9,1.9,1.9,1.9,1.9,1.9,1.9,1.9,1.9,1.9,1.9,1.9,1.9,1.9,1.9,1.9,1.9,2.0,2.0,2.0,2.0,2.0023925098791606,2.1,2.1,2.1,2.1,2.1,2.1,2.1,2.1,2.1,2.148291057822746,2.2,2.2,2.2,2.2,2.2,2.2,2.2,2.3,2.3,2.3,2.3,2.3,2.3,2.4,2.4,2.4,2.4,2.4,2.432212223747814,2.5,2.5,2.5,2.541424948730241,2.6,2.6,2.6,2.6,2.6,2.6,2.6,2.7,2.7,2.7,2.7,2.7,2.7,2.7,2.8,2.8,2.8,2.8,2.8,2.8,2.8,2.9,2.9,2.9,2.9,2.9,2.9,2.9,2.9,2.9,2.9,2.9242052584359555,3.0,3.1,3.1,3.1,3.1,3.1,3.1,3.1,3.140306890980156,3.2,3.2,3.2,3.3,3.3,3.3,3.3207433944853904,3.4,3.4,3.4,3.4,3.4,3.4,3.4,3.4,3.4,3.4,3.4,3.447944441110684,3.5,3.5,3.5,3.5,3.5,3.6,3.6,3.7,3.8,3.8,4.314514486060847,4.4778728829560865,5.705998684478937
0.39890933009474927,0.6,0.6,0.7,0.7589391335881382,0.8,0.8,0.8,0.8,0.8996092814346327,0.9,1.0,1.0,1.0,1.0,1.0,1.0,1.1,1.1,1.1,1.2,1.2,1.2,1.2,1.2,1.3,1.3,1.3,1.3,1.3,1.3,1.3,1.3,1.3,1.4,1.4,1.4,1.4,1.4,1.4,1.4,1.4,1.4,1.5,1.5,1.5,1.5,1.5,1.5,1.5,1.6,1.6,1.6,1.6,1.6,1.6,1.6,1.6,1.6,1.6,1.7,1.7,1.8,1.8,1.8,1.8,1.8,1.8,1.8,1.8,1.8,1.8,1.8,1.85857505126975,1.9,1.9,1.9,1.9,1.9,1.9,1.9,1.9,1.9,1.9,1.9,1.9,1.9,1.9,1.9,1.9,1.9,1.9,1.9,1.9,2.0,2.0,2.0,2.0,2.0,2.0,2.0,2.0,2.0,2.0,2.048291057822746,2.1,2.1,2.1,2.1,2.1,2.1,2.1,2.1,2.1,2.1,2.1,2.1,2.1,2.1,2.1,2.1,2.1,2.1054499355826124,2.2,2.2,2.2,2.2,2.2,2.2,2.2,2.2258931733306895,2.3,2.3,2.4,2.4,2.4,2.4,2.433292681424257,2.5,2.5,2.5,2.559500077641303,2.6,2.6,2.6,2.6,2.6,2.6,2.7,2.7,2.7,2.7,2.7436777716743395,2.8,2.8,2.8,2.8,2.8,2.8,2.8,2.8,2.8,2.8,2.8,2.846576241885998,2.9,2.9,2.9,3.0,3.09121831144011,3.1,3.1,3.1,3.1,3.162713727856431,3.2,3.280147534287232,3.3,3.3,3.4,3.4,3.4,3.4,3.4,3.4,3.4,3.4,3.4,3.4,3.4,3.4,3.5,3.5,3.5,3.5,3.6,3.8,3.8,4.214514486060847,4.4,6.808725359242089
1.9989093300947494,2.4,2.6709710278782985,2.9,3.4,3.4797923922871656,3.5,3.5,3.5,3.5,3.6,3.6,3.7,3.8,4.232554993692302,4.410481391960097,4.672029020149127,4.7,4.8305129470707024,4.9,4.9,4.9,4.9,4.9,5.0,5.0,5.0,5.0,5.0,5.0,5.0,5.052690131359322,5.6,5.6,5.6,5.619218036464219,5.9,6.099107720498818,6.1,6.1,6.1,6.1,6.3,6.3,6.3,6.3,6.3,6.3,6.3,6.3,6.3,6.3,6.3,6.3,6.3,6.3,6.4,6.6,6.6,6.6,6.6,6.8,6.8,6.8,6.8,6.8,6.8,6.8,6.9,6.9,6.9,6.9,6.9,6.9,6.9,6.9,6.9,6.9,6.9,6.9,6.9,6.9,6.9,6.9,6.9,6.9,7.0,7.0,7.0,7.0,7.0,7.0,7.0,7.0,7.0,7.0,7.0,7.0,7.0,7.0,7.0,7.0,7.0,7.0,7.0,7.0,7.0,7.0,7.0,7.0,7.0,7.0,7.0,7.0,7.0,7.0,7.0,7.0,7.0,7.0,7.0,7.0,7.0,7.0,7.0,7.0,7.013777036454178,7.1,7.1,7.1,7.1,7.1,7.1,7.1,7.1,7.1,7.1,7.1,7.1,7.1,7.1,7.1,7.1,7.1,7.1,7.1,7.1,7.2,7.2,7.2,7.2,7.2,7.2,7.2,7.2,7.2,8.4,8.4,8.4,8.4,8.4,8.4,8.4,8.4,8.4,8.4,8.4,8.4,8.4,8.4,8.4,8.5,8.5,8.5,8.5,8.56223018345617,8.8,8.8,8.8,8.8,8.8,8.8,8.8,8.8,8.8,8.8,8.8,8.8,8.8,8.8,8.8,8.8,8.8,8.8,8.8,8.8,8.8,8.8,8.8,8.8,8.8
1.2961826553316225,1.6,1.9854855139391492,2.257274685652356,2.4589391335881383,2.7797923922871655,3.0863401290551233,3.4,3.5,3.5,3.5,3.5,3.6,3.7520555588893196,4.2,4.3,4.5,4.5,4.7,4.7,4.7,4.832717428414268,4.9,4.9,4.9,4.9,4.9,5.0,5.0,5.0,5.0,5.0,5.0,5.0,5.0,5.22562404861896,5.6,5.6,5.6,5.878546619751217,5.9,5.9,5.9,5.9,6.1,6.1,6.1,6.136380177006327,6.3,6.3,6.3,6.3,6.3,6.3,6.3,6.3,6.3,6.3,6.3,6.3,6.3,6.3,6.3,6.3,6.3,6.3,6.3,6.3,6.3,6.4,6.4,6.405055246651734,6.6,6.6,6.6,6.6,6.8,6.8,6.8,6.8,6.8,6.8,6.8,6.9,6.9,6.9,6.9,6.9,6.9,6.9,6.9,6.9,6.9,6.9,6.9,6.9,6.9,6.976311592408004,7.0,7.0,7.0,7.0,7.0,7.0,7.0,7.0,7.0,7.0,7.0,7.0,7.0,7.0,7.0,7.0,7.0,7.0,7.0,7.0,7.0,7.0,7.0,7.0,7.0,7.0,7.0,7.0,7.0,7.0,7.0,7.0,7.0,7.0,7.1,7.1,7.1,7.1,7.1,7.1,7.1,7.1,7.1,7.1,7.1,7.1,7.1,7.1,7.1,7.1,7.1,7.1,7.1,7.2,7.2,7.2,7.2,7.2,7.2,7.2,7.2,7.2,8.4,8.4,8.4,8.4,8.4,8.4,8.4,8.4,8.4,8.4,8.4,8.4,8.4,8.4,8.4,8.5,8.5,8.5,8.5,8.5,8.5,8.8,8.8,8.8,8.8,8.8,8.8,8.8,8.8,8.8,8.8,8.8,8.8,8.8,8.8,8.8,8.8,8.8,8.8,8.8,8.8
0.5978186601894985,0.6,0.6,0.6,0.7,0.7,0.7931700645275616,0.9,0.9022832662765964,1.0,1.1,1.1,1.1,1.1,1.1,1.1,1.1,1.1,1.1,1.1,1.1,1.1,1.1,1.1,1.1,1.1,1.1,1.1,1.1,1.1,1.1,1.1,1.1,1.2,1.3,1.3,1.3,1.3,1.3,1.3,1.3,1.3,1.3,1.4,1.5,1.5400675399524986,1.6,1.6,1.6,1.6,1.6,1.6,1.6,1.6,1.6,1.6,1.6,1.6,1.6,1.6,1.6,1.6,1.6,1.6,1.6,1.6,1.6,1.6,1.6,1.6,1.6,1.6,1.6,1.6,1.7,1.7,1.7,1.7,1.7,1.7,1.7,1.7,1.7,1.7256064984215271,1.8,1.8,1.8,1.8,1.8,1.8,1.8,1.8,1.8,1.8,1.9,1.9,1.9,1.9,2.0,2.0254485778107467,2.1,2.1,2.1,2.1,2.1,2.1,2.1,2.1,2.1,2.1,2.1,2.1,2.1,2.1,2.1,2.1,2.1,2.1,2.2,2.2,2.2,2.2,2.2,2.2,2.2,2.2,2.2137770364541782,2.341424948730241,2.4,2.497472376674125,2.6,2.6,2.7,2.8,2.8,2.9,2.9,3.0,3.064269946863908,3.1,3.3,3.3,3.3,3.3,3.3,3.3,3.3,3.361545727139935,3.4,3.4,3.4,3.4,3.4,3.5,3.6,3.6,3.6,3.7,3.7,3.7,3.7,3.8,3.8,3.8,3.846576241885998,3.9,3.9,3.9,4.0,4.0,4.1,4.1,4.1,4.2,4.2,4.2,4.2,4.2,4.2,4.2,4.2,4.2,4.2,4.2,4.213985489925437,4.3,4.3,4.4,4.5,4.5,4.5,4.6,4.6,4.6,4.7,4.720207607712837,5.023182599235572,5.2,5.272572430304234,5.7,5.902726674763153
0.6,0.7,0.7,0.7,0.8589391335881382,0.9,1.0931700645275617,1.1,1.1,1.1,1.1,1.1,1.1,1.1,1.1,1.1,1.1,1.1,1.1,1.1,1.1,1.1,1.1,1.1,1.1,1.1,1.1,1.1,1.1,1.1,1.1,1.1,1.1,1.2,1.2584681227248211,1.3,1.3,1.3,1.3,1.3,1.3,1.3,1.3,1.3,1.3,1.3,1.3,1.4,1.4,1.4,1.4308259810188757,1.5,1.5,1.5,1.6,1.6,1.6,1.6,1.6,1.6,1.6,1.6,1.6,1.6,1.6,1.6,1.6,1.6,1.6,1.6,1.6,1.7,1.7,1.7,1.7,1.7,1.7,1.7,1.7,1.7,1.7,1.7,1.7,1.7,1.7,1.7,1.7,1.7,1.7,1.7,1.8,1.8,1.8,1.8,1.8,1.8,1.8,1.8,1.8,1.8,1.85,1.9,1.9,1.9,1.9,1.9,1.9,2.0,2.0471294307578547,2.1,2.1,2.1,2.1,2.1,2.1,2.1,2.1,2.2,2.2,2.2,2.2,2.2,2.2,2.2,2.2,2.2,2.2,2.3,2.3,2.397472376674125,2.4,2.4,2.4,2.4128753795290434,2.5424803955893425,2.6,2.6,2.7,2.764269946863908,2.8,2.9,2.9,2.9,3.0,3.0584621129678395,3.1,3.1,3.1,3.196894888185165,3.2,3.3,3.3,3.3,3.3,3.3,3.3,3.3,3.3,3.3,3.3,3.3,3.3,3.3,3.4,3.4,3.4,3.4415318772751786,3.5,3.5,3.5,3.5,3.6,3.6,3.7,3.7,3.7,3.7,3.8,3.9,3.9672825715857356,4.0,4.0,4.1,4.1,4.2,4.2,4.2,4.2,4.2,4.2,4.2,4.2,4.2,4.299636869475824,4.306829935472439,4.5,4.5,4.6,4.6145144860608465,5.155745765912172,5.701090669905262
0.39890933009474927,0.4221271170439142,0.5,0.5,0.5589391335881382,0.6,0.6,0.6,0.6,0.6,0.6,0.6,0.6,0.6,0.6,0.6,0.6,0.6,0.7,0.7,0.7,0.7,0.7,0.7,0.7,0.7,0.7,0.7,0.7,0.7,0.7,0.7,0.7,0.7,0.7,0.7,0.7,0.7,0.7,0.7,0.7,0.7,0.7,0.7,0.7,0.7,0.7,0.7,0.7,0.7,0.7,0.7,0.7031051118148355,0.8,0.8,0.8,0.8,0.8,0.8,0.9,0.9,0.9,0.9,0.9,0.9,0.9,0.9,0.9,0.9,0.9,0.9,0.9,0.9306801228393908,1.0,1.0,1.0,1.0,1.0,1.0,1.021115852667802,1.1,1.1,1.1,1.1,1.1,1.1,1.1,1.1,1.2,1.2,1.2,1.2,1.2,1.3,1.3,1.3,1.3,1.3,1.3,1.3,1.3,1.3,1.3,1.3,1.3,1.4,1.4,1.4,1.4,1.4,1.4,1.4,1.4,1.4,1.4976236808611418,1.5,1.5,1.5,1.5,1.5,1.5,1.5,1.5,1.5,1.5,1.6,1.6,1.6,1.6,1.6,1.6,1.6,1.6835834762872879,1.7,1.7,1.7,1.8,1.8,1.8,1.8,1.9,1.9,1.9,1.9,1.9,1.9,2.0,2.0,2.0,2.0,2.0,2.0,2.0,2.0,2.0,2.0,2.0,2.0,2.0,2.0,2.0,2.0,2.1,2.1,2.1,2.2,2.2,2.2,2.2,2.2,2.2,2.2,2.3,2.3,2.3,2.4,2.4,2.5,2.6,2.6,2.6,2.7,2.7,2.7,2.7,2.7,2.7,2.8,2.8,2.8,2.8071332984466775,3.0003907185653644,3.2,3.3,3.5136598709448776,3.7,3.7,3.7,4.1,4.1,4.605998684478936
0.5989093300947492,0.6221271170439141,0.7,0.7,0.7,0.7,0.7,0.7,0.7,0.7,0.7,0.7,0.7,0.7,0.7,0.7,0.7,0.7,0.7,0.7,0.7,0.7,0.7966561113817306,0.8,0.8,0.9,0.9,1.0,1.0,1.0,1.0,1.0,1.0,1.1,1.2,1.2,1.2,1.2,1.2,1.3,1.3,1.3,1.3,1.3,1.4,1.4,1.4,1.4,1.4,1.4,1.4,1.4,1.4,1.4,1.4,1.4,1.4,1.4,1.4079458502902524,1.5,1.5,1.5,1.5,1.5,1.5,1.5,1.5,1.5,1.5,1.5,1.5,1.5,1.5,1.5585750512697503,1.6,1.6,1.6,1.6,1.6945500644173848,1.7,1.7,1.7,1.7,1.7,1.8,1.8,1.8,1.8,1.8,1.8,1.8,1.8,1.8,1.8,1.8,1.8,1.9,1.9,1.9,1.9,1.9,1.9,1.9,1.9,1.9,1.9729278915505744,2.0,2.0,2.0,2.0,2.0,2.0,2.0,2.0,2.0,2.0,2.0,2.0,2.0,2.0,2.0,2.0,2.1,2.1,2.1,2.1863657473303135,2.2,2.2,2.2,2.2,2.2258931733306895,2.3,2.3,2.3,2.3424803955893423,2.4,2.4,2.4,2.4,2.4,2.4,2.4,2.4,2.425036691116378,2.5,2.5,2.5,2.5,2.6,2.6,2.6,2.606138765668953,2.7,2.7,2.8,2.8,2.8,2.8,2.8,2.8,2.8,2.8,2.8,2.8,2.8,2.9,2.9,3.0,3.040306890980156,3.1,3.1,3.2,3.2,3.2,3.2,3.2,3.2,3.2,3.2033438886182752,3.3,3.3,3.4,3.4,3.4,3.4,3.4,3.5,3.5,3.5,3.5,3.5,3.5,3.5,3.5,3.606829935472439,3.7,3.9231825992355707,4.1,4.5,4.9,7.0010906699052615
0.2,0.5221271170439141,0.6,0.6,0.6,0.6797923922871657,0.7,0.7,0.7,0.7,0.7,0.7,0.7,0.7520555588893195,0.8,0.8,0.8,0.8,0.8,0.8,0.9,0.9,0.9,0.9,0.9,0.9,1.0,1.0,1.0,1.0,1.0,1.0,1.0,1.0,1.0,1.0,1.1,1.1,1.1,1.1,1.1,1.1,1.1,1.2,1.2,1.2,1.2,1.2,1.2,1.2,1.3,1.3,1.3,1.3,1.3,1.3,1.3,1.3,1.3,1.3,1.3,1.3,1.3,1.3,1.3,1.3,1.3,1.4,1.4,1.4,1.4,1.4,1.4,1.4,1.4,1.4,1.4,1.4,1.4,1.4,1.4,1.4736966480707365,1.5,1.5,1.5,1.5,1.5,1.5,1.5,1.5,1.5,1.5,1.5,1.5,1.5,1.5,1.5,1.5,1.5,1.5,1.5,1.5,1.5,1.5,1.5,1.5729278915505744,1.6,1.6,1.6,1.6,1.6,1.6,1.6,1.6,1.6,1.6,1.6,1.6,1.7,1.7,1.7,1.7,1.8,1.8,1.8,1.8,1.8,1.8,1.8,1.8,1.8,1.8,1.8,1.8,1.8,1.8,1.8,1.8,1.8,1.8,1.9,1.9,1.9,1.9,1.9,1.9,1.9,1.9,1.9968948881851645,2.0,2.0,2.0,2.0,2.0,2.0,2.0,2.0,2.0,2.0,2.1,2.1,2.1107266901243977,2.2,2.2,2.3,2.3,2.3,2.3,2.3,2.3,2.5,2.5,2.5,2.5,2.5,2.5,2.5,2.5,2.5,2.6,2.6,2.6,2.669487052929304,2.8,2.8,2.8,2.867445006307696,2.9,2.9,2.9,2.9071332984466776,3.1003907185653645,3.2,3.3996368694758243,3.4,3.5,3.5,3.5,3.614514486060847,4.433618648868259,7.000545334952631
0.1,0.1,0.1,0.1,0.1,0.2,0.2,0.2,0.2,0.2,0.2,0.2,0.2,0.2,0.2,0.2,0.2,0.2,0.2,0.2,0.2,0.2,0.2,0.2,0.2,0.2,0.2,0.2,0.2,0.2,0.2,0.2,0.2,0.2,0.2,0.2,0.2,0.2,0.2,0.2,0.2,0.2,0.2,0.2,0.2,0.2,0.2,0.2,0.2,0.2,0.2,0.2,0.2,0.2,0.2,0.2,0.2,0.2,0.2,0.2,0.2,0.2,0.2,0.2,0.2,0.2,0.2,0.2,0.2,0.2,0.2,0.2,0.2,0.2,0.2,0.2,0.2,0.2,0.2,0.2,0.2,0.2,0.2,0.2,0.2,0.2,0.2,0.2,0.2,0.2,0.2,0.2,0.2,0.2,0.2,0.2,0.2,0.2,0.3,0.3,0.3,0.3,0.3,0.3,0.3,0.3,0.3,0.3,0.3,0.3,0.3,0.3,0.3,0.3,0.3,0.3,0.3,0.3,0.3,0.3,0.3,0.3,0.3,0.3,0.3,0.3,0.3,0.3,0.3,0.3,0.3,0.3,0.4,0.4,0.4,0.4,0.4,0.4,0.4,0.4,0.4,0.4,0.4,0.4,0.4,0.4,0.5,0.5,0.5,0.5,0.5,0.5,0.5,0.5,0.5,0.5,0.5,0.5,0.5,0.5,0.5,0.5,0.5,0.5,0.5,0.5,0.6,0.6,0.6,0.6,0.6,0.6,0.6,0.6,0.6,0.7,0.7,0.7,0.7,0.7,0.7,0.7,0.8,0.8,0.8139854899254374,0.9,0.9,0.9,0.9,0.9,0.9,0.9003907185653646,1.0,1.0,1.0068299354724388,1.120207607712837,1.2,1.3,1.3,1.5,1.701090669905261
0.6,0.6221271170439141,0.9709710278782986,1.1,1.1,1.2,1.2,1.3,1.3,1.3,1.4,1.4,1.5,1.5,1.5,1.5,1.5860145100745635,1.6,1.6,1.6,1.6,1.6,1.6,1.6,1.6,1.6,1.7,1.7,1.7,1.7,1.7,1.7,1.7,1.7,1.8,1.8,1.8,1.8,1.8,1.8,1.8329201988926882,1.9,1.9,1.9,1.9,1.9400675399524985,2.0,2.0,2.0,2.0,2.030825981018876,2.1,2.1,2.1,2.1,2.1,2.1,2.1,2.2,2.2,2.2,2.2,2.2,2.2,2.2,2.2,2.2,2.2,2.2,2.2,2.2,2.2,2.2,2.2,2.2,2.2,2.2,2.2,2.2,2.2,2.3,2.3,2.3,2.3,2.3,2.3,2.3,2.4,2.4,2.4,2.4,2.4,2.4,2.4,2.4,2.4,2.4,2.4,2.4,2.4,2.45,2.5,2.5991113784562687,2.6,2.7,2.7,2.7,2.7,2.7,2.7,2.7,2.7,2.74706730690055,2.8,2.8,2.8,2.8,2.8,2.9,2.9,2.9,2.9,2.9,2.9,2.9,2.9,2.9,2.9,2.9,2.9,2.9,2.9,2.9,2.9,2.9,2.9,2.9,2.9,2.964269946863908,3.0,3.0,3.0,3.0,3.0,3.0,3.1,3.1,3.1,3.2,3.232765281195782,3.3,3.3,3.3,3.3,3.3,3.4,3.4,3.4,3.4,3.4,3.4,3.4,3.4,3.4,3.4,3.4,3.4415318772751786,3.5,3.5,3.5,3.5,3.596291420219933,3.6,3.6,3.6,3.6,3.6,3.6409909701809737,3.7,3.7,3.7,3.8,3.8,3.9,4.1,4.189518608039907,4.2,4.2,4.331224038735451,4.4,4.4,4.5,4.5,4.6,4.6,4.8,4.882121732823713,5.34272531434765,6.4,6.555745765912172,8.40054533495263
0.6,0.7221271170439142,1.1,1.1,1.2,1.2,1.2931700645275617,1.3,1.4,1.4,1.4928667015533228,1.5,1.5,1.5,1.6,1.6,1.6,1.6,1.6,1.6,1.6,1.6,1.7,1.7,1.7,1.7,1.8,1.8,1.8,1.8,1.8,1.8,1.9,1.9,1.9,1.90640601215474,2.0,2.0,2.0,2.0,2.0,2.0,2.1,2.1,2.1,2.1,2.1,2.1,2.1,2.1,2.130825981018876,2.2,2.2,2.2,2.2,2.2,2.2,2.2,2.2,2.2,2.2,2.2,2.2,2.2,2.2,2.2,2.2,2.2871246204709537,2.3,2.3,2.3,2.3,2.3,2.3,2.3,2.4,2.4,2.4,2.4,2.4,2.4,2.4,2.4,2.4,2.4,2.4,2.4,2.4,2.5,2.5780507617360144,2.6,2.6,2.6528705692421486,2.7,2.7,2.7,2.7,2.7,2.7,2.7,2.7,2.7,2.8,2.8,2.8,2.8,2.8976074901208393,2.9,2.9,2.9,2.9,2.9,2.9,2.9,2.9,2.9,2.9,2.9,2.9,2.9,2.9,2.9,2.9,2.9,2.9,2.9,2.9,3.0,3.0,3.0,3.0,3.0,3.0,3.1,3.1,3.1,3.1,3.1,3.1,3.2,3.2,3.3,3.3,3.3,3.3,3.3,3.3,3.3,3.4,3.4,3.4,3.4,3.4,3.4,3.4,3.4,3.4999641242801376,3.5,3.5,3.5,3.5,3.5,3.5551727712629773,3.6,3.6,3.6,3.6,3.6,3.6,3.6,3.7,3.7,3.7,3.7,3.7,3.8,3.9,3.9409909701809736,4.1,4.1,4.2,4.3,4.369487052929304,4.4,4.4,4.4,4.5,4.6,4.6,4.617525236657525,4.8071332984466775,4.900390718565365,5.0,5.4,5.9,6.4,6.4,6.6,8.4,8.477872882956087,8.811997368957874
0.4,0.6,0.6854855139391492,0.7,0.7,0.7,0.8931700645275615,0.9003631305241729,1.0,1.0,1.0,1.0,1.0,1.0,1.0,1.0,1.0,1.1,1.1,1.1,1.1,1.1,1.1,1.1,1.1,1.1,1.1,1.1,1.1,1.1,1.1,1.1,1.1,1.1,1.1,1.1,1.1,1.1,1.1,1.1,1.2,1.2,1.2,1.2,1.2,1.2,1.2,1.2,1.2,1.3,1.3,1.3,1.3,1.3,1.3,1.307654785822831,1.4,1.4,1.4,1.4,1.4726395696227599,1.5,1.5,1.5,1.5,1.5,1.5,1.5,1.6,1.6,1.6,1.6,1.6,1.6,1.6,1.6,1.6,1.6,1.6,1.6,1.6,1.6,1.6,1.6,1.6,1.7,1.7,1.7,1.7,1.7,1.7,1.7,1.7,1.7,1.7,1.7,1.7,1.7,1.7,1.8,1.8,1.8,1.8,1.8,1.8,1.8,1.8,1.8,1.8,1.8,1.8,1.8,1.8,1.8,1.8,1.8230798727574835,1.9,1.9,1.9,1.9,1.9,1.9,1.9,1.9,1.9,1.9,1.9,1.9,1.9,1.9,1.9,1.9545931739625815,2.0,2.0,2.0,2.0,2.1,2.1,2.1,2.1,2.1,2.1,2.1,2.1,2.1,2.1,2.2,2.2,2.2,2.2,2.2,2.2,2.2,2.2,2.2,2.2,2.2,2.3,2.3,2.3,2.3,2.3,2.355172771262977,2.4,2.4,2.4,2.4,2.4,2.4,2.4,2.4,2.4,2.5,2.5,2.5627137278564307,2.6,2.6,2.6409909701809737,2.7,2.8,2.8,2.9,2.9,3.0406880822512337,3.2,3.2,3.3,3.4,3.4312240387354507,3.5,3.5071332984466776,3.7,3.7977167337233992,3.9,3.9,4.0,4.1,4.2,4.243543458182541,4.877872882956086,6.90872535924209
1.1967279902842478,1.3,1.4854855139391492,1.5,1.6,1.6,1.6,1.6,1.6,1.6,1.7,1.7,1.7,1.7520555588893196,1.8,1.8,1.8,1.9,1.9,1.9,1.9,2.0,2.0,2.1,2.1,2.1,2.2,2.2,2.2,2.2,2.2,2.2,2.2,2.2,2.2,2.2,2.2,2.2,2.2,2.2,2.2,2.2,2.2,2.2,2.2,2.2,2.2,2.2,2.2,2.2,2.2,2.2,2.2,2.2,2.2,2.3,2.3,2.3,2.3,2.3404999223586853,2.4,2.4,2.4,2.4,2.4,2.4,2.4,2.4,2.4,2.4,2.4,2.4,2.4,2.45857505126975,2.5,2.5,2.5,2.5,2.5,2.521115852667802,2.6,2.6,2.6,2.6,2.6,2.6,2.6,2.6,2.6,2.6,2.6,2.6,2.6,2.6,2.6,2.6,2.6,2.6,2.6,2.6,2.6,2.6,2.6,2.623688407591999,2.7,2.7,2.7,2.7,2.7,2.7,2.7,2.7,2.7,2.7,2.7,2.7,2.7,2.7,2.7,2.7,2.7,2.7,2.7,2.7,2.7,2.7,2.7,2.7,2.7,2.7,2.7,2.7,2.7,2.7128753795290437,2.8,2.8,2.8,2.8,2.9,2.9,2.9,2.9,3.0,3.1,3.1,3.1,3.1,3.1,3.2,3.2,3.2,3.2,3.2,3.2,3.3,3.3,3.3,3.3,3.3,3.3,3.3,3.4,3.455172771262977,3.5,3.5,3.5,3.5,3.5,3.6,3.6,3.6,3.6,3.6,3.6,3.6,3.6,3.6,3.6,3.7,3.7,3.8,3.8,3.8,3.8,3.8,3.8,3.8,3.8,3.8,3.8,3.8,3.8,3.8,3.8,3.8,3.8,3.9,4.042725314347649,4.4,4.955745765912172,5.4
0.6994546650473746,1.1,1.2,1.328637342826178,1.5,1.5,1.5931700645275617,1.6,1.6,1.6,1.6,1.6,1.6,1.6520555588893195,1.7,1.7,1.7,1.7,1.8,1.8,1.8,1.8,1.8966561113817306,1.9,1.9,1.9,1.9,2.0,2.0,2.1,2.1,2.1,2.2,2.2,2.2,2.2,2.2,2.2,2.2,2.2,2.2,2.2,2.2,2.2,2.2,2.2,2.2,2.2,2.2,2.2,2.2,2.2,2.2,2.2,2.2,2.2,2.2,2.2,2.2,2.3,2.3,2.3,2.3,2.3,2.3,2.3275897391896874,2.4,2.4,2.4,2.4,2.4,2.4,2.4,2.4,2.4,2.4,2.4,2.4,2.4945500644173846,2.5,2.5,2.5,2.5,2.5,2.5,2.5769201272425164,2.6,2.6,2.6,2.6,2.6,2.6,2.6,2.6,2.6,2.6,2.6,2.6,2.6,2.6,2.6,2.6,2.6,2.6,2.6,2.6,2.6,2.6,2.6,2.6,2.6,2.6,2.6,2.6,2.7,2.7,2.7,2.7,2.7,2.7,2.7,2.7,2.7,2.7,2.7,2.7,2.7,2.7,2.7,2.7,2.7,2.7,2.7,2.7,2.7,2.7,2.7,2.7,2.7,2.7,2.7,2.7,2.7,2.7,2.7,2.8,2.8,2.8,2.8,2.9,2.9,2.9,2.9,2.9,3.1,3.1,3.1,3.1,3.2,3.2,3.2,3.2,3.2,3.2,3.246576241885998,3.3,3.3,3.3,3.3,3.3,3.3,3.3,3.3,3.3,3.4,3.5,3.5,3.5,3.6,3.6,3.6,3.6,3.6,3.6,3.6,3.6,3.6,3.695888882221368,3.8,3.8,3.8,3.8,3.8,3.8,3.8,3.8,3.8,3.8,3.9,4.4,5.402726674763153
0.5,0.6,0.6,0.6,0.6,0.6,0.6,0.6,0.6,0.6,0.6,0.6,0.6,0.6,0.6,0.6,0.6,0.6,0.6,0.6997417543889867,0.7,0.7,0.7,0.7,0.7,0.7,0.7,0.7,0.7,0.7,0.7,0.8,0.8,0.8,0.8,0.8,0.8,0.8,0.8,0.8,0.8,0.9,0.9,0.9,0.9,0.9,0.9,0.9,0.9,0.9,0.9,0.9,0.9,0.9,0.9,0.9,0.9,0.9,0.9,0.9,0.9,0.9,0.9,0.9,0.9,0.9,0.9,0.9,0.9,0.9,0.9,0.9,0.9306801228393908,1.0,1.0,1.0,1.0,1.0,1.0,1.0,1.0,1.0,1.0,1.0,1.0,1.0,1.0,1.0,1.0,1.0,1.0,1.0,1.0,1.0,1.0,1.0,1.0,1.0,1.0,1.0,1.0,1.0,1.0,1.0,1.0,1.0,1.0,1.0,1.0471294307578547,1.1,1.1,1.2,1.2,1.2,1.2,1.2,1.2,1.2,1.2,1.2,1.2,1.2,1.2,1.2,1.3,1.3,1.3,1.3,1.3,1.3,1.3,1.3,1.3,1.3,1.3,1.3,1.3,1.3,1.3,1.3,1.3,1.3,1.3,1.3,1.3,1.3,1.3,1.3,1.3,1.3,1.3,1.3,1.3,1.3,1.4,1.4,1.4,1.4,1.4,1.4,1.4,1.4,1.4,1.4,1.4,1.4,1.4,1.4,1.4,1.4,1.4,1.4,1.4,1.4,1.4,1.4,1.5,1.5,1.5,1.5,1.5,1.5,1.5,1.5,1.5139854899254375,1.6,1.6,1.6,1.6312240387354506,1.7,1.7,1.7,1.7,1.8996368694758246,2.006829935472439,2.1,2.1,2.3,2.3,2.5336186488682584,3.3016360048578917
0.6994546650473746,1.5221271170439141,1.7854855139391492,1.9286373428261778,2.1589391335881385,2.2,2.2,2.2,2.2,2.2,2.2,2.2,2.3,2.4,2.4,2.4104813919600963,2.5860145100745635,2.6,2.7,2.7,2.7,2.7,2.7,2.7,2.7,2.7,2.8,2.8,2.8,2.9,2.9,2.9,2.9,2.9,2.9,2.9,2.9,2.9,2.9,2.9,2.9,2.9,2.917922626012691,3.0,3.0,3.0,3.0,3.2,3.2,3.2,3.2,3.2,3.3,3.3,3.3,3.3,3.3,3.3,3.3,3.3,3.3,3.304378489936286,3.4,3.4,3.4,3.4,3.4,3.4871246204709534,3.5,3.6,3.6,3.6,3.6,3.6,3.6,3.6,3.6,3.6,3.6,3.6,3.6,3.6,3.6,3.7,3.7,3.7,3.7,3.8,3.8,3.8,3.8,3.8,3.852870569242148,3.9,3.9,3.9,3.9,3.9,3.9,3.950897155621493,4.1,4.1,4.1,4.2,4.2,4.2,4.2,4.2,4.2,4.271989073708892,4.396926093147823,4.4,4.4,4.4,4.5,4.5,4.6,4.6,4.6,4.6,4.6,4.6,4.6,4.6,4.659180841484494,4.7,4.7,4.7,4.7,4.7,4.7,4.7,4.7,4.7,4.7,4.7,4.7,4.7,4.8,4.8,4.8,4.8,4.8,4.8,4.8,4.8,4.9,4.961545727139935,5.0,5.0,5.0,5.0,5.0,5.2,5.4,5.4,5.4,5.603357670711256,5.9,6.1,6.1,6.1,6.1,6.3,6.3,6.3,6.3,6.3,6.3,6.58243662288022,6.6,6.6,6.6,6.611996912131155,6.8,6.8,6.8,6.8,6.9,6.9,6.9,6.9,6.9,6.9,6.9,6.9,6.9,6.9,6.9,6.9,6.9,7.105079341349739,8.4,8.4,8.4,8.4,8.4,8.6854506286953,8.8,8.8,8.811997368957874
1.0972733252368732,1.2,1.2,1.3,1.3,1.3797923922871658,1.4,1.5,1.5,1.5,1.5,1.5,1.6,1.6,1.6,1.7,1.7,1.7,1.7,1.7,1.8,1.8,1.8,1.8,1.8,1.8,1.9,1.9,1.9,1.9,1.9,1.9,2.0,2.0,2.0,2.0,2.053423758114002,2.1,2.1,2.1,2.1,2.1,2.1,2.2,2.2,2.2,2.2,2.2,2.3,2.3,2.3,2.3,2.4,2.4,2.4,2.4076547858228308,2.5,2.5,2.5079458502902527,2.6,2.6,2.6,2.6,2.6,2.6,2.6,2.6,2.6,2.616416523712721,2.7,2.7,2.7,2.7,2.7,2.7,2.7,2.7,2.7,2.7,2.8,2.8,2.8,2.8,2.8,2.8,2.8,2.8,2.8277108492161203,2.9,2.9,2.9,2.9,2.9,2.9,3.0,3.0,3.0,3.0,3.0008886215437287,3.1,3.1,3.1,3.1,3.1,3.1,3.1,3.1,3.1,3.147129430757855,3.2,3.2,3.2,3.2,3.2,3.2,3.2,3.3,3.3,3.3,3.3,3.3,3.3,3.3,3.3,3.3,3.3,3.3,3.3,3.3,3.3,3.3,3.3,3.3,3.3,3.3,3.3,3.3,3.3,3.3,3.3,3.3,3.3,3.3,3.3,3.3,3.3,3.3,3.361545727139935,3.4,3.4327652811957816,3.5,3.5,3.5,3.5,3.5,3.6,3.6,3.640671534142251,3.7,3.7,3.7,3.7,3.8,3.8,3.8,3.8,3.8,3.890424139558621,3.9,3.9,3.9,3.9,3.9,3.9,3.9,3.9,3.9,3.9,3.9,3.9,3.9,3.9,3.9,3.9,3.9,3.9,3.9,3.9,3.962448077470901,4.1,4.2,4.200781437130729,4.4,4.5,4.6,4.7,4.841060866411857,5.0,5.0,5.311491531824345,6.8
0.6994546650473746,1.1221271170439142,1.2,1.2,1.3,1.3,1.3,1.4,1.4022832662765963,1.5,1.5,1.5,1.5,1.5,1.6,1.6,1.6,1.6,1.6305129470707023,1.7,1.7,1.7,1.7,1.7,1.8,1.8,1.8,1.8,1.8,1.8,1.8,1.8,1.9,1.9,1.9,1.9,1.9,1.9,1.9,1.9,2.0,2.0,2.0,2.059328465857746,2.1,2.1,2.1,2.1,2.1,2.1,2.1,2.1,2.2,2.2,2.2,2.2,2.2415378870321603,2.3,2.3,2.3,2.3,2.3,2.335730053136092,2.4,2.4,2.4,2.5,2.5,2.5164165237127207,2.6,2.6,2.6,2.6,2.6,2.6,2.6,2.6,2.6,2.7,2.7,2.7,2.7,2.7,2.7,2.7,2.7,2.7,2.7,2.7,2.8,2.8,2.8,2.8,2.8,2.8,2.8,2.8,2.8,2.8,2.8254485778107465,2.9,2.9,2.9,2.9,2.9,2.9729278915505746,3.0,3.0,3.0,3.1,3.1,3.1,3.1,3.1,3.1,3.1,3.1,3.1,3.1002692641843907,3.2,3.2,3.2,3.2,3.2,3.2,3.2,3.2,3.2,3.3,3.3,3.3,3.3,3.3,3.3,3.3,3.3,3.3,3.3,3.3,3.3,3.3,3.3,3.3,3.3,3.3,3.3,3.3,3.3,3.3,3.3,3.3,3.3,3.3,3.3,3.3,3.3,3.3,3.4,3.5,3.5,3.5,3.5,3.5,3.500446139750591,3.6,3.6,3.6,3.6904241395586213,3.7,3.7,3.8,3.8,3.8,3.8,3.8,3.9,3.9,3.9,3.9,3.9,3.9,3.9,3.9,3.9,3.9,3.9,3.9,3.9,3.962448077470901,4.1,4.2,4.4,4.5,4.5,4.6068299354724385,4.720207607712837,5.0,5.0,5.0,5.0,5.004908014573675
0.6994546650473746,1.222127117043914,1.4854855139391492,1.528637342826178,1.6589391335881383,1.7,1.8,1.9,2.0022832662765966,2.1,2.2,2.2,2.3,2.4,2.5,2.6104813919600964,2.7,2.7,2.8,2.8,2.8,2.8327174284142678,2.9,2.9,2.9,2.9,2.9,2.9,2.9494582816066526,3.0,3.0,3.1,3.1,3.1,3.1,3.1,3.1,3.1,3.1,3.1,3.1,3.1,3.117922626012691,3.2,3.2,3.2,3.2,3.218190088503164,3.3,3.3,3.3,3.3,3.3,3.3,3.3,3.3,3.3,3.374963308883616,3.5,3.5,3.5,3.5,3.5,3.5,3.5,3.5,3.5,3.5,3.6,3.6,3.6,3.6,3.6,3.6,3.6,3.6,3.7,3.7,3.7,3.721115852667802,3.8,3.8,3.8,3.8,3.8,3.8,3.8,3.8,3.8,3.8,3.9,3.928010926291105,4.1,4.1,4.1,4.1,4.1,4.1,4.2,4.2,4.2,4.2,4.2,4.2,4.3,4.3,4.39760749012084,4.4,4.447129430757855,4.5,4.5,4.5,4.5,4.5,4.5,4.6,4.6,4.6,4.6,4.6,4.6,4.6,4.6,4.6,4.7,4.7,4.7,4.7,4.7,4.7,4.7,4.7,4.7,4.7,4.7,4.7,4.7,4.7,4.7,4.7,4.7,4.7,4.7,4.7,4.7,4.7,4.7,4.7,4.7,4.8327652811957815,4.9,4.9,4.9,4.9,4.920554724647713,5.0,5.1,5.1,5.1,5.1,5.1,5.1,5.1,5.1,5.1,5.2,5.2,5.2,5.6,5.6,5.6,5.6,5.6,5.6,5.6,5.6,5.6,5.6,5.7,5.7,5.7,5.7,5.7,5.7813761645024675,5.9,5.9,5.9,5.9,5.9,5.9,5.9,5.9,5.9,5.9,5.9,5.9,5.9,6.3,6.6,6.6,6.808725359242089
0.7,1.0221271170439141,1.2,1.3,1.3589391335881382,1.5,1.5,1.5,1.6,1.6,1.7,1.7,1.7,1.8,1.8,1.9,1.9,2.0,2.0,2.0,2.1,2.2,2.2966561113817305,2.3,2.3,2.3792566055146067,2.4,2.5,2.5,2.6,2.656801156119795,2.8,2.8,2.8,2.8,2.8,2.9,2.9,2.9,3.0,3.0,3.0,3.017922626012691,3.1,3.1,3.1,3.1,3.1,3.1,3.1,3.1,3.1,3.2,3.2,3.2,3.2,3.2,3.2,3.2,3.2,3.2,3.2,3.235730053136092,3.3,3.3,3.3,3.3,3.3,3.3,3.3,3.3,3.3,3.3,3.3,3.4,3.4,3.4,3.5,3.5,3.5,3.5,3.5,3.5,3.5,3.5,3.5,3.5,3.5,3.5,3.5,3.6,3.6,3.6,3.6,3.7,3.7,3.7,3.7,3.700888621543729,3.8,3.8,3.8,3.8,3.8,3.8,3.8,3.8,3.8,3.8,3.8,3.8,3.9219492382639882,4.1,4.1,4.1,4.1,4.1,4.1,4.1,4.1,4.15250515077039,4.2,4.2,4.2,4.2,4.2,4.2,4.3,4.3,4.3,4.3,4.5,4.5,4.5,4.5,4.5,4.5,4.5,4.5,4.5,4.5,4.5,4.6,4.6,4.6,4.6,4.6,4.7,4.7,4.7,4.7,4.7,4.7,4.7,4.7,4.7,4.7,4.7,4.7,4.7,4.7,4.7,4.7,4.7,4.7,4.793593987845253,4.9,4.9,4.9,4.9,5.043198843880208,5.1,5.1,5.1,5.1,5.1,5.1,5.1,5.2,5.2,5.6,5.6,5.6,5.6,5.6,5.6,5.6,5.6,5.6,5.6,5.6,5.7,5.7,5.7,5.9,5.9,5.9,5.9,6.34354345818254,6.6,8.8
0.2,0.6,0.6,0.7,0.8,0.8797923922871658,0.9,1.0,1.0,1.0996092814346328,1.1,1.1,1.1,1.1,1.1,1.2,1.2,1.2,1.2,1.2,1.3,1.3,1.3,1.3,1.3,1.3792566055146067,1.4,1.4,1.4,1.4,1.4,1.4,1.4,1.5,1.5,1.5,1.5,1.5,1.5,1.5,1.5,1.5,1.5,1.5,1.5,1.5400675399524986,1.6,1.6,1.6,1.7,1.7,1.7,1.8,1.8,1.8,1.8,1.8,1.8,1.8,1.8,1.8,1.9,1.9,1.9,1.9,1.9,1.9,1.9,1.9,1.9,2.0,2.0,2.0,2.0,2.0,2.0,2.0,2.0,2.0,2.0,2.0,2.0,2.0,2.0,2.0,2.0,2.0,2.0,2.0,2.0,2.0,2.0,2.0,2.1,2.1,2.1,2.1,2.1,2.1,2.1,2.1,2.2,2.2,2.2,2.2,2.2,2.2,2.2,2.2,2.2,2.2,2.2,2.2,2.2,2.2,2.3,2.3,2.3,2.3,2.3,2.3,2.3,2.3,2.3,2.4,2.4,2.4,2.4,2.4,2.4,2.4,2.4545931739625813,2.5,2.5,2.5,2.5,2.5,2.5,2.5,2.5,2.5,2.5,2.5,2.5,2.5,2.5,2.5,2.5,2.5,2.5,2.5,2.5,2.5,2.5,2.6,2.6,2.6,2.6,2.6,2.6,2.7,2.7,2.7,2.7,2.7,2.7,2.7,2.7,2.8,2.8,2.8,2.8,2.8,2.8,2.9,2.9,2.9,2.9,2.9,3.0,3.2,3.2,3.3,3.3,3.3,3.3,3.3,3.3,3.3,3.5,3.5,3.5,3.5977167337233995,3.7,3.7,3.7,3.9231825992355707,4.1,4.214514486060847,4.5,4.904362679621045
0.2,0.5221271170439141,0.6,0.6,0.6,0.6,0.6931700645275615,0.7,0.7,0.7,0.7,0.7,0.7,0.7,0.7,0.7104813919600964,0.8,0.8,0.8,0.8,0.8,0.9,1.0,1.0,1.0,1.0,1.0,1.0,1.0,1.0,1.0,1.0,1.0,1.0,1.0584681227248212,1.1,1.1,1.1,1.1,1.1,1.1,1.1,1.1,1.2,1.2,1.2,1.2,1.3,1.3,1.3,1.3,1.3,1.3031051118148356,1.4,1.4,1.4,1.4,1.4,1.4,1.4,1.4,1.4,1.4,1.4,1.4973230516210208,1.5,1.5,1.5,1.5,1.5,1.5,1.5,1.5,1.5585750512697503,1.6,1.6,1.6,1.6,1.6,1.6,1.6,1.6,1.6,1.6,1.6,1.6,1.6,1.6,1.6,1.6,1.6,1.7,1.7528705692421482,1.8,1.8,1.8,1.8,1.8,1.8,1.8,1.8,1.8,1.8,1.8,1.8,1.8,1.8,1.8,1.8471294307578545,1.9,1.9,1.9,1.9,1.9722891507838767,2.0,2.0,2.0,2.0,2.0,2.0,2.0,2.0,2.0,2.0,2.0,2.0,2.013777036454178,2.1,2.1,2.1,2.1,2.1,2.2,2.2,2.2,2.2,2.2,2.2,2.2,2.2,2.2,2.2,2.2,2.2,2.2,2.3,2.3,2.3,2.3,2.3,2.3,2.3,2.4,2.4,2.4,2.4,2.4,2.4,2.4,2.5,2.5,2.5,2.5,2.6,2.6,2.6,2.6,2.6,2.6,2.6912183114401103,2.7,2.8,2.8,2.8,2.8,2.8,2.8,2.8,2.803343888618275,2.9,2.9,3.0,3.0,3.0406880822512337,3.1,3.1,3.3,3.3,3.3,3.3,3.4,3.4,3.5,3.6,3.6,3.6,3.6,3.7,3.9435434581825404,4.2,4.603272009715783
0.2,0.4221271170439142,0.6,0.6,0.6,0.7,0.7,0.7,0.7,0.7,0.7,0.7,0.7,0.8,0.8,0.8,0.8,0.8,0.8,0.8,0.8,0.8,0.9,0.9,1.0,1.0,1.0,1.0,1.0,1.0,1.0,1.0,1.0,1.0,1.0,1.0,1.0,1.1,1.1,1.1,1.1,1.1,1.1,1.1,1.1,1.2,1.2,1.2,1.2,1.2938612343310383,1.3,1.3,1.3,1.3,1.3,1.4,1.4,1.4,1.4,1.4,1.4,1.4,1.4,1.4,1.4,1.4,1.4,1.4,1.5,1.5,1.5,1.5,1.5,1.5,1.5,1.5,1.5,1.5,1.5,1.6,1.6,1.6,1.6,1.6,1.6,1.6,1.6,1.6,1.6,1.6,1.6,1.6,1.6,1.6,1.6,1.6,1.6,1.6,1.6008886215437288,1.7,1.75,1.8,1.8,1.8,1.8,1.8,1.8,1.8,1.8,1.8,1.8,1.8,1.8,1.8,1.8,1.8,1.8,1.8,1.9,1.9,1.9,1.9,1.9,1.9,2.0,2.0,2.0,2.0,2.0,2.0,2.0,2.0,2.0,2.0,2.0,2.0,2.1,2.1,2.1,2.1956215100637166,2.2,2.2,2.2,2.2,2.2,2.2,2.2,2.2,2.2,2.2,2.2,2.3,2.3,2.3,2.3,2.3,2.3,2.4,2.4,2.4,2.4,2.4,2.4,2.5,2.5,2.5,2.5415318772751787,2.6,2.6,2.6,2.6,2.6,2.7,2.7,2.7,2.7207433944853903,2.8,2.8,2.8,2.8,2.8,2.8,2.8,2.8,2.9,2.989518608039907,3.0,3.047944441110684,3.131224038735451,3.3,3.3,3.3,3.3,3.3,3.4,3.5,3.541060866411857,3.6,3.614514486060847,3.7,4.201636004857892
0.1,0.1,0.1,0.1,0.1,0.1,0.1,0.2,0.2,0.2,0.2,0.2,0.2,0.2,0.2,0.2,0.2,0.2,0.2,0.2,0.2,0.2,0.2,0.25900902981902474,0.3,0.3,0.3,0.3,0.3,0.3,0.3,0.3,0.3,0.3,0.3,0.3,0.4,0.4,0.4,0.4,0.4,0.4,0.4,0.4,0.4,0.4,0.4,0.4,0.4,0.4,0.4,0.4,0.4,0.4,0.4,0.4,0.4,0.4,0.4,0.4,0.4,0.4,0.4,0.4,0.4,0.4,0.4,0.4,0.4,0.4,0.4,0.4,0.4,0.4,0.4,0.4,0.4,0.4,0.4,0.4,0.4,0.4,0.4,0.4,0.4,0.4,0.4,0.4,0.4,0.4,0.4,0.4,0.4,0.5,0.5,0.5,0.5,0.5,0.5,0.5,0.5,0.5,0.5,0.5,0.5,0.5,0.5,0.5,0.5,0.5,0.5,0.5,0.5,0.5,0.5,0.5,0.5,0.5,0.5,0.5,0.5,0.5,0.5,0.5,0.5,0.5,0.5,0.5,0.5693198771606092,0.6,0.6,0.6,0.6,0.6,0.6,0.6,0.6,0.6,0.6,0.6,0.6,0.7,0.7,0.7,0.7,0.7,0.7,0.7,0.7,0.7,0.7,0.7,0.7,0.7,0.7,0.7,0.8,0.8,0.8,0.9,0.9,0.9,0.9,0.9,0.9,0.9,0.9,1.0,1.0,1.0,1.0,1.0,1.0,1.0,1.0,1.0,1.0801475342872324,1.1,1.1,1.1,1.1,1.1,1.2,1.2,1.2,1.2,1.2,1.2,1.2,1.2,1.3,1.3,1.3,1.3,1.3068299354724389,1.4202076077128367,1.6,1.6,1.8,1.8,2.501090669905261
0.4,0.6,0.7,0.7,0.8,0.8797923922871658,0.9,0.9,1.0,1.0,1.0,1.0,1.1,1.1,1.1,1.1,1.1,1.2,1.2,1.2,1.2,1.232717428414268,1.3,1.3,1.3,1.3,1.3,1.3,1.3,1.3,1.3,1.3,1.3,1.3,1.3,1.3,1.3,1.3,1.3,1.3,1.3,1.3,1.3,1.3,1.3,1.3400675399524986,1.4,1.4,1.4,1.4,1.4,1.4,1.4,1.4,1.4,1.4,1.4,1.4,1.4,1.5,1.5,1.5,1.5,1.5,1.5,1.5,1.5,1.5,1.5,1.5,1.5,1.5,1.5,1.5,1.5,1.5,1.5,1.5,1.5,1.5,1.5,1.5,1.5,1.6,1.6,1.6,1.6,1.6,1.6,1.6,1.6,1.6,1.6,1.6,1.6,1.6,1.6,1.6,1.6,1.6,1.6,1.6,1.7,1.7,1.7,1.7,1.7,1.7,1.7,1.7,1.7,1.7,1.7,1.7,1.7,1.7,1.7,1.8,1.8,1.8,1.8,1.8,1.8,1.8,1.9,1.9,1.9,1.9,1.9,1.9,1.9,1.9,1.9,1.9,1.9,1.9,1.9,2.0,2.0,2.0,2.0,2.0,2.0,2.0,2.0,2.0,2.1,2.1,2.1,2.1,2.1,2.1,2.1,2.1818099114968335,2.2,2.2,2.2,2.2,2.2,2.2,2.2,2.2,2.2,2.3,2.3,2.3,2.3,2.3,2.4,2.4,2.4,2.4,2.5,2.5,2.5,2.6,2.6,2.6,2.603343888618275,2.7,2.8,2.8,2.8,2.8,2.8,2.8,2.9,3.1,3.1,3.3,3.3,3.3,3.4,3.4,3.4068299354724387,3.5,3.5,3.6,3.614514486060847,3.7,3.700545334952631
0.2,0.6,0.7,0.8,0.9,0.9797923922871657,1.0931700645275617,1.1,1.1,1.1,1.1,1.1,1.2,1.2,1.2,1.3,1.3,1.3,1.3,1.3,1.3,1.3,1.3,1.3,1.3,1.3,1.3,1.3940015439344207,1.4,1.4,1.4,1.4,1.4,1.4,1.4,1.4,1.4,1.4995538602494094,1.5,1.5,1.5,1.5,1.5,1.5,1.5,1.5,1.5,1.5,1.5,1.5,1.5,1.5,1.6,1.6,1.6,1.6,1.6,1.6,1.6,1.6,1.6,1.6,1.6,1.6,1.6,1.6,1.6,1.6,1.6,1.6,1.6,1.6,1.6,1.6,1.6,1.6,1.6,1.6,1.6,1.6,1.7,1.7,1.7,1.7,1.7,1.7,1.7,1.7,1.7,1.7,1.7,1.7,1.7,1.777661541373567,1.8,1.8,1.8,1.8,1.8,1.8,1.8,1.8,1.8,1.8,1.8,1.8,1.8,1.8,1.8471294307578545,1.9,1.9,1.9,1.9,1.9,1.9,1.9,1.9,1.9,1.9,1.9,1.9,1.9,1.9054499355826122,2.0,2.0,2.0,2.0,2.0,2.0,2.0,2.0,2.0,2.1,2.1,2.1,2.1,2.1,2.1,2.1,2.1,2.2,2.2,2.2,2.2,2.2,2.2,2.2,2.2,2.2,2.2,2.2691740189811296,2.3,2.3,2.3,2.3,2.3,2.3,2.3,2.3820773739873062,2.4,2.4,2.4,2.455172771262977,2.5,2.5,2.6,2.6,2.6,2.6,2.6,2.6,2.6,2.6,2.6,2.7,2.7,2.7,2.740990970180974,2.8,2.8,2.8,2.8,2.8,2.8,2.8139854899254373,2.9,2.9674450063076963,3.0,3.0,3.017525236657525,3.1,3.1,3.1,3.1996368694758246,3.3,3.3,3.4,3.5,3.7,4.033618648868258,4.203817344668415
0.2,0.6,0.6854855139391492,0.8,0.8,0.8,0.9,0.9,1.0,1.0,1.0,1.0,1.0,1.0,1.0325549936923017,1.1,1.1,1.1,1.1,1.2,1.2,1.2,1.2,1.2,1.2,1.2,1.2,1.2,1.3,1.3,1.3,1.3,1.3,1.3,1.3,1.3,1.3,1.3,1.3,1.3,1.3,1.3,1.3,1.4,1.4,1.4,1.4,1.4,1.4,1.4,1.4,1.4,1.4,1.4,1.4,1.4,1.5,1.5,1.5,1.5,1.5,1.5,1.5,1.5,1.5,1.5,1.5,1.5,1.5,1.5,1.5,1.5,1.5,1.5,1.5,1.5,1.5,1.6,1.6,1.6,1.6,1.6,1.6,1.6,1.6,1.6,1.6,1.6,1.6,1.6,1.6,1.6,1.6,1.6,1.6,1.6,1.6,1.6,1.6,1.6,1.65,1.7,1.7,1.7,1.7,1.7,1.7,1.7,1.7,1.7,1.7,1.7,1.7,1.7,1.7,1.7230798727574836,1.8,1.8,1.8,1.8,1.8,1.8,1.8,1.8,1.8,1.8,1.9,1.9,1.9,1.9,1.9,1.9,1.9,1.9,1.9,1.9,2.0,2.0,2.0,2.0,2.0,2.0,2.0,2.0,2.0,2.0,2.0,2.061545727139935,2.1,2.1,2.1,2.1,2.1,2.1,2.1205547246477123,2.2,2.2,2.2,2.2,2.2,2.2,2.2,2.2,2.2,2.2,2.2,2.241531877275179,2.3,2.3,2.3,2.3,2.3,2.3,2.4,2.4,2.4207433944853904,2.5,2.5,2.5,2.5,2.6,2.6,2.6,2.6406880822512337,2.7,2.7,2.7,2.8,2.8,2.8,2.8,2.8003907185653643,2.9977167337233994,3.0,3.1,3.1,3.241060866411857,3.3,3.5,3.577872882956086,4.104362679621044
1.4,1.5,1.7,1.9,1.9,1.9,1.9,2.0,2.0,2.0996092814346325,2.1,2.182474763342478,2.2,2.3,2.3,2.4,2.4,2.4,2.4,2.4,2.5,2.5,2.5,2.5,2.6,2.6,2.6,2.6,2.6494582816066528,2.7,2.7,2.7,2.7,2.7,2.7,2.7,2.753423758114002,2.8,2.8,2.8,2.8,2.8,2.8,2.8,2.8,2.9,2.9,2.9,2.9,3.0,3.0,3.0,3.0,3.0,3.0,3.1,3.1,3.1,3.1,3.1,3.17263956962276,3.2,3.2,3.2,3.2,3.2,3.2,3.2,3.2,3.2,3.2,3.2,3.2,3.2,3.2,3.2,3.2,3.2,3.2,3.2,3.2474948492296107,3.3,3.3,3.3,3.3,3.3,3.3,3.3277108492161203,3.4,3.4,3.4,3.4,3.4,3.4,3.4,3.4,3.4,3.4,3.5,3.5,3.5,3.5,3.5,3.5,3.5,3.5,3.5,3.5,3.5,3.5,3.5,3.5,3.5,3.5,3.5,3.5,3.5,3.5,3.5,3.5,3.5,3.5,3.6,3.6,3.6,3.6,3.6,3.6,3.6,3.6,3.6,3.6,3.6,3.6,3.6,3.7,3.7,3.7,3.7,3.7,3.7,3.7,3.7,3.7,3.7,3.7,3.7,3.7,3.7968948881851645,3.8,3.8,3.8,3.8,3.8,3.8,3.8,3.8,3.8,3.8,3.9,3.9670798011073147,4.010726690124398,4.1,4.1,4.1,4.1,4.141531877275178,4.2,4.2,4.2,4.2,4.2,4.2,4.2,4.2,4.2,4.2,4.3,4.403343888618275,4.5,4.5,4.5,4.5,4.6,4.7,4.7,4.7,4.7,4.7,4.9,4.9,4.9,4.9,5.1,5.1,5.120207607712836,5.364243465647428,5.671362657173825,5.7,5.9,6.801636004857891
0.7994546650473747,1.0221271170439141,1.4,1.4286373428261778,1.5,1.6,1.7,1.8,1.8,1.8996092814346326,1.9,1.9,1.9,1.9,1.9,1.9104813919600963,2.0,2.0,2.0,2.0,2.0,2.0,2.0,2.1,2.1,2.1,2.1,2.2,2.2,2.2,2.2,2.2,2.2,2.3,2.3,2.3,2.3,2.3,2.3,2.3,2.3,2.3,2.3,2.3,2.300035875719855,2.4,2.4,2.4,2.4,2.4,2.4,2.4,2.403105111814835,2.5,2.5,2.5,2.5,2.5,2.5,2.5,2.5,2.5,2.5,2.5,2.5,2.5,2.5,2.5,2.5164165237127207,2.6,2.6,2.6,2.6,2.6,2.7,2.7,2.7,2.7,2.7,2.7,2.7,2.7,2.7,2.8,2.8,2.8,2.8,2.8,2.8,2.8,2.8,2.8,2.8,2.8,2.8,2.8,2.8,2.8,2.8,2.9,2.9,2.9,2.9,2.9,2.9,2.9,2.9,2.9,3.0,3.0,3.096926093147823,3.1,3.1,3.1,3.2,3.2,3.2,3.2,3.2,3.2,3.2,3.2,3.2,3.2,3.2,3.2863657473303136,3.3,3.3,3.3,3.3,3.325893173330689,3.4,3.4,3.4,3.4,3.4,3.5,3.5,3.5,3.5,3.5,3.5,3.5,3.5,3.5,3.5,3.5,3.5,3.5,3.5,3.5,3.5,3.5,3.5,3.6,3.6,3.6,3.6,3.6,3.7,3.7,3.7,3.7,3.7,3.7,3.7,3.8,3.8,3.8,3.8,3.8,3.8,3.9,4.1,4.1,4.1,4.1,4.1,4.2,4.2,4.2,4.2,4.2,4.2,4.2,4.289518608039907,4.3,4.5,4.5,4.5,4.5,4.5,4.5,4.6,4.7,4.7,4.9,4.9,4.9,5.1,5.701090669905262
0.7,1.0221271170439141,1.1,1.2,1.2589391335881381,1.3,1.4,1.4,1.4022832662765963,1.5,1.5,1.5,1.5,1.6,1.6325549936923018,1.7,1.7860145100745635,1.8,1.8,1.8,1.8,1.8,1.9,1.9,1.9,1.9,1.9,1.9,2.0,2.0,2.0,2.0,2.0,2.0,2.0,2.0,2.0,2.0,2.0,2.0,2.0,2.0,2.1,2.1,2.1000358757198554,2.2,2.2,2.2,2.2,2.2,2.2,2.2,2.2,2.2,2.2,2.2,2.2,2.2,2.3,2.3,2.3,2.3,2.3,2.3,2.3,2.3,2.3,2.3,2.3,2.3,2.3,2.3,2.3,2.3,2.3,2.3,2.4,2.4,2.4,2.4,2.4,2.5,2.5,2.5,2.5,2.5,2.5,2.5,2.5,2.5,2.5,2.5,2.5,2.5,2.5,2.5,2.5,2.5,2.5,2.5,2.5,2.5,2.5,2.5,2.5,2.5,2.5,2.5,2.5,2.5,2.5,2.5,2.5,2.5,2.5976236808611417,2.6,2.6,2.6,2.6,2.7,2.7,2.7,2.7,2.7,2.7,2.8,2.8,2.8,2.8,2.8,2.8,2.8,2.8,2.8,2.8,2.8,2.8,2.8,2.8,2.8956215100637164,2.9,2.9,2.9,2.9,2.9,2.9,2.9,2.9,2.9,3.0,3.1,3.2,3.2,3.2,3.2,3.2,3.2,3.2,3.282077373987306,3.3,3.3670798011073146,3.4,3.4,3.5,3.5,3.5,3.5,3.5,3.5,3.5,3.5,3.5,3.5,3.6,3.6,3.6,3.6,3.7,3.7,3.7,3.7,3.7,3.8,4.1,4.1,4.1,4.2,4.2,4.2,4.2,4.3,4.5,4.5,4.5,4.5,4.5,4.5,4.571362657173824,4.9,4.9,5.118541388389439
0.7,0.7221271170439142,0.9854855139391493,1.1,1.2,1.2,1.2,1.2,1.2,1.2,1.2,1.2,1.2,1.3,1.3325549936923018,1.4,1.4,1.4,1.4,1.4,1.4,1.4327174284142679,1.5,1.5,1.5,1.5,1.5,1.5,1.5,1.5,1.5,1.5,1.5,1.509575860441376,1.6,1.6,1.6,1.6,1.7,1.7,1.7,1.7,1.7,1.7,1.7,1.7,1.7794452753522876,1.8,1.8,1.8,1.8,1.8,1.8,1.8384542728600621,1.9,1.9,1.9,1.9,2.0,2.0,2.0,2.0,2.0,2.0,2.0,2.0,2.0,2.0,2.0,2.0,2.074106826669302,2.1,2.2,2.2,2.2,2.2,2.2,2.2,2.2,2.2,2.2,2.2,2.3,2.3,2.3,2.3,2.3,2.3,2.4,2.4,2.4,2.4,2.4,2.4,2.4,2.4,2.4,2.4,2.4,2.4,2.4,2.4,2.4,2.4,2.4,2.5,2.5976074901208395,2.6,2.6,2.6,2.6,2.7,2.7,2.7,2.7,2.7,2.7,2.7,2.700269264184391,2.8,2.8,2.8,2.8,2.8,2.8,2.8,2.8,2.8,2.8,2.8,2.8,2.8,2.8,2.8,2.8,2.8,2.8,2.8,2.8,2.8,2.9,2.9,2.9,2.9,2.9,2.9,2.9,2.9,2.9,2.9327652811957816,3.0,3.0,3.0,3.0,3.0,3.0,3.0999641242801377,3.1,3.1,3.1,3.1,3.2,3.2,3.2,3.2,3.2,3.2,3.2,3.2,3.2,3.2,3.2,3.2,3.3,3.3,3.3,3.3,3.4,3.4,3.5,3.5,3.5,3.5,3.5,3.5,3.5,3.6674450063076964,3.7,3.7,3.7,3.7,3.7,3.7,3.8,4.1068299354724385,4.340415215425673,4.5,4.5,4.729028972121694,5.52298306364869,6.601090669905261
0.5994546650473747,0.7,0.7854855139391493,0.8,0.8,0.9,1.0,1.0,1.0022832662765964,1.1,1.1,1.2,1.2,1.2,1.2,1.2,1.2,1.2,1.2,1.2,1.2,1.2,1.2,1.2590090298190248,1.3,1.3,1.3,1.3,1.4,1.4,1.4,1.4,1.4,1.4,1.4,1.4,1.4,1.4,1.4,1.4,1.4,1.4,1.4,1.4,1.4,1.4,1.5,1.5,1.5,1.5,1.5,1.5,1.5,1.5,1.5,1.5,1.5,1.5,1.5,1.5,1.5,1.5,1.5,1.5,1.5973230516210208,1.6,1.6,1.6,1.7,1.7,1.7,1.7,1.7,1.7,1.7,1.7,1.7,1.7,1.7,1.7,1.7,1.8,1.8,1.8,1.8,1.8,1.8,1.8,1.8,1.8,1.8,1.8280109262911055,1.9,1.9,1.9,1.9,1.9,1.9,1.9,1.9,1.95,2.0,2.0,2.0,2.0,2.0,2.0,2.0,2.0,2.0,2.0,2.0,2.0,2.0,2.0,2.0,2.0,2.0,2.1,2.1,2.1,2.1788841473321954,2.2,2.2,2.2,2.2,2.2,2.2,2.2,2.2,2.2,2.2,2.2,2.2,2.2,2.2,2.3,2.3,2.3,2.3,2.3,2.359500077641303,2.4,2.4,2.4,2.4,2.4,2.4,2.4968948881851647,2.5,2.5,2.506138765668953,2.6,2.6,2.6,2.6,2.6,2.7,2.7,2.7,2.7,2.7,2.7,2.8,2.8,2.8,2.8,2.8,2.8,2.8,2.8,2.8,2.8,2.8,2.8,2.8,2.8,2.8,2.8,2.8672825715857355,2.9,2.9,2.9,2.9,2.9,2.9,3.0,3.047944441110684,3.131224038735451,3.2,3.207133298446678,3.3,3.3977167337233993,3.5,3.5,3.7,3.7,3.8,4.1,4.5,4.909270694194721
0.5989093300947492,0.6,0.7,0.8,0.8,0.8797923922871658,0.9931700645275615,1.0,1.0,1.0,1.1,1.2,1.2,1.2,1.2,1.2,1.2,1.2,1.2,1.2,1.2,1.232717428414268,1.3,1.3,1.3,1.3,1.3,1.3940015439344207,1.4,1.4,1.4,1.4,1.4,1.4,1.4,1.4,1.4,1.4,1.4,1.4,1.4,1.4,1.4,1.4,1.4,1.4,1.4,1.4,1.4,1.4,1.5,1.5,1.5,1.5,1.5,1.5,1.5,1.5,1.5,1.5,1.5,1.5,1.5,1.5,1.5,1.5,1.5,1.5,1.6,1.6,1.6,1.6,1.6306801228393908,1.7,1.7,1.7,1.7,1.7,1.7,1.7,1.7,1.7,1.7,1.7,1.7,1.8,1.8,1.8,1.8,1.9,1.9,1.9,1.9,1.9,1.9,1.9,1.9,1.9,1.9,1.9,2.0,2.0,2.0,2.0,2.0,2.0,2.0,2.0,2.0,2.0,2.0,2.0,2.0,2.0,2.0,2.0,2.1,2.1,2.1,2.1,2.1,2.1788841473321954,2.2,2.2,2.2,2.2,2.2,2.2,2.2,2.2,2.2,2.2,2.2,2.2,2.3,2.3,2.3,2.3,2.3,2.3956215100637164,2.4,2.4,2.4,2.4,2.4,2.4,2.4,2.4,2.4,2.4,2.4,2.5,2.5,2.5,2.5,2.559932460047509,2.6,2.6,2.6,2.6,2.6,2.6,2.6,2.7,2.7,2.7,2.7,2.7,2.7403068909801562,2.8,2.8,2.8,2.8,2.8,2.8,2.8,2.8,2.8,2.8,2.8672825715857355,2.9,2.9,2.9,2.9,2.9,2.989518608039907,3.0,3.0,3.1,3.2,3.2,3.3,3.3,3.5,3.5,3.5,3.7,3.8713626571738247,4.1,4.5,4.60054533495263
0.9983639951421239,1.222127117043914,1.385485513939149,1.5,1.5,1.6797923922871658,1.7,1.7,1.7,1.7,1.7,1.8,1.8,1.8,1.8,1.8,1.8,1.8,1.9,1.9997417543889866,2.0,2.0,2.0,2.0,2.0,2.079256605514607,2.1,2.1,2.2,2.2,2.2,2.2,2.259693109019841,2.3,2.3,2.3,2.3534237581140016,2.4,2.4,2.4,2.4,2.4,2.5,2.5,2.5,2.5,2.5,2.6,2.6,2.6,2.6,2.6,2.6,2.6,2.7,2.7,2.7,2.7,2.7,2.7,2.7,2.7,2.7,2.8,2.8,2.8,2.8,2.8,2.8,2.8,2.9,2.9,2.9,2.9,2.9,2.9,2.9,2.9,2.9,2.9,2.9,2.9,2.9,2.9,2.9,2.9,3.0,3.0,3.0,3.0,3.1,3.1,3.1,3.1,3.1,3.1,3.1,3.1,3.1,3.1,3.1,3.174551422189251,3.2,3.2,3.2,3.2,3.2,3.2,3.2,3.2,3.2,3.2,3.2,3.2,3.2,3.2,3.2,3.2,3.2,3.2,3.2,3.2,3.2,3.2,3.2,3.2,3.3,3.3,3.3,3.3,3.3,3.3,3.3,3.3,3.3,3.3,3.3026769483789846,3.4,3.464269946863908,3.5,3.5,3.5,3.5,3.5,3.5,3.5,3.5,3.561545727139935,3.6,3.6,3.7,3.7,3.7,3.7,3.7,3.7,3.7,3.7,3.8,3.8,3.8,3.8,3.8,3.9,4.046576241885998,4.1,4.1,4.2,4.2,4.2,4.286397687760416,4.5,4.5,4.5,4.5,4.5,4.6,4.6,4.7,4.7,4.7,4.7,4.769487052929304,4.8,5.113985489925437,5.4,5.6,5.6,5.6,5.6,5.9,5.900781437130729,6.1,6.399636869475825,6.4,6.6,6.682121732823713,6.8,6.8,6.955745765912172,7.007634689336828
0.9989093300947492,1.1,1.1854855139391491,1.2,1.3,1.3,1.3,1.3,1.3,1.4,1.4,1.4,1.4687759612645443,1.5,1.5,1.5,1.5,1.5,1.5,1.5,1.5,1.6,1.6,1.6,1.7,1.7,1.7,1.7,1.7,1.7,1.7,1.7,1.7,1.7,1.7,1.7,1.7,1.8,1.8,1.8,1.8,1.8,1.8,1.8,1.8,1.8,1.8,1.9,1.9,1.9,1.9,1.9,1.9,1.9,1.9,1.9,1.9,1.9,1.9,1.9,1.9,1.9,1.9,1.9,1.9,1.9275897391896877,2.0,2.0,2.0,2.0,2.0,2.0,2.0,2.0,2.0,2.0,2.0,2.0,2.0,2.0,2.0,2.0,2.0,2.0,2.0,2.0,2.1,2.1,2.1,2.1,2.2,2.2,2.2,2.2,2.2,2.2,2.2,2.2,2.2,2.2,2.25,2.3,2.3,2.3,2.3,2.3,2.3,2.3,2.3471294307578545,2.4,2.4,2.4,2.4,2.4,2.4,2.4,2.4,2.5,2.5,2.5,2.5,2.6,2.6,2.6,2.6,2.6,2.6,2.6,2.6,2.6,2.6,2.6,2.6,2.7,2.7,2.7,2.702676948378985,2.8,2.8,2.8,2.8,2.8,2.8,2.8,2.8,2.8,2.8,2.8,2.8,2.8,2.8,2.8,2.8,2.8,2.820554724647712,2.9,2.9,2.9,2.9,2.9,2.9,2.9,2.9,2.9,2.946576241885998,3.0,3.0415318772751787,3.1,3.1,3.1,3.143198843880208,3.2,3.2,3.2,3.2,3.2,3.2,3.2,3.3,3.3,3.3,3.3,3.4,3.4,3.5,3.5,3.5,3.5,3.7,3.7,3.8,3.8,3.8,4.0992737389516485,4.1,4.180830430851347,4.5,4.571362657173824,4.7,4.9,6.601090669905261
0.5994546650473747,0.7,0.8,1.0,1.0589391335881382,1.1,1.1,1.2,1.2,1.2,1.2,1.2,1.2,1.2,1.2325549936923017,1.3,1.3,1.3,1.3,1.3,1.3,1.3,1.3,1.3,1.3,1.3,1.3,1.4,1.4,1.4,1.4,1.4,1.4,1.4,1.4,1.4,1.4,1.4,1.44482722873702,1.5,1.5,1.5,1.5,1.5,1.5,1.5,1.5,1.5,1.5,1.5,1.5,1.5,1.5,1.6,1.6,1.6,1.6,1.6,1.6,1.6,1.6726395696227598,1.7,1.7,1.7,1.7,1.7,1.7,1.7,1.7,1.7,1.7,1.7,1.7,1.7,1.7,1.7,1.7,1.7,1.7,1.7,1.7,1.7,1.7,1.7,1.8,1.8,1.8,1.8,1.8,1.8,1.8,1.8,1.8,1.8,1.8,1.8270721084494368,1.9,1.9,1.9,1.9,1.9,1.9,1.9,1.9,1.9,1.9,1.9,1.922338458626433,2.0,2.0,2.0,2.0,2.0,2.0,2.0,2.0,2.0,2.0,2.0,2.0,2.0,2.0,2.0,2.0,2.0,2.1,2.1,2.1414249487302413,2.2,2.2,2.2,2.2,2.2,2.2,2.242480395589342,2.3,2.3,2.3,2.3,2.3,2.4,2.4,2.4,2.4,2.4,2.4,2.426701204161429,2.5,2.5,2.5,2.5,2.6,2.6,2.6,2.6,2.6,2.6,2.7,2.7,2.7,2.7,2.8,2.8,2.8,2.8,2.8,2.8,2.8,2.8,2.8,2.8,2.8,2.9,2.9,2.9,2.9,2.9,2.9,2.9,2.9,2.9328902688179483,3.0,3.0,3.1406880822512337,3.2,3.2,3.2,3.3,3.3,3.3,3.4071332984466776,3.5,3.5,3.5,3.5136598709448776,3.7,3.7,3.8,4.1,4.2,4.910361364099981
0.8989093300947493,0.9442542340878284,1.2,1.2,1.3,1.3,1.3,1.4,1.4,1.4,1.4,1.4,1.5,1.5,1.5,1.5,1.5,1.5,1.5,1.5,1.5,1.5,1.5,1.5,1.5198524657127763,1.6,1.637286272143571,1.7,1.7,1.7,1.7,1.7,1.7,1.7,1.7,1.7,1.7,1.7,1.7,1.7,1.7,1.7,1.7,1.7,1.7,1.8,1.8,1.8,1.8,1.8,1.8,1.8,1.8,1.8,1.8,1.9,1.9,1.9,1.9,1.9,1.9,1.9,1.9,1.9,1.9,1.9,1.9,1.9,2.0,2.0,2.0,2.0,2.0,2.0,2.0,2.0,2.0,2.0,2.0,2.0,2.0,2.0,2.0,2.0,2.0,2.0,2.0,2.0,2.1,2.1,2.1,2.1,2.1,2.177661541373567,2.2,2.2,2.2,2.2,2.2,2.2,2.2,2.2,2.2,2.2,2.2,2.2,2.2,2.2,2.2,2.2719890737088915,2.3,2.3,2.3,2.4,2.4,2.4,2.4,2.4,2.4,2.4,2.4,2.4,2.4,2.4,2.4,2.4,2.4,2.5,2.5,2.5,2.5,2.5,2.583583476287288,2.6,2.6,2.6,2.6,2.6,2.6,2.6,2.6,2.6,2.6,2.7,2.7,2.7,2.7,2.7,2.7,2.8,2.8,2.8,2.8,2.8,2.8,2.8,2.8,2.8,2.8,2.8,2.8,2.8,2.8,2.8,2.9,2.9,2.9,2.9,2.9,2.9,2.9,2.9,2.9,2.9,2.9,3.0,3.0,3.0409909701809736,3.1,3.1,3.1,3.1,3.1,3.1,3.2,3.2,3.2,3.2,3.231224038735451,3.3,3.3,3.4,3.4,3.4,3.5,3.5,3.7,3.7,3.7,4.0,4.201636004857892
0.5994546650473747,0.9,0.9854855139391493,1.1,1.1589391335881383,1.2,1.2,1.2,1.3,1.3,1.3,1.3,1.3,1.3520555588893195,1.4,1.4,1.4,1.4,1.4,1.4,1.4,1.4,1.4,1.5,1.5,1.5,1.5,1.5,1.5,1.5,1.5,1.5,1.5,1.5,1.5,1.5,1.5,1.5,1.5,1.5,1.6,1.6,1.6,1.6,1.6,1.7,1.7,1.7,1.7,1.7,1.7,1.7,1.7,1.7,1.7,1.7,1.7,1.7,1.7,1.7,1.7,1.7,1.7,1.7,1.7,1.7,1.7,1.7,1.7,1.7,1.7,1.7,1.7,1.7,1.7,1.7,1.7,1.7,1.8,1.8,1.8,1.8,1.8,1.8,1.8,1.8,1.8,1.8,1.8,1.8,1.8,1.8,1.8,1.8,1.8,1.9,1.9,1.9,1.9,1.9,1.9,1.9,1.9,1.9,1.9,1.9,1.9,1.9,1.9,2.0,2.0,2.0,2.0,2.0,2.0,2.0,2.0,2.0,2.0,2.0,2.0,2.0,2.0,2.0,2.0,2.0,2.0,2.0,2.0,2.0,2.0,2.0,2.0,2.0,2.0,2.0,2.0,2.1,2.1,2.1,2.1,2.1,2.1,2.1,2.2,2.2,2.2,2.2,2.2,2.2,2.2,2.2,2.2,2.2,2.2,2.2,2.2,2.3,2.3,2.3,2.3,2.4,2.4,2.4,2.4,2.4,2.5,2.5,2.6,2.6,2.6,2.6,2.6,2.6,2.6,2.7,2.7,2.7,2.8,2.8,2.8,2.8,2.8,2.8,2.8,2.8,2.8,2.9,2.9,2.9,2.9,2.9,3.0,3.0,3.1,3.2,3.241060866411857,3.4,3.5290289721216936,3.7,4.502181339810522
0.2,0.2,0.2,0.22863734282617793,0.3,0.3,0.3,0.3,0.3,0.3,0.3,0.3,0.3,0.4,0.4,0.4,0.4,0.4,0.4,0.4,0.4,0.4,0.4,0.45900902981902475,0.5,0.5,0.5,0.5,0.5,0.5,0.5,0.5,0.5,0.5,0.5,0.5,0.5,0.5,0.5,0.5,0.5,0.5,0.5,0.5,0.5,0.5,0.5,0.5,0.5,0.5,0.5,0.5,0.5,0.5,0.5,0.5,0.6,0.6,0.6,0.6,0.6,0.6,0.6,0.6,0.6,0.6,0.6,0.6,0.6,0.6,0.6,0.6,0.6,0.6585750512697501,0.7,0.7,0.7,0.7,0.7,0.7,0.7,0.7,0.7,0.7,0.7,0.7,0.7,0.7,0.7,0.7780507617360144,0.8,0.8,0.8,0.8,0.8,0.8,0.8,0.8,0.8,0.8,0.8,0.8,0.8,0.8,0.9,0.9,0.9,0.9,0.9,0.9,0.9,0.9,0.9,0.9,0.9,0.9,0.9,1.0,1.0,1.0,1.0,1.0,1.0,1.0,1.0,1.0,1.0,1.0,1.0,1.0,1.0,1.0,1.0835834762872878,1.1,1.1,1.1,1.1,1.1,1.1,1.1,1.1,1.1,1.1,1.2,1.2,1.2,1.2,1.2,1.2,1.2,1.2,1.2061387656689533,1.3,1.3,1.3,1.3,1.3,1.3,1.3,1.3,1.3,1.3,1.3,1.3,1.4,1.4,1.4,1.4,1.4,1.4,1.4,1.4,1.4,1.4,1.4,1.4207433944853902,1.5,1.5,1.5,1.5,1.5,1.5,1.5,1.5,1.5,1.5,1.5,1.547944441110684,1.6,1.6,1.7,1.7,1.7,1.7,1.7,1.7,1.741060866411857,1.8,2.0,2.2,2.9
0.5978186601894985,0.8442542340878284,1.2,1.2,1.2589391335881381,1.3,1.3931700645275615,1.5,1.6,1.6,1.6,1.6,1.7,1.7,1.7,1.7,1.7,1.7593119177487657,1.8,1.8,1.8,1.8,1.8,1.8,1.8,1.8,1.8,1.9,1.9,1.9,1.9568011561197949,2.008781688559887,2.1,2.1,2.1,2.10640601215474,2.2,2.2,2.2,2.2,2.2,2.2,2.2,2.2,2.2,2.2,2.2,2.2,2.2,2.2,2.2,2.2,2.2,2.2,2.2,2.207654785822831,2.3,2.3,2.3,2.3,2.3,2.304378489936286,2.4,2.4,2.4,2.4,2.4,2.4,2.4,2.4,2.4,2.4,2.4,2.4,2.4,2.4,2.4,2.4677877762521887,2.5,2.5,2.5,2.5,2.5,2.5,2.5,2.5,2.5023763191388553,2.6,2.6,2.6,2.6,2.6,2.6,2.6,2.6,2.6,2.6,2.6,2.6,2.6,2.6,2.7,2.7,2.7,2.7,2.7,2.7,2.7,2.7,2.7,2.7,2.7,2.7,2.7,2.7,2.7,2.7,2.7,2.700269264184391,2.8,2.8,2.8,2.8,2.8,2.8,2.8,2.9,2.9,2.9,2.9,2.9,2.9,2.9,2.9,2.9424803955893424,3.0,3.0,3.0,3.0,3.0,3.1,3.1,3.1,3.1,3.1,3.2,3.2,3.2,3.2,3.2,3.2691740189811296,3.3,3.3,3.3,3.3,3.3,3.3,3.3,3.4,3.4,3.4,3.4107266901243976,3.5,3.5,3.5,3.5,3.5,3.6,3.6,3.6,3.6,3.6,3.6,3.6,3.6,3.6,3.6,3.6,3.6,3.6,3.6,3.7,3.7,3.7,3.8,3.8,3.8,3.8,3.8,3.8,3.8,3.8,3.8,3.9,3.9,4.080830430851347,4.4,4.4,4.6,4.777872882956086,5.0
0.2,0.6,0.6,0.7,0.8,1.0797923922871657,1.2,1.2,1.2,1.2,1.2928667015533228,1.3,1.3,1.4,1.5,1.5,1.5,1.6,1.6,1.6,1.6,1.6327174284142678,1.7,1.7,1.7,1.7,1.7,1.7,1.7,1.7,1.7,1.8,1.8,1.8,1.8,1.8,1.8,1.8,1.8,1.8,1.8,1.8,1.8,1.8,1.8000358757198556,1.9,1.9,1.9,1.9,1.9,1.9308259810188757,2.0,2.0,2.1,2.1,2.1,2.1,2.2,2.2,2.2,2.2,2.2,2.2,2.2,2.2,2.2,2.2,2.2,2.2,2.2,2.2,2.2,2.2,2.2,2.2,2.2,2.2,2.2677877762521885,2.3,2.3,2.3,2.3,2.3,2.3,2.3,2.3,2.302376319138855,2.4,2.4,2.4,2.4,2.4,2.4,2.4,2.4,2.4,2.4,2.4,2.4,2.4,2.5,2.5,2.5,2.5,2.5,2.5,2.5,2.5,2.5,2.5,2.596926093147823,2.6,2.6,2.6,2.6,2.6,2.6,2.6,2.6,2.6,2.6,2.6,2.6,2.6,2.6,2.6,2.6,2.6,2.6693198771606093,2.7,2.7,2.7,2.7,2.7,2.7,2.7,2.7,2.7,2.7,2.7,2.7,2.7,2.792054149709747,2.8,2.8,2.8,2.8,2.8,2.8,2.8327652811957815,2.9,2.9,2.9,2.9,2.920554724647712,3.0,3.0,3.0,3.0,3.0,3.0,3.1,3.1,3.1,3.1,3.2,3.2,3.3,3.3,3.3,3.3,3.3,3.3,3.3,3.3,3.3,3.3801475342872322,3.5,3.5,3.5,3.5,3.500258245611019,3.6,3.6,3.6,3.6,3.6,3.6,3.6,3.6175252366575252,3.8,3.8,3.8,3.8,3.9,3.9202076077128365,4.041060866411857,4.4,4.6145144860608465,4.955745765912172,5.0
0.5,0.7,0.7854855139391493,0.8,1.0,1.0,1.0,1.1,1.1022832662765965,1.2,1.2,1.2,1.2,1.2,1.2,1.2,1.2860145100745635,1.3,1.3,1.3,1.4,1.4,1.4,1.4,1.4198524657127762,1.5,1.5,1.5,1.5,1.5,1.5,1.5,1.5,1.5,1.5,1.5,1.5,1.5,1.5,1.5,1.5,1.5,1.5,1.5,1.5,1.5,1.5,1.5181900885031638,1.6,1.6,1.6,1.6,1.6,1.6,1.6,1.6,1.6415378870321604,1.7,1.7,1.7,1.7,1.7,1.7,1.7,1.7973230516210208,1.8,1.8,1.8,1.8,1.8,1.9,1.9,1.9,1.9,1.9,2.0,2.0,2.0,2.0,2.0,2.0474948492296106,2.1,2.1,2.1,2.1513332276346606,2.2,2.2,2.2,2.2,2.2,2.2,2.2,2.2,2.2,2.2,2.2,2.2,2.2,2.2,2.2,2.2,2.2,2.2,2.2,2.2,2.2,2.2,2.2,2.2,2.2,2.2,2.2,2.2,2.2,2.2,2.2,2.2,2.2,2.2,2.2,2.2,2.2,2.2,2.2,2.2,2.2,2.2,2.2,2.2,2.2,2.2,2.2,2.2,2.2128753795290437,2.3,2.3,2.3,2.3332926814242567,2.4,2.4,2.4,2.4,2.4,2.4,2.4,2.5,2.5,2.5,2.5,2.5,2.6,2.6,2.6,2.6,2.6,2.6,2.6,2.6,2.6,2.6,2.6,2.7,2.7,2.7,2.746576241885998,2.8,2.8,2.8,2.8,2.8,2.8,2.8,2.8,2.9,2.9,2.9,2.9801475342872323,3.0,3.0,3.0,3.0,3.0,3.0,3.0,3.0,3.0,3.0,3.0,3.0,3.0,3.0,3.0,3.0977167337233995,3.2996368694758242,3.3,3.3404152154256734,3.5,3.5,3.5,3.7,4.10054533495263
0.3,0.6,0.7,0.8,1.0,1.0,1.0,1.1,1.1,1.1,1.2,1.2,1.2,1.2,1.3,1.3,1.3860145100745633,1.4,1.4,1.4,1.4,1.5,1.5,1.5,1.5,1.5,1.5,1.5,1.5,1.5,1.5,1.5,1.5,1.5,1.5,1.5,1.5,1.5,1.5,1.5,1.5,1.5,1.6,1.6,1.6,1.6,1.6,1.7,1.7,1.7,1.7,1.7,1.8,1.8,1.8,1.8,1.8,1.9,1.9,1.9,1.9,1.9,1.9,2.0,2.0,2.0,2.0,2.0871246204709535,2.1,2.1,2.2,2.2,2.2,2.2,2.2,2.2,2.2,2.2,2.2,2.2,2.2,2.2,2.2,2.2,2.2,2.2,2.2,2.2,2.2,2.2,2.2,2.2,2.2,2.2,2.2,2.2,2.2,2.2,2.2,2.2,2.2,2.2,2.2,2.2,2.2,2.2,2.2,2.2,2.2,2.2,2.2,2.2,2.2,2.2,2.2,2.2,2.2,2.2,2.200269264184391,2.3,2.3,2.3,2.4,2.4,2.4,2.4,2.4,2.4,2.4,2.5,2.5,2.5,2.5,2.6,2.6,2.6,2.6,2.6,2.6,2.6,2.6,2.6,2.6,2.6,2.6,2.6,2.6,2.6,2.7,2.7,2.7,2.7,2.8,2.8,2.8,2.8,2.8,2.8,2.8,2.8,2.8,2.8,2.8,2.8,2.8,2.8,2.8,2.8,2.9,2.9,2.9,2.996291420219933,3.0,3.0,3.0,3.0,3.0,3.0,3.0,3.0,3.0,3.0,3.0,3.0,3.0,3.0,3.0,3.0,3.0,3.1,3.207133298446678,3.3,3.3,3.3,3.5,3.5,3.541060866411857,3.7713626571738246,3.9,4.1,4.710361364099981
0.2,0.2,0.2,0.3,0.3,0.3,0.4,0.40036313052417294,0.5,0.6,0.6,0.6,0.6,0.6520555588893195,0.7,0.7,0.7,0.7,0.7,0.7,0.7,0.7,0.7,0.8,0.8,0.8,0.8,0.8,0.8,0.8,0.8,0.8,0.8596931090198411,0.9,0.9,0.9,0.9,0.9995538602494094,1.0,1.0,1.0,1.0,1.0,1.0,1.0,1.0,1.0794452753522876,1.1,1.1,1.1,1.1,1.1,1.1,1.1,1.1,1.1,1.1,1.1,1.1,1.1,1.1,1.1,1.1,1.1,1.1,1.1,1.1,1.1,1.1,1.2,1.2,1.2,1.2,1.2,1.2,1.2,1.2,1.2,1.2,1.2,1.2,1.2,1.2,1.2,1.2,1.2,1.2,1.2,1.3,1.3,1.3,1.3,1.3,1.3,1.3,1.3,1.3,1.3,1.3,1.3,1.3,1.3,1.3,1.3,1.3,1.3,1.3,1.3,1.3,1.3,1.3,1.3,1.3,1.3722891507838766,1.4,1.4,1.4,1.4,1.4,1.4,1.4,1.4,1.5,1.5,1.5,1.5,1.5,1.5,1.5,1.5,1.5,1.5,1.5,1.5,1.5,1.5,1.5,1.5,1.5,1.5,1.5,1.5,1.5,1.5,1.5,1.5923452141771635,1.6,1.6,1.6,1.6,1.6,1.6,1.6,1.6,1.6,1.6,1.6,1.7,1.7,1.7,1.7,1.7107266901243974,1.8,1.8,1.8,1.8,1.9,1.990424139558621,2.0,2.0,2.043198843880208,2.1,2.1,2.2,2.2,2.2,2.2,2.2,2.2,2.2,2.232890268817948,2.3,2.3,2.3,2.4,2.489518608039907,2.5,2.5,2.6,2.6175252366575252,2.7,2.8,2.8,2.8,2.8,2.9,3.0,3.0,3.1290289721216937,3.455745765912172,3.5
1.197273325236873,1.3,1.5,1.5,1.5589391335881382,1.6,1.7,1.7,1.8,1.8,1.8,1.8,1.8,1.8,1.9,1.9,1.9,1.9,1.9,1.9,1.9,1.9,1.9,1.9,1.9,1.9,2.0,2.0,2.0,2.0,2.0,2.0,2.0,2.0,2.0,2.1,2.1,2.1,2.1,2.1,2.1,2.1,2.2,2.2,2.2,2.2,2.3,2.3,2.3,2.3,2.3,2.3,2.3,2.3,2.3,2.3,2.3,2.3,2.3,2.4,2.4,2.4,2.4,2.4,2.4,2.4,2.4575196044106633,2.6,2.6,2.6,2.6,2.6,2.6,2.6,2.6,2.6,2.6,2.6,2.6,2.6,2.647494849229611,2.7,2.7,2.7,2.7,2.7,2.7,2.7,2.8,2.8,2.8,2.8,2.8,2.8,2.8,2.8,2.8,2.8,2.8,2.8,2.8499999999999996,2.9,2.9,2.9,2.9,2.9,2.9,2.9,2.9,2.9,2.9,2.9,2.9,2.9,2.9,2.9230798727574836,3.0,3.0,3.0,3.0,3.0,3.0,3.0,3.0,3.0,3.0,3.0,3.0,3.0,3.0,3.0,3.0,3.0,3.0,3.0,3.0,3.002676948378985,3.1,3.1,3.1,3.1,3.1,3.1,3.1,3.1,3.1,3.1,3.1,3.1,3.1,3.1,3.1,3.1,3.1,3.2,3.2,3.2,3.2,3.2,3.2,3.2,3.2,3.2,3.200446139750591,3.3,3.3,3.3,3.3,3.3,3.3,3.3,3.3,3.3,3.3,3.4,3.4,3.4,3.5,3.5,3.5,3.5,3.5,3.569487052929304,3.6,3.6139854899254376,3.7,3.7,3.7,3.7,3.7,3.7,3.7,3.7,3.8,3.8,3.8,3.9,4.1,4.5,5.456601712516948,6.6
0.8,1.3221271170439142,1.5,1.5,1.5,1.5,1.6,1.6,1.6,1.6,1.6,1.7,1.7,1.7,1.7,1.7104813919600963,1.8,1.8,1.8,1.8,1.8,1.8,1.8,1.8,1.8,1.8,1.8,1.8940015439344207,1.9,1.9,1.9,1.9,1.9,1.9,1.9,1.9,1.9,1.9,1.9,1.9,1.9,1.9,2.0,2.0,2.0,2.0,2.0,2.0,2.0,2.0,2.0,2.0,2.0,2.0,2.0,2.007654785822831,2.1,2.1,2.1,2.1,2.1,2.1,2.1,2.1,2.1,2.1,2.1,2.1,2.1,2.1,2.1,2.2,2.2,2.2,2.2,2.2,2.2,2.2,2.2,2.2,2.3,2.3,2.3,2.3,2.3,2.3,2.3,2.3,2.4,2.4,2.4,2.4,2.5,2.6,2.6,2.6,2.6,2.6,2.6,2.6,2.6,2.6,2.6,2.6,2.6,2.6,2.6,2.6,2.6,2.7,2.7,2.7,2.7,2.7,2.7,2.8,2.8,2.8,2.8,2.8,2.8,2.8,2.8,2.8,2.8,2.8,2.813777036454178,2.9,2.9,2.9,2.9,2.9,2.9,2.9,2.9,3.0,3.0,3.0,3.0,3.0,3.0,3.0,3.0,3.0,3.0,3.0,3.0,3.0,3.0,3.0,3.06917401898113,3.1,3.1,3.1,3.1,3.1,3.1,3.1,3.1,3.1,3.1,3.1,3.1551727712629773,3.2,3.2,3.2,3.2,3.2,3.2,3.2,3.2,3.2,3.2,3.2,3.2627137278564304,3.3,3.3,3.3,3.3,3.3,3.3,3.3,3.3,3.4,3.5,3.5,3.5,3.547944441110684,3.7,3.7,3.7,3.7,3.7,3.7,3.8,3.8,3.9,4.1,4.414514486060847,4.6,5.40872535924209
0.5,0.7,0.8,0.9,1.1,1.1,1.1,1.1,1.2,1.2,1.2,1.2,1.3,1.3,1.3,1.3,1.3,1.4,1.5,1.5,1.5,1.5,1.5,1.5,1.5,1.5,1.6,1.6,1.6,1.6,1.6,1.6,1.6,1.6,1.6,1.6,1.6534237581140019,1.7,1.7,1.7,1.7,1.7,1.7,1.7,1.7,1.7,1.7,1.7,1.7,1.7,1.7,1.7,1.7,1.7,1.7,1.7,1.7,1.7,1.7079458502902525,1.8,1.8,1.8,1.8,1.8,1.8,1.8,1.8,1.8,1.8,1.8,1.8,1.8,1.8,1.8,1.8,1.8,1.840819158515501,1.9,1.9,1.9,1.9,1.9,1.9,1.9,1.9,1.9,1.9,1.9,1.9,1.9,1.9,1.9,1.9,1.9,1.9,1.9,1.9,1.9,1.9,1.9,1.9,1.9,1.9,1.9236884075919987,2.0,2.0,2.0,2.0,2.0,2.0,2.0,2.0,2.1,2.1,2.1,2.1,2.1,2.1,2.1,2.1,2.1,2.1,2.1,2.1,2.1,2.1,2.1,2.1,2.1,2.1,2.1,2.1,2.1,2.1,2.1,2.1,2.1,2.1,2.1,2.1,2.1,2.1,2.1,2.1,2.1,2.1,2.1,2.1,2.1,2.1,2.1,2.2,2.2,2.2,2.2,2.2,2.2,2.2,2.2,2.2,2.2,2.2,2.2,2.3,2.3,2.3,2.3,2.3,2.3,2.4,2.4,2.496291420219933,2.55054171839335,2.6,2.6,2.6,2.6801475342872325,2.7,2.7,2.7,2.732890268817948,2.8,2.8,2.8,2.8,2.8,2.8,2.9,2.9,3.0,3.0,3.1,3.1,3.1,3.2,3.2,3.3,3.3,3.3,3.7,3.801090669905261
1.697273325236873,1.922127117043914,2.0854855139391493,2.2,2.2,2.4,2.6,2.8,2.8,2.9,3.0,3.0,3.0,3.1,3.1,3.1,3.2,3.2,3.2,3.2997417543889864,3.3,3.3,3.3,3.4,3.4,3.4,3.4,3.4,3.5,3.5,3.5,3.5,3.5,3.5,3.5,3.5,3.5,3.5995538602494093,3.6,3.6,3.6329201988926885,3.7,3.7,3.7,3.7,3.7,3.7,3.7,3.7,3.793861234331038,3.8,3.8,4.0,4.0,4.0,4.2,4.5,4.5,4.5,4.540499922358685,4.6,4.6,4.6,4.7,4.7,4.7,4.7,4.7,4.8,4.8,4.8,4.8,4.8,4.8,4.8862229635458165,4.9,4.9,4.9,4.9,4.9,4.9,4.9,4.9,4.9,4.9,4.976920127242517,5.0,5.0,5.0,5.0,5.003073906852182,5.2,5.2,5.6,5.6,5.6,5.6,5.6,5.6,5.6,5.6,5.6,5.7,6.1,6.1,6.1,6.1,6.1,6.1,6.1,6.1,6.1,6.1,6.1,6.1,6.1,6.1,6.1,6.1,6.1,6.1,6.1,6.1,6.1,6.1,6.3,6.3,6.3,6.3,6.3,6.3,6.3,6.3,6.3,6.3,6.3,6.3,6.3,6.4,6.591243020127433,6.6,6.6,6.6,6.6,6.6,6.6,6.6,6.6,6.6,6.6,6.6,6.6,6.6,6.6,6.6,6.6,6.6,6.6,6.6,6.6,6.6,6.6,6.6,6.6,6.6,6.6,6.8,6.8,6.8,6.8,6.8,6.8,6.8,6.8,6.8,6.8,6.8,6.8,6.8,6.8,6.8,6.9,6.9,6.9,6.913985489925437,7.0,7.067445006307696,7.1,7.1,7.2,8.4,8.4,8.7931502011702,8.8,8.8,8.8,10.3,10.3,10.401601402425928,11.0,11.0
1.3989093300947493,1.9,1.9,1.9,1.9,1.9,1.9,1.9,2.0,2.0,2.2,2.2,2.2,2.2520555588893196,2.4,2.4,2.4,2.5,2.6,2.6,2.7,2.8,2.8,2.8,2.8,2.8,2.8,2.8,2.8,2.8,2.8,2.8,2.8,2.8,2.8,2.8,2.8,2.9,2.9,2.9,2.9,2.9,2.9,2.9,2.9,2.9,2.9,2.9,2.9563222283256665,3.0,3.0,3.0,3.1,3.1,3.1,3.1,3.1,3.1,3.1,3.1,3.1,3.1,3.1,3.1,3.1,3.1,3.1,3.1,3.1,3.1,3.1,3.1,3.130680122839391,3.2,3.2,3.2,3.2,3.2,3.2,3.2,3.2,3.2,3.2,3.2,3.3,3.3,3.3,3.3,3.3,3.3,3.3,3.3,3.3,3.3776615413735667,3.4,3.4,3.4,3.4,3.4,3.4,3.4,3.4,3.4,3.4,3.4,3.4,3.4,3.4,3.4,3.4,3.4,3.4,3.4,3.4,3.4,3.4230798727574836,3.5,3.5,3.5,3.5,3.5,3.5,3.5,3.5,3.5,3.5,3.5,3.5,3.5,3.5,3.5,3.5,3.5,3.5,3.5,3.6,3.6,3.6,3.6,3.6,3.6,3.7,3.7,3.7,3.7,3.7,3.7,3.7,3.7,3.7,3.7,3.7,3.7,3.7,3.7,3.7,3.7,3.7,3.7,3.7,3.7,3.7,3.7,3.8,3.8,3.8,3.8,4.0,4.0,4.0,4.0,4.0,4.0,4.1,4.1,4.2,4.2,4.2,4.5,4.5,4.7,4.700258245611019,4.8,4.8,4.8,4.8,4.9,4.9,4.9,4.9,4.914266596893356,5.400781437130729,5.6,5.6,5.9,5.9,6.1,6.1,6.172572430304234,6.8,7.1
0.8989093300947493,1.2442542340878282,1.5,1.6,1.7,1.7,1.7,1.8,1.8,1.8,1.8928667015533227,1.9,1.9,1.9,1.9,1.9,1.9,1.9,1.9,1.9,1.9,2.0,2.0,2.0,2.0,2.0,2.1,2.1,2.1494582816066528,2.2,2.2,2.2,2.2,2.2,2.2,2.3,2.3,2.3,2.3,2.4,2.4,2.475794741564042,2.5,2.6,2.6,2.6,2.6,2.6181900885031637,2.7,2.7,2.7308259810188757,2.8,2.8,2.8,2.8,2.8,2.8,2.8,2.8,2.9,2.9,2.9,2.9,2.9,2.9,2.9,2.9,2.9,3.0,3.0,3.0,3.0,3.1,3.1,3.1,3.1,3.1,3.1,3.1,3.1,3.1,3.1,3.1,3.1,3.1513332276346606,3.2,3.2,3.2,3.2,3.2,3.2,3.2,3.2,3.2,3.2,3.227072108449437,3.3,3.3,3.3,3.3,3.3,3.3,3.3,3.3,3.3,3.3,3.3,3.3,3.3,3.3,3.3,3.4,3.4,3.4,3.4,3.4,3.4,3.4,3.4,3.4,3.4,3.4,3.4,3.4,3.4,3.4,3.4,3.4,3.4,3.497472376674125,3.5,3.5,3.5,3.5,3.5,3.5,3.5,3.5,3.5,3.5,3.5,3.5,3.5,3.6,3.6,3.6,3.6,3.6,3.6,3.6,3.66917401898113,3.7,3.7,3.7,3.7,3.7,3.7,3.7,3.7,3.7,3.7,3.7,3.7,3.7,3.7,3.7,3.8,3.8,3.8,3.8,4.0,4.0,4.0,4.0,4.0,4.0,4.0,4.0,4.0,4.0,4.032890268817948,4.1,4.1,4.2,4.2,4.5,4.5,4.5,4.5,4.617525236657525,4.8,4.9,4.9,4.9,4.920489806417317,5.280830430851347,5.6,6.1,6.1,6.8,10.3
0.6,0.7221271170439142,1.0854855139391493,1.1,1.1,1.2,1.2931700645275617,1.4,1.5,1.5,1.6,1.6,1.6,1.6,1.6,1.6,1.7,1.7,1.7,1.7,1.7,1.7,1.7,1.8,1.8,1.8,1.8,1.8,1.8,1.8,1.8,1.8,1.9,1.9,1.9,1.9,1.9,1.9,1.9,1.9,1.9,1.9,1.9,1.9,1.9,1.9400675399524985,2.0,2.0,2.0,2.0,2.0,2.0,2.0,2.1,2.1,2.1,2.1,2.1,2.1,2.1,2.1,2.1043784899362863,2.2,2.2,2.2,2.2,2.2,2.2,2.2,2.2,2.2,2.2,2.2,2.2,2.2,2.2,2.2,2.2,2.2,2.2,2.2,2.3,2.3,2.3,2.3,2.3,2.3,2.3,2.3,2.4,2.4,2.4,2.4,2.4,2.4,2.4,2.4,2.5,2.5,2.5254485778107467,2.6,2.6,2.6,2.6,2.648291057822746,2.7,2.7,2.7,2.7,2.7,2.7,2.7,2.7,2.7722891507838767,2.8,2.8,2.8,2.8,2.8,2.826303351929255,2.9,2.9,2.9,2.9,2.9,2.9,2.9,2.9,2.9,2.9,2.9,2.9,2.9835834762872877,3.0,3.0,3.0,3.0,3.0,3.0,3.0,3.0,3.0,3.0,3.1,3.1,3.1,3.1,3.1,3.1,3.1,3.16917401898113,3.2,3.2,3.2,3.3,3.3,3.3999641242801375,3.4,3.4,3.4,3.4670798011073147,3.5,3.5,3.6,3.6,3.6,3.6,3.6,3.6,3.7,3.7,3.7,3.7,3.7,3.7,3.7207433944853903,3.8,3.8,3.8,3.8,3.8,3.8,3.9,3.9,3.9,3.9,4.1,4.1,4.131224038735451,4.2,4.2,4.2,4.2,4.299636869475824,4.5,4.6,4.7,4.7,5.229028972121694,5.4,6.6
0.6,0.7,0.7,0.8,0.8,0.8,0.8931700645275615,0.9,1.0,1.0996092814346328,1.1,1.1,1.1687759612645443,1.2,1.2,1.3,1.3,1.3,1.3,1.3,1.3,1.3327174284142678,1.4,1.4,1.4,1.4,1.5,1.5,1.5,1.5,1.5,1.5,1.5,1.5,1.5,1.5,1.5,1.5,1.5,1.6,1.6,1.6,1.6,1.6,1.6,1.6,1.6,1.618190088503164,1.7,1.7,1.7,1.7,1.7,1.7,1.7,1.7,1.7,1.7749633088836163,1.8,1.8,1.8,1.8,1.8,1.8,1.8,1.8,1.8,1.8,1.8,1.8,1.8,1.8,1.8,1.8,1.8,1.8,1.840819158515501,1.9,1.9,1.9,1.9,1.9,1.9,1.9,1.9,1.9,1.9,1.9,1.9,1.9,1.9,1.9,1.9,1.9,1.9,1.9,1.9,1.9,1.9,2.0,2.0,2.0,2.0,2.0,2.0,2.0,2.0,2.0,2.1,2.1,2.1,2.1,2.1,2.2,2.2,2.2,2.2,2.2,2.2,2.2,2.2,2.2,2.2,2.2,2.2,2.2,2.3,2.3,2.3,2.3,2.3,2.3,2.3,2.3,2.3,2.3,2.3,2.3,2.364269946863908,2.4,2.4,2.4,2.4,2.5,2.5,2.5,2.526701204161429,2.6,2.6,2.6,2.6,2.6,2.6,2.6,2.6,2.7,2.7,2.7,2.782077373987306,2.8,2.8,2.8,2.8,2.8,2.9,2.9,2.9,2.9,2.9,3.0,3.0,3.0,3.0,3.0,3.0,3.0,3.0,3.0,3.1,3.1,3.1,3.1,3.3,3.3,3.3,3.3,3.3,3.3,3.4,3.5,3.5,3.5,3.6,3.6,3.606829935472439,3.7,3.7,3.8713626571738247,3.9,4.1,4.504908014573675
0.1,0.2,0.2,0.2,0.2,0.2,0.2,0.2,0.2,0.2,0.2,0.2,0.2,0.2,0.2,0.2,0.2,0.3,0.3,0.3,0.3,0.3,0.3,0.3,0.3,0.3,0.3,0.3,0.3,0.3,0.3,0.3,0.3,0.3,0.3,0.3,0.3,0.3,0.3,0.3,0.4,0.4,0.4,0.4,0.4,0.4,0.4,0.4,0.4,0.4,0.4,0.4,0.4,0.4,0.4,0.4,0.4,0.4,0.4,0.4,0.4,0.4,0.4,0.4,0.4,0.4,0.4,0.4,0.4,0.4,0.4,0.4,0.4,0.4,0.4,0.4,0.4,0.4,0.4,0.4,0.4,0.4,0.4,0.4,0.4,0.4,0.4,0.4,0.4,0.4,0.4,0.4,0.5,0.5,0.5,0.5,0.5,0.5,0.5,0.5,0.5,0.5,0.5,0.5,0.5,0.5,0.5,0.522338458626433,0.6,0.6,0.6,0.6,0.6,0.6,0.6,0.6,0.6,0.6,0.6,0.6,0.6,0.6,0.6,0.7,0.7,0.7,0.7,0.7,0.7,0.7,0.7,0.7,0.7835834762872879,0.8,0.8,0.8,0.8,0.8,0.8,0.8,0.9,0.9,0.9,0.9,0.9,0.9,0.9,0.961545727139935,1.0,1.0,1.0,1.1,1.1,1.1,1.1,1.1,1.1,1.1,1.1,1.1,1.1670798011073145,1.2,1.2,1.2,1.2,1.2,1.2,1.2,1.2,1.2,1.3,1.3,1.3,1.3,1.3,1.3,1.3,1.4,1.4,1.4672825715857356,1.5,1.5,1.5,1.5,1.5,1.5,1.5,1.5,1.5,1.5,1.607133298446678,1.7,1.7,1.7996368694758247,1.8,1.9,2.0,2.1,2.1,2.2557457659121725,2.9032720097157836
1.1994546650473745,1.6,1.7854855139391492,1.8,1.9,2.0797923922871657,2.193170064527562,2.2,2.2,2.2,2.2,2.282474763342478,2.4,2.4,2.5,2.5,2.5,2.6,2.6305129470707023,2.7,2.7,2.7,2.7,2.7,2.7198524657127763,2.9,2.9,2.9,2.9,2.9,2.9,2.9,2.9,2.9,2.9,2.9,2.9,3.0,3.0,3.089273309875608,3.1,3.1,3.2,3.2,3.2,3.2400675399524985,3.3,3.3,3.3,3.3,3.3,3.3,3.3,3.3,3.3,3.3,3.3,3.3,3.4,3.4,3.4,3.4,3.4,3.4,3.497323051621021,3.5,3.5,3.5,3.5,3.5,3.5,3.5,3.5,3.5,3.5862229635458163,3.6,3.6,3.6,3.6,3.6,3.6,3.6,3.6,3.6,3.6,3.6,3.6,3.6277108492161205,3.7,3.7,3.7,3.7,3.7,3.7,3.8,3.8,3.8,3.8,3.8,3.8254485778107465,3.9,3.9,3.9,3.9,3.9,3.9,4.1,4.1,4.1,4.2,4.2,4.2,4.2,4.2,4.2,4.2,4.2,4.2,4.2,4.2,4.2,4.278884147332195,4.3,4.3,4.3,4.4,4.4,4.4,4.4,4.4,4.4,4.5,4.5,4.6,4.6,4.6,4.6,4.6,4.6,4.6,4.6,4.6,4.6,4.6,4.6,4.6,4.6,4.6,4.6,4.6,4.6,4.6,4.6,4.6,4.6,4.6,4.6,4.6,4.6,4.6,4.6,4.6,4.655172771262977,4.7,4.7,4.7,4.7,4.7,4.7,4.7,4.7,4.7,4.7,4.7,4.7,4.7,4.7,4.7,4.7,4.7,4.7,4.7,4.7,4.7,4.7,4.789518608039907,4.8,4.8,4.8,4.8,4.8,4.8,4.8,4.999273738951649,5.0,5.0,5.282121732823714,5.4,5.4,5.9,6.601090669905261
1.495637320378997,1.6,1.6854855139391491,1.7,1.8,1.8,1.8,1.800363130524173,2.0,2.1,2.1,2.182474763342478,2.2,2.2,2.2,2.2,2.2,2.2,2.3,2.3997417543889865,2.4,2.5,2.5,2.6,2.6,2.6,2.6,2.7,2.7,2.7,2.7,2.7,2.759693109019841,2.8095758604413756,2.9,2.9,2.9,2.9,2.9,2.9,2.9,2.9,2.9,2.9,2.9,2.9,2.9,2.9,2.9,2.9,3.0,3.0,3.0,3.0,3.1,3.1,3.1,3.1,3.1,3.1404999223586856,3.2,3.2,3.2,3.2,3.297323051621021,3.3,3.3,3.3,3.3,3.3,3.3,3.3,3.3,3.3,3.3,3.3,3.3,3.3,3.3,3.3,3.3,3.3,3.4,3.4,3.4,3.5,3.5,3.5,3.5,3.5,3.5,3.6,3.6,3.6,3.6,3.6,3.6,3.6,3.6,3.6,3.6,3.6,3.6,3.6,3.6,3.6,3.6,3.7,3.7,3.7,3.7,3.7,3.7,3.7,3.7,3.7,3.7,3.8,3.8,3.8,3.8,3.8,3.805449935582612,3.9,3.9,3.9,3.9,4.1,4.1,4.1,4.125893173330689,4.2,4.2,4.2,4.2,4.2,4.2,4.2,4.2,4.2,4.2,4.3,4.4,4.4,4.4,4.4,4.4,4.4,4.593789776370329,4.6,4.6,4.6,4.6,4.6,4.6,4.6,4.6,4.6,4.6,4.6,4.6,4.6,4.6,4.6,4.6,4.6,4.6,4.6,4.6,4.6,4.6,4.6,4.6,4.6,4.6,4.7,4.7,4.7,4.7,4.7,4.7,4.7,4.7,4.7,4.7,4.7,4.7,4.7,4.7,4.7,4.8,4.8,4.8,4.8,4.8,5.0,5.0,5.0,5.4,5.789364414780431,6.302726674763153
0.6994546650473746,1.1221271170439142,1.2854855139391492,1.528637342826178,1.6,1.6,1.7,1.7,1.7,1.7,1.7,1.7824747633424778,1.8,1.8,1.8,1.8,1.8,1.8,1.8,1.8,1.8,1.8,1.8,1.9,1.9,1.9,1.9,1.9,2.0,2.0,2.0,2.0,2.0,2.1,2.1,2.1,2.1,2.1,2.1,2.2,2.2,2.2,2.2,2.2,2.2,2.2,2.2794452753522876,2.3,2.3,2.3,2.3,2.3,2.303105111814835,2.4,2.4,2.4,2.4415378870321605,2.5,2.5,2.6,2.6,2.6,2.6,2.6,2.6,2.6,2.6,2.6871246204709536,2.7,2.7,2.7,2.7,2.7,2.7,2.7,2.7,2.7,2.7,2.7,2.7,2.7,2.7,2.7,2.7,2.7,2.7,2.7,2.7,2.7,2.7,2.7,2.7,2.7,2.7,2.7,2.7,2.7,2.7,2.7,2.7,2.7,2.7,2.7,2.7,2.7,2.7,2.8,2.8,2.8,2.8,2.8,2.8,2.8,2.8,2.9,2.9,2.9,2.9,2.9,2.9,2.9,2.9,2.9,2.9,2.9,3.0,3.0,3.0,3.0,3.097472376674125,3.1,3.1,3.1,3.1,3.1,3.1,3.1,3.1,3.1,3.1,3.1,3.1,3.1,3.1,3.1,3.1,3.1,3.1,3.1,3.1,3.16917401898113,3.2,3.2,3.2,3.2,3.2,3.2,3.2,3.2,3.2,3.2,3.2,3.2,3.2,3.2,3.2,3.3,3.3,3.3,3.3,3.3,3.3,3.3,3.3,3.3,3.3,3.3,3.3409909701809735,3.5,3.5,3.5,3.5,3.5,3.5,3.5,3.5895186080399073,3.6,3.6,3.6,3.6,3.6071332984466777,3.8,3.8,3.8,3.9,3.9,4.1410608664118564,4.4,4.6145144860608465,5.311491531824345,5.902726674763153
0.6,0.7,0.7854855139391493,0.8572746856523559,1.1,1.1,1.1,1.2,1.2,1.3,1.3,1.3,1.3,1.4,1.4325549936923017,1.5,1.5,1.6,1.6,1.7,1.7,1.8,1.8,1.8,1.8,1.8,1.9,1.9,1.9,1.9,1.9,1.9087816885598867,2.0,2.0,2.0,2.0,2.0,2.0,2.0,2.0,2.0,2.0,2.1,2.1,2.1,2.2,2.2,2.2,2.2,2.2,2.3,2.3,2.3,2.3,2.3,2.3,2.3,2.3,2.3,2.3,2.4,2.4,2.4,2.4,2.497323051621021,2.5,2.5,2.5,2.5,2.6,2.6,2.6,2.6,2.6,2.6,2.7,2.7,2.7,2.7,2.7,2.7,2.7736966480707363,2.8,2.8,2.8,2.8,2.8,2.8,2.8,2.8,2.8,2.8,2.8,2.8,2.8,2.8,2.8,2.8,2.8,2.8,2.8,2.8,2.8991113784562685,2.9,2.9,3.0,3.0,3.1,3.1,3.1,3.1,3.1,3.1,3.1,3.1,3.2,3.3,3.3,3.3,3.3,3.3,3.3,3.3,3.3,3.3,3.3,3.3,3.3,3.3,3.3,3.3,3.3,3.3,3.3,3.3,3.3,3.3,3.3,3.3,3.3,3.3,3.3,3.3,3.3,3.4,3.5,3.5,3.5,3.5,3.6,3.6,3.6,3.6,3.6,3.6,3.6,3.6,3.7,3.7,3.7,3.7,3.7,3.7,3.7,3.7,3.7,3.7,3.7,3.8,3.8,3.9,3.9,4.0010834367867005,4.1,4.1,4.1,4.1,4.1,4.1,4.1,4.2,4.2,4.2,4.2,4.2,4.2,4.2,4.3,4.3,4.5,4.5,4.5,4.5,4.699636869475825,5.2,5.7,5.7,5.7,5.7,5.7,8.402181339810523
0.1,0.32212711704391417,0.4,0.4,0.4,0.4,0.4,0.4,0.4,0.4,0.4,0.4,0.4,0.4,0.4325549936923018,0.5,0.5,0.5,0.5,0.5,0.5,0.5,0.5,0.5,0.5,0.5,0.5,0.5,0.5,0.5,0.5,0.5,0.5,0.5,0.5,0.5,0.5,0.5,0.5,0.5,0.5,0.5,0.517922626012691,0.6,0.6,0.6,0.6,0.6,0.6,0.6938612343310382,0.7,0.7,0.7,0.7,0.7,0.7,0.7,0.7,0.7,0.7,0.7,0.7,0.7,0.8,0.8,0.8,0.8575196044106633,0.9,0.9,0.9,0.9,0.9,0.9,0.9,0.9,0.9,0.9,0.9,0.9,0.9,0.9,0.9,0.9,0.9,0.9,1.0,1.0,1.0,1.0,1.0,1.0,1.0,1.0,1.0,1.0,1.027072108449437,1.1,1.1,1.1,1.1,1.1,1.1,1.1,1.2,1.2,1.2,1.2,1.2,1.2,1.2,1.2,1.2,1.2,1.2,1.2,1.2,1.2,1.2,1.2,1.2,1.2,1.2,1.2,1.2,1.2,1.2,1.2,1.2,1.2,1.2,1.2,1.2,1.2,1.2,1.2,1.2,1.2,1.2,1.2,1.2,1.2,1.2,1.2,1.3,1.3,1.3,1.3,1.3,1.3,1.3,1.3,1.3,1.4,1.4,1.4,1.4,1.4,1.4,1.4,1.4,1.4,1.4,1.4,1.4,1.4,1.5,1.5,1.5,1.5,1.5,1.5,1.5,1.6,1.6,1.6,1.6207433944853904,1.7,1.7,1.8,1.8,1.8,1.8,1.8,1.8,1.8,1.8,1.867445006307696,1.9479444411106839,2.0,2.0,2.0142665968933557,2.2003907185653646,2.3,2.5,2.7,2.7,2.7,2.7,2.9290289721216936,3.3,3.7
0.6,0.7,0.7,0.8,0.8589391335881382,1.0,1.0,1.1,1.1,1.1,1.1,1.1824747633424777,1.2,1.2,1.2,1.2,1.2,1.2,1.2,1.2,1.2,1.2,1.2,1.2,1.2,1.2792566055146068,1.3,1.3,1.3,1.3,1.3,1.3,1.3,1.3,1.3,1.3,1.3,1.3,1.3,1.3,1.3,1.3,1.3,1.3,1.3,1.3,1.3,1.3,1.3,1.3,1.3,1.3,1.3,1.3,1.3,1.3,1.3,1.3,1.3,1.3,1.3,1.3,1.3,1.3,1.3,1.3,1.3,1.3,1.3,1.3,1.3,1.3,1.3,1.3,1.3,1.3,1.3,1.3,1.3,1.3,1.3,1.3,1.3,1.3,1.3,1.3,1.3,1.3,1.3,1.3,1.3,1.4,1.4,1.4,1.4,1.4,1.4,1.4,1.4,1.4,1.4,1.4,1.4,1.4,1.4,1.4,1.4,1.4,1.4,1.4,1.4,1.4,1.4,1.4,1.4,1.5,1.5,1.5,1.5,1.5,1.5,1.5,1.5,1.5,1.5,1.5,1.5,1.5,1.5,1.597472376674125,1.6,1.6,1.6,1.6,1.6,1.6,1.6,1.6,1.6,1.6,1.6,1.6595000776413031,1.7,1.7,1.7,1.7,1.7,1.7,1.7,1.7,1.7,1.7,1.7,1.7,1.7,1.7,1.7,1.7,1.7,1.7,1.7,1.7,1.7,1.7,1.7,1.793593987845253,1.8,1.8,1.8,1.8,1.8,1.8,1.8,1.8,1.8,1.8207433944853904,1.9,1.9,1.9,1.9,2.0,2.0,2.069487052929304,2.2,2.2,2.2,2.2,2.2,2.231224038735451,2.317525236657525,2.5,2.6,2.6,2.6996368694758246,2.706829935472439,2.8,3.0,3.1,3.2,3.455745765912172,3.8
0.6994546650473746,0.9,1.0854855139391493,1.1,1.1589391335881383,1.2,1.2,1.2,1.2,1.2,1.2928667015533228,1.3,1.3,1.3,1.3,1.3,1.3,1.3,1.3,1.3,1.3,1.3,1.3,1.3,1.3,1.3,1.3,1.3,1.3,1.3,1.3,1.3,1.3,1.3,1.3,1.3,1.3,1.3995538602494093,1.4,1.4,1.4,1.4,1.4,1.459328465857746,1.5,1.5,1.5,1.5,1.5,1.5938612343310383,1.6,1.6,1.6,1.6,1.6,1.6,1.6,1.6,1.6,1.6,1.6,1.6,1.6,1.6,1.7,1.7,1.7,1.7,1.7,1.7,1.7,1.7,1.7,1.7,1.7,1.8,1.8,1.8,1.8,1.8,1.8,1.8,1.8,1.8,1.8,1.8,1.8,1.8,1.8,1.9,1.9,1.9280109262911054,2.0,2.0,2.0023925098791606,2.1,2.1,2.1,2.2,2.2,2.2,2.2,2.2,2.2,2.2,2.2,2.2,2.2,2.2,2.2,2.3,2.3,2.3,2.3,2.3,2.3,2.3,2.3,2.4,2.4,2.4,2.4,2.4,2.4,2.4,2.4,2.5,2.5,2.5,2.597472376674125,2.6,2.6,2.6,2.6,2.6,2.6,2.6,2.6,2.6,2.6,2.6,2.6,2.6,2.6,2.6,2.6,2.7,2.7,2.7,2.7,2.7,2.7,2.7,2.7,2.7,2.7,2.7,2.7,2.7,2.7,2.7,2.8,2.8,2.8,2.8,2.9,2.9,2.9,2.9,2.9,3.043198843880208,3.1,3.1,3.1,3.1,3.2,3.2,3.2,3.2,3.2,3.2,3.2,3.2,3.3,3.3,3.3,3.3,3.3,3.5,3.6,3.6,3.6,3.6,3.7,3.8,3.8,3.8,3.8,3.8145144860608466,4.589364414780431,5.20872535924209
0.5994546650473747,0.7,0.7,0.8,0.9,0.9797923922871657,1.0,1.000363130524173,1.1,1.1,1.1,1.2,1.2,1.2,1.2,1.2,1.2,1.2,1.3,1.3,1.3,1.3,1.3,1.3,1.3,1.3,1.3,1.3,1.3,1.3,1.3,1.3,1.3,1.3,1.3,1.3,1.3,1.3,1.3,1.3,1.3,1.3,1.3,1.3,1.3,1.3,1.3,1.3,1.3,1.3,1.3,1.367234718804218,1.4,1.4,1.4,1.4,1.4,1.4,1.4,1.4,1.4,1.4,1.4,1.466707318575743,1.5,1.5,1.5,1.5,1.5,1.5,1.5,1.5,1.530680122839391,1.6,1.6,1.6,1.6,1.6,1.6,1.6,1.6,1.6,1.6,1.6,1.6,1.6,1.6,1.6,1.6,1.7,1.7,1.7,1.7,1.7,1.7,1.7,1.7,1.7,1.7,1.7,1.7,1.7,1.7,1.7,1.7,1.7,1.7,1.7,1.7,1.7,1.7,1.7,1.7,1.7722891507838767,1.8,1.8,1.8,1.8,1.8,1.8,1.8,1.8,1.8,1.8,1.8,1.8,1.8,1.8,1.8,1.8,1.8,1.8,1.8,1.8,1.8424803955893423,1.9,1.9,1.9,1.964269946863908,2.0,2.1,2.1,2.1,2.125036691116378,2.2,2.2,2.2,2.2,2.2,2.2,2.2,2.3,2.3,2.3,2.3,2.3,2.3,2.4,2.4,2.4,2.4,2.4,2.4,2.4,2.4,2.5,2.5,2.5,2.6,2.6,2.6,2.6,2.6,2.6,2.6,2.6,2.6,2.7,2.7,2.7,2.7,2.7,2.7,2.7,2.8,2.8,2.9,2.9,3.0312240387354508,3.1,3.1,3.2,3.2,3.2996368694758242,3.3,3.3202076077128364,3.6,3.742725314347649,3.8,3.877872882956086,4.7065440194315675
1.1989093300947493,1.6221271170439142,1.7,1.8,1.8589391335881382,1.9,1.9,2.0,2.1,2.1,2.2,2.2,2.2,2.2520555588893196,2.3,2.4,2.4,2.4,2.4,2.4997417543889866,2.5,2.5,2.5,2.6,2.6,2.6,2.6,2.6,2.7,2.7,2.7,2.7,2.7,2.7,2.7,2.7,2.7,2.7,2.7448272287370203,2.8,2.8,2.8,2.8,2.8,2.9,2.9,2.9,2.9,2.9,2.9,2.9,2.9,2.9,2.9,2.9,2.9,2.9,2.9,2.9,2.9,3.0,3.0,3.0,3.0,3.1,3.1,3.1,3.1,3.1,3.1,3.1,3.1,3.1,3.1,3.2,3.2,3.2,3.2,3.2,3.2,3.2,3.2736966480707363,3.3,3.3,3.3,3.3,3.3,3.3,3.3,3.3,3.3,3.3,3.3,3.3776615413735667,3.4,3.4,3.4,3.4,3.4,3.4,3.4,3.4745514221892506,3.5,3.5,3.5,3.5,3.5,3.5,3.5,3.5,3.5,3.6,3.6,3.6,3.6,3.6,3.6,3.6,3.6,3.6,3.7,3.7,3.7,3.7,3.7,3.7,3.7,3.7,3.7,3.7,3.7,3.7,3.7,3.7128753795290437,3.8,3.8,3.8,3.8,3.8,3.8,3.9,3.9,4.0,4.1,4.1,4.1,4.1,4.1,4.1,4.1,4.1,4.106138765668953,4.2,4.2,4.2,4.2,4.299964124280137,4.4,4.4,4.5,4.5,4.510726690124398,4.6,4.7,4.7,4.7,4.7,4.7,4.7,4.8,4.8,4.8,4.8,4.8,4.8,4.8,4.8,4.8,4.9,4.9,5.0,5.0,5.0,5.4,5.4,5.6,5.6,5.6,5.6,5.9,5.9,6.1007814371307285,6.3,6.4,6.6,6.8,6.8,6.871362657173825,7.0,7.177872882956086,8.80818002428946
1.0978186601894986,1.3,1.5,1.628637342826178,1.7,1.7,1.8,1.8,1.8,1.8,1.8,1.9,1.9687759612645443,2.0,2.0,2.0,2.0,2.059311917748766,2.2,2.2,2.3,2.3,2.4,2.4,2.4,2.4,2.4,2.494001543934421,2.5,2.6,2.6,2.608781688559887,2.7,2.7,2.7,2.7,2.7,2.7,2.7,2.7,2.7329201988926886,2.8,2.8,2.8,2.8,2.8,2.8,2.8,2.8,2.8,2.9,2.9,2.9,2.9,2.9,2.9,2.9,2.9,2.9,2.9,2.9,2.9,2.9,2.9,2.9,2.9,2.9,3.0,3.1,3.1,3.1,3.1,3.1,3.1,3.1,3.1,3.1,3.1,3.1,3.1,3.2,3.2,3.2,3.2,3.2,3.2,3.2,3.2,3.2,3.2,3.3,3.3,3.3,3.3,3.3,3.3,3.3,3.3,3.3,3.3,3.3,3.3,3.3,3.3,3.4,3.4729278915505746,3.5,3.5,3.5,3.5,3.5,3.5,3.54706730690055,3.6,3.6,3.6,3.6,3.6,3.7,3.7,3.7,3.7,3.7,3.7,3.7,3.7,3.7,3.7,3.7,3.7974723766741247,3.8,3.8,3.8,3.8,3.8,3.872410260810318,4.0,4.1,4.1,4.1,4.1,4.1,4.1,4.1,4.1,4.1,4.1,4.1,4.1,4.2,4.36917401898113,4.4,4.44367777167434,4.5,4.5,4.5,4.5,4.6,4.6,4.6,4.667079801107315,4.7,4.7,4.8,4.8,4.8,4.8,4.8,4.8,4.8,4.9,4.9,4.9,4.9,5.0,5.0,5.0,5.4,5.6,5.6,5.6,5.6,5.838974105858608,5.9,5.9,5.9,6.234890012615392,6.4,6.4,6.4,6.4,6.4,6.6,6.6,6.613659870944877,6.8,6.8,6.8,6.8,7.077872882956086,10.3
0.2,0.3,0.3,0.3286373428261779,0.4,0.4,0.4,0.5,0.5,0.5,0.5,0.5,0.5,0.6,0.6,0.6,0.6,0.6,0.6,0.6,0.6,0.6,0.6,0.6,0.6,0.6792566055146068,0.7,0.7,0.7,0.7,0.7,0.7,0.759693109019841,0.8,0.8,0.8,0.8,0.8,0.9,0.9,0.9,0.9,0.9,0.959328465857746,1.0,1.0,1.0,1.0,1.0,1.0,1.1,1.1,1.1,1.1,1.1,1.107654785822831,1.2,1.2,1.2,1.2,1.2,1.2,1.2,1.2,1.2,1.2,1.2,1.2,1.2,1.2,1.2,1.2,1.2,1.2,1.2,1.2,1.2,1.2,1.2,1.2,1.2,1.2736966480707366,1.3,1.3,1.3,1.3,1.3,1.3,1.3,1.3,1.3,1.3,1.3,1.3,1.3,1.3,1.3,1.3,1.4,1.4,1.4,1.4,1.4,1.4,1.4,1.4,1.4,1.5,1.5,1.5,1.5,1.5,1.5,1.5,1.5,1.5,1.5,1.5,1.5,1.5,1.5,1.5,1.6,1.6,1.7,1.7,1.7,1.7,1.7,1.7,1.8,1.8,1.8,1.8,1.8,1.9,1.9,1.9,1.9,1.9956215100637167,2.0,2.0,2.0,2.0,2.0,2.0,2.0,2.0,2.0,2.0,2.0,2.0,2.0,2.0,2.0,2.0,2.0,2.0,2.0,2.0,2.0,2.0,2.0,2.0,2.0,2.0,2.0,2.0,2.140306890980156,2.2,2.4431988438802077,2.5,2.5,2.5,2.5627137278564307,2.6,2.6801475342872325,2.7,2.7,2.7,2.732890268817948,2.8,2.8,2.8,2.8,2.8,2.8,2.8,2.8,2.8,2.9,2.9,2.9,3.1,3.2,3.2,3.2,3.2,3.3145144860608466,3.5,3.700545334952631
0.6,0.7,0.7854855139391493,0.8,0.8589391335881382,0.9,1.0,1.1,1.1,1.1,1.1928667015533228,1.2,1.2,1.2,1.2,1.2,1.2,1.2,1.2,1.2997417543889866,1.3,1.3,1.3,1.3,1.3,1.3,1.4,1.4,1.5,1.5,1.5,1.5,1.5,1.5,1.5,1.5,1.5,1.5,1.5,1.5,1.5,1.5,1.5,1.5,1.5000358757198555,1.6,1.6,1.6,1.6,1.6,1.6,1.667234718804218,1.7,1.7,1.7,1.7,1.7,1.7,1.7079458502902525,1.8,1.8,1.8043784899362862,1.9,1.9,1.9,1.9,1.9,1.9,1.9,1.9,1.9,1.9,1.9,1.9,1.9,2.0,2.0,2.0,2.0,2.0,2.0,2.0,2.0997307358156037,2.1,2.1,2.1,2.1,2.1,2.1,2.1780507617360145,2.2,2.2,2.2,2.2,2.2,2.2,2.2,2.2,2.2,2.2,2.2,2.2,2.2,2.2,2.2,2.2,2.2,2.2,2.2,2.2,2.2,2.2,2.2,2.2,2.2,2.2,2.2,2.2,2.2,2.2,2.2,2.2,2.2,2.2,2.2591808414844934,2.3,2.3,2.3,2.3,2.3,2.3,2.3,2.3,2.3,2.3,2.3,2.4,2.4,2.4,2.4,2.5,2.5,2.5920541497097473,2.6,2.6,2.6,2.7,2.7,2.7,2.7,2.7,2.7061387656689533,2.8,2.8,2.8,2.8,2.8,2.8,2.8,2.8,2.8,2.8,2.8,2.8,2.8,2.8,2.8,2.8,2.8,2.89121831144011,2.9,2.9,2.9,2.9,2.9,2.9,2.9,2.9409909701809736,3.0,3.0,3.0,3.0,3.0,3.0,3.0,3.0,3.0,3.0,3.0,3.0,3.0,3.0,3.2,3.3,3.3,3.3,3.5,3.5,3.5290289721216936,3.8557457659121726,4.605998684478936
0.5978186601894985,0.6,0.7,0.7,0.8,0.8,0.8931700645275615,0.9003631305241729,1.0,1.0,1.0928667015533229,1.1,1.1,1.1,1.1,1.1,1.2,1.2,1.2,1.2,1.2,1.2,1.2,1.2,1.2,1.2,1.3,1.3,1.3,1.3,1.3568011561197948,1.4,1.4,1.409575860441376,1.5,1.5,1.5,1.5,1.5,1.5,1.5,1.5,1.5,1.5,1.5,1.5,1.5,1.5,1.6,1.6,1.6,1.6,1.6,1.7,1.7,1.7,1.7,1.7,1.7,1.7,1.7,1.8,1.8,1.8,1.8,1.9,1.9,1.9,1.9,1.9,1.9,1.9,1.9,1.9,1.9,1.9,1.9,1.9,1.9,1.9,1.9,1.9,2.0,2.0,2.0,2.0,2.0,2.1,2.1,2.1,2.1,2.1,2.1,2.2,2.2,2.2,2.2,2.2,2.2,2.2,2.2,2.2,2.2,2.2,2.2,2.2,2.2,2.2,2.2,2.2,2.2,2.2,2.2,2.2,2.2,2.2,2.2,2.2,2.2,2.2,2.2,2.2,2.2,2.3,2.3,2.3,2.3,2.3,2.3,2.3,2.3,2.3,2.3,2.3,2.3,2.3,2.4,2.4,2.4,2.4,2.4,2.4,2.4920541497097473,2.5,2.5,2.5923452141771635,2.6,2.6,2.696894888185165,2.7,2.7,2.7,2.7,2.7,2.7,2.8,2.8,2.8,2.8,2.8,2.8,2.8,2.8,2.8,2.8,2.8,2.8,2.890424139558621,2.9,2.9,2.9,2.9,2.9,2.9,2.9,2.9,2.9,2.9,2.9,2.9,2.9,2.9,2.969487052929304,3.0,3.0,3.0,3.0,3.0,3.0,3.017525236657525,3.2,3.2,3.3,3.3,3.3136598709448775,3.5,3.5,3.5,3.5290289721216936,4.011491531824345,5.705998684478937
0.2,0.2,0.2854855139391493,0.3,0.3,0.3,0.3,0.3003631305241729,0.5,0.5,0.5,0.5,0.5,0.5,0.5325549936923017,0.6,0.6,0.6,0.6,0.6,0.6,0.6,0.6,0.6,0.6,0.6,0.6,0.6,0.6,0.6,0.6,0.6,0.6,0.6,0.6,0.6,0.6,0.6,0.7,0.7,0.7,0.7,0.7,0.7,0.7,0.7,0.7,0.7,0.7,0.7,0.7,0.7,0.7,0.7,0.7,0.7,0.7,0.7,0.7,0.7,0.7,0.7,0.7,0.7,0.7,0.7,0.7,0.7,0.7,0.7,0.7,0.7,0.7,0.7,0.7,0.7,0.7,0.7,0.7,0.7,0.8,0.8,0.8,0.8,0.8,0.8,0.8,0.8,0.8,0.8,0.8,0.8,0.8,0.8,0.8,0.8,0.8,0.8,0.8,0.8,0.8,0.8,0.8,0.8,0.8,0.8,0.8,0.8,0.8,0.8,0.8,0.8,0.8,0.8,0.8,0.8,0.8,0.8,0.8,0.8,0.8,0.8,0.8,0.9,0.9,0.9863657473303136,1.0,1.1,1.1,1.1,1.1,1.1,1.1,1.1,1.1,1.1,1.1,1.1,1.1,1.1,1.1,1.1,1.1,1.2,1.2,1.2,1.2,1.2,1.2,1.2,1.2,1.2,1.3,1.3,1.3,1.3,1.3,1.3,1.3,1.3,1.3,1.3,1.3,1.3,1.3,1.3,1.3,1.3,1.3,1.3,1.3,1.3,1.3,1.3,1.3,1.3,1.4,1.4,1.4,1.5,1.5,1.5,1.5,1.5,1.5,1.5,1.5,1.5,1.5,1.6,1.7,1.7,1.7,1.7,1.7,1.7,1.7,1.7713626571738246,2.0,2.767237297736517,3.5043626796210448
0.6983639951421239,0.8,0.9854855139391493,1.1,1.2,1.2,1.3,1.3,1.3,1.3,1.4,1.4,1.4,1.4520555588893196,1.5,1.5,1.5,1.5,1.5,1.5,1.6,1.6,1.7,1.7,1.7,1.7,1.7,1.7,1.7,1.7,1.7,1.7,1.7,1.7,1.7,1.7,1.7,1.7,1.7,1.7,1.7,1.8,1.8,1.8,1.8,1.8,1.8,1.8,1.8,1.8,1.8,1.8,1.8,1.8,1.8,1.8,1.8,1.8,1.8,1.8,1.8,1.8,1.8,1.8,1.8,1.8,1.8,1.8,1.8,1.8,1.8,1.8,1.8,1.8,1.8,1.8,1.8,1.8677877762521888,1.9,1.9,1.9,1.9,1.9,1.9,1.9,1.9,1.9,1.9,1.9,1.9,1.9,1.9,1.9,1.9,1.9,1.9,2.0,2.0,2.0,2.0,2.0,2.0,2.0,2.0,2.0,2.0,2.0,2.0,2.0,2.0,2.0,2.0,2.0,2.0,2.0,2.0,2.0,2.0,2.0002692641843907,2.1,2.1,2.1,2.2,2.2,2.2,2.2,2.2,2.2,2.2,2.2,2.2,2.2,2.2,2.2,2.2,2.2,2.2,2.2,2.2,2.3,2.3,2.3,2.3,2.3,2.3,2.3,2.3,2.3,2.3,2.3,2.3,2.3,2.3,2.3,2.3,2.3,2.3,2.3,2.4,2.4,2.4,2.4,2.4,2.4,2.4,2.5,2.5,2.5,2.5,2.5,2.5,2.5,2.5,2.6,2.6,2.6,2.6,2.6,2.603343888618275,2.7672825715857354,2.8,2.8,2.8,2.9,2.9,2.9,2.9,2.947944441110684,3.0,3.1,3.1,3.1,3.1977167337233996,3.2,3.2,3.2202076077128368,3.4,3.4,3.5,3.6778728829560863,4.10054533495263
0.39945466504737465,0.4,0.4854855139391493,0.5,0.5,0.5,0.5,0.5,0.5,0.5,0.6,0.6,0.6,0.6,0.6,0.6,0.6,0.7,0.7,0.7,0.7,0.7,0.7,0.7,0.7,0.7,0.7,0.7,0.7494582816066526,0.8,0.8,0.8,0.8,0.8,0.8,0.8,0.8,0.8,0.8,0.8,0.8,0.8,0.9,0.9,0.9,0.9,0.9,0.9,0.9,0.9,0.9,0.9,0.9,0.9,0.9,0.9,0.9,0.9,0.9,0.9,0.9,0.9,0.9,0.9,0.9,0.9,0.9,0.9,0.9,0.9,0.9,0.9,0.9,0.9,0.9,0.9,0.9,0.9,0.9,0.9,0.9,0.9,0.9,0.9,1.0,1.0,1.0,1.0,1.0,1.0,1.0,1.0,1.0,1.0,1.0,1.0,1.0,1.0,1.0,1.0,1.0,1.0,1.0,1.1,1.1,1.1,1.1,1.1,1.1,1.1,1.1,1.1,1.1,1.1,1.1,1.2,1.2,1.2,1.2,1.2,1.2,1.2,1.2,1.2,1.2,1.2,1.2,1.3,1.3,1.3,1.3,1.3,1.3,1.3,1.3,1.3,1.3,1.3,1.3,1.3,1.3,1.3,1.3920541497097474,1.4,1.4,1.4,1.4,1.4,1.4,1.4,1.4,1.4,1.4,1.4,1.4205547246477124,1.5,1.5,1.5,1.5,1.5242052584359556,1.7,1.7,1.7,1.7,1.7,1.7,1.7,1.7,1.7,1.7,1.7,1.7,1.7,1.8,1.8,1.8,1.8,1.8,1.8,1.8,1.8,1.8,1.8,1.8,1.8,1.8,1.8,1.8,1.8,1.9,1.9,1.9,1.9,2.0,2.0136598709448776,2.2,2.2,2.3713626571738247,2.6,2.6778728829560863,3.1
0.2,0.2,0.3,0.3,0.3,0.3,0.3,0.3,0.3,0.3,0.39286670155332293,0.4,0.4,0.4,0.4,0.4,0.4,0.4,0.4,0.4,0.4,0.5,0.5,0.5,0.5,0.5,0.5,0.5,0.5,0.5,0.5,0.5,0.5,0.5,0.5,0.5,0.5,0.5,0.5,0.5,0.5,0.5,0.5,0.5,0.5,0.5,0.5,0.5,0.5,0.5,0.5,0.5,0.5,0.5,0.5,0.5,0.5,0.5,0.5,0.5,0.5,0.5,0.5,0.5,0.5,0.5,0.5,0.5,0.5,0.5,0.5,0.5,0.5,0.5,0.5,0.5,0.5,0.5,0.5,0.5,0.5,0.5,0.5,0.5256064984215272,0.6,0.6,0.6,0.6,0.6,0.6,0.6,0.6,0.6,0.6,0.6,0.6,0.6,0.6,0.6,0.6,0.6,0.6,0.6,0.6,0.6,0.6,0.6,0.6,0.6,0.6,0.6,0.6,0.6,0.6,0.6,0.6,0.6,0.6,0.6,0.6,0.6,0.6788841473321952,0.7,0.7,0.7,0.7,0.7,0.7,0.7,0.7,0.7,0.7,0.7,0.7,0.7,0.7,0.7,0.7,0.7,0.7,0.7,0.7,0.8,0.8,0.8,0.8,0.8,0.8,0.8,0.8,0.8,0.8,0.8,0.8,0.8,0.8,0.8,0.8,0.8,0.8,0.8,0.8,0.8,0.8004461397505906,0.9,0.9,0.9,0.9,0.9,0.9,0.9,0.9,0.9,0.9,0.9,0.9,0.9,0.9,0.9,0.9,0.9,0.9,0.9,0.9,0.9,0.9895186080399071,1.0,1.0,1.0,1.0,1.0071332984466779,1.1,1.1,1.2,1.3,1.3,1.3,1.4713626571738245,1.5,1.5,1.7005453349526305
0.6994546650473746,0.7221271170439142,0.8854855139391493,1.128637342826178,1.2,1.2,1.3,1.300363130524173,1.4022832662765963,1.5,1.5,1.5,1.5,1.6,1.6,1.7,1.7,1.7,1.7,1.7,1.7,1.8,1.8,1.8,1.8,1.8,1.8,1.8,1.8,1.8,1.9,1.9,1.9,1.9,1.9,1.9,1.9,1.9,1.9,1.9,2.0,2.0,2.0,2.0,2.0,2.0,2.0,2.0,2.0563222283256666,2.1,2.1,2.1,2.1,2.1384542728600624,2.2,2.2,2.2,2.3,2.3,2.3,2.3,2.3,2.3,2.4,2.4,2.4,2.4,2.4,2.4,2.4,2.4,2.5,2.5,2.5,2.5,2.5,2.5,2.6,2.6,2.6,2.6,2.6,2.6,2.7,2.7,2.7,2.7,2.7,2.7,2.7,2.7,2.7,2.7,2.777661541373567,2.8,2.8,2.8,2.8,2.8,2.8,2.8,2.8,2.8,2.8,2.8,2.8,2.8,2.8,2.8,2.8,2.8,2.8,2.84706730690055,2.9,2.9,2.9,2.9,2.9,2.9,2.9,3.0,3.0,3.0,3.0,3.0,3.0,3.0,3.0,3.069319877160609,3.1,3.1,3.1,3.1,3.1,3.1,3.1,3.1,3.1,3.1,3.2,3.2,3.2,3.2,3.2,3.2,3.2,3.2,3.2,3.2,3.2,3.2,3.3,3.3,3.3,3.3,3.3,3.3999641242801375,3.4,3.4,3.4242052584359555,3.5,3.5,3.5,3.5,3.5,3.5,3.5,3.5,3.6,3.6,3.7,3.7,3.7,3.7,3.7,3.7,3.7,3.7,3.8,3.8,3.8,3.800258245611019,3.9,4.1,4.113985489925437,4.489518608039907,4.5,4.5,4.5,4.5,4.6,4.6003907185653645,4.7,4.9,4.906829935472439,5.4,5.4,5.814087971521474,6.3,6.6,8.40054533495263
0.6994546650473746,0.7,0.8,0.9286373428261779,1.1589391335881383,1.2797923922871657,1.3,1.3,1.3022832662765964,1.4,1.4928667015533228,1.5,1.5687759612645444,1.6,1.7,1.7,1.7,1.7,1.7,1.8,1.8,1.8,1.8,1.8,1.8,1.8,1.8,1.8,1.9,1.9,1.9,1.9,1.9,1.9,1.9,1.9,1.9,2.0,2.0,2.0,2.0,2.0,2.0,2.0,2.0,2.1,2.1,2.1,2.1,2.1,2.2,2.2,2.2031051118148355,2.3,2.3,2.3,2.3,2.374963308883616,2.4,2.4,2.4,2.4,2.4,2.5,2.5,2.6,2.6,2.6,2.6,2.6,2.6,2.7,2.7,2.7,2.7,2.7,2.7,2.7,2.7,2.7,2.8,2.8,2.8,2.8,2.8,2.8,2.8,2.8,2.8,2.8,2.8,2.8,2.8,2.8,2.8,2.8,2.8,2.8,2.8008886215437285,2.9,2.9,2.9,2.9,2.9,2.9,3.0,3.0,3.0,3.0,3.0,3.0,3.0219492382639883,3.1,3.1,3.1,3.1,3.1,3.1,3.1,3.126303351929255,3.2,3.2,3.2,3.2,3.2,3.2,3.2,3.2,3.2,3.2,3.2,3.2545931739625815,3.3,3.3,3.3,3.3,3.3,3.3332926814242567,3.4,3.4,3.4273604303772345,3.5,3.5,3.5,3.5,3.5,3.5,3.5,3.5,3.5,3.5,3.6,3.6,3.6,3.7,3.7,3.7,3.7,3.7,3.7,3.7,3.7,3.8,3.8,3.8,3.8,3.8415318772751785,3.9,4.040306890980156,4.1,4.1,4.1,4.2,4.4,4.5,4.6,4.7,4.8,4.803343888618275,4.9,4.9,4.9002582456110195,5.0,5.4,5.4,5.4,5.4,5.4,5.6,5.6,5.6,5.6,5.9,5.9,6.113659870944877,6.4,6.6,6.6,6.8,7.1,8.40054533495263
0.2994546650473746,0.3,0.3,0.3,0.3,0.3,0.3,0.3,0.40228326627659644,0.5,0.5,0.5,0.5,0.5,0.5,0.6,0.6,0.6,0.6,0.6,0.6,0.6,0.6,0.6,0.6,0.6,0.6,0.6,0.6,0.6,0.6,0.6,0.6,0.6,0.6,0.6,0.6,0.6,0.6,0.6,0.6,0.6,0.6,0.6,0.6,0.6,0.6,0.6,0.6,0.6,0.6,0.6,0.6,0.6,0.6,0.6,0.6,0.6,0.6,0.6,0.6,0.6,0.6,0.6,0.6,0.6,0.6575196044106633,0.7,0.7,0.7,0.7,0.7,0.7,0.7,0.7,0.7,0.7,0.7,0.7,0.7,0.7,0.7,0.7,0.7,0.7,0.7,0.7,0.7,0.7,0.7,0.7,0.7,0.7,0.7,0.7,0.7,0.7,0.7,0.7,0.7,0.7,0.7,0.7,0.7,0.7,0.7,0.7,0.7,0.7,0.7,0.7,0.7,0.7,0.7,0.7976236808611419,0.8,0.8,0.8,0.8,0.8,0.8,0.8,0.8,0.8,0.8,0.8863657473303136,0.9,0.9,0.9,0.9,0.9,0.9,0.9,0.9,0.9,0.9,1.0,1.0,1.0,1.0,1.0,1.0,1.0,1.1,1.1,1.1,1.2,1.2,1.2,1.2,1.2,1.2,1.2,1.2,1.2,1.3,1.3,1.3,1.3,1.3,1.3,1.3,1.3,1.3,1.3,1.3,1.3,1.3,1.3,1.3,1.343198843880208,1.4,1.4,1.4,1.4,1.4,1.4,1.5,1.5,1.5,1.5,1.5,1.5,1.6,1.6,1.6895186080399072,1.7,1.7,1.7,1.717525236657525,1.8,1.8,1.8,1.8,1.8,1.9,2.0,2.1,2.114514486060847,2.611491531824345,3.0005453349526308
0.5978186601894985,0.6,0.6,0.6,0.6,0.6,0.6,0.6,0.6,0.6,0.6,0.6,0.6,0.7,0.9325549936923018,1.1,1.1,1.1593119177487659,1.2,1.2,1.3,1.3327174284142678,1.4,1.4,1.4,1.5,1.5,1.5,1.6,1.6,1.6,1.6,1.6,1.6,1.6,1.6,1.6,1.6,1.6,1.6,1.6,1.6,1.6,1.6,1.6,1.6,1.6794452753522875,1.7,1.7,1.7,1.7,1.7,1.7,1.7,1.7,1.8,1.8415378870321604,1.9749633088836163,2.0,2.0,2.0,2.0,2.0,2.0,2.0,2.0,2.0,2.0,2.1,2.1,2.1,2.1,2.1,2.1,2.1,2.2,2.2,2.2,2.2,2.2,2.2,2.2,2.2,2.2,2.2513332276346603,2.3,2.4,2.4,2.4,2.4,2.4,2.4,2.4,2.4,2.4,2.4,2.4,2.4,2.4,2.4,2.4,2.4,2.4,2.4,2.4,2.4,2.4,2.5,2.6,2.7,2.7,2.8,2.8,2.8,2.8,2.8,2.8,2.8,2.8,2.8,2.8,2.8,2.8,2.8,2.8,2.8,2.8,2.8,2.8,2.8,2.825893173330689,2.9,2.9,2.9,2.9,2.9,2.9,2.9,2.9,2.9,2.9,2.9,2.9,2.9,3.0,3.0,3.1,3.1,3.1,3.1,3.1,3.2,3.3,3.3,3.4,3.4,3.4,3.4,3.5,3.5,3.5,3.6,3.6,3.6,3.6,3.6,3.641531877275179,3.7,3.7,3.7,3.8,3.8,3.8,3.9,3.9,3.9,3.9,4.1,4.1,4.2,4.2,4.5,4.5,4.6,4.627970979850875,4.989518608039907,5.0,5.0,5.03122403873545,5.2,5.9,6.300390718565365,6.4,6.6,6.8136598709448775,7.0,7.041060866411857,7.2,8.414514486060847,8.5,8.8
0.5978186601894985,0.6,0.6,0.6,0.6,0.6,0.6,0.6,0.6,0.6,0.6,0.6,0.6,0.7,1.2,1.2104813919600963,1.3,1.4,1.4,1.4,1.5671097311820503,1.6,1.6,1.6,1.6,1.6,1.6,1.6,1.6,1.6,1.6,1.608781688559887,1.7,1.7,1.7,1.7,1.7,1.7,1.8,1.889273309875608,1.9329201988926883,2.0,2.0,2.0,2.0,2.0,2.0,2.0181900885031636,2.1,2.1,2.1,2.1,2.2,2.2,2.2,2.2,2.2,2.2,2.2,2.2,2.2,2.3,2.4,2.4,2.4,2.4,2.4,2.4,2.4,2.4,2.4,2.4,2.4,2.4,2.4,2.4,2.4,2.4,2.4,2.421115852667802,2.5,2.7,2.7,2.7,2.7513332276346603,2.8,2.8,2.8,2.8,2.8,2.8,2.8,2.8,2.8,2.8,2.8,2.8,2.8,2.8,2.8,2.8,2.8,2.8,2.8,2.8,2.8,2.8,2.822338458626433,2.9,2.9,2.9,2.9,2.9,2.9,2.9,2.9,2.9,2.9,2.9,2.9,2.9,3.0,3.0,3.0,3.0591808414844937,3.1,3.1,3.1,3.1,3.1,3.1,3.1,3.1,3.2128753795290437,3.3,3.3,3.4,3.4,3.4,3.4,3.4,3.4,3.4,3.4,3.4,3.4,3.5,3.561545727139935,3.6,3.6,3.6,3.6,3.6,3.6,3.6,3.659932460047509,3.7,3.7,3.7,3.8,3.8,3.8107266901243975,3.9,4.1,4.1,4.1,4.1,4.1,4.2,4.2,4.2,4.3,4.45054171839335,4.5,4.6,4.6,4.6,4.6,4.8,4.967282571585736,5.0,5.0,5.0,5.0,5.1,5.2,5.7,5.9,6.0248961549418025,6.317525236657525,6.4,6.6,6.8,6.8,7.0,7.2,7.2,8.4,8.5,8.5,8.8
0.6,0.7,0.7,0.7,0.8178782671762764,0.9797923922871657,1.0,1.0,1.0022832662765964,1.1,1.1,1.1,1.1,1.1,1.1,1.1,1.1,1.1,1.1,1.1,1.1,1.1,1.1,1.2,1.2,1.2,1.2,1.2,1.2,1.20370857978007,1.3,1.3,1.3,1.3,1.3,1.3,1.3,1.3,1.3,1.3,1.3,1.3,1.3,1.4,1.4,1.4400675399524985,1.5,1.5,1.5,1.5,1.5,1.5,1.5,1.5,1.5732987958385678,1.6,1.6,1.6,1.6,1.6,1.6,1.6,1.6,1.6,1.6,1.6,1.6,1.6,1.6164165237127208,1.7,1.7,1.7,1.7,1.7,1.7,1.7,1.7,1.7,1.7,1.7,1.7,1.8,1.8,1.8,1.8,1.8,1.8,1.8,1.8,1.8,1.8,1.8,1.9,1.9,1.9,1.9,1.9,1.9,2.0,2.0,2.0,2.0,2.0,2.0,2.048291057822746,2.1,2.1,2.1,2.1,2.1,2.196926093147823,2.2,2.2,2.2,2.2,2.2,2.248666772365334,2.3,2.3,2.3,2.3,2.3,2.3,2.4,2.4,2.4,2.4,2.4,2.4,2.5,2.5,2.5,2.6,2.6,2.6,2.6724102608103184,2.7,2.7,2.7,2.8,2.8,2.8,2.8,2.9,2.9,2.9923452141771634,3.026701204161429,3.1,3.196894888185165,3.2,3.2691740189811296,3.3,3.3,3.3,3.4,3.4,3.5,3.5,3.5,3.5,3.567079801107315,3.6,3.6551727712629773,3.7,3.7,3.7,3.8,3.8,3.8,3.89121831144011,4.043198843880208,4.1,4.1,4.2,4.2,4.2,4.440442602861697,4.5,4.6,4.7,4.765780537635897,5.2,5.2,5.6,5.7,5.7,5.834890012615393,5.9,6.393672116206352,6.6,7.0,7.0,7.197716733723399,7.2,8.4,8.4,8.4,8.471362657173824,8.54354345818254,8.8,8.8
0.6,0.7,0.7854855139391493,1.0,1.0589391335881382,1.1,1.1,1.2,1.2022832662765963,1.3,1.3,1.4,1.4,1.4,1.4,1.4,1.4,1.5,1.5,1.5,1.5,1.5,1.5,1.5,1.5,1.5,1.6,1.6,1.6,1.6,1.6,1.608781688559887,1.7,1.7,1.7,1.7,1.7,1.7,1.7,1.7,1.7,1.7,1.8,1.8,1.8,1.8,1.8,1.8,1.8,1.8,1.8,1.8,1.8,1.8,1.8,1.8,1.8,1.8,1.8,1.8,1.8726395696227598,1.9,1.9,1.9,1.9,1.9,1.9,1.9,1.9,1.9,1.9,2.0,2.0,2.0,2.0,2.0,2.0,2.0,2.0,2.0,2.0,2.0,2.0,2.0,2.0,2.0,2.0,2.0,2.0,2.0,2.0,2.0,2.0,2.1,2.1,2.1,2.1,2.1,2.1,2.1,2.1,2.1,2.1,2.2,2.2,2.2,2.2,2.2,2.2,2.2,2.2,2.2,2.2,2.2,2.2,2.3,2.3,2.3,2.3,2.3,2.3,2.3,2.3,2.332212223747814,2.4,2.4,2.4,2.4,2.4,2.4,2.4,2.4,2.4835834762872877,2.5,2.5,2.6,2.6,2.6,2.6,2.6,2.6,2.6,2.6,2.7,2.7,2.792345214177163,2.8,2.8,2.8,2.8,2.8,2.8,2.8,2.8,2.8,2.8,2.8,2.840671534142251,2.9,2.9,2.9,2.9,2.9,2.9,2.9,2.9,2.9,2.990424139558621,3.0,3.0,3.0,3.0,3.0,3.1,3.1,3.1,3.1,3.1,3.1,3.1,3.1,3.2,3.2,3.3,3.3,3.3,3.3,3.3,3.3,3.3,3.4,3.4,3.4,3.4,3.5,3.5,3.641060866411857,3.7,3.8,4.0,4.8
0.6,0.7,0.9854855139391493,1.128637342826178,1.4,1.4,1.4931700645275616,1.5,1.5,1.5,1.5,1.6,1.6,1.6,1.6,1.6,1.6,1.6593119177487659,1.7,1.7,1.7,1.7,1.7,1.8,1.8,1.8,1.8,1.8,1.8,1.8,1.8,1.8,1.8,1.8,1.8,1.9,1.9,1.9,1.9,1.9,1.9,2.0,2.0,2.0,2.0,2.0,2.0,2.0,2.0,2.0,2.0,2.0,2.1,2.1,2.1,2.1,2.1,2.1,2.1,2.2,2.2,2.2,2.2,2.2,2.2,2.2,2.2,2.2,2.3,2.3,2.3,2.3,2.3,2.3,2.3,2.3,2.3,2.3,2.3,2.3,2.3,2.3736966480707364,2.4,2.4,2.4,2.4,2.4,2.4,2.4,2.4,2.4,2.428010926291105,2.5,2.5,2.5,2.5,2.5,2.5,2.5008886215437287,2.6,2.6,2.6,2.6,2.7,2.7,2.7,2.7,2.7,2.7,2.7719890737088915,2.8,2.8,2.8,2.8,2.8,2.8,2.8,2.8,2.8,2.826303351929255,2.9,2.9,2.9,2.9,2.9,2.9,2.9,2.9,2.9,2.9,2.9,2.9,2.9,2.9,2.9,2.9,2.9,2.9,2.9,2.9,2.9,2.9,2.9,2.925036691116378,3.0,3.0,3.0,3.0,3.096894888185165,3.1,3.1,3.1,3.1,3.1,3.1,3.1,3.1,3.1,3.1820773739873065,3.2,3.2,3.2,3.2,3.2,3.2,3.3,3.3,3.3,3.3,3.3,3.3,3.3,3.3,3.3,3.3,3.3,3.3,3.3,3.3,3.4,3.4,3.4,3.469487052929304,3.5,3.5,3.5,3.5,3.5,3.6,3.6,3.6,3.7,3.7,3.7,3.706829935472439,3.8,3.8,4.071362657173824,4.2,4.4,4.60054533495263
0.1,0.1,0.2,0.2,0.2,0.2,0.2,0.2,0.2,0.2,0.2,0.2,0.2,0.2,0.2,0.2,0.2,0.2,0.2,0.2,0.2,0.2,0.2,0.2,0.2,0.2,0.2,0.2,0.2,0.2,0.2,0.2,0.2,0.2,0.2,0.2,0.2,0.2,0.2,0.2,0.2,0.2,0.2,0.2,0.2,0.2,0.2,0.2,0.2,0.2,0.2,0.2,0.2,0.2,0.2,0.2,0.2,0.2,0.2,0.2,0.2,0.2,0.2,0.2,0.2,0.2,0.2,0.2,0.2,0.2,0.2,0.2,0.2,0.2,0.2,0.2,0.2,0.2,0.2,0.2,0.2,0.2,0.2,0.2,0.2,0.2,0.2,0.2,0.2,0.2,0.2,0.2,0.3,0.3,0.3,0.3,0.3,0.3,0.3,0.3,0.3,0.3,0.3,0.3,0.3,0.3,0.3,0.3,0.3,0.3,0.3,0.3,0.3,0.3,0.3,0.3,0.3,0.3,0.3,0.3,0.3,0.3,0.3,0.3,0.3,0.3,0.3,0.3,0.3,0.3,0.3,0.3,0.3,0.3,0.3,0.3724102608103181,0.4,0.4,0.4,0.4,0.4,0.4,0.4,0.4,0.4,0.4,0.4,0.4,0.4,0.4,0.4,0.4,0.4,0.4,0.4,0.4,0.4,0.4,0.4,0.4,0.4,0.4,0.4,0.4,0.4,0.4,0.4,0.4,0.4,0.4,0.4,0.4,0.4,0.5,0.5,0.5,0.5,0.5,0.5,0.5,0.5,0.5,0.5,0.5406880822512334,0.6,0.6,0.6,0.6,0.6,0.6,0.6,0.6,0.6,0.6,0.6,0.6,0.6410608664118569,0.7,0.7,0.8,0.9005453349526306
1.2,1.5221271170439141,1.6,1.7,1.7,1.8,1.8931700645275615,1.9,1.9,1.9,1.9,1.9824747633424777,2.0,2.0,2.032554993692302,2.2,2.2,2.2,2.330512947070702,2.4,2.4,2.5,2.5,2.5,2.5,2.6,2.637286272143571,2.7,2.7,2.8,2.8,2.8,2.8,2.8,2.8,2.8,2.8,2.8,2.8,2.8,2.8,2.8,2.8,2.859328465857746,2.9,2.9,2.9,2.9,2.9,2.9,2.9,3.0,3.0,3.0,3.0,3.0,3.0,3.0,3.0,3.0,3.0,3.1,3.1,3.1,3.1,3.1,3.1,3.1,3.1,3.2,3.2,3.2,3.2,3.2,3.2,3.2,3.2,3.2,3.2,3.2,3.2,3.2,3.2,3.225606498421527,3.3,3.3,3.3,3.3,3.3,3.3,3.3,3.3,3.4,3.4,3.4,3.4,3.4,3.4,3.4,3.4,3.4,3.4,3.4,3.4,3.448291057822746,3.5,3.5,3.5,3.5,3.5,3.5,3.5,3.5,3.5,3.5,3.5,3.5,3.5,3.5,3.5,3.5,3.5,3.5,3.5,3.5,3.5,3.5,3.5,3.5,3.5,3.5258931733306893,3.6,3.6,3.6,3.6,3.6,3.6,3.6,3.6,3.6,3.6,3.6,3.6,3.625036691116378,3.7,3.7,3.7,3.7,3.7,3.7,3.7,3.7,3.7,3.7,3.7,3.7,3.7,3.7,3.7,3.7,3.7,3.7,3.7,3.7,3.7,3.7,3.7,3.7,3.7,3.7,3.8,3.8,3.8,3.8,3.8,3.8,3.9602950685744647,4.0,4.0,4.0,4.1,4.1,4.1,4.240688082251234,4.413985489925437,4.5,4.5,4.5,4.5,4.517525236657525,4.607133298446677,4.700390718565365,4.8,4.8,4.8,4.9,4.9,5.542725314347649,5.929028972121694,6.4,6.801090669905261
0.2,0.3,0.3,0.3,0.3,0.3,0.3,0.3003631305241729,0.4,0.4,0.4,0.4,0.5,0.5,0.5,0.5,0.5,0.5,0.5,0.5,0.5,0.5,0.5,0.5,0.5,0.5,0.5,0.5,0.5,0.5,0.5,0.5,0.5,0.5,0.5,0.5,0.5534237581140019,0.6,0.6,0.6,0.6,0.6,0.6,0.6,0.6,0.6,0.6,0.6,0.6,0.6,0.6,0.667234718804218,0.7,0.7,0.7,0.7,0.7,0.7,0.7,0.7,0.7,0.7,0.7,0.7,0.7,0.7,0.7,0.7,0.7,0.7,0.8,0.8,0.8,0.8,0.8,0.8,0.8,0.8,0.8,0.8,0.8,0.8,0.8,0.9,0.9,0.9,0.9,0.9,0.9,0.9,0.9,0.9,0.9,0.9,0.9,0.9,0.9,0.9,0.9,0.9,0.9,0.9,0.9,0.9,0.9,0.9,0.9,1.0,1.0,1.0,1.0,1.0,1.0,1.0,1.0,1.1,1.1,1.1,1.1,1.1,1.1,1.1,1.1,1.1,1.1,1.1,1.1,1.1,1.1,1.1,1.1,1.1,1.1,1.1,1.1,1.1,1.1,1.1,1.1,1.1,1.1,1.1,1.1,1.1,1.1,1.1923452141771633,1.2,1.2,1.2,1.2,1.2,1.2,1.2,1.2,1.2,1.2,1.2,1.3,1.3,1.3,1.3,1.3,1.3,1.4,1.4,1.4,1.4,1.4,1.4403068909801562,1.5,1.5,1.5,1.5,1.5,1.5,1.5,1.5,1.5,1.5,1.5,1.5,1.5,1.5,1.5,1.5,1.5,1.5,1.6,1.6,1.6,1.6,1.6,1.7,1.7,1.8,1.8,1.8,1.8,1.8,1.8,1.9005453349526304
